  0
SECTION
  2
HEADER
  9
$ACADVER
  1
AC1027
  9
$ACADMAINTVER
 70
   125
  9
$DWGCODEPAGE
  3
ANSI_936
  9
$LASTSAVEDBY
  1
Administrator
  9
$REQUIREDVERSIONS
160
                 0
  9
$INSBASE
 10
0.0
 20
0.0
 30
0.0
  9
$EXTMIN
 10
-2.440240706474014
 20
36.6572135770748
 30
-0.0015258207003583
  9
$EXTMAX
 10
636.3844627430244
 20
383.6584232607179
 30
0.0000000349246037
  9
$LIMMIN
 10
0.0
 20
0.0
  9
$LIMMAX
 10
585.0
 20
430.4999999999999
  9
$ORTHOMODE
 70
     1
  9
$REGENMODE
 70
     1
  9
$FILLMODE
 70
     1
  9
$QTEXTMODE
 70
     0
  9
$MIRRTEXT
 70
     0
  9
$LTSCALE
 40
15.0
  9
$ATTMODE
 70
     1
  9
$TEXTSIZE
 40
2.5
  9
$TRACEWID
 40
1.0
  9
$TEXTSTYLE
  7
BS2024
  9
$CLAYER
  8
1轮廓实线层
  9
$CELTYPE
  6
ByLayer
  9
$CECOLOR
 62
   256
  9
$CELTSCALE
 40
1.0
  9
$DISPSILH
 70
     0
  9
$DIMSCALE
 40
1.0
  9
$DIMASZ
 40
2.5
  9
$DIMEXO
 40
0.0
  9
$DIMDLI
 40
10.0
  9
$DIMRND
 40
0.0
  9
$DIMDLE
 40
0.0
  9
$DIMEXE
 40
2.0
  9
$DIMTP
 40
0.0
  9
$DIMTM
 40
0.0
  9
$DIMTXT
 40
3.5
  9
$DIMCEN
 40
2.5
  9
$DIMTSZ
 40
0.0
  9
$DIMTOL
 70
     0
  9
$DIMLIM
 70
     0
  9
$DIMTIH
 70
     0
  9
$DIMTOH
 70
     0
  9
$DIMSE1
 70
     0
  9
$DIMSE2
 70
     0
  9
$DIMTAD
 70
     1
  9
$DIMZIN
 70
     0
  9
$DIMBLK
  1

  9
$DIMASO
 70
     1
  9
$DIMSHO
 70
     1
  9
$DIMPOST
  1

  9
$DIMAPOST
  1

  9
$DIMALT
 70
     0
  9
$DIMALTD
 70
     2
  9
$DIMALTF
 40
25.4
  9
$DIMLFAC
 40
1.0
  9
$DIMTOFL
 70
     1
  9
$DIMTVP
 40
0.0
  9
$DIMTIX
 70
     0
  9
$DIMSOXD
 70
     0
  9
$DIMSAH
 70
     0
  9
$DIMBLK1
  1

  9
$DIMBLK2
  1

  9
$DIMSTYLE
  2
BS2024_1.0
  9
$DIMCLRD
 70
   130
  9
$DIMCLRE
 70
   130
  9
$DIMCLRT
 70
     3
  9
$DIMTFAC
 40
0.714286
  9
$DIMGAP
 40
1.5
  9
$DIMJUST
 70
     0
  9
$DIMSD1
 70
     0
  9
$DIMSD2
 70
     0
  9
$DIMTOLJ
 70
     0
  9
$DIMTZIN
 70
     0
  9
$DIMALTZ
 70
     0
  9
$DIMALTTZ
 70
     0
  9
$DIMUPT
 70
     0
  9
$DIMDEC
 70
     1
  9
$DIMTDEC
 70
     1
  9
$DIMALTU
 70
     2
  9
$DIMALTTD
 70
     2
  9
$DIMTXSTY
  7
TH_GBDIM
  9
$DIMAUNIT
 70
     0
  9
$DIMADEC
 70
     0
  9
$DIMALTRND
 40
0.0
  9
$DIMAZIN
 70
     0
  9
$DIMDSEP
 70
    46
  9
$DIMATFIT
 70
     3
  9
$DIMFRAC
 70
     0
  9
$DIMLDRBLK
  1

  9
$DIMLUNIT
 70
     2
  9
$DIMLWD
 70
    -1
  9
$DIMLWE
 70
    -1
  9
$DIMTMOVE
 70
     0
  9
$DIMFXL
 40
1.0
  9
$DIMFXLON
 70
     0
  9
$DIMJOGANG
 40
0.7853981633974483
  9
$DIMTFILL
 70
     0
  9
$DIMTFILLCLR
 70
     0
  9
$DIMARCSYM
 70
     1
  9
$DIMLTYPE
  6

  9
$DIMLTEX1
  6

  9
$DIMLTEX2
  6

  9
$DIMTXTDIRECTION
 70
     0
  9
$LUNITS
 70
     2
  9
$LUPREC
 70
     4
  9
$SKETCHINC
 40
1.0
  9
$FILLETRAD
 40
2.0
  9
$AUNITS
 70
     0
  9
$AUPREC
 70
     0
  9
$MENU
  1
.
  9
$ELEVATION
 40
0.0
  9
$PELEVATION
 40
0.0
  9
$THICKNESS
 40
0.0
  9
$LIMCHECK
 70
     0
  9
$CHAMFERA
 40
1.0
  9
$CHAMFERB
 40
1.0
  9
$CHAMFERC
 40
0.0
  9
$CHAMFERD
 40
0.0
  9
$SKPOLY
 70
     0
  9
$TDCREATE
 40
2456352.469189815
  9
$TDUCREATE
 40
2456352.135866424
  9
$TDUPDATE
 40
2460962.912372685
  9
$TDUUPDATE
 40
2460962.579039352
  9
$TDINDWG
 40
0.5773840162
  9
$TDUSRTIMER
 40
0.5773840162
  9
$USRTIMER
 70
     1
  9
$ANGBASE
 50
0.0
  9
$ANGDIR
 70
     0
  9
$PDMODE
 70
     0
  9
$PDSIZE
 40
0.0
  9
$PLINEWID
 40
2.0
  9
$SPLFRAME
 70
     0
  9
$SPLINETYPE
 70
     6
  9
$SPLINESEGS
 70
     8
  9
$HANDSEED
  5
769C
  9
$SURFTAB1
 70
     6
  9
$SURFTAB2
 70
     6
  9
$SURFTYPE
 70
     6
  9
$SURFU
 70
     6
  9
$SURFV
 70
     6
  9
$UCSBASE
  2

  9
$UCSNAME
  2

  9
$UCSORG
 10
0.0
 20
0.0
 30
0.0
  9
$UCSXDIR
 10
1.0
 20
0.0
 30
0.0
  9
$UCSYDIR
 10
0.0
 20
1.0
 30
0.0
  9
$UCSORTHOREF
  2

  9
$UCSORTHOVIEW
 70
     0
  9
$UCSORGTOP
 10
0.0
 20
0.0
 30
0.0
  9
$UCSORGBOTTOM
 10
0.0
 20
0.0
 30
0.0
  9
$UCSORGLEFT
 10
0.0
 20
0.0
 30
0.0
  9
$UCSORGRIGHT
 10
0.0
 20
0.0
 30
0.0
  9
$UCSORGFRONT
 10
0.0
 20
0.0
 30
0.0
  9
$UCSORGBACK
 10
0.0
 20
0.0
 30
0.0
  9
$PUCSBASE
  2

  9
$PUCSNAME
  2

  9
$PUCSORG
 10
0.0
 20
0.0
 30
0.0
  9
$PUCSXDIR
 10
1.0
 20
0.0
 30
0.0
  9
$PUCSYDIR
 10
0.0
 20
1.0
 30
0.0
  9
$PUCSORTHOREF
  2

  9
$PUCSORTHOVIEW
 70
     0
  9
$PUCSORGTOP
 10
0.0
 20
0.0
 30
0.0
  9
$PUCSORGBOTTOM
 10
0.0
 20
0.0
 30
0.0
  9
$PUCSORGLEFT
 10
0.0
 20
0.0
 30
0.0
  9
$PUCSORGRIGHT
 10
0.0
 20
0.0
 30
0.0
  9
$PUCSORGFRONT
 10
0.0
 20
0.0
 30
0.0
  9
$PUCSORGBACK
 10
0.0
 20
0.0
 30
0.0
  9
$USERI1
 70
     0
  9
$USERI2
 70
     0
  9
$USERI3
 70
     0
  9
$USERI4
 70
     0
  9
$USERI5
 70
     0
  9
$USERR1
 40
0.0
  9
$USERR2
 40
0.0
  9
$USERR3
 40
0.0
  9
$USERR4
 40
0.0
  9
$USERR5
 40
0.0
  9
$WORLDVIEW
 70
     1
  9
$SHADEDGE
 70
     3
  9
$SHADEDIF
 70
    70
  9
$TILEMODE
 70
     1
  9
$MAXACTVP
 70
    64
  9
$PINSBASE
 10
0.0
 20
0.0
 30
0.0
  9
$PLIMCHECK
 70
     0
  9
$PEXTMIN
 10
25.69999999999999
 20
19.5
 30
0.0
  9
$PEXTMAX
 10
231.3
 20
175.5
 30
0.0
  9
$PLIMMIN
 10
-20.0
 20
-7.5
  9
$PLIMMAX
 10
277.0
 20
202.5
  9
$UNITMODE
 70
     0
  9
$VISRETAIN
 70
     1
  9
$PLINEGEN
 70
     0
  9
$PSLTSCALE
 70
     1
  9
$TREEDEPTH
 70
  3020
  9
$CMLSTYLE
  2
Standard
  9
$CMLJUST
 70
     0
  9
$CMLSCALE
 40
20.0
  9
$PROXYGRAPHICS
 70
     1
  9
$MEASUREMENT
 70
     1
  9
$CELWEIGHT
370
    -1
  9
$ENDCAPS
280
     0
  9
$JOINSTYLE
280
     0
  9
$LWDISPLAY
290
     0
  9
$INSUNITS
 70
     4
  9
$HYPERLINKBASE
  1

  9
$STYLESHEET
  1
monochrome.ctb
  9
$XEDIT
290
     1
  9
$CEPSNTYPE
380
     0
  9
$PSTYLEMODE
290
     1
  9
$FINGERPRINTGUID
  2
{C99F7A7E-BDEC-4D02-AE15-BB542795F74C}
  9
$VERSIONGUID
  2
{842363BD-4EE8-CD4E-A9E6-B50A367BC350}
  9
$EXTNAMES
290
     1
  9
$PSVPSCALE
 40
0.0
  9
$OLESTARTUP
290
     0
  9
$SORTENTS
280
   127
  9
$INDEXCTL
280
     0
  9
$HIDETEXT
280
     1
  9
$XCLIPFRAME
280
     2
  9
$HALOGAP
280
     0
  9
$OBSCOLOR
 70
   257
  9
$OBSLTYPE
280
     0
  9
$INTERSECTIONDISPLAY
280
     0
  9
$INTERSECTIONCOLOR
 70
   257
  9
$DIMASSOC
280
     2
  9
$PROJECTNAME
  1

  9
$CAMERADISPLAY
290
     0
  9
$LENSLENGTH
 40
50.0
  9
$CAMERAHEIGHT
 40
0.0
  9
$STEPSPERSEC
 40
2.0
  9
$STEPSIZE
 40
6.0
  9
$3DDWFPREC
 40
2.0
  9
$PSOLWIDTH
 40
5.0
  9
$PSOLHEIGHT
 40
80.0
  9
$LOFTANG1
 40
1.570796326794896
  9
$LOFTANG2
 40
1.570796326794896
  9
$LOFTMAG1
 40
0.0
  9
$LOFTMAG2
 40
0.0
  9
$LOFTPARAM
 70
     7
  9
$LOFTNORMALS
280
     1
  9
$LATITUDE
 40
37.795
  9
$LONGITUDE
 40
-122.394
  9
$NORTHDIRECTION
 40
0.0
  9
$TIMEZONE
 70
 -8000
  9
$LIGHTGLYPHDISPLAY
280
     1
  9
$TILEMODELIGHTSYNCH
280
     1
  9
$CMATERIAL
347
EC
  9
$SOLIDHIST
280
     1
  9
$SHOWHIST
280
     1
  9
$DWFFRAME
280
     2
  9
$DGNFRAME
280
     0
  9
$REALWORLDSCALE
290
     1
  9
$INTERFERECOLOR
 62
     1
  9
$INTERFEREOBJVS
345
F9
  9
$INTERFEREVPVS
346
F6
  9
$CSHADOW
280
     0
  9
$SHADOWPLANELOCATION
 40
0.0
  0
ENDSEC
  0
SECTION
  2
CLASSES
  0
CLASS
  1
ACDBDICTIONARYWDFLT
  2
AcDbDictionaryWithDefault
  3
ObjectDBX Classes
 90
        0
 91
        1
280
     0
281
     0
  0
CLASS
  1
ACDBPLACEHOLDER
  2
AcDbPlaceHolder
  3
ObjectDBX Classes
 90
        0
 91
        1
280
     0
281
     0
  0
CLASS
  1
LAYOUT
  2
AcDbLayout
  3
ObjectDBX Classes
 90
        0
 91
        3
280
     0
281
     0
  0
CLASS
  1
DICTIONARYVAR
  2
AcDbDictionaryVar
  3
ObjectDBX Classes
 90
        0
 91
       15
280
     0
281
     0
  0
CLASS
  1
TABLESTYLE
  2
AcDbTableStyle
  3
ObjectDBX Classes
 90
     4095
 91
        1
280
     0
281
     0
  0
CLASS
  1
MATERIAL
  2
AcDbMaterial
  3
ObjectDBX Classes
 90
     1153
 91
        3
280
     0
281
     0
  0
CLASS
  1
VISUALSTYLE
  2
AcDbVisualStyle
  3
ObjectDBX Classes
 90
     4095
 91
       26
280
     0
281
     0
  0
CLASS
  1
SCALE
  2
AcDbScale
  3
ObjectDBX Classes
 90
     1153
 91
       17
280
     0
281
     0
  0
CLASS
  1
MLEADERSTYLE
  2
AcDbMLeaderStyle
  3
ACDB_MLEADERSTYLE_CLASS
 90
     4095
 91
        2
280
     0
281
     0
  0
CLASS
  1
CELLSTYLEMAP
  2
AcDbCellStyleMap
  3
ObjectDBX Classes
 90
     1152
 91
        3
280
     0
281
     0
  0
CLASS
  1
EXACXREFPANELOBJECT
  2
ExAcXREFPanelObject
  3
EXAC_ESW
 90
     1025
 91
        0
280
     0
281
     0
  0
CLASS
  1
NPOCOLLECTION
  2
AcDbImpNonPersistentObjectsCollection
  3
ObjectDBX Classes
 90
     1153
 91
        0
280
     0
281
     0
  0
CLASS
  1
LAYER_INDEX
  2
AcDbLayerIndex
  3
ObjectDBX Classes
 90
        0
 91
        0
280
     0
281
     0
  0
CLASS
  1
SPATIAL_INDEX
  2
AcDbSpatialIndex
  3
ObjectDBX Classes
 90
        0
 91
        0
280
     0
281
     0
  0
CLASS
  1
IDBUFFER
  2
AcDbIdBuffer
  3
ObjectDBX Classes
 90
        0
 91
        0
280
     0
281
     0
  0
CLASS
  1
TH_PAPERRECORDER
  2
TH_PaperRecorder
  3
_T("PCCADBAS|Company:TianHe SoftWare,Inc.|WEB Address:www.thsoft.com.cn")
 90
     3071
 91
        2
280
     0
281
     0
  0
CLASS
  1
TH_PAPERSIZERECORDER
  2
TH_PaperSizeRecorder
  3
THPaperSet
 90
     3071
 91
        2
280
     0
281
     0
  0
CLASS
  1
TH_CSLRECORDER
  2
TH_CSLRecorder
  3
_T("PCCADBAS|Company:TianHe SoftWare,Inc.|WEB Address:www.thsoft.com.cn")
 90
     3071
 91
        2
280
     0
281
     0
  0
CLASS
  1
SORTENTSTABLE
  2
AcDbSortentsTable
  3
ObjectDBX Classes
 90
        0
 91
        6
280
     0
281
     0
  0
CLASS
  1
IMAGEDEF
  2
AcDbRasterImageDef
  3
ISM
 90
        0
 91
        1
280
     0
281
     0
  0
CLASS
  1
AEC_REFEDIT_STATUS_TRACKER
  2
AecDbRefEditStatusTracker
  3
AecArchBase80|Product Desc: Autodesk Architectural Desktop 2007 |Company: Autodesk,Inc. |WEB Address: www.autodesk.com
 90
      129
 91
        0
280
     0
281
     0
  0
CLASS
  1
TH_WaterMark
  2
TH_WaterMark
  3
_T("TH_WaterMark|Company:TianHe SoftWare,Inc.|WEB Address:www.thsoft.com.cn")
 90
        2
 91
        4
280
     0
281
     1
  0
CLASS
  1
DIMASSOC
  2
AcDbDimAssoc
  3
"AcDbDimAssoc|Product Desc:     AcDim ARX App For Dimension|Company:          Autodesk, Inc.|WEB Address:      www.autodesk.com"
 90
        0
 91
        8
280
     0
281
     0
  0
CLASS
  1
TH_DIMROUGH2010
  2
TH_DimRough2010
  3
_T("PCCAD|Company:TianHe SoftWare,Inc.|WEB Address:www.thsoft.com.cn")
 90
     3071
 91
        0
280
     0
281
     1
  0
CLASS
  1
ACDBSECTIONVIEWSTYLE
  2
AcDbSectionViewStyle
  3
ObjectDBX Classes
 90
     1025
 91
        1
280
     0
281
     0
  0
CLASS
  1
ACDBDETAILVIEWSTYLE
  2
AcDbDetailViewStyle
  3
ObjectDBX Classes
 90
     1025
 91
        1
280
     0
281
     0
  0
CLASS
  1
ACDBASSOCNETWORK
  2
AcDbAssocNetwork
  3
ObjectDBX Classes
 90
     1025
 91
        4
280
     0
281
     0
  0
CLASS
  1
ACDBASSOCACTION
  2
AcDbAssocAction
  3
ObjectDBX Classes
 90
     1025
 91
        5
280
     0
281
     0
  0
CLASS
  1
AcDbCenterLineActionBody
  2
AcDbCenterLineActionBody
  3
AcDbSmartCenter
 90
     1153
 91
        0
280
     0
281
     0
  0
CLASS
  1
ACDBASSOCEDGEACTIONPARAM
  2
AcDbAssocEdgeActionParam
  3
ObjectDBX Classes
 90
     1025
 91
       12
280
     0
281
     0
  0
CLASS
  1
ACDBASSOCGEOMDEPENDENCY
  2
AcDbAssocGeomDependency
  3
ObjectDBX Classes
 90
     1025
 91
       12
280
     0
281
     0
  0
CLASS
  1
ACDBASSOCDEPENDENCY
  2
AcDbAssocDependency
  3
ObjectDBX Classes
 90
     1025
 91
        9
280
     0
281
     0
  0
CLASS
  1
ACDB_PROXY_ENTITY_DATA
  2
AcDbProxyEntityData
  3
ObjectDBX Classes
 90
        0
 91
        3
280
     0
281
     0
  0
CLASS
  1
ACARRAYJIGENTITY
  2
AcArrayJigEntity
  3
ACAD_ARRAY
 90
      129
 91
        4
280
     0
281
     1
  0
CLASS
  1
ACDBASSOCARRAYACTIONBODY
  2
AcDbAssocArrayActionBody
  3
ObjectDBX Classes
 90
     1025
 91
        2
280
     0
281
     0
  0
CLASS
  1
ACDBASSOCVERTEXACTIONPARAM
  2
AcDbAssocVertexActionParam
  3
ObjectDBX Classes
 90
     1025
 91
        6
280
     0
281
     0
  0
CLASS
  1
ACDBASSOCARRAYRECTANGULARPARAMETERS
  2
AcDbAssocArrayRectangularParameters
  3
ObjectDBX Classes
 90
     1025
 91
        0
280
     0
281
     0
  0
CLASS
  1
ACDBASSOCARRAYPOLARPARAMETERS
  2
AcDbAssocArrayPolarParameters
  3
ObjectDBX Classes
 90
     1025
 91
        0
280
     0
281
     0
  0
CLASS
  1
ACDBASSOCROTATEDDIMACTIONBODY
  2
AcDbAssocRotatedDimActionBody
  3
ObjectDBX Classes
 90
     1025
 91
        3
280
     0
281
     0
  0
CLASS
  1
ACDBASSOCOSNAPPOINTREFACTIONPARAM
  2
AcDbAssocOsnapPointRefActionParam
  3
ObjectDBX Classes
 90
     1025
 91
        6
280
     0
281
     0
  0
ENDSEC
  0
SECTION
  2
TABLES
  0
TABLE
  2
VPORT
  5
8
102
{ACAD_XDICTIONARY
360
5D6
102
}
330
0
100
AcDbSymbolTable
 70
     1
1001
ACAD
1000
DbSaveVer
1071
      377
  0
VPORT
  5
EA
330
8
100
AcDbSymbolTableRecord
100
AcDbViewportTableRecord
  2
*Active
 70
     0
 10
0.0
 20
0.0
 11
1.0
 21
1.0
 12
334.8558836573978
 22
191.9409767147485
 13
0.0
 23
0.0
 14
10.0
 24
10.0
 15
10.0
 25
10.0
 16
0.0
 26
0.0
 36
1.0
 17
0.0
 27
0.0
 37
0.0
 40
418.4027170357776
 41
1.891267123287671
 42
50.0
 43
0.0
 44
0.0
 50
0.0
 51
0.0
 71
     0
 72
  1000
 73
     1
 74
     3
 75
     0
 76
     1
 77
     0
 78
     0
281
     0
 65
     1
110
0.0
120
0.0
130
0.0
111
1.0
121
0.0
131
0.0
112
0.0
122
1.0
132
0.0
 79
     0
146
0.0
348
F5
 60
     2
 61
     5
292
     1
282
     1
141
0.0
142
0.0
 63
   250
421
  3355443
1001
ACAD_NAV_VCDISPLAY
1070
     3
  0
ENDTAB
  0
TABLE
  2
LTYPE
  5
5
330
0
100
AcDbSymbolTable
 70
     8
  0
LTYPE
  5
14
330
5
100
AcDbSymbolTableRecord
100
AcDbLinetypeTableRecord
  2
ByBlock
 70
     0
  3

 72
    65
 73
     0
 40
0.0
  0
LTYPE
  5
15
330
5
100
AcDbSymbolTableRecord
100
AcDbLinetypeTableRecord
  2
ByLayer
 70
     0
  3

 72
    65
 73
     0
 40
0.0
  0
LTYPE
  5
16
330
5
100
AcDbSymbolTableRecord
100
AcDbLinetypeTableRecord
  2
Continuous
 70
     0
  3
Solid line
 72
    65
 73
     0
 40
0.0
  0
LTYPE
  5
29D
330
5
100
AcDbSymbolTableRecord
100
AcDbLinetypeTableRecord
  2
DASHED
 70
     0
  3
Dashed __ __ __ __ __ __ __ __ __ __ __ __ __ _
 72
    65
 73
     2
 40
0.75
 49
0.5
 74
     0
 49
-0.25
 74
     0
  0
LTYPE
  5
29E
330
5
100
AcDbSymbolTableRecord
100
AcDbLinetypeTableRecord
  2
CENTER
 70
     0
  3
Center ____ _ ____ _ ____ _ ____ _ ____ _ ____
 72
    65
 73
     4
 40
2.0
 49
1.25
 74
     0
 49
-0.25
 74
     0
 49
0.25
 74
     0
 49
-0.25
 74
     0
  0
LTYPE
  5
29F
330
5
100
AcDbSymbolTableRecord
100
AcDbLinetypeTableRecord
  2
PHANTOM
 70
     0
  3
Phantom ______  __  __  ______  __  __  ______
 72
    65
 73
     6
 40
2.5
 49
1.25
 74
     0
 49
-0.25
 74
     0
 49
0.25
 74
     0
 49
-0.25
 74
     0
 49
0.25
 74
     0
 49
-0.25
 74
     0
  0
LTYPE
  5
44D
330
5
100
AcDbSymbolTableRecord
100
AcDbLinetypeTableRecord
  2
DIVIDE
 70
     0
  3
Divide ____ . . ____ . . ____ . . ____ . . ____
 72
    65
 73
     6
 40
1.25
 49
0.5
 74
     0
 49
-0.25
 74
     0
 49
0.0
 74
     0
 49
-0.25
 74
     0
 49
0.0
 74
     0
 49
-0.25
 74
     0
  0
LTYPE
  5
643
330
5
100
AcDbSymbolTableRecord
100
AcDbLinetypeTableRecord
  2
DOT
 70
     0
  3
Dot . . . . . . . . . . . . . . . . . . . . . .
 72
    65
 73
     2
 40
0.25
 49
0.0
 74
     0
 49
-0.25
 74
     0
  0
LTYPE
  5
6C1A
330
5
100
AcDbSymbolTableRecord
100
AcDbLinetypeTableRecord
  2
CENTER2
 70
     0
  3
Center (.5x) ___ _ ___ _ ___ _ ___ _ ___ _ ___
 72
    65
 73
     4
 40
1.125
 49
0.75
 74
     0
 49
-0.125
 74
     0
 49
0.125
 74
     0
 49
-0.125
 74
     0
  0
ENDTAB
  0
TABLE
  2
LAYER
  5
2
102
{ACAD_XDICTIONARY
360
4AA
102
}
330
0
100
AcDbSymbolTable
 70
    27
  0
LAYER
  5
10
102
{ACAD_XDICTIONARY
360
13C
102
}
330
2
100
AcDbSymbolTableRecord
100
AcDbLayerTableRecord
  2
0
 70
     0
 62
     7
  6
Continuous
370
    -3
390
F
347
EE
348
0
  0
LAYER
  5
2A0
330
2
100
AcDbSymbolTableRecord
100
AcDbLayerTableRecord
  2
1轮廓实线层
 70
     0
 62
     7
  6
Continuous
370
    30
390
F
347
EE
348
0
  0
LAYER
  5
2A1
330
2
100
AcDbSymbolTableRecord
100
AcDbLayerTableRecord
  2
轮廓虚线层
 70
     0
 62
     7
  6
DASHED
370
    -3
390
F
347
EE
348
0
  0
LAYER
  5
2A2
330
2
100
AcDbSymbolTableRecord
100
AcDbLayerTableRecord
  2
3中心线层
 70
     0
 62
     1
  6
CENTER
370
    -3
390
F
347
EE
348
0
  0
LAYER
  5
2A3
330
2
100
AcDbSymbolTableRecord
100
AcDbLayerTableRecord
  2
4虚线层
 70
     0
 62
     6
  6
DASHED
370
    -3
390
F
347
EE
348
0
  0
LAYER
  5
2A4
330
2
100
AcDbSymbolTableRecord
100
AcDbLayerTableRecord
  2
2细线层
 70
     0
 62
     4
  6
Continuous
370
    -3
390
F
347
EE
348
0
  0
LAYER
  5
2A5
330
2
100
AcDbSymbolTableRecord
100
AcDbLayerTableRecord
  2
5剖面线层
 70
     0
 62
     2
  6
Continuous
370
    -3
390
F
347
EE
348
0
  0
LAYER
  5
2A6
330
2
100
AcDbSymbolTableRecord
100
AcDbLayerTableRecord
  2
9双点划线层
 70
     0
 62
     6
  6
PHANTOM
370
    -3
390
F
347
EE
348
0
  0
LAYER
  5
2A7
330
2
100
AcDbSymbolTableRecord
100
AcDbLayerTableRecord
  2
6文字层
 70
     0
 62
     3
  6
Continuous
370
    -3
390
F
347
EE
348
0
  0
LAYER
  5
2A8
330
2
100
AcDbSymbolTableRecord
100
AcDbLayerTableRecord
  2
7标注层
 70
     0
 62
     4
  6
Continuous
370
    -3
390
F
347
EE
348
0
  0
LAYER
  5
2A9
330
2
100
AcDbSymbolTableRecord
100
AcDbLayerTableRecord
  2
图框层
 70
     0
 62
     7
  6
Continuous
370
    -3
390
F
347
EE
348
0
  0
LAYER
  5
2AA
330
2
100
AcDbSymbolTableRecord
100
AcDbLayerTableRecord
  2
消隐层
 70
     0
 62
    -5
  6
Continuous
370
    -3
390
F
347
EE
348
0
  0
LAYER
  5
2AB
330
2
100
AcDbSymbolTableRecord
100
AcDbLayerTableRecord
  2
8符号标注层
 70
     0
 62
    31
  6
Continuous
370
    -3
390
F
347
EE
348
0
  0
LAYER
  5
2AC
330
2
100
AcDbSymbolTableRecord
100
AcDbLayerTableRecord
  2
排图层
 70
     0
 62
     5
  6
Continuous
370
    -3
390
F
347
EE
348
0
  0
LAYER
  5
2AD
330
2
100
AcDbSymbolTableRecord
100
AcDbLayerTableRecord
  2
用户自定义1
 70
     0
 62
     7
  6
Continuous
370
    -3
390
F
347
EE
348
0
  0
LAYER
  5
2AE
330
2
100
AcDbSymbolTableRecord
100
AcDbLayerTableRecord
  2
用户自定义3
 70
     0
 62
     7
  6
Continuous
370
    -3
390
F
347
EE
348
0
  0
LAYER
  5
2AF
330
2
100
AcDbSymbolTableRecord
100
AcDbLayerTableRecord
  2
用户自定义2
 70
     0
 62
     7
  6
Continuous
370
    -3
390
F
347
EE
348
0
  0
LAYER
  5
2B0
330
2
100
AcDbSymbolTableRecord
100
AcDbLayerTableRecord
  2
Defpoints
 70
     0
 62
     7
  6
Continuous
290
     0
370
    -3
390
F
347
EE
348
0
  0
LAYER
  5
44E
330
2
100
AcDbSymbolTableRecord
100
AcDbLayerTableRecord
  2
10端子层
 70
     0
 62
     2
  6
Continuous
370
    -3
390
F
347
EE
348
0
1001
AcAecLayerStandard
1000

1000

  0
LAYER
  5
44F
330
2
100
AcDbSymbolTableRecord
100
AcDbLayerTableRecord
  2
11线号层
 70
     0
 62
     3
  6
Continuous
370
    -3
390
F
347
EE
348
0
1001
AcAecLayerStandard
1000

1000

  0
LAYER
  5
450
330
2
100
AcDbSymbolTableRecord
100
AcDbLayerTableRecord
  2
12元件号层
 70
     0
 62
     6
  6
Continuous
370
    -3
390
F
347
EE
348
0
1001
AcAecLayerStandard
1000

1000

  0
LAYER
  5
451
330
2
100
AcDbSymbolTableRecord
100
AcDbLayerTableRecord
  2
13注释层
 70
     0
 62
     1
  6
Continuous
370
    -3
390
F
347
EE
348
0
1001
AcAecLayerStandard
1000

1000

  0
LAYER
  5
660
102
{ACAD_XDICTIONARY
360
661
102
}
330
2
100
AcDbSymbolTableRecord
100
AcDbLayerTableRecord
  2
TK
 70
     0
 62
   101
  6
Continuous
370
    -3
390
F
347
EE
348
0
  0
LAYER
  5
1852
330
2
100
AcDbSymbolTableRecord
100
AcDbLayerTableRecord
  2
尺寸
 70
     0
 62
     7
  6
Continuous
370
    -3
390
F
347
EE
348
0
  0
LAYER
  5
1853
330
2
100
AcDbSymbolTableRecord
100
AcDbLayerTableRecord
  2
细实线
 70
     0
 62
     7
  6
Continuous
370
    -3
390
F
347
EE
348
0
  0
LAYER
  5
1854
330
2
100
AcDbSymbolTableRecord
100
AcDbLayerTableRecord
  2
粗实线
 70
     0
 62
     7
  6
Continuous
370
    -3
390
F
347
EE
348
0
  0
LAYER
  5
1855
330
2
100
AcDbSymbolTableRecord
100
AcDbLayerTableRecord
  2
点划线
 70
     0
 62
     7
  6
Continuous
370
    -3
390
F
347
EE
348
0
  0
ENDTAB
  0
TABLE
  2
STYLE
  5
3
330
0
100
AcDbSymbolTable
 70
    13
  0
STYLE
  5
11
330
3
100
AcDbSymbolTableRecord
100
AcDbTextStyleTableRecord
  2
Standard
 70
     0
 40
0.0
 41
0.7070000000000001
 50
0.0
 71
     0
 42
0.2
  3
isocp.shx
  4
hztxt.shx
  0
STYLE
  5
132
330
3
100
AcDbSymbolTableRecord
100
AcDbTextStyleTableRecord
  2
Annotative
 70
     0
 40
0.0
 41
1.0
 50
0.0
 71
     0
 42
2.5
  3
SimSun.ttf
  4

1001
AcadAnnotative
1000
AnnotativeData
1002
{
1070
     1
1070
     1
1002
}
1001
ACAD
1000
SimSun
1071
       34
  0
STYLE
  5
2B1
330
3
100
AcDbSymbolTableRecord
100
AcDbTextStyleTableRecord
  2
PC_TEXTSTYLE
 70
     0
 40
0.0
 41
0.8
 50
0.0
 71
     0
 42
5.0
  3
isocp.shx
  4
hzfs.shx
  0
STYLE
  5
2B2
330
3
100
AcDbSymbolTableRecord
100
AcDbTextStyleTableRecord
  2
PC_TEXTSTYLE1
 70
     0
 40
0.0
 41
1.0
 50
0.0
 71
     0
 42
5.0
  3
isocp.shx
  4
hzfs.shx
  0
STYLE
  5
2B3
330
3
100
AcDbSymbolTableRecord
100
AcDbTextStyleTableRecord
  2
TH_GBDIM
 70
     0
 40
0.0
 41
0.8
 50
0.0
 71
     0
 42
5.0
  3
romans.shx
  4
gbcbig.shx
  0
STYLE
  5
2B4
330
3
100
AcDbSymbolTableRecord
100
AcDbTextStyleTableRecord
  2
THXuHaoStyle
 70
     0
 40
0.0
 41
0.8
 50
0.0
 71
     0
 42
5.0
  3
txt.shx
  4
hzfs.shx
  0
STYLE
  5
452
330
3
100
AcDbSymbolTableRecord
100
AcDbTextStyleTableRecord
  2
FS_2.5
 70
     0
 40
2.5
 41
1.0
 50
0.0
 71
     0
 42
2.5
  3

  4

1001
ACAD
1000
FangSong_GB2312
1071
    34353
  0
STYLE
  5
662
330
3
100
AcDbSymbolTableRecord
100
AcDbTextStyleTableRecord
  2
ST
 70
     0
 40
0.0
 41
1.0
 50
0.0
 71
     0
 42
6.0
  3
romanc.shx
  4
st.shx
  0
STYLE
  5
6B80
330
3
100
AcDbSymbolTableRecord
100
AcDbTextStyleTableRecord
  2
BS2024
 70
     0
 40
0.0
 41
0.8
 50
0.0
 71
     0
 42
2.5
  3
romans.shx
  4
gbcbig.shx
  0
ENDTAB
  0
TABLE
  2
VIEW
  5
6
330
0
100
AcDbSymbolTable
 70
     2
  0
ENDTAB
  0
TABLE
  2
UCS
  5
7
330
0
100
AcDbSymbolTable
 70
     0
  0
ENDTAB
  0
TABLE
  2
APPID
  5
9
330
0
100
AcDbSymbolTable
 70
    40
  0
APPID
  5
12
330
9
100
AcDbSymbolTableRecord
100
AcDbRegAppTableRecord
  2
ACAD
 70
     0
  0
APPID
  5
9E
330
9
100
AcDbSymbolTableRecord
100
AcDbRegAppTableRecord
  2
ACAD_PSEXT
 70
     0
  0
APPID
  5
133
330
9
100
AcDbSymbolTableRecord
100
AcDbRegAppTableRecord
  2
AcadAnnoPO
 70
     0
  0
APPID
  5
134
330
9
100
AcDbSymbolTableRecord
100
AcDbRegAppTableRecord
  2
AcadAnnotative
 70
     0
  0
APPID
  5
135
330
9
100
AcDbSymbolTableRecord
100
AcDbRegAppTableRecord
  2
ACAD_DSTYLE_DIMJAG
 70
     0
  0
APPID
  5
136
330
9
100
AcDbSymbolTableRecord
100
AcDbRegAppTableRecord
  2
ACAD_DSTYLE_DIMTALN
 70
     0
  0
APPID
  5
165
330
9
100
AcDbSymbolTableRecord
100
AcDbRegAppTableRecord
  2
ACAD_MLEADERVER
 70
     0
  0
APPID
  5
2B7
330
9
100
AcDbSymbolTableRecord
100
AcDbRegAppTableRecord
  2
WBY_PAPERINIT
 70
     0
  0
APPID
  5
2B8
330
9
100
AcDbSymbolTableRecord
100
AcDbRegAppTableRecord
  2
$WBY_PAPNO_PAPERINIT
 70
     0
  0
APPID
  5
2B9
330
9
100
AcDbSymbolTableRecord
100
AcDbRegAppTableRecord
  2
TH_PaperSizeRecorder
 70
     0
  0
APPID
  5
2BA
330
9
100
AcDbSymbolTableRecord
100
AcDbRegAppTableRecord
  2
TH_XDATA_ORDER
 70
     0
  0
APPID
  5
2BB
330
9
100
AcDbSymbolTableRecord
100
AcDbRegAppTableRecord
  2
TH_XDATA_CODE
 70
     0
  0
APPID
  5
2BC
330
9
100
AcDbSymbolTableRecord
100
AcDbRegAppTableRecord
  2
TH_XDATA_VTYPE
 70
     0
  0
APPID
  5
2BD
330
9
100
AcDbSymbolTableRecord
100
AcDbRegAppTableRecord
  2
TH_XDATA_ALIGN
 70
     0
  0
APPID
  5
2BE
330
9
100
AcDbSymbolTableRecord
100
AcDbRegAppTableRecord
  2
TH_XDATA_EXPRE
 70
     0
  0
APPID
  5
2BF
330
9
100
AcDbSymbolTableRecord
100
AcDbRegAppTableRecord
  2
TH_XDATA_ROWDOWITH
 70
     0
  0
APPID
  5
2C0
330
9
100
AcDbSymbolTableRecord
100
AcDbRegAppTableRecord
  2
PC_MXBTITLERECORD
 70
     0
  0
APPID
  5
2C1
330
9
100
AcDbSymbolTableRecord
100
AcDbRegAppTableRecord
  2
TH_XUHAO
 70
     0
  0
APPID
  5
2C2
330
9
100
AcDbSymbolTableRecord
100
AcDbRegAppTableRecord
  2
TH_PaperRecorder
 70
     0
  0
APPID
  5
2C3
330
9
100
AcDbSymbolTableRecord
100
AcDbRegAppTableRecord
  2
TH_CSLRecorder
 70
     0
  0
APPID
  5
2C4
330
9
100
AcDbSymbolTableRecord
100
AcDbRegAppTableRecord
  2
TH_XDATA_ORIENTION
 70
     0
  0
APPID
  5
2C5
330
9
100
AcDbSymbolTableRecord
100
AcDbRegAppTableRecord
  2
TH_XDATA_EDITABLE
 70
     0
  0
APPID
  5
2C6
330
9
100
AcDbSymbolTableRecord
100
AcDbRegAppTableRecord
  2
TH_XDATA_ATTDEFHANDLE
 70
     0
  0
APPID
  5
2C7
330
9
100
AcDbSymbolTableRecord
100
AcDbRegAppTableRecord
  2
TH_POWERPARA
 70
     0
  0
APPID
  5
2C8
330
9
100
AcDbSymbolTableRecord
100
AcDbRegAppTableRecord
  2
TH_SUPERTABLEPARA
 70
     0
  0
APPID
  5
453
330
9
100
AcDbSymbolTableRecord
100
AcDbRegAppTableRecord
  2
ACAD_EXEMPT_FROM_CAD_STANDARDS
 70
     0
  0
APPID
  5
454
330
9
100
AcDbSymbolTableRecord
100
AcDbRegAppTableRecord
  2
DCO15
 70
     0
  0
APPID
  5
455
330
9
100
AcDbSymbolTableRecord
100
AcDbRegAppTableRecord
  2
AcAecLayerStandard
 70
     0
  0
APPID
  5
B05
330
9
100
AcDbSymbolTableRecord
100
AcDbRegAppTableRecord
  2
ACAD_DSTYLE_DIMRADIAL_EXTENSION
 70
     0
  0
APPID
  5
1856
330
9
100
AcDbSymbolTableRecord
100
AcDbRegAppTableRecord
  2
PXL_DIMDRIVE16
 70
     0
  0
APPID
  5
1857
330
9
100
AcDbSymbolTableRecord
100
AcDbRegAppTableRecord
  2
_YKY_REG_DRVENT
 70
     0
  0
APPID
  5
1858
330
9
100
AcDbSymbolTableRecord
100
AcDbRegAppTableRecord
  2
NUTGB
 70
     0
  0
APPID
  5
1859
330
9
100
AcDbSymbolTableRecord
100
AcDbRegAppTableRecord
  2
_YKY_REG_DRVDATAENT
 70
     0
  0
APPID
  5
5508
330
9
100
AcDbSymbolTableRecord
100
AcDbRegAppTableRecord
  2
ACAD_DSTYLE_DIMANGULAR_EXTENSION
 70
     0
  0
APPID
  5
6B5C
330
9
100
AcDbSymbolTableRecord
100
AcDbRegAppTableRecord
  2
Acad_TC
 70
     0
  0
APPID
  5
6B65
330
9
100
AcDbSymbolTableRecord
100
AcDbRegAppTableRecord
  2
ACAD_NAV_VCDISPLAY
 70
     0
  0
APPID
  5
6B7F
330
9
100
AcDbSymbolTableRecord
100
AcDbRegAppTableRecord
  2
ACAD_DSTYLE_DIMBREAK
 70
     0
  0
APPID
  5
6C45
330
9
100
AcDbSymbolTableRecord
100
AcDbRegAppTableRecord
  2
AcadAnnoMonitorAlertIconDisabled
 70
     0
  0
APPID
  5
6C8D
330
9
100
AcDbSymbolTableRecord
100
AcDbRegAppTableRecord
  2
GradientColor1ACI
 70
     0
  0
APPID
  5
6C8E
330
9
100
AcDbSymbolTableRecord
100
AcDbRegAppTableRecord
  2
GradientColor2ACI
 70
     0
  0
ENDTAB
  0
TABLE
  2
DIMSTYLE
  5
A
330
0
100
AcDbSymbolTable
 70
    13
100
AcDbDimStyleTable
 71
     5
340
6B84
340
2B6
340
137
340
27
340
1B0
  0
DIMSTYLE
105
1B0
330
A
100
AcDbSymbolTableRecord
100
AcDbDimStyleTableRecord
  2
Standard
 70
     0
340
11
  0
DIMSTYLE
105
137
330
A
100
AcDbSymbolTableRecord
100
AcDbDimStyleTableRecord
  2
Annotative
 70
     0
 40
0.0
 41
2.5
 42
0.625
 43
3.75
 44
1.25
 73
     0
 74
     0
 77
     1
 78
     8
140
2.5
141
2.5
143
0.03937007874016
147
0.625
171
     3
172
     1
271
     2
272
     2
274
     3
278
    44
283
     0
284
     8
340
11
1001
AcadAnnotative
1000
AnnotativeData
1002
{
1070
     1
1070
     1
1002
}
1001
ACAD_DSTYLE_DIMJAG
1070
   388
1040
1.5
1001
ACAD_DSTYLE_DIMTALN
1070
   392
1070
     0
  0
DIMSTYLE
105
27
330
A
100
AcDbSymbolTableRecord
100
AcDbDimStyleTableRecord
  2
ISO-25
 70
     0
 41
2.5
 42
0.625
 43
3.75
 44
1.25
 73
     0
 74
     0
 77
     1
 78
     8
140
2.5
141
2.5
143
0.03937007874016
147
0.625
171
     3
172
     1
271
     2
272
     2
274
     3
278
    44
283
     0
284
     8
340
11
  0
DIMSTYLE
105
2B6
330
A
100
AcDbSymbolTableRecord
100
AcDbDimStyleTableRecord
  2
TH_GBDIM
 70
     0
 41
2.5
 42
0.0
 43
10.0
 44
2.0
 73
     0
 74
     0
 77
     1
 90
        1
140
3.5
141
2.5
146
0.714286
147
1.5
172
     1
176
   130
177
   130
178
     3
271
     1
272
     1
283
     0
340
2B3
371
    -1
372
    -1
1001
ACAD_DSTYLE_DIMJAG
1070
   388
1040
1.5
1001
ACAD_DSTYLE_DIMTALN
1070
   392
1070
     0
  0
DIMSTYLE
105
6B84
102
{ACAD_REACTORS
330
7515
330
752F
330
7547
330
7561
330
757D
330
7599
330
75B3
330
75CB
330
75E5
330
75FD
330
7627
102
}
330
A
100
AcDbSymbolTableRecord
100
AcDbDimStyleTableRecord
  2
BS2024_1.0
 70
     0
 41
2.5
 42
0.0
 43
10.0
 44
2.0
 73
     0
 74
     0
 77
     1
 90
        1
140
3.5
141
2.5
146
0.714286
147
1.5
172
     1
176
   130
177
   130
178
     3
271
     1
272
     1
283
     0
340
2B3
371
    -1
372
    -1
1001
ACAD_DSTYLE_DIMBREAK
1070
   391
1040
3.75
1001
ACAD_DSTYLE_DIMJAG
1070
   388
1040
1.5
1001
ACAD_DSTYLE_DIMTALN
1070
   392
1070
     0
  0
DIMSTYLE
105
6B85
330
A
100
AcDbSymbolTableRecord
100
AcDbDimStyleTableRecord
  2
BS2024_1.0$4
 70
     0
 41
2.5
 42
0.0
 43
10.0
 44
2.0
 77
     1
 90
        1
140
3.5
141
2.5
146
0.714286
147
1.5
172
     1
176
   130
177
   130
178
     3
271
     1
272
     1
283
     0
340
2B3
371
    -1
372
    -1
1001
ACAD_DSTYLE_DIMBREAK
1070
   391
1040
3.75
1001
ACAD_DSTYLE_DIMJAG
1070
   388
1040
1.5
1001
ACAD_DSTYLE_DIMTALN
1070
   392
1070
     0
  0
DIMSTYLE
105
6C2C
330
A
100
AcDbSymbolTableRecord
100
AcDbDimStyleTableRecord
  2
TH_GBDIM$3
 70
     0
 41
2.5
 42
0.0
 43
10.0
 44
2.0
 77
     1
 90
        1
140
3.5
141
2.5
146
0.714286
147
1.5
172
     1
176
   130
177
   130
178
     3
271
     1
272
     1
283
     0
340
2B3
371
    -1
372
    -1
1001
ACAD_DSTYLE_DIMBREAK
1070
   391
1040
3.75
1001
ACAD_DSTYLE_DIMJAG
1070
   388
1040
1.5
1001
ACAD_DSTYLE_DIMTALN
1070
   392
1070
     0
  0
DIMSTYLE
105
6D79
330
A
100
AcDbSymbolTableRecord
100
AcDbDimStyleTableRecord
  2
BS2024_1.0$3
 70
     0
 41
2.5
 42
0.0
 43
10.0
 44
2.0
 77
     1
 90
        1
140
3.5
141
2.5
146
0.714286
147
1.5
172
     1
176
   130
177
   130
178
     3
271
     1
272
     1
283
     0
340
2B3
371
    -1
372
    -1
1001
ACAD_DSTYLE_DIMBREAK
1070
   391
1040
3.75
1001
ACAD_DSTYLE_DIMJAG
1070
   388
1040
1.5
1001
ACAD_DSTYLE_DIMTALN
1070
   392
1070
     0
  0
ENDTAB
  0
TABLE
  2
BLOCK_RECORD
  5
1
330
0
100
AcDbSymbolTable
 70
    34
  0
BLOCK_RECORD
  5
1F
102
{ACAD_XDICTIONARY
360
1CE
102
}
330
1
100
AcDbSymbolTableRecord
100
AcDbBlockTableRecord
  2
*Model_Space
340
22
 70
     0
280
     1
281
     0
  0
BLOCK_RECORD
  5
D6
330
1
100
AcDbSymbolTableRecord
100
AcDbBlockTableRecord
  2
*Paper_Space
340
D7
 70
     0
280
     1
281
     0
  0
BLOCK_RECORD
  5
D2
330
1
100
AcDbSymbolTableRecord
100
AcDbBlockTableRecord
  2
*Paper_Space0
340
D3
 70
     0
280
     1
281
     0
  0
BLOCK_RECORD
  5
210
330
1
100
AcDbSymbolTableRecord
100
AcDbBlockTableRecord
  2
PC_MXB_BLOCK
340
0
 70
     0
280
     1
281
     0
  0
BLOCK_RECORD
  5
226
330
1
100
AcDbSymbolTableRecord
100
AcDbBlockTableRecord
  2
PC_MXBTITLERECORD
340
0
 70
     0
280
     1
281
     0
  0
BLOCK_RECORD
  5
2E4
102
{ACAD_XDICTIONARY
360
2E5
102
}
330
1
100
AcDbSymbolTableRecord
100
AcDbBlockTableRecord
  2
PCCAD_TEMPLATE
340
0
102
{BLKREFS
331
3AD
102
}
 70
     0
280
     1
281
     0
  0
BLOCK_RECORD
  5
2ED
330
1
100
AcDbSymbolTableRecord
100
AcDbBlockTableRecord
  2
PC_CSL_BLOCK
340
0
 70
     0
280
     1
281
     0
  0
BLOCK_RECORD
  5
2F0
102
{ACAD_XDICTIONARY
360
2F1
102
}
330
1
100
AcDbSymbolTableRecord
100
AcDbBlockTableRecord
  2
A4
340
0
310
2800000020000000200000000100080000000000000400000000000000000000000000000000000000000000000080000080000000808000800000008000800080800000C0C0C000C0DCC000F0CAA6000020400000206000002080000020A0000020C0000020E00000400000004020000040400000406000004080000040A0
310
000040C0000040E00000600000006020000060400000606000006080000060A0000060C0000060E00000800000008020000080400000806000008080000080A0000080C0000080E00000A0000000A0200000A0400000A0600000A0800000A0A00000A0C00000A0E00000C0000000C0200000C0400000C0600000C0800000C0
310
A00000C0C00000C0E00000E0000000E0200000E0400000E0600000E0800000E0A00000E0C00000E0E00040000000400020004000400040006000400080004000A0004000C0004000E00040200000402020004020400040206000402080004020A0004020C0004020E000404000004040200040404000404060004040800040
310
40A0004040C0004040E00040600000406020004060400040606000406080004060A0004060C0004060E00040800000408020004080400040806000408080004080A0004080C0004080E00040A0000040A0200040A0400040A0600040A0800040A0A00040A0C00040A0E00040C0000040C0200040C0400040C0600040C08000
310
40C0A00040C0C00040C0E00040E0000040E0200040E0400040E0600040E0800040E0A00040E0C00040E0E00080000000800020008000400080006000800080008000A0008000C0008000E00080200000802020008020400080206000802080008020A0008020C0008020E00080400000804020008040400080406000804080
310
008040A0008040C0008040E00080600000806020008060400080606000806080008060A0008060C0008060E00080800000808020008080400080806000808080008080A0008080C0008080E00080A0000080A0200080A0400080A0600080A0800080A0A00080A0C00080A0E00080C0000080C0200080C0400080C0600080C0
310
800080C0A00080C0C00080C0E00080E0000080E0200080E0400080E0600080E0800080E0A00080E0C00080E0E000C0000000C0002000C0004000C0006000C0008000C000A000C000C000C000E000C0200000C0202000C0204000C0206000C0208000C020A000C020C000C020E000C0400000C0402000C0404000C0406000C0
310
408000C040A000C040C000C040E000C0600000C0602000C0604000C0606000C0608000C060A000C060C000C060E000C0800000C0802000C0804000C0806000C0808000C080A000C080C000C080E000C0A00000C0A02000C0A04000C0A06000C0A08000C0A0A000C0A0C000C0A0E000C0C00000C0C02000C0C04000C0C06000
310
C0C08000C0C0A000F0FBFF00A4A0A000808080000000FF0000FF000000FFFF00FF000000FF00FF00FFFF0000FFFFFF00FFFFFFFFFFFFFFFFFFFFFFFFFFFFFFFFFFFFFFFFFFFFFFFFFFFFFFFFFFFFFFFFFFFFFFFFFFFFFFFFFFFFFFFFFFFFFFFFFFFFFFFFFFFFFFFFFFFFFFFFFFFFFFFFFFFFFFFFFFFFFFFFFFFFFFFFFFFFFF
310
FFFFFFFFFFFFFFFFFFFFFFFFFFFFFFFFFFFFFFFFFFFFFFFFFFFFFFFFFFFFFFFFFFFFFFFFFFFFFFFFFFFFFFFFFFFFFFFFFFFFFFFFFFFFFFFFFFFFFFFFFFFFFFFFFFFFFFFFFFFFFFFFFFFFFFFFFFFFFFFFFFFFFFFFFFFFFFFFFFFFFFFFFFFFFFFFFFFFFFFFFFFFFFFFFFFFFFFFFFFFFFFFFFFF00000000000000000000000000
310
0000000000000000000000000000000000FFFF000000000000000000000000000000000000000000000000000000000000FFFF000000FFFFFFFFFFFFFFFFFFFFFFFFFFFFFFFFFFFFFFFFFFFFFFFFFF0000FFFF000000FFFFFFFFFFFFFFFFFFFFFFFFFFFFFFFFFFFFFFFFFFFFFFFFFF0000FFFF000000FFFFFFFFFFFFFFFFFF
310
FFFFFFFFFFFFFFFFFFFFFFFFFFFFFFFF0000FFFF000000FFFFFFFFFFFFFFFFFFFFFFFFFFFFFFFFFFFFFFFFFFFFFFFFFF0000FFFF000000FFFFFFFFFFFFFFFFFFFFFFFFFFFFFFFFFFFFFFFFFFFFFFFFFF0000FFFF000000FFFFFFFFFFFFFFFFFFFFFFFFFFFFFFFFFFFFFFFFFFFFFFFFFF0000FFFF000000FFFFFFFFFFFFFFFF
310
FFFFFFFFFFFFFFFFFFFFFFFFFFFFFFFFFF0000FFFF000000FFFFFFFFFFFFFFFFFFFFFFFFFFFFFFFFFFFFFFFFFFFFFFFFFF0000FFFF00FF00FFFFFFFFFFFFFFFFFFFFFFFFFFFFFFFFFFFFFFFFFFFFFFFFFF0000FFFF00FF00FFFFFFFFFFFFFFFFFFFFFFFFFFFFFFFFFFFFFFFFFFFFFFFFFF0000FFFF00FF00FFFFFFFFFFFFFF
310
FFFFFFFFFFFFFFFFFFFFFFFFFFFFFFFFFFFF0000FFFF00FF00FFFFFFFFFFFFFFFFFFFFFFFFFFFFFFFFFFFFFFFFFFFFFFFFFF0000FFFF00FF00FFFFFFFFFFFFFFFFFFFFFFFFFFFFFFFFFFFFFFFFFFFFFFFFFF0000FFFF00FF00FFFFFFFFFFFFFFFFFFFFFFFFFFFFFFFFFFFFFFFFFFFFFFFFFF0000FFFF00FF00FFFFFFFFFFFF
310
FFFFFFFFFFFFFFFFFFFFFFFFFFFFFFFFFFFFFF0000FFFF00FF00FFFFFFFFFFFFFFFFFFFFFFFFFFFFFFFFFFFFFFFFFFFFFFFFFF0000FFFF00FF00FFFFFFFFFFFFFFFFFFFFFFFFFFFFFFFFFFFFFFFFFFFFFFFFFF0000FFFF000000000000000000000000000000000000000000000000000000000000FFFFFFFFFFFFFFFFFFFF
310
FFFFFFFFFFFFFFFFFFFFFFFFFFFFFFFFFFFFFFFFFFFFFFFFFFFFFFFFFFFFFFFFFFFFFFFFFFFFFFFFFFFFFFFFFFFFFFFFFFFFFFFFFFFFFFFFFFFFFFFFFFFFFFFFFFFFFFFFFFFFFFFFFFFFFFFFFFFFFFFFFFFFFFFFFFFFFFFFFFFFFFFFFFFFFFFFFFFFFFFFFFFFFFFFFFFFFFFFFFFFFFFFFFFFFFFFFFFFFFFFFFFFFFFFFFFFFF
310
FFFFFFFFFFFFFFFFFFFFFFFFFFFFFFFFFFFFFFFFFFFFFFFFFFFFFFFFFFFFFFFFFFFFFFFFFFFFFFFFFFFFFFFFFFFFFFFFFFFFFFFFFFFFFFFF
102
{BLKREFS
331
3A6
102
}
 70
     0
280
     1
281
     0
  0
BLOCK_RECORD
  5
3A4
330
1
100
AcDbSymbolTableRecord
100
AcDbBlockTableRecord
  2
$AUDIT_BAD_BLOCK_RECORD1
340
0
 70
     0
280
     1
281
     0
  0
BLOCK_RECORD
  5
3A9
102
{ACAD_XDICTIONARY
360
3AA
102
}
330
1
100
AcDbSymbolTableRecord
100
AcDbBlockTableRecord
  2
同新电控2
340
0
 70
     4
280
     1
281
     0
  0
BLOCK_RECORD
  5
2306
330
1
100
AcDbSymbolTableRecord
100
AcDbBlockTableRecord
  2
深度
340
0
310
2800000020000000200000000100080000000000000400000000000000000000000000000000000000000000000080000080000000808000800000008000800080800000C0C0C000C0DCC000F0CAA6000020400000206000002080000020A0000020C0000020E00000400000004020000040400000406000004080000040A0
310
000040C0000040E00000600000006020000060400000606000006080000060A0000060C0000060E00000800000008020000080400000806000008080000080A0000080C0000080E00000A0000000A0200000A0400000A0600000A0800000A0A00000A0C00000A0E00000C0000000C0200000C0400000C0600000C0800000C0
310
A00000C0C00000C0E00000E0000000E0200000E0400000E0600000E0800000E0A00000E0C00000E0E00040000000400020004000400040006000400080004000A0004000C0004000E00040200000402020004020400040206000402080004020A0004020C0004020E000404000004040200040404000404060004040800040
310
40A0004040C0004040E00040600000406020004060400040606000406080004060A0004060C0004060E00040800000408020004080400040806000408080004080A0004080C0004080E00040A0000040A0200040A0400040A0600040A0800040A0A00040A0C00040A0E00040C0000040C0200040C0400040C0600040C08000
310
40C0A00040C0C00040C0E00040E0000040E0200040E0400040E0600040E0800040E0A00040E0C00040E0E00080000000800020008000400080006000800080008000A0008000C0008000E00080200000802020008020400080206000802080008020A0008020C0008020E00080400000804020008040400080406000804080
310
008040A0008040C0008040E00080600000806020008060400080606000806080008060A0008060C0008060E00080800000808020008080400080806000808080008080A0008080C0008080E00080A0000080A0200080A0400080A0600080A0800080A0A00080A0C00080A0E00080C0000080C0200080C0400080C0600080C0
310
800080C0A00080C0C00080C0E00080E0000080E0200080E0400080E0600080E0800080E0A00080E0C00080E0E000C0000000C0002000C0004000C0006000C0008000C000A000C000C000C000E000C0200000C0202000C0204000C0206000C0208000C020A000C020C000C020E000C0400000C0402000C0404000C0406000C0
310
408000C040A000C040C000C040E000C0600000C0602000C0604000C0606000C0608000C060A000C060C000C060E000C0800000C0802000C0804000C0806000C0808000C080A000C080C000C080E000C0A00000C0A02000C0A04000C0A06000C0A08000C0A0A000C0A0C000C0A0E000C0C00000C0C02000C0C04000C0C06000
310
C0C08000C0C0A000F0FBFF00A4A0A000808080000000FF0000FF000000FFFF00FF000000FF00FF00FFFF0000FFFFFF00000000000000000000000000000000000000000000000000000000000000000000000000000000000000000000000000FA000000000000000000000000000000000000000000000000000000000000
310
00FA00000000000000000000000000000000000000000000000000000000000000FA00000000000000000000000000000000000000000000000000000000000000FA000000000000000000000000000000000000000000000000000000000000FAFA0000000000000000000000000000000000000000000000000000000000
310
00FAFA000000000000000000000000000000000000000000000000000000000000FAFA000000000000000000000000000000000000000000000000000000000000FA00FA0000000000000000000000000000000000000000000000000000000000FA00FA000000000000000000000000000000000000000000000000000000
310
0000FA00FA00000000000000000000000000000000000000000000000000000000FA0000FA00000000000000000000000000000000000000000000000000000000FA0000FA00000000000000000000000000000000000000000000000000000000FAFAFAFA0000000000000000000000000000000000000000000000000000
310
00000000FA00000000000000000000000000000000000000000000000000000000000000FA00000000000000000000000000000000000000000000000000000000000000FA00000000000000000000000000000000000000000000000000000000000000FA0000000000000000000000000000000000000000000000000000
310
0000000000FA00000000000000000000000000000000000000000000000000000000000000FA00000000000000000000000000000000000000000000000000000000000000FA00000000000000000000000000000000000000000000000000000000000000FA00000000000000000000000000000000000000000000000000
310
000000000000FA00000000000000000000000000000000000000000000000000000000000000FA00000000000000000000000000000000000000000000000000000000000000FA00000000000000000000000000000000000000000000000000000000000000FA000000000000000000000000000000000000000000000000
310
00000000000000FA00000000000000000000000000000000000000000000000000000000000000FA00000000000000000000000000000000000000000000000000000000000000FA00000000000000000000000000000000000000000000000000000000000000FA0000000000000000000000000000000000000000FAFAFA
310
FAFAFAFAFAFAFAFAFAFAFAFAFAFAFAFAFAFAFA00000000000000000000000000000000000000000000000000000000000000000000000000
 70
     4
280
     1
281
     0
  0
BLOCK_RECORD
  5
2B77
330
1
100
AcDbSymbolTableRecord
100
AcDbBlockTableRecord
  2
_None
340
0
 70
     0
280
     1
281
     0
  0
BLOCK_RECORD
  5
4094
330
1
100
AcDbSymbolTableRecord
100
AcDbBlockTableRecord
  2
A$C3B135E6B
340
0
102
{BLKREFS
331
66D2
102
}
 70
     0
280
     1
281
     0
  0
BLOCK_RECORD
  5
65EB
330
1
100
AcDbSymbolTableRecord
100
AcDbBlockTableRecord
  2
PC_TITLE_BLOCK
340
0
 70
     0
280
     1
281
     0
  0
BLOCK_RECORD
  5
6670
102
{ACAD_XDICTIONARY
360
668E
102
}
330
1
100
AcDbSymbolTableRecord
100
AcDbBlockTableRecord
  2
PC_FJL_BLOCK
340
0
 70
     0
280
     1
281
     0
  0
BLOCK_RECORD
  5
669B
330
1
100
AcDbSymbolTableRecord
100
AcDbBlockTableRecord
  2
PC_TYDH_BLOCK
340
0
 70
     0
280
     1
281
     0
  0
BLOCK_RECORD
  5
7253
102
{ACAD_XDICTIONARY
360
725D
102
}
330
1
100
AcDbSymbolTableRecord
100
AcDbBlockTableRecord
  2
A$C35884e63
340
0
 70
     4
280
     1
281
     0
  0
BLOCK_RECORD
  5
7410
102
{ACAD_XDICTIONARY
360
7417
102
}
330
1
100
AcDbSymbolTableRecord
100
AcDbBlockTableRecord
  2
A$Cab35f4d2
340
0
 70
     4
280
     1
281
     0
  0
BLOCK_RECORD
  5
74F8
102
{ACAD_REACTORS
330
750A
102
}
330
1
100
AcDbSymbolTableRecord
100
AcDbBlockTableRecord
  2
*U17
340
0
102
{BLKREFS
331
750E
331
750F
331
7510
331
7511
331
7512
331
7513
102
}
 70
     0
280
     1
281
     0
  0
BLOCK_RECORD
  5
74FB
102
{ACAD_REACTORS
330
7509
102
}
330
1
100
AcDbSymbolTableRecord
100
AcDbBlockTableRecord
  2
*U18
340
0
102
{BLKREFS
331
74FE
102
}
 70
     0
280
     1
281
     1
  0
BLOCK_RECORD
  5
7516
330
1
100
AcDbSymbolTableRecord
100
AcDbBlockTableRecord
  2
*D19
340
0
 70
     0
280
     1
281
     0
  0
BLOCK_RECORD
  5
7530
330
1
100
AcDbSymbolTableRecord
100
AcDbBlockTableRecord
  2
*D20
340
0
 70
     0
280
     1
281
     0
  0
BLOCK_RECORD
  5
7548
330
1
100
AcDbSymbolTableRecord
100
AcDbBlockTableRecord
  2
*D21
340
0
 70
     0
280
     1
281
     0
  0
BLOCK_RECORD
  5
7562
330
1
100
AcDbSymbolTableRecord
100
AcDbBlockTableRecord
  2
*D22
340
0
 70
     0
280
     1
281
     0
  0
BLOCK_RECORD
  5
757E
330
1
100
AcDbSymbolTableRecord
100
AcDbBlockTableRecord
  2
*D23
340
0
 70
     0
280
     1
281
     0
  0
BLOCK_RECORD
  5
759A
330
1
100
AcDbSymbolTableRecord
100
AcDbBlockTableRecord
  2
*D24
340
0
 70
     0
280
     1
281
     0
  0
BLOCK_RECORD
  5
75B4
330
1
100
AcDbSymbolTableRecord
100
AcDbBlockTableRecord
  2
*D25
340
0
 70
     0
280
     1
281
     0
  0
BLOCK_RECORD
  5
75CC
330
1
100
AcDbSymbolTableRecord
100
AcDbBlockTableRecord
  2
*D26
340
0
 70
     0
280
     1
281
     0
  0
BLOCK_RECORD
  5
75E6
330
1
100
AcDbSymbolTableRecord
100
AcDbBlockTableRecord
  2
*D27
340
0
 70
     0
280
     1
281
     0
  0
BLOCK_RECORD
  5
75FE
330
1
100
AcDbSymbolTableRecord
100
AcDbBlockTableRecord
  2
*D28
340
0
 70
     0
280
     1
281
     0
  0
BLOCK_RECORD
  5
7628
330
1
100
AcDbSymbolTableRecord
100
AcDbBlockTableRecord
  2
*D29
340
0
 70
     0
280
     1
281
     0
  0
ENDTAB
  0
ENDSEC
  0
SECTION
  2
BLOCKS
  0
BLOCK
  5
20
330
1F
100
AcDbEntity
  8
0
100
AcDbBlockBegin
  2
*Model_Space
 70
     0
 10
0.0
 20
0.0
 30
0.0
  3
*Model_Space
  1

  0
ENDBLK
  5
21
330
1F
100
AcDbEntity
  8
0
100
AcDbBlockEnd
  0
BLOCK
  5
D8
330
D6
100
AcDbEntity
 67
     1
  8
0
100
AcDbBlockBegin
  2
*Paper_Space
 70
     0
 10
0.0
 20
0.0
 30
0.0
  3
*Paper_Space
  1

  0
ENDBLK
  5
D9
330
D6
100
AcDbEntity
 67
     1
  8
0
100
AcDbBlockEnd
  0
BLOCK
  5
D4
330
D2
100
AcDbEntity
 67
     1
  8
0
100
AcDbBlockBegin
  2
*Paper_Space0
 70
     0
 10
0.0
 20
0.0
 30
0.0
  3
*Paper_Space0
  1

  0
VIEWPORT
  5
620
102
{ACAD_XDICTIONARY
360
621
102
}
330
D2
100
AcDbEntity
 67
     1
  8
0
100
AcDbViewport
 10
128.5
 20
97.5
 30
0.0
 40
552.150297029703
 41
222.18
 68
     0
 69
     0
 12
128.5
 22
97.5
 13
0.0
 23
0.0
 14
10.0
 24
10.0
 15
10.0
 25
10.0
 16
0.0
 26
0.0
 36
1.0
 17
0.0
 27
0.0
 37
0.0
 42
50.0
 43
0.0
 44
0.0
 45
222.18
 50
0.0
 51
0.0
 72
  1000
 90
   819232
  1

281
     0
 71
     1
 74
     0
110
0.0
120
0.0
130
0.0
111
1.0
121
0.0
131
0.0
112
0.0
122
1.0
132
0.0
 79
     0
146
0.0
170
     0
 61
     5
348
F5
292
     1
282
     1
141
0.0
142
0.0
 63
   250
421
  3355443
  0
VIEWPORT
  5
624
102
{ACAD_XDICTIONARY
360
625
102
}
330
D2
100
AcDbEntity
 67
     1
  8
0
100
AcDbViewport
 10
128.5
 20
97.5
 30
0.0
 40
205.6
 41
156.0
 68
     0
 69
     0
 12
925.0
 22
717.4999999999999
 13
0.0
 23
0.0
 14
10.0
 24
10.0
 15
10.0
 25
10.0
 16
0.0
 26
0.0
 36
1.0
 17
0.0
 27
0.0
 37
0.0
 42
50.0
 43
0.0
 44
0.0
 45
1613.900903458526
 50
0.0
 51
0.0
 72
  1000
 90
   557152
  1

281
     0
 71
     1
 74
     0
110
0.0
120
0.0
130
0.0
111
1.0
121
0.0
131
0.0
112
0.0
122
1.0
132
0.0
 79
     0
146
0.0
170
     0
 61
     5
348
F5
292
     1
282
     1
141
0.0
142
0.0
 63
   250
421
  3355443
  0
ENDBLK
  5
D5
330
D2
100
AcDbEntity
 67
     1
  8
0
100
AcDbBlockEnd
  0
BLOCK
  5
211
330
210
100
AcDbEntity
  8
0
100
AcDbBlockBegin
  2
PC_MXB_BLOCK
 70
     2
 10
0.0
 20
0.0
 30
0.0
  3
PC_MXB_BLOCK
  1

  0
LINE
  5
66A6
330
210
100
AcDbEntity
  8
2细线层
100
AcDbLine
 10
-180.0
 20
8.0
 30
0.0
 11
0.0
 21
8.0
 31
0.0
  0
LINE
  5
66A7
330
210
100
AcDbEntity
  8
2细线层
100
AcDbLine
 10
-180.0
 20
0.0
 30
0.0
 11
0.0
 21
0.0
 31
0.0
  0
ATTDEF
  5
66A8
330
210
100
AcDbEntity
  8
6文字层
100
AcDbText
 10
-97.88330074551822
 20
1.19547596701426
 30
0.0
 40
4.5
  1

 41
0.8174486364448815
  7
PC_TEXTSTYLE
 72
     5
 11
-88.99658190575109
 21
1.19547596701426
 31
0.0
100
AcDbAttributeDefinition
280
     0
  3
数量
  2
数量
 70
     0
280
     0
1001
TH_XDATA_ORDER
1070
     1
1000
4
1001
TH_XDATA_CODE
1070
     1
1000
Quantity
1001
TH_XDATA_VTYPE
1070
     1
1000
Number
1070
     2
1000

1001
TH_XDATA_ALIGN
1070
     1
1000
CENTER
1001
TH_XDATA_EXPRE
1070
     1
1000

  0
ATTDEF
  5
66A9
330
210
100
AcDbEntity
  8
6文字层
100
AcDbText
 10
-168.0468040277006
 20
1.348885681267233
 30
0.0
 40
4.5
  1

 41
3.147730039833858
  7
PC_TEXTSTYLE
 72
     5
 11
-134.1074177566207
 21
1.348885681267233
 31
0.0
100
AcDbAttributeDefinition
280
     0
  3
图号
  2
图号
 70
     0
280
     0
1001
TH_XDATA_ORDER
1070
     1
1000
2
1001
TH_XDATA_CODE
1070
     1
1000
Code
1001
TH_XDATA_VTYPE
1070
     1
1000
String
1070
     2
1000

1001
TH_XDATA_ALIGN
1070
     1
1000
LEFT
1001
TH_XDATA_EXPRE
1070
     1
1000

  0
LINE
  5
66AA
330
210
100
AcDbEntity
  8
2细线层
100
AcDbLine
 10
-169.0
 20
8.0
 30
0.0
 11
-169.0
 21
0.0
 31
0.0
  0
ATTDEF
  5
66AB
330
210
100
AcDbEntity
  8
6文字层
100
AcDbText
 10
-178.381729678601
 20
1.348885681267233
 30
0.0
 40
4.5
  1

 41
0.7691821412910099
  7
PC_TEXTSTYLE
 72
     5
 11
-170.0882707492355
 21
1.348885681267233
 31
0.0
100
AcDbAttributeDefinition
280
     0
  3
序号
  2
序号
 70
     0
280
     0
1001
TH_XDATA_ORDER
1070
     1
1000
1
1001
TH_XDATA_CODE
1070
     1
1000
Order
1001
TH_XDATA_VTYPE
1070
     1
1000
String
1070
     2
1000

1001
TH_XDATA_ALIGN
1070
     1
1000
CENTER
1001
TH_XDATA_EXPRE
1070
     1
1000

  0
LINE
  5
66AC
330
210
100
AcDbEntity
  8
1轮廓实线层
100
AcDbLine
 10
-180.0
 20
8.0
 30
0.0
 11
-180.0
 21
0.0
 31
0.0
  0
ATTDEF
  5
66AD
330
210
100
AcDbEntity
  8
6文字层
100
AcDbText
 10
-130.8666991322458
 20
1.19547596701426
 30
0.0
 40
4.5
  1

 41
2.80242433537261
  7
PC_TEXTSTYLE
 72
     5
 11
-100.2758790357279
 21
1.19547596701426
 31
0.0
100
AcDbAttributeDefinition
280
     0
  3
名称
  2
名称
 70
     0
280
     0
1001
TH_XDATA_ORDER
1070
     1
1000
3
1001
TH_XDATA_CODE
1070
     1
1000
Name
1001
TH_XDATA_VTYPE
1070
     1
1000
String
1070
     2
1000

1001
TH_XDATA_ALIGN
1070
     1
1000
LEFT
1001
TH_XDATA_EXPRE
1070
     1
1000

  0
LINE
  5
66AE
330
210
100
AcDbEntity
  8
2细线层
100
AcDbLine
 10
-132.0
 20
8.0
 30
0.0
 11
-132.0
 21
0.0
 31
0.0
  0
LINE
  5
66AF
330
210
100
AcDbEntity
  8
2细线层
100
AcDbLine
 10
-99.0
 20
8.0
 30
0.0
 11
-99.0
 21
0.0
 31
0.0
  0
ATTDEF
  5
66B0
330
210
100
AcDbEntity
  8
6文字层
100
AcDbText
 10
-86.43310534086367
 20
1.01034163864881
 30
0.0
 40
4.5
  1

 41
2.943328368291707
  7
PC_TEXTSTYLE
 72
     5
 11
-54.30419914243191
 21
1.01034163864881
 31
0.0
100
AcDbAttributeDefinition
280
     0
  3
材料
  2
材料
 70
     0
280
     0
1001
TH_XDATA_ORDER
1070
     1
1000
5
1001
TH_XDATA_CODE
1070
     1
1000
Material
1001
TH_XDATA_VTYPE
1070
     1
1000
String
1070
     2
1000

1001
TH_XDATA_ALIGN
1070
     1
1000
CENTER
1001
TH_XDATA_EXPRE
1070
     1
1000

  0
LINE
  5
66B1
330
210
100
AcDbEntity
  8
2细线层
100
AcDbLine
 10
-88.0
 20
8.0
 30
0.0
 11
-88.0
 21
0.0
 31
0.0
  0
LINE
  5
66B2
330
210
100
AcDbEntity
  8
2细线层
100
AcDbLine
 10
-53.0
 20
8.0
 30
0.0
 11
-53.0
 21
0.0
 31
0.0
  0
ATTDEF
  5
66B3
330
210
100
AcDbEntity
  8
6文字层
100
AcDbText
 10
-52.20750697209507
 20
0.8871421990031365
 30
0.0
 40
4.5
  1

 41
0.8540383451204608
  7
PC_TEXTSTYLE
 72
     5
 11
-42.99911333015268
 21
0.8871421990031365
 31
0.0
100
AcDbAttributeDefinition
280
     0
  3
单重
  2
单重
 70
     0
280
     0
1001
TH_XDATA_ORDER
1070
     1
1000
6
1001
TH_XDATA_CODE
1070
     1
1000
SingleWeight
1001
TH_XDATA_VTYPE
1070
     1
1000
Number
1070
     2
1000
2
1001
TH_XDATA_ALIGN
1070
     1
1000
CENTER
1001
TH_XDATA_EXPRE
1070
     1
1000

  0
ATTDEF
  5
66B4
330
210
100
AcDbEntity
  8
6文字层
100
AcDbText
 10
-28.60888357640226
 20
1.024654073362427
 30
0.0
 40
4.5
  1

 41
2.494074276313303
  7
PC_TEXTSTYLE
 72
     5
 11
-1.161719634597943
 21
1.024654073362427
 31
0.0
100
AcDbAttributeDefinition
280
     0
  3
备注
  2
备注
 70
     0
280
     0
1001
TH_XDATA_ORDER
1070
     1
1000
8
1001
TH_XDATA_CODE
1070
     1
1000
Remark
1001
TH_XDATA_VTYPE
1070
     1
1000
String
1070
     2
1000

1001
TH_XDATA_ALIGN
1070
     1
1000
CENTER
1001
TH_XDATA_EXPRE
1070
     1
1000

  0
LINE
  5
66B5
330
210
100
AcDbEntity
  8
2细线层
100
AcDbLine
 10
-42.0
 20
8.0
 30
0.0
 11
-42.0
 21
0.0
 31
0.0
  0
LINE
  5
66B6
330
210
100
AcDbEntity
  8
2细线层
100
AcDbLine
 10
-30.0
 20
8.0
 30
0.0
 11
-30.0
 21
0.0
 31
0.0
  0
ATTDEF
  5
66B7
330
210
100
AcDbEntity
  8
6文字层
100
AcDbText
 10
-41.19507323250888
 20
1.265572583556576
 30
0.0
 40
4.5
  1

 41
0.958887548135068
  7
PC_TEXTSTYLE
 72
     5
 11
-30.85617679766642
 21
1.265572583556576
 31
0.0
100
AcDbAttributeDefinition
280
     0
  3
总重
  2
总重
 70
     0
280
     0
1001
TH_XDATA_ORDER
1070
     1
1000
7
1001
TH_XDATA_CODE
1070
     1
1000
TotalWeight
1001
TH_XDATA_VTYPE
1070
     1
1000
Number
1070
     2
1000
2
1001
TH_XDATA_ALIGN
1070
     1
1000
CENTER
1001
TH_XDATA_EXPRE
1070
     1
1000
数量*单重
  0
LINE
  5
66B8
330
210
100
AcDbEntity
  8
1轮廓实线层
100
AcDbLine
 10
0.0
 20
8.0
 30
0.0
 11
0.0
 21
0.0
 31
0.0
  0
ATTDEF
  5
66B9
330
210
100
AcDbEntity
  8
0
100
AcDbText
 10
0.0
 20
0.0
 30
0.0
 40
5.0
  1

  7
PC_TEXTSTYLE
100
AcDbAttributeDefinition
280
     0
  3

  2
图幅
 70
     1
280
     0
1001
TH_XDATA_ORDER
1070
     1
1000
9
1001
TH_XDATA_CODE
1070
     1
1000

1001
TH_XDATA_VTYPE
1070
     1
1000
String
1070
     2
1000

1001
TH_XDATA_ALIGN
1070
     1
1000
CENTER
1001
TH_XDATA_EXPRE
1070
     1
1000

  0
ENDBLK
  5
225
330
210
100
AcDbEntity
  8
0
100
AcDbBlockEnd
  0
BLOCK
  5
227
330
226
100
AcDbEntity
  8
0
100
AcDbBlockBegin
  2
PC_MXBTITLERECORD
 70
     2
 10
0.0
 20
0.0
 30
0.0
  3
PC_MXBTITLERECORD
  1

  0
TEXT
  5
66BE
330
226
100
AcDbEntity
  8
6文字层
100
AcDbText
 10
-79.44584463578066
 20
3.499999999999999
 30
0.0
 40
5.0
  1
材      料
 41
0.667
  7
PC_TEXTSTYLE
 72
     4
 11
-71.88651130244733
 21
6.0
 31
0.0
100
AcDbText
  0
TEXT
  5
66BF
330
226
100
AcDbEntity
  8
6文字层
100
AcDbText
 10
-157.3906927656044
 20
3.530905511811023
 30
0.0
 40
5.0
  1
图     号
 41
0.667
  7
PC_TEXTSTYLE
 72
     4
 11
-151.087236400775
 21
6.0
 31
0.0
100
AcDbText
  0
TEXT
  5
66C0
330
226
100
AcDbEntity
  8
6文字层
100
AcDbText
 10
-178.3308495317427
 20
3.5
 30
0.0
 40
5.0
  1
序号
 41
0.667
  7
PC_TEXTSTYLE
 72
     4
 11
-174.7735161984094
 21
6.0
 31
0.0
100
AcDbText
  0
LINE
  5
66C1
330
226
100
AcDbEntity
  8
1轮廓实线层
100
AcDbLine
 10
-180.0
 20
0.0
 30
0.0
 11
-180.0
 21
12.0
 31
0.0
  0
LINE
  5
66C2
330
226
100
AcDbEntity
  8
2细线层
100
AcDbLine
 10
-169.0
 20
12.0
 30
0.0
 11
-169.0
 21
0.0
 31
0.0
  0
TEXT
  5
66C3
330
226
100
AcDbEntity
  8
6文字层
100
AcDbText
 10
-122.9505641162466
 20
3.499999999999999
 30
0.0
 40
5.0
  1
名     称
 41
0.667
  7
PC_TEXTSTYLE
 72
     4
 11
-116.0582307829132
 21
6.0
 31
0.0
100
AcDbText
  0
LINE
  5
66C4
330
226
100
AcDbEntity
  8
2细线层
100
AcDbLine
 10
-132.0
 20
12.0
 30
0.0
 11
-132.0
 21
0.0
 31
0.0
  0
TEXT
  5
66C5
330
226
100
AcDbEntity
  8
6文字层
100
AcDbText
 10
-97.26372228061379
 20
3.5
 30
0.0
 40
5.0
  1
数量
 41
0.667
  7
PC_TEXTSTYLE
 72
     4
 11
-93.70638894728045
 21
6.0
 31
0.0
100
AcDbText
  0
LINE
  5
66C6
330
226
100
AcDbEntity
  8
2细线层
100
AcDbLine
 10
-88.0
 20
12.0
 30
0.0
 11
-88.0
 21
0.0
 31
0.0
  0
LINE
  5
66C7
330
226
100
AcDbEntity
  8
2细线层
100
AcDbLine
 10
-99.0
 20
12.0
 30
0.0
 11
-99.0
 21
0.0
 31
0.0
  0
TEXT
  5
66C8
330
226
100
AcDbEntity
  8
6文字层
100
AcDbText
 10
-21.87538924184451
 20
3.487499999999998
 30
0.0
 40
5.0
  1
备     注
 41
0.667
  7
PC_TEXTSTYLE
 72
     4
 11
-15.57193287701511
 21
6.0
 31
0.0
100
AcDbText
  0
TEXT
  5
66C9
330
226
100
AcDbEntity
  8
6文字层
100
AcDbText
 10
-38.41030401441685
 20
6.860766039326804
 30
0.0
 40
4.0
  1
总 计
 41
0.667
  7
PC_TEXTSTYLE
 72
     4
 11
-35.95949917189717
 21
8.941041629877986
 31
0.0
100
AcDbText
  0
LINE
  5
66CA
330
226
100
AcDbEntity
  8
2细线层
100
AcDbLine
 10
-30.0
 20
6.0
 30
0.0
 11
-53.0
 21
6.0
 31
0.0
  0
TEXT
  5
66CB
330
226
100
AcDbEntity
  8
6文字层
100
AcDbText
 10
-46.63172601845528
 20
0.9426043958750369
 30
0.0
 40
4.0
  1
重    量
 41
0.667
  7
PC_TEXTSTYLE
 72
     4
 11
-41.65145935178862
 21
2.942604395875036
 31
0.0
100
AcDbText
  0
LINE
  5
66CC
330
226
100
AcDbEntity
  8
2细线层
100
AcDbLine
 10
-53.0
 20
12.0
 30
0.0
 11
-53.0
 21
0.0
 31
0.0
  0
TEXT
  5
66CD
330
226
100
AcDbEntity
  8
6文字层
100
AcDbText
 10
-50.3552747248134
 20
6.82762043961633
 30
0.0
 40
4.0
  1
单 件
 41
0.667
  7
PC_TEXTSTYLE
 72
     4
 11
-47.44690963294988
 21
8.83762043961633
 31
0.0
100
AcDbText
  0
LINE
  5
66CE
330
226
100
AcDbEntity
  8
2细线层
100
AcDbLine
 10
-42.0
 20
12.0
 30
0.0
 11
-42.0
 21
6.0
 31
0.0
  0
LINE
  5
66CF
330
226
100
AcDbEntity
  8
2细线层
100
AcDbLine
 10
-30.0
 20
12.0
 30
0.0
 11
-30.0
 21
0.0
 31
0.0
  0
LINE
  5
66D0
330
226
100
AcDbEntity
  8
1轮廓实线层
100
AcDbLine
 10
0.0
 20
0.0
 30
0.0
 11
0.0
 21
12.0
 31
0.0
  0
ATTDEF
  5
66D1
330
226
100
AcDbEntity
  8
0
100
AcDbText
 10
-53.0
 20
6.0
 30
0.0
 40
0.00000005
  1

  7
PC_TEXTSTYLE
100
AcDbAttributeDefinition
280
     0
  3

  2
Fo oFShowMe
 70
     1
280
     0
1001
TH_XDATA_ORDER
1070
     1
1000
9
1001
TH_XDATA_CODE
1070
     1
1000

1001
TH_XDATA_VTYPE
1070
     1
1000

1070
     2
1000

1001
TH_XDATA_ALIGN
1070
     1
1000

1001
TH_XDATA_ROWDOWITH
1070
     1
1000

1001
TH_XDATA_EXPRE
1070
     1
1000

  0
INSERT
  5
66D2
330
226
100
AcDbEntity
  8
0
100
AcDbBlockReference
 66
     1
  2
A$C3B135E6B
 10
-53.0
 20
0.0
 30
0.0
  0
ATTRIB
  5
66D3
330
66D2
100
AcDbEntity
  8
0
100
AcDbText
 10
-53.0
 20
6.0
 30
0.0
 40
0.00000005
  1

  7
PC_TEXTSTYLE
100
AcDbAttribute
280
     0
  2
Fo oFShowMe
 70
     1
280
     0
1001
TH_XDATA_ORDER
1070
     1
1000
9
1001
TH_XDATA_CODE
1070
     1
1000

1001
TH_XDATA_VTYPE
1070
     1
1000

1070
     2
1000

1001
TH_XDATA_ALIGN
1070
     1
1000

1001
TH_XDATA_ROWDOWITH
1070
     1
1000

1001
TH_XDATA_EXPRE
1070
     1
1000

  0
SEQEND
  5
66D4
330
66D2
100
AcDbEntity
  8
0
  0
ENDBLK
  5
23C
330
226
100
AcDbEntity
  8
0
100
AcDbBlockEnd
  0
BLOCK
  5
2E6
330
2E4
100
AcDbEntity
  8
0
100
AcDbBlockBegin
  2
PCCAD_TEMPLATE
 70
     0
 10
0.0
 20
0.0
 30
0.0
  3
PCCAD_TEMPLATE
  1

  0
ENDBLK
  5
2E7
330
2E4
100
AcDbEntity
  8
0
100
AcDbBlockEnd
  0
BLOCK
  5
2EE
330
2ED
100
AcDbEntity
  8
0
100
AcDbBlockBegin
  2
PC_CSL_BLOCK
 70
     0
 10
0.0
 20
0.0
 30
0.0
  3
PC_CSL_BLOCK
  1

  0
ENDBLK
  5
2EF
330
2ED
100
AcDbEntity
  8
0
100
AcDbBlockEnd
  0
BLOCK
  5
2F3
330
2F0
100
AcDbEntity
  8
0
100
AcDbBlockBegin
  2
A4
 70
     0
 10
0.0
 20
0.0
 30
0.0
  3
A4
  1

  0
TEXT
  5
2F4
330
2F0
100
AcDbEntity
  8
0
100
AcDbText
 10
1.883355614973118
 20
39.55111779560313
 30
0.0
 40
2.47474747474748
  1
描   校
  7
FS_2.5
 72
     4
 11
7.070707070706938
 21
40.6565656565657
 31
0.0
100
AcDbText
  0
TEXT
  5
2F5
330
2F0
100
AcDbEntity
  8
0
100
AcDbText
 10
1.978888146167413
 20
49.46375519904947
 30
0.0
 40
2.47474747474748
  1
描   图
  7
FS_2.5
 72
     4
 11
7.070707070706938
 21
50.55555555555571
 31
0.0
100
AcDbText
  0
TEXT
  5
2F6
330
2F0
100
AcDbEntity
  8
0
100
AcDbText
 10
3.575581179441332
 20
59.39004010695196
 30
0.0
 40
2.47474747474748
  1
借通用件登记
 41
0.65
  7
FS_2.5
 72
     4
 11
7.070707070706938
 21
60.45454545454555
 31
0.0
100
AcDbText
  0
TEXT
  5
2F7
330
2F0
100
AcDbEntity
  8
0
100
AcDbText
 10
1.965240641711085
 20
9.895090612002432
 30
0.0
 40
2.47474747474748
  1
签   字
  7
FS_2.5
 72
     4
 11
7.070707070706938
 21
10.95959595959602
 31
0.0
100
AcDbText
  0
TEXT
  5
2F8
330
2F0
100
AcDbEntity
  8
0
100
AcDbText
 10
3.889473781936876
 20
19.80772801544877
 30
0.0
 40
2.47474747474748
  1
底图总号
 41
0.9
  7
FS_2.5
 72
     4
 11
7.070707070706938
 21
20.85858585858603
 31
0.0
100
AcDbText
  0
TEXT
  5
2F9
330
2F0
100
AcDbEntity
  8
0
100
AcDbText
 10
3.641771576054523
 20
29.70671791443861
 30
0.0
 40
2.47474747474748
  1
旧底图总号
 41
0.75
  7
FS_2.5
 72
     4
 11
7.070707070706938
 21
30.75757575757587
 31
0.0
100
AcDbText
  0
TEXT
  5
2FA
330
2F0
100
AcDbEntity
  8
0
100
AcDbText
 10
70.30446932560906
 20
18.37993909685093
 30
0.0
 40
2.47474747474748
  1
设 计
 41
0.75
  7
FS_2.5
 72
     4
 11
72.47474747474751
 21
19.44444444444452
 31
0.0
100
AcDbText
  0
TEXT
  5
2FB
330
2F0
100
AcDbEntity
  8
0
100
AcDbText
 10
95.86738246434951
 20
4.224877450980455
 30
0.0
 40
2.47474747474748
  1
日　　期
 41
0.75
  7
FS_2.5
 72
     4
 11
98.98989898989913
 21
5.303030303030369
 31
0.0
100
AcDbText
  0
LWPOLYLINE
  5
2FC
330
2F0
100
AcDbEntity
  8
0
100
AcDbPolyline
 90
        4
 70
     1
 43
0.0
 10
91.91919191919204
 20
3.53535353535358
 10
106.0606060606062
 20
3.535353535353523
 10
106.0606060606062
 20
7.070707070707046
 10
91.91919191919204
 20
7.070707070707046
  0
LWPOLYLINE
  5
2FD
330
2F0
100
AcDbEntity
  8
0
100
AcDbPolyline
 90
        4
 70
     1
 43
0.0
 10
106.0606060606062
 20
3.53535353535358
 10
120.2020202020203
 20
3.535353535353523
 10
120.2020202020203
 20
7.070707070706989
 10
106.0606060606062
 20
7.070707070707046
  0
TEXT
  5
2FE
330
2F0
100
AcDbEntity
  8
0
100
AcDbText
 10
95.91856060606074
 20
7.732935977421265
 30
0.0
 40
2.47474747474748
  1
图　　幅
 41
0.75
  7
FS_2.5
 72
     4
 11
98.98989898989913
 21
8.838383838383833
 31
0.0
100
AcDbText
  0
TEXT
  5
2FF
330
2F0
100
AcDbEntity
  8
0
100
AcDbText
 10
95.32489416221046
 20
11.3228795306001
 30
0.0
 40
2.47474747474748
  1
文 件 号
 41
0.75
  7
FS_2.5
 72
     4
 11
98.98989898989913
 21
12.37373737373736
 31
0.0
100
AcDbText
  0
TEXT
  5
300
330
2F0
100
AcDbEntity
  8
0
100
AcDbText
 10
96.20580808080822
 20
14.8445855614974
 30
0.0
 40
2.47474747474748
  1
图形输入
 41
0.75
  7
FS_2.5
 72
     4
 11
98.98989898989913
 21
15.90909090909099
 31
0.0
100
AcDbText
  0
TEXT
  5
301
330
2F0
100
AcDbEntity
  8
0
100
AcDbText
 10
95.95950311942972
 20
18.32534907902556
 30
0.0
 40
2.47474747474748
  1
校　　对
 41
0.75
  7
FS_2.5
 72
     4
 11
98.98989898989913
 21
19.44444444444446
 31
0.0
100
AcDbText
  0
LWPOLYLINE
  5
302
330
2F0
100
AcDbEntity
  8
0
100
AcDbPolyline
 90
        4
 70
     1
 43
0.0
 10
296.9696969696977
 20
0.0
 10
0.0000000000000057
 20
0.0
 10
0.0000000000000057
 20
210.0000000000005
 10
296.9696969696977
 20
210.0000000000005
  0
LWPOLYLINE
  5
303
330
2F0
100
AcDbEntity
  8
0
100
AcDbPolyline
 90
        4
 70
     1
 43
0.3535353535353543
 10
293.434343434344
 20
21.21212121212131
 10
14.14141414141409
 20
21.21212121212131
 10
14.14141414141409
 20
206.4646464646469
 10
293.434343434344
 20
206.4646464646469
  0
LWPOLYLINE
  5
304
330
2F0
100
AcDbEntity
  8
0
100
AcDbPolyline
 90
        4
 70
     1
 43
0.0
 10
14.14141414141409
 20
21.21212121212131
 10
293.434343434344
 20
21.21212121212131
 10
293.434343434344
 20
3.53535353535358
 10
14.14141414141409
 20
3.53535353535358
  0
LINE
  5
305
330
2F0
100
AcDbEntity
  8
0
100
AcDbLine
 10
14.14141414141409
 20
3.53535353535358
 30
0.0
 11
0.0000000000000057
 21
3.53535353535358
 31
0.0
  0
LINE
  5
306
330
2F0
100
AcDbEntity
  8
0
100
AcDbLine
 10
14.14141414141409
 20
8.484848484848557
 30
0.0
 11
0.0000000000000057
 21
8.484848484848557
 31
0.0
  0
LINE
  5
307
330
2F0
100
AcDbEntity
  8
0
100
AcDbLine
 10
14.14141414141409
 20
13.43434343434342
 30
0.0
 11
0.0000000000000057
 21
13.43434343434342
 31
0.0
  0
LINE
  5
308
330
2F0
100
AcDbEntity
  8
0
100
AcDbLine
 10
14.14141414141409
 20
18.38383838383857
 30
0.0
 11
0.0000000000000057
 21
18.38383838383857
 31
0.0
  0
LINE
  5
309
330
2F0
100
AcDbEntity
  8
0
100
AcDbLine
 10
14.14141414141409
 20
23.33333333333344
 30
0.0
 11
0.0000000000000057
 21
23.33333333333344
 31
0.0
  0
LINE
  5
30A
330
2F0
100
AcDbEntity
  8
0
100
AcDbLine
 10
14.14141414141409
 20
28.28282828282841
 30
0.0
 11
0.0000000000000057
 21
28.28282828282841
 31
0.0
  0
LINE
  5
30B
330
2F0
100
AcDbEntity
  8
0
100
AcDbLine
 10
14.14141414141409
 20
33.23232323232326
 30
0.0
 11
0.0000000000000057
 21
33.23232323232326
 31
0.0
  0
LINE
  5
30C
330
2F0
100
AcDbEntity
  8
0
100
AcDbLine
 10
14.14141414141409
 20
38.1818181818183
 30
0.0
 11
0.0000000000000057
 21
38.1818181818183
 31
0.0
  0
LINE
  5
30D
330
2F0
100
AcDbEntity
  8
0
100
AcDbLine
 10
14.14141414141409
 20
43.13131313131332
 30
0.0
 11
0.0000000000000057
 21
43.13131313131332
 31
0.0
  0
LINE
  5
30E
330
2F0
100
AcDbEntity
  8
0
100
AcDbLine
 10
14.14141414141409
 20
48.08080808080831
 30
0.0
 11
0.0000000000000057
 21
48.08080808080831
 31
0.0
  0
LINE
  5
30F
330
2F0
100
AcDbEntity
  8
0
100
AcDbLine
 10
14.14141414141409
 20
53.03030303030311
 30
0.0
 11
0.0000000000000057
 21
53.03030303030311
 31
0.0
  0
LINE
  5
310
330
2F0
100
AcDbEntity
  8
0
100
AcDbLine
 10
14.14141414141409
 20
57.9797979797981
 30
0.0
 11
0.0000000000000057
 21
57.9797979797981
 31
0.0
  0
LINE
  5
311
330
2F0
100
AcDbEntity
  8
0
100
AcDbLine
 10
14.14141414141409
 20
62.92929292929312
 30
0.0
 11
0.0000000000000057
 21
62.92929292929312
 31
0.0
  0
LINE
  5
312
330
2F0
100
AcDbEntity
  8
0
100
AcDbLine
 10
14.14141414141409
 20
67.87878787878799
 30
0.0
 11
0.0000000000000057
 21
67.87878787878799
 31
0.0
  0
LINE
  5
313
330
2F0
100
AcDbEntity
  8
0
100
AcDbLine
 10
14.14141414141409
 20
72.82828282828297
 30
0.0
 11
0.0000000000000057
 21
72.82828282828297
 31
0.0
  0
TEXT
  5
314
330
2F0
100
AcDbEntity
  8
0
100
AcDbText
 10
3.764599116161475
 20
69.31632501485463
 30
0.0
 40
2.47474747474748
  1
第一次用于
 41
0.75
  7
FS_2.5
 72
     4
 11
7.070707070706938
 21
70.35353535353556
 31
0.0
100
AcDbText
  0
LWPOLYLINE
  5
315
330
2F0
100
AcDbEntity
  8
0
100
AcDbPolyline
 90
        4
 70
     1
 43
0.0
 10
14.14141414141409
 20
3.53535353535358
 10
21.21212121212113
 20
3.53535353535358
 10
21.21212121212113
 20
7.070707070707046
 10
14.14141414141409
 20
7.070707070707046
  0
TEXT
  5
316
330
2F0
100
AcDbEntity
  8
0
100
AcDbText
 10
17.14646464646452
 20
8.013468013468065
 30
0.0
 40
2.47474747474748
  1
a
 41
0.75
  7
FS_2.5
 72
     4
 11
17.67676767676755
 21
8.838383838383892
 31
0.0
100
AcDbText
  0
TEXT
  5
317
330
2F0
100
AcDbEntity
  8
0
100
AcDbText
 10
17.14646464646452
 20
11.13636363636361
 30
0.0
 40
2.47474747474748
  1
b
 41
0.75
  7
FS_2.5
 72
     4
 11
17.67676767676755
 21
12.37373737373736
 31
0.0
100
AcDbText
  0
TEXT
  5
318
330
2F0
100
AcDbEntity
  8
0
100
AcDbText
 10
17.14646464646452
 20
15.08417508417516
 30
0.0
 40
2.47474747474748
  1
c
 41
0.75
  7
FS_2.5
 72
     4
 11
17.67676767676755
 21
15.90909090909099
 31
0.0
100
AcDbText
  0
TEXT
  5
319
330
2F0
100
AcDbEntity
  8
0
100
AcDbText
 10
17.14646464646452
 20
18.20707070707078
 30
0.0
 40
2.47474747474748
  1
d
 41
0.75
  7
FS_2.5
 72
     4
 11
17.67676767676755
 21
19.44444444444452
 31
0.0
100
AcDbText
  0
LWPOLYLINE
  5
31A
330
2F0
100
AcDbEntity
  8
0
100
AcDbPolyline
 90
        4
 70
     1
 43
0.0
 10
38.88888888888881
 20
3.53535353535358
 10
53.030303030303
 20
3.53535353535358
 10
53.030303030303
 20
7.070707070707046
 10
38.88888888888881
 20
7.070707070707046
  0
LWPOLYLINE
  5
31B
330
2F0
100
AcDbEntity
  8
0
100
AcDbPolyline
 90
        4
 70
     1
 43
0.0
 10
38.88888888888881
 20
7.070707070707046
 10
53.030303030303
 20
7.070707070707046
 10
53.030303030303
 20
10.60606060606068
 10
38.88888888888881
 20
10.60606060606068
  0
LWPOLYLINE
  5
31C
330
2F0
100
AcDbEntity
  8
0
100
AcDbPolyline
 90
        4
 70
     1
 43
0.0
 10
38.88888888888881
 20
10.60606060606068
 10
53.030303030303
 20
10.60606060606068
 10
53.030303030303
 20
14.14141414141421
 10
38.88888888888881
 20
14.14141414141421
  0
LWPOLYLINE
  5
31D
330
2F0
100
AcDbEntity
  8
0
100
AcDbPolyline
 90
        4
 70
     1
 43
0.0
 10
38.88888888888881
 20
14.14141414141421
 10
53.030303030303
 20
14.14141414141421
 10
53.030303030303
 20
17.67676767676767
 10
38.88888888888881
 20
17.67676767676767
  0
LWPOLYLINE
  5
31E
330
2F0
100
AcDbEntity
  8
0
100
AcDbPolyline
 90
        4
 70
     1
 43
0.0
 10
38.88888888888881
 20
17.67676767676767
 10
53.030303030303
 20
17.67676767676767
 10
53.030303030303
 20
21.21212121212131
 10
38.88888888888881
 20
21.21212121212131
  0
TEXT
  5
31F
330
2F0
100
AcDbEntity
  8
0
100
AcDbText
 10
70.32494058229357
 20
4.211229946524127
 30
0.0
 40
2.47474747474748
  1
复 制
 41
0.75
  7
FS_2.5
 72
     4
 11
72.47474747474751
 21
5.303030303030369
 31
0.0
100
AcDbText
  0
TEXT
  5
320
330
2F0
100
AcDbEntity
  8
0
100
AcDbText
 10
70.34541183897805
 20
7.74658348187765
 30
0.0
 40
2.47474747474748
  1
工 艺
 41
0.75
  7
FS_2.5
 72
     4
 11
72.47474747474751
 21
8.838383838383892
 31
0.0
100
AcDbText
  0
TEXT
  5
321
330
2F0
100
AcDbEntity
  8
0
100
AcDbText
 10
70.30446932560906
 20
11.29558452168744
 30
0.0
 40
2.47474747474748
  1
标 准
 41
0.75
  7
FS_2.5
 72
     4
 11
72.47474747474751
 21
12.37373737373736
 31
0.0
100
AcDbText
  0
TEXT
  5
322
330
2F0
100
AcDbEntity
  8
0
100
AcDbText
 10
70.23281992721334
 20
14.8445855614974
 30
0.0
 40
2.47474747474748
  1
审 查
 41
0.75
  7
FS_2.5
 72
     4
 11
72.47474747474751
 21
15.90909090909099
 31
0.0
100
AcDbText
  0
LWPOLYLINE
  5
323
330
2F0
100
AcDbEntity
  8
0
100
AcDbPolyline
 90
        4
 70
     1
 43
0.0
 10
14.14141414141409
 20
7.070707070707216
 10
21.21212121212113
 20
7.070707070707216
 10
21.21212121212113
 20
10.60606060606068
 10
14.14141414141409
 20
10.60606060606068
  0
LWPOLYLINE
  5
324
330
2F0
100
AcDbEntity
  8
0
100
AcDbPolyline
 90
        4
 70
     1
 43
0.0
 10
14.14141414141409
 20
10.60606060606068
 10
21.21212121212113
 20
10.60606060606068
 10
21.21212121212113
 20
14.14141414141421
 10
14.14141414141409
 20
14.14141414141421
  0
LWPOLYLINE
  5
325
330
2F0
100
AcDbEntity
  8
0
100
AcDbPolyline
 90
        4
 70
     1
 43
0.0
 10
14.14141414141409
 20
14.14141414141432
 10
21.21212121212113
 20
14.14141414141432
 10
21.21212121212113
 20
17.67676767676767
 10
14.14141414141409
 20
17.67676767676767
  0
LWPOLYLINE
  5
326
330
2F0
100
AcDbEntity
  8
0
100
AcDbPolyline
 90
        4
 70
     1
 43
0.0
 10
14.14141414141409
 20
17.67676767676784
 10
21.21212121212113
 20
17.67676767676784
 10
21.21212121212113
 20
21.21212121212131
 10
14.14141414141409
 20
21.21212121212131
  0
LWPOLYLINE
  5
327
330
2F0
100
AcDbEntity
  8
0
100
AcDbPolyline
 90
        4
 70
     1
 43
0.0
 10
14.14141414141409
 20
7.070707070707216
 10
21.21212121212113
 20
7.070707070707216
 10
21.21212121212113
 20
10.60606060606068
 10
14.14141414141409
 20
10.60606060606068
  0
LWPOLYLINE
  5
328
330
2F0
100
AcDbEntity
  8
0
100
AcDbPolyline
 90
        4
 70
     1
 43
0.0
 10
38.88888888888881
 20
7.070707070707046
 10
53.030303030303
 20
7.070707070707046
 10
53.030303030303
 20
10.60606060606068
 10
38.88888888888881
 20
10.60606060606068
  0
LWPOLYLINE
  5
329
330
2F0
100
AcDbEntity
  8
0
100
AcDbPolyline
 90
        4
 70
     1
 43
0.0
 10
91.91919191919204
 20
7.070707070707046
 10
106.0606060606062
 20
7.070707070707046
 10
106.0606060606062
 20
10.60606060606068
 10
91.91919191919204
 20
10.60606060606068
  0
LWPOLYLINE
  5
32A
330
2F0
100
AcDbEntity
  8
0
100
AcDbPolyline
 90
        4
 70
     1
 43
0.0
 10
14.14141414141409
 20
10.60606060606068
 10
21.21212121212113
 20
10.60606060606068
 10
21.21212121212113
 20
14.14141414141421
 10
14.14141414141409
 20
14.14141414141421
  0
LWPOLYLINE
  5
32B
330
2F0
100
AcDbEntity
  8
0
100
AcDbPolyline
 90
        4
 70
     1
 43
0.0
 10
38.88888888888881
 20
10.60606060606068
 10
53.030303030303
 20
10.60606060606068
 10
53.030303030303
 20
14.14141414141415
 10
38.88888888888881
 20
14.14141414141415
  0
LWPOLYLINE
  5
32C
330
2F0
100
AcDbEntity
  8
0
100
AcDbPolyline
 90
        4
 70
     1
 43
0.0
 10
91.91919191919204
 20
10.60606060606068
 10
106.0606060606062
 20
10.60606060606068
 10
106.0606060606062
 20
14.14141414141415
 10
91.91919191919204
 20
14.14141414141415
  0
LWPOLYLINE
  5
32D
330
2F0
100
AcDbEntity
  8
0
100
AcDbPolyline
 90
        4
 70
     1
 43
0.0
 10
14.14141414141409
 20
14.14141414141432
 10
21.21212121212113
 20
14.14141414141432
 10
21.21212121212113
 20
17.67676767676767
 10
14.14141414141409
 20
17.67676767676767
  0
LWPOLYLINE
  5
32E
330
2F0
100
AcDbEntity
  8
0
100
AcDbPolyline
 90
        4
 70
     1
 43
0.0
 10
38.88888888888881
 20
14.14141414141421
 10
53.030303030303
 20
14.14141414141421
 10
53.030303030303
 20
17.67676767676767
 10
38.88888888888881
 20
17.67676767676767
  0
LWPOLYLINE
  5
32F
330
2F0
100
AcDbEntity
  8
0
100
AcDbPolyline
 90
        4
 70
     1
 43
0.0
 10
91.91919191919204
 20
14.14141414141421
 10
106.0606060606062
 20
14.14141414141415
 10
106.0606060606062
 20
17.67676767676767
 10
91.91919191919204
 20
17.67676767676767
  0
LWPOLYLINE
  5
330
330
2F0
100
AcDbEntity
  8
0
100
AcDbPolyline
 90
        4
 70
     1
 43
0.0
 10
14.14141414141409
 20
17.67676767676784
 10
21.21212121212113
 20
17.67676767676784
 10
21.21212121212113
 20
21.21212121212131
 10
14.14141414141409
 20
21.21212121212131
  0
LWPOLYLINE
  5
331
330
2F0
100
AcDbEntity
  8
0
100
AcDbPolyline
 90
        4
 70
     1
 43
0.0
 10
38.88888888888881
 20
17.67676767676767
 10
53.030303030303
 20
17.67676767676767
 10
53.030303030303
 20
21.21212121212131
 10
38.88888888888881
 20
21.21212121212131
  0
LWPOLYLINE
  5
332
330
2F0
100
AcDbEntity
  8
0
100
AcDbPolyline
 90
        4
 70
     1
 43
0.0
 10
91.91919191919204
 20
17.67676767676767
 10
106.0606060606062
 20
17.67676767676767
 10
106.0606060606062
 20
21.21212121212131
 10
91.91919191919204
 20
21.21212121212131
  0
TEXT
  5
333
330
2F0
100
AcDbEntity
  8
0
100
AcDbText
 10
16.32566473559108
 20
4.224877450980455
 30
0.0
 40
2.47474747474748
  1
标记
 41
0.75
  7
FS_2.5
 72
     4
 11
17.67676767676755
 21
5.303030303030369
 31
0.0
100
AcDbText
  0
LWPOLYLINE
  5
334
330
2F0
100
AcDbEntity
  8
0
100
AcDbPolyline
 90
        4
 70
     1
 43
0.0
 10
21.21212121212113
 20
3.53535353535358
 10
28.28282828282818
 20
3.53535353535358
 10
28.28282828282818
 20
7.070707070707046
 10
21.21212121212113
 20
7.070707070707046
  0
TEXT
  5
335
330
2F0
100
AcDbEntity
  8
0
100
AcDbText
 10
23.40660743464049
 20
4.265819964349439
 30
0.0
 40
2.47474747474748
  1
处数
 41
0.75
  7
FS_2.5
 72
     4
 11
24.74747474747472
 21
5.303030303030369
 31
0.0
100
AcDbText
  0
LWPOLYLINE
  5
336
330
2F0
100
AcDbEntity
  8
0
100
AcDbPolyline
 90
        4
 70
     1
 43
0.0
 10
21.21212121212113
 20
7.070707070707216
 10
28.28282828282818
 20
7.070707070707216
 10
28.28282828282818
 20
10.60606060606068
 10
21.21212121212113
 20
10.60606060606068
  0
LWPOLYLINE
  5
337
330
2F0
100
AcDbEntity
  8
0
100
AcDbPolyline
 90
        4
 70
     1
 43
0.0
 10
21.21212121212113
 20
10.60606060606068
 10
28.28282828282818
 20
10.60606060606068
 10
28.28282828282818
 20
14.14141414141421
 10
21.21212121212113
 20
14.14141414141421
  0
LWPOLYLINE
  5
338
330
2F0
100
AcDbEntity
  8
0
100
AcDbPolyline
 90
        4
 70
     1
 43
0.0
 10
21.21212121212113
 20
14.14141414141432
 10
28.28282828282818
 20
14.14141414141432
 10
28.28282828282818
 20
17.67676767676767
 10
21.21212121212113
 20
17.67676767676767
  0
LWPOLYLINE
  5
339
330
2F0
100
AcDbEntity
  8
0
100
AcDbPolyline
 90
        4
 70
     1
 43
0.0
 10
21.21212121212113
 20
17.67676767676784
 10
28.28282828282818
 20
17.67676767676784
 10
28.28282828282818
 20
21.21212121212131
 10
21.21212121212113
 20
21.21212121212131
  0
TEXT
  5
33A
330
2F0
100
AcDbEntity
  8
0
100
AcDbText
 10
43.80978906714211
 20
4.238524955436783
 30
0.0
 40
2.47474747474748
  1
签　字
 41
0.75
  7
FS_2.5
 72
     4
 11
45.95959595959608
 21
5.303030303030369
 31
0.0
100
AcDbText
  0
LWPOLYLINE
  5
33B
330
2F0
100
AcDbEntity
  8
0
100
AcDbPolyline
 90
        4
 70
     1
 43
0.0
 10
28.28282828282818
 20
3.53535353535358
 10
38.88888888888881
 20
3.53535353535358
 10
38.88888888888881
 20
7.070707070707046
 10
28.28282828282818
 20
7.070707070707046
  0
LWPOLYLINE
  5
33C
330
2F0
100
AcDbEntity
  8
0
100
AcDbPolyline
 90
        4
 70
     1
 43
0.0
 10
28.28282828282818
 20
7.070707070707216
 10
38.88888888888881
 20
7.070707070707216
 10
38.88888888888881
 20
10.60606060606068
 10
28.28282828282818
 20
10.60606060606068
  0
LWPOLYLINE
  5
33D
330
2F0
100
AcDbEntity
  8
0
100
AcDbPolyline
 90
        4
 70
     1
 43
0.0
 10
28.28282828282818
 20
10.60606060606068
 10
38.88888888888881
 20
10.60606060606068
 10
38.88888888888881
 20
14.14141414141421
 10
28.28282828282818
 20
14.14141414141421
  0
LWPOLYLINE
  5
33E
330
2F0
100
AcDbEntity
  8
0
100
AcDbPolyline
 90
        4
 70
     1
 43
0.0
 10
28.28282828282818
 20
14.14141414141432
 10
38.88888888888881
 20
14.14141414141432
 10
38.88888888888881
 20
17.67676767676767
 10
28.28282828282818
 20
17.67676767676767
  0
LWPOLYLINE
  5
33F
330
2F0
100
AcDbEntity
  8
0
100
AcDbPolyline
 90
        4
 70
     1
 43
0.0
 10
28.28282828282818
 20
17.67676767676784
 10
38.88888888888881
 20
17.67676767676784
 10
38.88888888888881
 20
21.21212121212131
 10
28.28282828282818
 20
21.21212121212131
  0
TEXT
  5
340
330
2F0
100
AcDbEntity
  8
0
100
AcDbText
 10
31.42581606506246
 20
4.252172459893111
 30
0.0
 40
2.47474747474748
  1
编 号
 41
0.75
  7
FS_2.5
 72
     4
 11
33.58585858585867
 21
5.303030303030369
 31
0.0
100
AcDbText
  0
LWPOLYLINE
  5
341
330
2F0
100
AcDbEntity
  8
0
100
AcDbPolyline
 90
        4
 70
     1
 43
0.0
 10
67.17171717171737
 20
3.53535353535358
 10
77.77777777777789
 20
3.53535353535358
 10
77.77777777777789
 20
7.070707070707046
 10
67.17171717171737
 20
7.070707070707046
  0
LWPOLYLINE
  5
342
330
2F0
100
AcDbEntity
  8
0
100
AcDbPolyline
 90
        4
 70
     1
 43
0.0
 10
67.17171717171737
 20
7.070707070707046
 10
77.77777777777789
 20
7.070707070707046
 10
77.77777777777789
 20
10.60606060606068
 10
67.17171717171737
 20
10.60606060606068
  0
LWPOLYLINE
  5
343
330
2F0
100
AcDbEntity
  8
0
100
AcDbPolyline
 90
        4
 70
     1
 43
0.0
 10
67.17171717171737
 20
10.60606060606068
 10
77.77777777777789
 20
10.60606060606068
 10
77.77777777777789
 20
14.14141414141415
 10
67.17171717171737
 20
14.14141414141415
  0
LWPOLYLINE
  5
344
330
2F0
100
AcDbEntity
  8
0
100
AcDbPolyline
 90
        4
 70
     1
 43
0.0
 10
67.17171717171737
 20
14.14141414141421
 10
77.77777777777789
 20
14.14141414141421
 10
77.77777777777789
 20
17.67676767676767
 10
67.17171717171737
 20
17.67676767676767
  0
LWPOLYLINE
  5
345
330
2F0
100
AcDbEntity
  8
0
100
AcDbPolyline
 90
        4
 70
     1
 43
0.0
 10
67.17171717171737
 20
17.67676767676767
 10
77.77777777777789
 20
17.67676767676767
 10
77.77777777777789
 20
21.21212121212131
 10
67.17171717171737
 20
21.21212121212131
  0
LWPOLYLINE
  5
346
330
2F0
100
AcDbEntity
  8
0
100
AcDbPolyline
 90
        4
 70
     1
 43
0.0
 10
53.030303030303
 20
3.535353535353523
 10
67.17171717171737
 20
3.535353535353523
 10
67.17171717171737
 20
7.070707070706989
 10
53.030303030303
 20
7.070707070706989
  0
LWPOLYLINE
  5
347
330
2F0
100
AcDbEntity
  8
0
100
AcDbPolyline
 90
        4
 70
     1
 43
0.0
 10
53.030303030303
 20
7.070707070706989
 10
67.17171717171737
 20
7.070707070706989
 10
67.17171717171737
 20
10.60606060606051
 10
53.030303030303
 20
10.60606060606051
  0
LWPOLYLINE
  5
348
330
2F0
100
AcDbEntity
  8
0
100
AcDbPolyline
 90
        4
 70
     1
 43
0.0
 10
53.030303030303
 20
10.60606060606051
 10
67.17171717171737
 20
10.60606060606051
 10
67.17171717171737
 20
14.14141414141415
 10
53.030303030303
 20
14.14141414141415
  0
LWPOLYLINE
  5
349
330
2F0
100
AcDbEntity
  8
0
100
AcDbPolyline
 90
        4
 70
     1
 43
0.0
 10
53.030303030303
 20
14.14141414141415
 10
67.17171717171737
 20
14.14141414141415
 10
67.17171717171737
 20
17.67676767676761
 10
53.030303030303
 20
17.67676767676761
  0
LWPOLYLINE
  5
34A
330
2F0
100
AcDbEntity
  8
0
100
AcDbPolyline
 90
        4
 70
     1
 43
0.0
 10
53.030303030303
 20
17.67676767676761
 10
67.17171717171737
 20
17.67676767676761
 10
67.17171717171737
 20
21.21212121212114
 10
53.030303030303
 20
21.21212121212114
  0
LWPOLYLINE
  5
34B
330
2F0
100
AcDbEntity
  8
0
100
AcDbPolyline
 90
        4
 70
     1
 43
0.0
 10
53.030303030303
 20
7.070707070707046
 10
67.17171717171737
 20
7.070707070707046
 10
67.17171717171737
 20
10.60606060606051
 10
53.030303030303
 20
10.60606060606051
  0
LWPOLYLINE
  5
34C
330
2F0
100
AcDbEntity
  8
0
100
AcDbPolyline
 90
        4
 70
     1
 43
0.0
 10
53.030303030303
 20
10.60606060606051
 10
67.17171717171737
 20
10.60606060606051
 10
67.17171717171737
 20
14.14141414141415
 10
53.030303030303
 20
14.14141414141415
  0
LWPOLYLINE
  5
34D
330
2F0
100
AcDbEntity
  8
0
100
AcDbPolyline
 90
        4
 70
     1
 43
0.0
 10
53.030303030303
 20
14.14141414141415
 10
67.17171717171737
 20
14.14141414141415
 10
67.17171717171737
 20
17.67676767676761
 10
53.030303030303
 20
17.67676767676761
  0
LWPOLYLINE
  5
34E
330
2F0
100
AcDbEntity
  8
0
100
AcDbPolyline
 90
        4
 70
     1
 43
0.0
 10
53.030303030303
 20
17.67676767676767
 10
67.17171717171737
 20
17.67676767676767
 10
67.17171717171737
 20
21.21212121212114
 10
53.030303030303
 20
21.21212121212114
  0
TEXT
  5
34F
330
2F0
100
AcDbEntity
  8
0
100
AcDbText
 10
57.81814004010701
 20
4.224877450980286
 30
0.0
 40
2.47474747474748
  1
日　期
 41
0.75
  7
FS_2.5
 72
     4
 11
60.10101010101017
 21
5.303030303030199
 31
0.0
100
AcDbText
  0
LWPOLYLINE
  5
350
330
2F0
100
AcDbEntity
  8
0
100
AcDbPolyline
 90
        4
 70
     1
 43
0.0
 10
120.2020202020203
 20
10.60606060606068
 10
137.8787878787882
 20
10.60606060606068
 10
137.8787878787882
 20
7.070707070707046
 10
120.2020202020203
 20
7.070707070707046
  0
LWPOLYLINE
  5
351
330
2F0
100
AcDbEntity
  8
0
100
AcDbPolyline
 90
        4
 70
     1
 43
0.0
 10
120.2020202020203
 20
7.070707070707046
 10
137.8787878787882
 20
7.070707070707046
 10
137.8787878787882
 20
3.53535353535358
 10
120.2020202020203
 20
3.53535353535358
  0
LWPOLYLINE
  5
352
330
2F0
100
AcDbEntity
  8
0
100
AcDbPolyline
 90
        4
 70
     1
 43
0.0
 10
137.8787878787882
 20
10.60606060606068
 10
155.5555555555558
 20
10.60606060606068
 10
155.5555555555558
 20
7.070707070707046
 10
137.8787878787882
 20
7.070707070707046
  0
LWPOLYLINE
  5
353
330
2F0
100
AcDbEntity
  8
0
100
AcDbPolyline
 90
        4
 70
     1
 43
0.0
 10
137.8787878787882
 20
7.070707070707046
 10
155.5555555555558
 20
7.070707070707046
 10
155.5555555555558
 20
3.53535353535358
 10
137.8787878787882
 20
3.53535353535358
  0
LWPOLYLINE
  5
354
330
2F0
100
AcDbEntity
  8
0
100
AcDbPolyline
 90
        4
 70
     1
 43
0.0
 10
155.5555555555558
 20
10.60606060606068
 10
169.69696969697
 20
10.60606060606068
 10
169.69696969697
 20
7.070707070707046
 10
155.5555555555558
 20
7.070707070707046
  0
LWPOLYLINE
  5
355
330
2F0
100
AcDbEntity
  8
0
100
AcDbPolyline
 90
        4
 70
     1
 43
0.0
 10
155.5555555555558
 20
7.070707070707046
 10
169.69696969697
 20
7.070707070707046
 10
169.69696969697
 20
3.53535353535358
 10
155.5555555555558
 20
3.53535353535358
  0
LWPOLYLINE
  5
356
330
2F0
100
AcDbEntity
  8
0
100
AcDbPolyline
 90
        4
 70
     1
 43
0.0
 10
127.2727272727272
 20
21.21212121212114
 10
169.69696969697
 20
21.21212121212131
 10
169.69696969697
 20
10.60606060606068
 10
127.2727272727272
 20
10.60606060606068
  0
LWPOLYLINE
  5
357
330
2F0
100
AcDbEntity
  8
0
100
AcDbPolyline
 90
        4
 70
     1
 43
0.0
 10
169.69696969697
 20
3.53535353535358
 10
208.5858585858591
 20
3.53535353535358
 10
208.5858585858591
 20
21.21212121212114
 10
169.69696969697
 20
21.21212121212131
  0
LWPOLYLINE
  5
358
330
2F0
100
AcDbEntity
  8
0
100
AcDbPolyline
 90
        4
 70
     1
 43
0.0
 10
251.0101010101017
 20
7.070707070707216
 10
236.8686868686878
 20
7.070707070707046
 10
236.8686868686878
 20
10.60606060606051
 10
251.0101010101017
 20
10.60606060606068
  0
LWPOLYLINE
  5
359
330
2F0
100
AcDbEntity
  8
0
100
AcDbPolyline
 90
        4
 70
     1
 43
0.0
 10
236.8686868686878
 20
7.070707070707046
 10
229.7979797979805
 20
7.070707070706989
 10
229.7979797979805
 20
10.60606060606051
 10
236.8686868686878
 20
10.60606060606051
  0
LWPOLYLINE
  5
35A
330
2F0
100
AcDbEntity
  8
0
100
AcDbPolyline
 90
        4
 70
     1
 43
0.0
 10
229.7979797979805
 20
7.070707070707216
 10
215.6565656565661
 20
7.070707070707216
 10
215.6565656565661
 20
10.60606060606068
 10
229.7979797979805
 20
10.60606060606068
  0
LWPOLYLINE
  5
35B
330
2F0
100
AcDbEntity
  8
0
100
AcDbPolyline
 90
        4
 70
     1
 43
0.0
 10
77.77777777777789
 20
3.53535353535358
 10
91.91919191919204
 20
3.535353535353523
 10
91.91919191919204
 20
7.070707070706989
 10
77.77777777777789
 20
7.070707070707046
  0
LWPOLYLINE
  5
35C
330
2F0
100
AcDbEntity
  8
0
100
AcDbPolyline
 90
        4
 70
     1
 43
0.0
 10
106.0606060606062
 20
7.070707070707216
 10
120.2020202020203
 20
7.070707070707046
 10
120.2020202020203
 20
10.60606060606051
 10
106.0606060606062
 20
10.60606060606051
  0
LWPOLYLINE
  5
35D
330
2F0
100
AcDbEntity
  8
0
100
AcDbPolyline
 90
        4
 70
     1
 43
0.0
 10
77.77777777777789
 20
7.070707070707216
 10
91.91919191919204
 20
7.070707070707046
 10
91.91919191919204
 20
10.60606060606051
 10
77.77777777777789
 20
10.60606060606051
  0
LWPOLYLINE
  5
35E
330
2F0
100
AcDbEntity
  8
0
100
AcDbPolyline
 90
        4
 70
     1
 43
0.0
 10
106.0606060606062
 20
10.60606060606068
 10
120.2020202020203
 20
10.60606060606051
 10
120.2020202020203
 20
14.14141414141415
 10
106.0606060606062
 20
14.14141414141415
  0
LWPOLYLINE
  5
35F
330
2F0
100
AcDbEntity
  8
0
100
AcDbPolyline
 90
        4
 70
     1
 43
0.0
 10
77.77777777777789
 20
10.60606060606068
 10
91.91919191919204
 20
10.60606060606051
 10
91.91919191919204
 20
14.14141414141415
 10
77.77777777777789
 20
14.14141414141415
  0
LWPOLYLINE
  5
360
330
2F0
100
AcDbEntity
  8
0
100
AcDbPolyline
 90
        4
 70
     1
 43
0.0
 10
106.0606060606062
 20
14.14141414141432
 10
120.2020202020203
 20
14.14141414141415
 10
120.2020202020203
 20
17.67676767676761
 10
106.0606060606062
 20
17.67676767676767
  0
LWPOLYLINE
  5
361
330
2F0
100
AcDbEntity
  8
0
100
AcDbPolyline
 90
        4
 70
     1
 43
0.0
 10
77.77777777777789
 20
14.14141414141432
 10
91.91919191919204
 20
14.14141414141415
 10
91.91919191919204
 20
17.67676767676761
 10
77.77777777777789
 20
17.67676767676767
  0
LWPOLYLINE
  5
362
330
2F0
100
AcDbEntity
  8
0
100
AcDbPolyline
 90
        4
 70
     1
 43
0.0
 10
106.0606060606062
 20
17.67676767676784
 10
120.2020202020203
 20
17.67676767676767
 10
120.2020202020203
 20
21.21212121212114
 10
106.0606060606062
 20
21.21212121212114
  0
LWPOLYLINE
  5
363
330
2F0
100
AcDbEntity
  8
0
100
AcDbPolyline
 90
        4
 70
     1
 43
0.0
 10
77.77777777777789
 20
17.67676767676784
 10
91.91919191919204
 20
17.67676767676767
 10
91.91919191919204
 20
21.21212121212114
 10
77.77777777777789
 20
21.21212121212114
  0
LWPOLYLINE
  5
364
330
2F0
100
AcDbEntity
  8
0
100
AcDbPolyline
 90
        4
 70
     1
 43
0.0
 10
293.434343434344
 20
174.6464646464652
 10
296.9696969696977
 20
174.6464646464652
 10
296.9696969696977
 20
142.8282828282831
 10
293.434343434344
 20
142.8282828282831
  0
LWPOLYLINE
  5
365
330
2F0
100
AcDbEntity
  8
0
100
AcDbPolyline
 90
        4
 70
     1
 43
0.0
 10
293.434343434344
 20
142.8282828282831
 10
296.9696969696977
 20
142.8282828282831
 10
296.9696969696977
 20
111.0101010101014
 10
293.434343434344
 20
111.0101010101014
  0
LWPOLYLINE
  5
366
330
2F0
100
AcDbEntity
  8
0
100
AcDbPolyline
 90
        4
 70
     1
 43
0.0
 10
293.434343434344
 20
111.0101010101014
 10
296.9696969696977
 20
111.0101010101014
 10
296.9696969696977
 20
79.19191919191934
 10
293.434343434344
 20
79.19191919191934
  0
LWPOLYLINE
  5
367
330
2F0
100
AcDbEntity
  8
0
100
AcDbPolyline
 90
        4
 70
     1
 43
0.0
 10
293.434343434344
 20
79.19191919191934
 10
296.9696969696977
 20
79.19191919191934
 10
296.9696969696977
 20
47.37373737373752
 10
293.434343434344
 20
47.37373737373752
  0
LWPOLYLINE
  5
368
330
2F0
100
AcDbEntity
  8
0
100
AcDbPolyline
 90
        4
 70
     1
 43
0.0
 10
293.434343434344
 20
47.37373737373752
 10
296.9696969696977
 20
47.37373737373752
 10
296.9696969696985
 20
3.53535353535358
 10
293.434343434344
 20
3.53535353535358
  0
TEXT
  5
369
330
2F0
100
AcDbEntity
  8
0
100
AcDbText
 10
294.4949494949502
 20
189.3181818181823
 30
0.0
 40
2.47474747474748
  1
A
 41
0.75
  7
FS_2.5
 72
     4
 11
295.2020202020209
 21
190.555555555556
 31
0.0
100
AcDbText
  0
TEXT
  5
36A
330
2F0
100
AcDbEntity
  8
0
100
AcDbText
 10
294.583333333334
 20
157.5000000000004
 30
0.0
 40
2.47474747474748
  1
B
 41
0.75
  7
FS_2.5
 72
     4
 11
295.2020202020209
 21
158.7373737373741
 31
0.0
100
AcDbText
  0
TEXT
  5
36B
330
2F0
100
AcDbEntity
  8
0
100
AcDbText
 10
294.5391414141421
 20
125.6818181818184
 30
0.0
 40
2.47474747474748
  1
C
 41
0.75
  7
FS_2.5
 72
     4
 11
295.2020202020209
 21
126.9191919191922
 31
0.0
100
AcDbText
  0
TEXT
  5
36C
330
2F0
100
AcDbEntity
  8
0
100
AcDbText
 10
294.583333333334
 20
93.86363636363652
 30
0.0
 40
2.47474747474748
  1
D
 41
0.75
  7
FS_2.5
 72
     4
 11
295.2020202020209
 21
95.10101010101028
 31
0.0
100
AcDbText
  0
TEXT
  5
36D
330
2F0
100
AcDbEntity
  8
0
100
AcDbText
 10
294.6275252525259
 20
62.04545454545466
 30
0.0
 40
2.47474747474748
  1
E
 41
0.75
  7
FS_2.5
 72
     4
 11
295.2020202020209
 21
63.2828282828284
 31
0.0
100
AcDbText
  0
TEXT
  5
36E
330
2F0
100
AcDbEntity
  8
0
100
AcDbText
 10
294.6275252525259
 20
30.22727272727286
 30
0.0
 40
2.47474747474748
  1
F
 41
0.75
  7
FS_2.5
 72
     4
 11
295.2020202020209
 21
31.46464646464659
 31
0.0
100
AcDbText
  0
TEXT
  5
36F
330
2F0
100
AcDbEntity
  8
0
100
AcDbText
 10
27.66414141414131
 20
206.9949494949501
 30
0.0
 40
2.47474747474748
  1
0
 41
0.75
  7
FS_2.5
 72
     4
 11
28.28282828282818
 21
208.2323232323239
 31
0.0
100
AcDbText
  0
LWPOLYLINE
  5
370
330
2F0
100
AcDbEntity
  8
0
100
AcDbPolyline
 90
        4
 70
     1
 43
0.0
 10
42.42424242424238
 20
206.4646464646469
 10
70.70707070707081
 20
206.4646464646469
 10
70.70707070707081
 20
210.0000000000005
 10
42.42424242424238
 20
210.0000000000005
  0
TEXT
  5
371
330
2F0
100
AcDbEntity
  8
0
100
AcDbText
 10
56.34469696969711
 20
206.9949494949501
 30
0.0
 40
2.47474747474748
  1
1
 41
0.75
  7
FS_2.5
 72
     4
 11
56.56565656565671
 21
208.2323232323239
 31
0.0
100
AcDbText
  0
LWPOLYLINE
  5
372
330
2F0
100
AcDbEntity
  8
0
100
AcDbPolyline
 90
        4
 70
     1
 43
0.0
 10
70.70707070707081
 20
206.4646464646469
 10
98.98989898989913
 20
206.4646464646469
 10
98.98989898989913
 20
210.0000000000005
 10
70.70707070707081
 20
210.0000000000005
  0
TEXT
  5
373
330
2F0
100
AcDbEntity
  8
0
100
AcDbText
 10
84.22979797979806
 20
206.9949494949501
 30
0.0
 40
2.47474747474748
  1
2
 41
0.75
  7
FS_2.5
 72
     4
 11
84.84848484848493
 21
208.2323232323239
 31
0.0
100
AcDbText
  0
LWPOLYLINE
  5
374
330
2F0
100
AcDbEntity
  8
0
100
AcDbPolyline
 90
        4
 70
     1
 43
0.0
 10
98.98989898989913
 20
206.4646464646469
 10
127.2727272727275
 20
206.4646464646469
 10
127.2727272727275
 20
210.0000000000005
 10
98.98989898989913
 20
210.0000000000005
  0
TEXT
  5
375
330
2F0
100
AcDbEntity
  8
0
100
AcDbText
 10
112.5126262626265
 20
206.9949494949501
 30
0.0
 40
2.47474747474748
  1
3
 41
0.75
  7
FS_2.5
 72
     4
 11
113.1313131313134
 21
208.2323232323239
 31
0.0
100
AcDbText
  0
LWPOLYLINE
  5
376
330
2F0
100
AcDbEntity
  8
0
100
AcDbPolyline
 90
        4
 70
     1
 43
0.0
 10
127.2727272727275
 20
206.4646464646469
 10
155.5555555555558
 20
206.4646464646469
 10
155.5555555555558
 20
210.0000000000005
 10
127.2727272727275
 20
210.0000000000005
  0
TEXT
  5
377
330
2F0
100
AcDbEntity
  8
0
100
AcDbText
 10
140.7512626262628
 20
206.9949494949501
 30
0.0
 40
2.47474747474748
  1
4
 41
0.75
  7
FS_2.5
 72
     4
 11
141.4141414141416
 21
208.2323232323239
 31
0.0
100
AcDbText
  0
LWPOLYLINE
  5
378
330
2F0
100
AcDbEntity
  8
0
100
AcDbPolyline
 90
        4
 70
     1
 43
0.0
 10
155.5555555555558
 20
206.4646464646469
 10
183.8383838383843
 20
206.4646464646469
 10
183.8383838383843
 20
210.0000000000005
 10
155.5555555555558
 20
210.0000000000005
  0
TEXT
  5
379
330
2F0
100
AcDbEntity
  8
0
100
AcDbText
 10
169.0782828282832
 20
206.9949494949501
 30
0.0
 40
2.47474747474748
  1
5
 41
0.75
  7
FS_2.5
 72
     4
 11
169.69696969697
 21
208.2323232323239
 31
0.0
100
AcDbText
  0
LWPOLYLINE
  5
37A
330
2F0
100
AcDbEntity
  8
0
100
AcDbPolyline
 90
        4
 70
     1
 43
0.0
 10
183.8383838383843
 20
206.4646464646469
 10
212.1212121212125
 20
206.4646464646469
 10
212.1212121212125
 20
210.0000000000005
 10
183.8383838383843
 20
210.0000000000005
  0
TEXT
  5
37B
330
2F0
100
AcDbEntity
  8
0
100
AcDbText
 10
197.4053030303034
 20
206.9949494949501
 30
0.0
 40
2.47474747474748
  1
6
 41
0.75
  7
FS_2.5
 72
     4
 11
197.9797979797983
 21
208.2323232323239
 31
0.0
100
AcDbText
  0
LWPOLYLINE
  5
37C
330
2F0
100
AcDbEntity
  8
0
100
AcDbPolyline
 90
        4
 70
     1
 43
0.0
 10
212.1212121212125
 20
206.4646464646469
 10
240.4040404040411
 20
206.4646464646469
 10
240.4040404040411
 20
210.0000000000005
 10
212.1212121212125
 20
210.0000000000005
  0
TEXT
  5
37D
330
2F0
100
AcDbEntity
  8
0
100
AcDbText
 10
225.6439393939398
 20
206.9949494949501
 30
0.0
 40
2.47474747474748
  1
7
 41
0.75
  7
FS_2.5
 72
     4
 11
226.2626262626266
 21
208.2323232323239
 31
0.0
100
AcDbText
  0
LWPOLYLINE
  5
37E
330
2F0
100
AcDbEntity
  8
0
100
AcDbPolyline
 90
        4
 70
     1
 43
0.0
 10
240.4040404040411
 20
206.4646464646469
 10
268.6868686868692
 20
206.4646464646469
 10
268.6868686868692
 20
210.0000000000005
 10
240.4040404040411
 20
210.0000000000005
  0
TEXT
  5
37F
330
2F0
100
AcDbEntity
  8
0
100
AcDbText
 10
253.9267676767682
 20
206.9949494949501
 30
0.0
 40
2.47474747474748
  1
8
 41
0.75
  7
FS_2.5
 72
     4
 11
254.545454545455
 21
208.2323232323239
 31
0.0
100
AcDbText
  0
TEXT
  5
380
330
2F0
100
AcDbEntity
  8
0
100
AcDbText
 10
280.4861111111115
 20
206.9949494949501
 30
0.0
 40
2.47474747474748
  1
9
 41
0.75
  7
FS_2.5
 72
     4
 11
281.0606060606064
 21
208.2323232323239
 31
0.0
100
AcDbText
  0
TEXT
  5
381
330
2F0
100
AcDbEntity
  8
0
100
AcDbText
 10
122.907150549614
 20
7.77777777777783
 30
0.0
 40
2.47474747474748
  1
起重量 ( t )
 41
0.75
  7
FS_2.5
 72
     4
 11
129.0404040404043
 21
8.838383838383892
 31
0.0
100
AcDbText
  0
TEXT
  5
382
330
2F0
100
AcDbEntity
  8
0
100
AcDbText
 10
140.542163361557
 20
7.777777777777829
 30
0.0
 40
2.47474747474748
  1
跨度 ( m )
 41
0.75
  7
FS_2.5
 72
     4
 11
146.7171717171719
 21
8.838383838383892
 31
0.0
100
AcDbText
  0
TEXT
  5
383
330
2F0
100
AcDbEntity
  8
0
100
AcDbText
 10
159.9854705139635
 20
7.787525995246635
 30
0.0
 40
2.47474747474748
  1
工作级别
 41
0.75
  7
FS_2.5
 72
     4
 11
162.626262626263
 21
8.838383838383892
 31
0.0
100
AcDbText
  0
TEXT
  5
384
330
2F0
100
AcDbEntity
  8
0
100
AcDbText
 10
210.770109180036
 20
7.773878490790306
 30
0.0
 40
2.47474747474748
  1
质量
 41
0.75
  7
FS_2.5
 72
     4
 11
212.1212121212125
 21
8.838383838383892
 31
0.0
100
AcDbText
  0
TEXT
  5
385
330
2F0
100
AcDbEntity
  8
0
100
AcDbText
 10
211.5070744206777
 20
16.65320484254307
 30
0.0
 40
2.47474747474748
  1
名
 41
0.75
  7
FS_2.5
 72
     4
 11
212.1212121212124
 21
17.67676767676767
 31
0.0
100
AcDbText
  0
TEXT
  5
386
330
2F0
100
AcDbEntity
  8
0
100
AcDbText
 10
210.770109180036
 20
4.224877450980455
 30
0.0
 40
2.47474747474748
  1
材料
 41
0.75
  7
FS_2.5
 72
     4
 11
212.1212121212125
 21
5.303030303030369
 31
0.0
100
AcDbText
  0
TEXT
  5
387
330
2F0
100
AcDbEntity
  8
0
100
AcDbText
 10
231.971994763815
 20
4.224877450980455
 30
0.0
 40
2.47474747474748
  1
特征
 41
0.75
  7
FS_2.5
 72
     4
 11
233.3333333333337
 21
5.303030303030369
 31
0.0
100
AcDbText
  0
TEXT
  5
388
330
2F0
100
AcDbEntity
  8
0
100
AcDbText
 10
231.971994763815
 20
7.787525995246634
 30
0.0
 40
2.47474747474748
  1
比例
 41
0.75
  7
FS_2.5
 72
     4
 11
233.3333333333337
 21
8.838383838383892
 31
0.0
100
AcDbText
  0
LWPOLYLINE
  5
389
330
2F0
100
AcDbEntity
  8
0
100
AcDbPolyline
 90
        4
 70
     1
 43
0.0
 10
215.6565656565661
 20
3.53535353535358
 10
208.5858585858591
 20
3.53535353535358
 10
208.5858585858591
 20
7.070707070707046
 10
215.6565656565661
 20
7.070707070707046
  0
LWPOLYLINE
  5
38A
330
2F0
100
AcDbEntity
  8
0
100
AcDbPolyline
 90
        4
 70
     1
 43
0.0
 10
208.5858585858591
 20
10.60606060606068
 10
215.656565656566
 20
10.60606060606068
 10
215.656565656566
 20
21.21212121212114
 10
208.5858585858591
 20
21.21212121212114
  0
LWPOLYLINE
  5
38B
330
2F0
100
AcDbEntity
  8
0
100
AcDbPolyline
 90
        4
 70
     1
 43
0.0
 10
215.6565656565661
 20
7.070707070707216
 10
208.5858585858591
 20
7.070707070707046
 10
208.5858585858591
 20
10.60606060606068
 10
215.6565656565661
 20
10.60606060606068
  0
TEXT
  5
38C
330
2F0
100
AcDbEntity
  8
0
100
AcDbText
 10
211.4661319073087
 20
13.0632612893644
 30
0.0
 40
2.47474747474748
  1
称
 41
0.75
  7
FS_2.5
 72
     4
 11
212.1212121212124
 21
14.14141414141432
 31
0.0
100
AcDbText
  0
LWPOLYLINE
  5
38D
330
2F0
100
AcDbEntity
  8
0
100
AcDbPolyline
 90
        4
 70
     1
 43
0.0
 10
293.4343434343442
 20
7.070707070707216
 10
279.2929292929302
 20
7.070707070707046
 10
279.2929292929302
 20
10.60606060606051
 10
293.4343434343442
 20
10.60606060606068
  0
LWPOLYLINE
  5
38E
330
2F0
100
AcDbEntity
  8
0
100
AcDbPolyline
 90
        4
 70
     1
 43
0.0
 10
279.2929292929302
 20
7.070707070707046
 10
272.2222222222228
 20
7.070707070706989
 10
272.2222222222228
 20
10.60606060606051
 10
279.2929292929302
 20
10.60606060606051
  0
LWPOLYLINE
  5
38F
330
2F0
100
AcDbEntity
  8
0
100
AcDbPolyline
 90
        4
 70
     1
 43
0.0
 10
272.2222222222228
 20
7.070707070707216
 10
258.0808080808088
 20
7.070707070707216
 10
258.0808080808088
 20
10.60606060606068
 10
272.2222222222228
 20
10.60606060606068
  0
TEXT
  5
390
330
2F0
100
AcDbEntity
  8
0
100
AcDbText
 10
253.7500000000005
 20
7.601010101010151
 30
0.0
 40
2.47474747474748
  1
=
 41
0.75
  7
FS_2.5
 72
     1
 11
254.545454545455
 21
8.838383838383892
 31
0.0
100
AcDbText
 73
     2
  0
TEXT
  5
391
330
2F0
100
AcDbEntity
  8
0
100
AcDbText
 10
253.8699030748667
 20
16.61226232917409
 30
0.0
 40
2.47474747474748
  1
图
 41
0.75
  7
FS_2.5
 72
     4
 11
254.545454545455
 21
17.67676767676767
 31
0.0
100
AcDbText
  0
TEXT
  5
392
330
2F0
100
AcDbEntity
  8
0
100
AcDbText
 10
253.1841159759363
 20
4.279467468805767
 30
0.0
 40
2.47474747474748
  1
张数
 41
0.75
  7
FS_2.5
 72
     4
 11
254.545454545455
 21
5.303030303030369
 31
0.0
100
AcDbText
  0
TEXT
  5
393
330
2F0
100
AcDbEntity
  8
0
100
AcDbText
 10
274.3860015597153
 20
4.265819964349439
 30
0.0
 40
2.47474747474748
  1
张次
 41
0.75
  7
FS_2.5
 72
     4
 11
275.7575757575763
 21
5.303030303030369
 31
0.0
100
AcDbText
  0
TEXT
  5
394
330
2F0
100
AcDbEntity
  8
0
100
AcDbText
 10
274.9621212121218
 20
7.601010101010151
 30
0.0
 40
2.47474747474748
  1
+
 41
0.75
  7
FS_2.5
 72
     1
 11
275.7575757575763
 21
8.838383838383892
 31
0.0
100
AcDbText
 73
     2
  0
LWPOLYLINE
  5
395
330
2F0
100
AcDbEntity
  8
0
100
AcDbPolyline
 90
        4
 70
     1
 43
0.0
 10
258.0808080808088
 20
3.53535353535358
 10
251.0101010101017
 20
3.53535353535358
 10
251.0101010101017
 20
7.070707070707046
 10
258.0808080808088
 20
7.070707070707046
  0
LWPOLYLINE
  5
396
330
2F0
100
AcDbEntity
  8
0
100
AcDbPolyline
 90
        4
 70
     1
 43
0.0
 10
251.0101010101017
 20
10.60606060606068
 10
258.0808080808085
 20
10.60606060606068
 10
258.0808080808085
 20
21.21212121212114
 10
251.0101010101017
 20
21.21212121212114
  0
LWPOLYLINE
  5
397
330
2F0
100
AcDbEntity
  8
0
100
AcDbPolyline
 90
        4
 70
     1
 43
0.0
 10
258.0808080808088
 20
7.070707070707216
 10
251.0101010101017
 20
7.070707070707046
 10
251.0101010101017
 20
10.60606060606068
 10
258.0808080808088
 20
10.60606060606068
  0
TEXT
  5
398
330
2F0
100
AcDbEntity
  8
0
100
AcDbText
 10
253.8903743315512
 20
13.10420380273338
 30
0.0
 40
2.47474747474748
  1
号
 41
0.75
  7
FS_2.5
 72
     4
 11
254.545454545455
 21
14.14141414141432
 31
0.0
100
AcDbText
  0
LWPOLYLINE
  5
399
330
2F0
100
AcDbEntity
  8
0
100
AcDbPolyline
 90
        4
 70
     1
 43
0.0
 10
251.0101010101017
 20
3.53535353535375
 10
236.8686868686878
 20
3.53535353535358
 10
236.8686868686878
 20
7.070707070707046
 10
251.0101010101017
 20
7.070707070707216
  0
LWPOLYLINE
  5
39A
330
2F0
100
AcDbEntity
  8
0
100
AcDbPolyline
 90
        4
 70
     1
 43
0.0
 10
229.7979797979805
 20
3.53535353535375
 10
215.6565656565661
 20
3.53535353535375
 10
215.6565656565661
 20
7.070707070707216
 10
229.7979797979805
 20
7.070707070707216
  0
LWPOLYLINE
  5
39B
330
2F0
100
AcDbEntity
  8
0
100
AcDbPolyline
 90
        4
 70
     1
 43
0.0
 10
293.4343434343442
 20
3.53535353535375
 10
279.2929292929302
 20
3.53535353535358
 10
279.2929292929302
 20
7.070707070707046
 10
293.4343434343442
 20
7.070707070707216
  0
LWPOLYLINE
  5
39C
330
2F0
100
AcDbEntity
  8
0
100
AcDbPolyline
 90
        4
 70
     1
 43
0.0
 10
272.2222222222228
 20
3.53535353535375
 10
258.0808080808088
 20
3.53535353535375
 10
258.0808080808088
 20
7.070707070707216
 10
272.2222222222228
 20
7.070707070707216
  0
LWPOLYLINE
  5
39D
330
2F0
100
AcDbEntity
  8
0
100
AcDbPolyline
 90
        4
 70
     1
 43
0.0
 10
215.6565656565661
 20
10.60606060606068
 10
251.0101010101017
 20
10.60606060606068
 10
251.0101010101017
 20
21.21212121212131
 10
215.6565656565661
 20
21.21212121212131
  0
LWPOLYLINE
  5
39E
330
2F0
100
AcDbEntity
  8
0
100
AcDbPolyline
 90
        4
 70
     1
 43
0.0
 10
258.0808080808085
 20
10.60606060606068
 10
293.434343434344
 20
10.60606060606068
 10
293.434343434344
 20
21.21212121212131
 10
258.0808080808085
 20
21.21212121212131
  0
LINE
  5
39F
330
2F0
100
AcDbEntity
  8
0
100
AcDbLine
 10
3.535353535353471
 20
105.0000000000003
 30
0.0
 11
10.60606060606063
 21
105.0000000000003
 31
0.0
  0
TEXT
  5
3A0
330
2F0
100
AcDbEntity
  8
0
100
AcDbText
 10
123.0822935234699
 20
16.6668523469994
 30
0.0
 40
2.47474747474748
  1
项
 41
0.75
  7
FS_2.5
 72
     4
 11
123.7373737373736
 21
17.67676767676767
 31
0.0
100
AcDbText
  0
LWPOLYLINE
  5
3A1
330
2F0
100
AcDbEntity
  8
0
100
AcDbPolyline
 90
        4
 70
     1
 43
0.0
 10
120.2020202020203
 20
10.60606060606068
 10
127.2727272727272
 20
10.60606060606068
 10
127.2727272727272
 20
21.21212121212114
 10
120.2020202020203
 20
21.21212121212114
  0
TEXT
  5
3A2
330
2F0
100
AcDbEntity
  8
0
100
AcDbText
 10
123.0413510101009
 20
13.0632612893644
 30
0.0
 40
2.47474747474748
  1
目
 41
0.75
  7
FS_2.5
 72
     4
 11
123.7373737373736
 21
14.14141414141432
 31
0.0
100
AcDbText
  0
ENDBLK
  5
3A3
330
2F0
100
AcDbEntity
  8
0
100
AcDbBlockEnd
  0
BLOCK
  5
3A5
330
3A4
100
AcDbEntity
  8
0
100
AcDbBlockBegin
  2
$AUDIT_BAD_BLOCK_RECORD1
 70
     0
 10
0.0
 20
0.0
 30
0.0
  3
$AUDIT_BAD_BLOCK_RECORD1
  1

  0
INSERT
  5
3A6
330
3A4
100
AcDbEntity
  8
0
100
AcDbBlockReference
  2
A4
 10
0.0000003287686923
 20
0.0000000571347414
 30
0.0
  0
LWPOLYLINE
  5
3A7
330
3A4
100
AcDbEntity
  8
0
  6
ByBlock
 62
     0
100
AcDbPolyline
 90
        2
 70
     1
 43
0.5
 10
-0.0625
 20
0.0
 42
1.0
 10
0.0625
 20
0.0
 42
1.0
  0
ENDBLK
  5
3A8
330
3A4
100
AcDbEntity
  8
0
100
AcDbBlockEnd
  0
BLOCK
  5
3AC
330
3A9
100
AcDbEntity
  8
0
100
AcDbBlockBegin
  2
同新电控2
 70
     2
 10
0.0
 20
0.0
 30
0.0
  3
同新电控2
  1

  0
INSERT
  5
3AD
330
3A9
100
AcDbEntity
  8
0
100
AcDbBlockReference
  2
PCCAD_TEMPLATE
 10
-559.0
 20
0.0
 30
0.0
  0
LINE
  5
3AE
330
3A9
100
AcDbEntity
  8
0
100
AcDbLine
 10
-212.0
 20
0.0000000000000071
 30
0.0
 11
0.0
 21
0.0
 31
0.0
  0
LINE
  5
3AF
330
3A9
100
AcDbEntity
  8
0
100
AcDbLine
 10
-75.0
 20
26.00000000000001
 30
0.0
 11
0.0
 21
26.00000000000003
 31
0.0
  0
TEXT
  5
3B0
330
3A9
100
AcDbEntity
  8
6文字层
 62
   101
100
AcDbText
 10
-168.412854697957
 20
15.90257199113775
 30
0.0
 40
4.646399974822998
  1
上海同新机电控制技术有限公司
 41
0.8659999966621398
  7
PC_TEXTSTYLE
 72
     1
 11
-137.2956044265056
 21
15.90257199113775
 31
0.0
100
AcDbText
  0
TEXT
  5
3B1
330
3A9
100
AcDbEntity
  8
6文字层
 62
   101
100
AcDbText
 10
-166.8148231184439
 20
9.954560350999489
 30
0.0
 40
2.0
  1
SHANGHAI TXMEC TECHNOLOGY CO.LTD
  7
TH_GBDIM
 72
     1
 11
-137.2433945470153
 21
9.954560350999489
 31
0.0
100
AcDbText
  0
HATCH
  5
3B2
330
3A9
100
AcDbEntity
  8
0
 62
     1
100
AcDbHatch
 10
0.0
 20
0.0
 30
0.0
210
0.0
220
0.0
230
1.0
  2
SOLID
 70
     1
 71
     0
 91
        7
 92
        7
 72
     0
 73
     1
 93
       13
 10
-194.4004136599953
 20
21.21499346949515
 10
-204.8444310395293
 20
21.21499346949515
 10
-204.8444310395293
 20
18.53255375530899
 10
-201.3265304367309
 20
18.53255375530899
 10
-201.3260066959497
 20
10.43677592439223
 10
-194.6119629298734
 20
10.43677592439223
 10
-193.0889729001302
 20
13.83708725440207
 10
-191.5016229544704
 20
10.43677592439223
 10
-188.8282710961321
 20
10.43677592439223
 10
-191.4624868761443
 20
16.02234226317866
 10
-188.9993795223694
 20
21.21499346949515
 10
-191.6802098820836
 20
21.21499346949515
 10
-193.028381509829
 20
17.93680272382349
 97
        0
 92
       22
 72
     0
 73
     1
 93
        5
 10
-197.8724238690048
 20
18.52834439605371
 10
-195.7488115241419
 20
18.52834439605371
 10
-194.611932829828
 20
15.98525603059904
 10
-195.9258017451627
 20
13.04212725608965
 10
-197.8724238690048
 20
13.04212725608965
 97
        0
 92
        7
 72
     0
 73
     1
 93
        8
 10
-181.2267499016158
 20
18.49977143183258
 10
-188.7559149224848
 20
18.49977143183258
 10
-188.7559149224848
 20
13.07070400230444
 10
-187.082767808959
 20
13.07070400230444
 10
-187.082767808959
 20
16.95677463402813
 10
-182.9427955990737
 20
16.95677463402813
 10
-182.9427955990737
 20
13.09927696652275
 10
-181.2267499016158
 20
13.09927696652275
 97
        0
 92
       23
 72
     0
 73
     1
 93
        4
 10
-183.8008214578082
 20
16.2709970187833
 10
-186.2247419502266
 20
16.2709970187833
 10
-186.2247419502266
 20
13.15642667695773
 10
-183.8008214578082
 20
13.15642667695773
 97
        0
 92
        7
 72
     0
 73
     1
 93
        8
 10
-178.8340551957345
 20
17.27108858643307
 10
-175.8953215960796
 20
17.27108858643353
 10
-175.8953215960796
 20
18.44262550339363
 10
-180.1210969938386
 20
18.44262550339363
 10
-180.1210969938386
 20
13.04212725608965
 10
-175.8953215960796
 20
13.04212725608965
 10
-175.8953215960796
 20
14.24223713726946
 10
-178.8340551957345
 20
14.24223713726946
 97
        0
 92
        5
 93
        6
 72
     3
 10
-172.157881052704
 20
15.74308361260944
 11
-0.0000000000000028
 21
1.712530325915462
 40
0.9600114715972008
 50
138.4563106080183
 51
401.5436893919819
 73
     0
 72
     1
 10
-171.0428090842807
 20
17.00150832325033
 11
-171.0428090842806
 21
18.44333273626001
 72
     1
 10
-171.0428090842806
 20
18.44333273626002
 11
-174.8824671266018
 21
18.44333273625908
 72
     1
 10
-174.8824671266017
 20
18.44333273625908
 11
-174.8824671266017
 21
13.04283448895605
 72
     1
 10
-174.8824671266017
 20
13.04283448895605
 11
-171.0428090842807
 21
13.04283448895605
 72
     1
 10
-171.0428090842807
 20
13.04283448895605
 11
-171.0428090842807
 21
14.48465890196854
 97
        0
 92
       23
 72
     0
 73
     1
 93
        4
 10
-175.8953215960796
 20
16.72818027361703
 10
-178.4694473323523
 20
16.72809637041683
 10
-178.4694473323523
 20
14.78491544778819
 10
-175.8953215960796
 20
14.78491544778819
 97
        0
 75
     0
 76
     1
 47
0.1242172251663893
 98
        7
 10
-199.1083654467644
 20
19.67756965393823
 10
-199.1083654467644
 20
19.67756965393823
 10
-186.8156152935028
 20
17.41184747248208
 10
-185.7414916175138
 20
14.43063410239064
 10
-179.0580547028886
 20
16.81560464706389
 10
-173.4487414642523
 20
13.8343912769725
 10
-176.6711129826997
 20
15.38462226979335
450
        0
451
        0
460
0.0
461
0.0
452
        1
462
1.0
453
        2
463
0.0
 63
     5
421
      255
463
1.0
 63
     7
421
 16777215
470
LINEAR
1001
ACAD
1010
0.0
1020
0.0
1030
0.0
  0
LINE
  5
3B3
330
3A9
100
AcDbEntity
  8
6文字层
  6
Continuous
 62
   101
 48
5.0
100
AcDbLine
 10
-194.4004136599953
 20
21.21499346949516
 30
0.0
 11
-193.028381509829
 21
17.9368027238235
 31
0.0
  0
LINE
  5
3B4
330
3A9
100
AcDbEntity
  8
6文字层
  6
Continuous
 62
   101
 48
5.0
100
AcDbLine
 10
-193.028381509829
 20
17.9368027238235
 30
0.0
 11
-191.6802098820836
 21
21.21499346949516
 31
0.0
  0
LINE
  5
3B5
330
3A9
100
AcDbEntity
  8
6文字层
  6
Continuous
 62
   101
 48
5.0
100
AcDbLine
 10
-188.9993795223694
 20
21.21499346949516
 30
0.0
 11
-191.4624868761443
 21
16.02234226317867
 31
0.0
  0
LINE
  5
3B6
330
3A9
100
AcDbEntity
  8
6文字层
  6
Continuous
 62
   101
 48
5.0
100
AcDbLine
 10
-191.4624868761443
 20
16.02234226317867
 30
0.0
 11
-188.8282710961321
 21
10.43677592439224
 31
0.0
  0
LINE
  5
3B7
330
3A9
100
AcDbEntity
  8
6文字层
  6
Continuous
 62
   101
 48
5.0
100
AcDbLine
 10
-191.5016229544704
 20
10.43677592439224
 30
0.0
 11
-193.0889729001302
 21
13.83708725440208
 31
0.0
  0
LINE
  5
3B8
330
3A9
100
AcDbEntity
  8
6文字层
  6
Continuous
 62
   101
 48
5.0
100
AcDbLine
 10
-193.0889729001302
 20
13.83708725440208
 30
0.0
 11
-194.6119629298734
 21
10.43677592439224
 31
0.0
  0
LINE
  5
3B9
330
3A9
100
AcDbEntity
  8
6文字层
  6
Continuous
 62
   101
 48
5.0
100
AcDbLine
 10
-194.6119629298734
 20
10.43677592439224
 30
0.0
 11
-201.3260066959497
 21
10.43677592439224
 31
0.0
  0
LINE
  5
3BA
330
3A9
100
AcDbEntity
  8
6文字层
  6
Continuous
 62
   101
 48
5.0
100
AcDbLine
 10
-201.3260066959497
 20
10.43677592439224
 30
0.0
 11
-201.3265304367309
 21
18.532553755309
 31
0.0
  0
LINE
  5
3BB
330
3A9
100
AcDbEntity
  8
6文字层
  6
Continuous
 62
   101
 48
5.0
100
AcDbLine
 10
-201.3265304367309
 20
18.532553755309
 30
0.0
 11
-204.8444310395293
 21
18.532553755309
 31
0.0
  0
LINE
  5
3BC
330
3A9
100
AcDbEntity
  8
6文字层
  6
Continuous
 62
   101
 48
5.0
100
AcDbLine
 10
-204.8444310395293
 20
18.532553755309
 30
0.0
 11
-204.8444310395293
 21
21.21499346949516
 31
0.0
  0
LINE
  5
3BD
330
3A9
100
AcDbEntity
  8
6文字层
  6
Continuous
 62
   101
 48
5.0
100
AcDbLine
 10
-197.8724238690048
 20
18.52834439605371
 30
0.0
 11
-197.8724238690048
 21
13.04212725608965
 31
0.0
  0
LINE
  5
3BE
330
3A9
100
AcDbEntity
  8
6文字层
  6
Continuous
 62
   101
 48
5.0
100
AcDbLine
 10
-197.8724238690048
 20
13.04212725608965
 30
0.0
 11
-195.9258017451632
 21
13.04212725608965
 31
0.0
  0
LINE
  5
3BF
330
3A9
100
AcDbEntity
  8
6文字层
  6
Continuous
 62
   101
 48
5.0
100
AcDbLine
 10
-194.611932829828
 20
15.98525603059904
 30
0.0
 11
-195.7488115241419
 21
18.52834439605371
 31
0.0
  0
LINE
  5
3C0
330
3A9
100
AcDbEntity
  8
6文字层
  6
Continuous
 62
   101
 48
5.0
100
AcDbLine
 10
-195.7488115241419
 20
18.52834439605371
 30
0.0
 11
-197.8724238690048
 21
18.52834439605371
 31
0.0
  0
LINE
  5
3C1
330
3A9
100
AcDbEntity
  8
6文字层
  6
Continuous
 62
   101
 48
5.0
100
AcDbLine
 10
-188.7559149224848
 20
18.49977143183259
 30
0.0
 11
-188.7559149224848
 21
13.07070400230444
 31
0.0
  0
LINE
  5
3C2
330
3A9
100
AcDbEntity
  8
6文字层
  6
Continuous
 62
   101
 48
5.0
100
AcDbLine
 10
-188.7559149224848
 20
13.07070400230444
 30
0.0
 11
-187.082767808959
 21
13.07070400230444
 31
0.0
  0
LINE
  5
3C3
330
3A9
100
AcDbEntity
  8
6文字层
  6
Continuous
 62
   101
 48
5.0
100
AcDbLine
 10
-187.082767808959
 20
12.751291922066
 30
0.0
 11
-187.082767808959
 21
16.95677463402814
 31
0.0
  0
LINE
  5
3C4
330
3A9
100
AcDbEntity
  8
6文字层
  6
Continuous
 62
   101
 48
5.0
100
AcDbLine
 10
-187.082767808959
 20
16.95677463402814
 30
0.0
 11
-182.9427955990737
 21
16.95677463402814
 31
0.0
  0
LINE
  5
3C5
330
3A9
100
AcDbEntity
  8
6文字层
  6
Continuous
 62
   101
 48
5.0
100
AcDbLine
 10
-181.2267499016158
 20
18.49977143183259
 30
0.0
 11
-188.7559149224848
 21
18.49977143183259
 31
0.0
  0
LINE
  5
3C6
330
3A9
100
AcDbEntity
  8
6文字层
  6
Continuous
 62
   101
 48
5.0
100
AcDbLine
 10
-188.7559149224848
 20
18.49977143183306
 30
0.0
 11
-185.6241256551162
 21
18.49977143183259
 31
0.0
  0
LINE
  5
3C7
330
3A9
100
AcDbEntity
  8
6文字层
  6
Continuous
 62
   101
 48
5.0
100
AcDbLine
 10
-186.2247419502266
 20
16.27099701878331
 30
0.0
 11
-186.2247419502266
 21
12.751291922066
 31
0.0
  0
LINE
  5
3C8
330
3A9
100
AcDbEntity
  8
6文字层
  6
Continuous
 62
   101
 48
5.0
100
AcDbLine
 10
-183.8008214578082
 20
16.27099701878331
 30
0.0
 11
-186.2247419502266
 21
16.27099701878331
 31
0.0
  0
LINE
  5
3C9
330
3A9
100
AcDbEntity
  8
6文字层
  6
Continuous
 62
   101
 48
5.0
100
AcDbLine
 10
-175.8953215960796
 20
14.24223713726947
 30
0.0
 11
-178.8340551957345
 21
14.24223713726947
 31
0.0
  0
LINE
  5
3CA
330
3A9
100
AcDbEntity
  8
6文字层
  6
Continuous
 62
   101
 48
5.0
100
AcDbLine
 10
-178.8340551957345
 20
14.24223713726947
 30
0.0
 11
-178.8340551957345
 21
17.27108858643308
 31
0.0
  0
LINE
  5
3CB
330
3A9
100
AcDbEntity
  8
6文字层
  6
Continuous
 62
   101
 48
5.0
100
AcDbLine
 10
-178.8340551957345
 20
17.27108858643308
 30
0.0
 11
-175.8953215960796
 21
17.27108858643354
 31
0.0
  0
LINE
  5
3CC
330
3A9
100
AcDbEntity
  8
6文字层
  6
Continuous
 62
   101
 48
5.0
100
AcDbLine
 10
-175.8953215960796
 20
18.44262550339364
 30
0.0
 11
-180.1210969938386
 21
18.44262550339364
 31
0.0
  0
LINE
  5
3CD
330
3A9
100
AcDbEntity
  8
6文字层
  6
Continuous
 62
   101
 48
5.0
100
AcDbLine
 10
-175.8953215960796
 20
16.72818027361703
 30
0.0
 11
-178.4694473323523
 21
16.72809637041684
 31
0.0
  0
LINE
  5
3CE
330
3A9
100
AcDbEntity
  8
6文字层
  6
Continuous
 62
   101
 48
5.0
100
AcDbLine
 10
-171.0428090842807
 20
17.00150832324888
 30
0.0
 11
-171.0428090842806
 21
18.78512287464212
 31
0.0
  0
LINE
  5
3CF
330
3A9
100
AcDbEntity
  8
6文字层
  6
Continuous
 62
   101
 48
5.0
100
AcDbLine
 10
-171.0428090842807
 20
18.44333273626003
 30
0.0
 11
-174.8824671266017
 21
18.44333273625909
 31
0.0
  0
LINE
  5
3D0
330
3A9
100
AcDbEntity
  8
6文字层
  6
Continuous
 62
   101
 48
5.0
100
AcDbLine
 10
-205.6786176627352
 20
21.21499346949516
 30
0.0
 11
-205.6786176627353
 21
18.14396522390815
 31
0.0
  0
LINE
  5
3D1
330
3A9
100
AcDbEntity
  8
6文字层
  6
Continuous
 62
   101
 48
5.0
100
AcDbLine
 10
-205.6786176627352
 20
18.14396522390807
 30
0.0
 11
-201.942973335428
 21
18.14396522390807
 31
0.0
  0
LINE
  5
3D2
330
3A9
100
AcDbEntity
  8
6文字层
  6
Continuous
 62
   101
 48
5.0
100
AcDbLine
 10
-201.942973335428
 20
18.14396522390807
 30
0.0
 11
-201.942973335428
 21
9.954560350999575
 31
0.0
  0
LINE
  5
3D3
330
3A9
100
AcDbEntity
  8
6文字层
  6
Continuous
 62
   101
 48
5.0
100
AcDbLine
 10
-195.1943205377722
 20
9.954560350999575
 30
0.0
 11
-195.0048949354679
 21
10.44087560582298
 31
0.0
  0
LINE
  5
3D4
330
3A9
100
AcDbEntity
  8
6文字层
  6
Continuous
 62
   101
 48
5.0
100
AcDbLine
 10
-193.3942294950597
 20
13.13308799235182
 30
0.0
 11
-191.9307435793571
 21
9.954560350999114
 31
0.0
  0
LINE
  5
3D5
330
3A9
100
AcDbEntity
  8
6文字层
  6
Continuous
 62
   101
 48
5.0
100
AcDbLine
 10
-189.180889304851
 20
9.954560350999114
 30
0.0
 11
-189.4203511706212
 21
10.43677592439224
 31
0.0
  0
LINE
  5
3D6
330
3A9
100
AcDbEntity
  8
6文字层
  6
Continuous
 62
   101
 48
5.0
100
AcDbLine
 10
-197.8724238690048
 20
18.15489140440076
 30
0.0
 11
-196.3426432691416
 21
18.15489140440076
 31
0.0
  0
LINE
  5
3D7
330
3A9
100
AcDbEntity
  8
6文字层
  6
Continuous
 62
   101
 48
5.0
100
AcDbLine
 10
-196.3426432691416
 20
18.15489140440076
 30
0.0
 11
-195.1840082624045
 21
15.72207085427518
 31
0.0
  0
LINE
  5
3D8
330
3A9
100
AcDbEntity
  8
6文字层
  6
Continuous
 62
   101
 48
5.0
100
AcDbLine
 10
-195.1840082624045
 20
15.72207085427518
 30
0.0
 11
-196.3803862867036
 21
13.04212725608965
 31
0.0
  0
LINE
  5
3D9
330
3A9
100
AcDbEntity
  8
6文字层
  6
Continuous
 62
   101
 48
5.0
100
AcDbLine
 10
-192.1688739916868
 20
21.21499346949516
 30
0.0
 11
-193.266177884222
 21
18.47084674217535
 31
0.0
  0
LINE
  5
3DA
330
3A9
100
AcDbEntity
  8
6文字层
  6
Continuous
 62
   101
 48
5.0
100
AcDbLine
 10
-190.5965087748089
 20
16.02234226317867
 30
0.0
 11
-189.3063664828345
 21
18.78512287464212
 31
0.0
  0
LINE
  5
3DB
330
3A9
100
AcDbEntity
  8
6文字层
  6
Continuous
 62
   101
 48
5.0
100
AcDbLine
 10
-175.8953215960796
 20
14.7849154477882
 30
0.0
 11
-178.4694473323523
 21
14.7849154477882
 31
0.0
  0
LINE
  5
3DC
330
3A9
100
AcDbEntity
  8
6文字层
  6
Continuous
 62
   101
 48
5.0
100
AcDbLine
 10
-178.4694473323523
 20
14.7849154477882
 30
0.0
 11
-178.4694473323523
 21
16.72809637041684
 31
0.0
  0
LINE
  5
3DD
330
3A9
100
AcDbEntity
  8
6文字层
  6
Continuous
 62
   101
 48
5.0
100
AcDbLine
 10
-194.611932829828
 20
15.98525603059904
 30
0.0
 11
-195.9258017451632
 21
13.04212725608871
 31
0.0
  0
LINE
  5
3DE
330
3A9
100
AcDbEntity
  8
6文字层
  6
Continuous
 62
   101
 48
5.0
100
AcDbLine
 10
-191.5016229544704
 20
10.43677592439224
 30
0.0
 11
-188.8282710961321
 21
10.43677592439224
 31
0.0
  0
LINE
  5
3DF
330
3A9
100
AcDbEntity
  8
6文字层
  6
Continuous
 62
   101
 48
5.0
100
AcDbLine
 10
-189.3063664828345
 20
18.78512287464212
 30
0.0
 11
-181.2267499016158
 21
18.78512287464212
 31
0.0
  0
LINE
  5
3E0
330
3A9
100
AcDbEntity
  8
6文字层
  6
Continuous
 62
   101
 48
5.0
100
AcDbLine
 10
-180.4892807425513
 20
18.78512287464212
 30
0.0
 11
-175.8953215960796
 21
18.78512287464212
 31
0.0
  0
LINE
  5
3E1
330
3A9
100
AcDbEntity
  8
6文字层
  6
Continuous
 62
   101
 48
5.0
100
AcDbLine
 10
-175.1790850086579
 20
18.78512287464212
 30
0.0
 11
-171.0428090842807
 21
18.78512287464212
 31
0.0
  0
LINE
  5
3E2
330
3A9
100
AcDbEntity
  8
6文字层
  6
Continuous
 62
   101
 48
5.0
100
AcDbLine
 10
-190.5965087748089
 20
16.02234226317867
 30
0.0
 11
-189.0538447183583
 21
12.751291922066
 31
0.0
  0
ELLIPSE
  5
3E3
330
3A9
100
AcDbEntity
  8
6文字层
  6
Continuous
 62
   101
100
AcDbEllipse
 10
-172.157881052704
 20
15.74308361260944
 30
0.0
 11
-0.0000000000000028
 21
1.712530325915463
 31
0.0
210
0.0
220
0.0
230
1.0
 40
0.9600114715972008
 41
-0.7453751146467171
 42
3.886967768236506
  0
LINE
  5
3E4
330
3A9
100
AcDbEntity
  8
6文字层
  6
Continuous
 62
   101
 48
5.0
100
AcDbLine
 10
-182.9427955990737
 20
16.95677463402814
 30
0.0
 11
-182.9427955990737
 21
12.751291922066
 31
0.0
  0
LINE
  5
3E5
330
3A9
100
AcDbEntity
  8
6文字层
  6
Continuous
 62
   101
 48
5.0
100
AcDbLine
 10
-182.9427955990737
 20
13.09927696652276
 30
0.0
 11
-181.2267499016158
 21
13.09927696652276
 31
0.0
  0
LINE
  5
3E6
330
3A9
100
AcDbEntity
  8
6文字层
  6
Continuous
 62
   101
 48
5.0
100
AcDbLine
 10
-181.2267499016158
 20
12.751291922066
 30
0.0
 11
-181.2267499016158
 21
18.78512287464212
 31
0.0
  0
LINE
  5
3E7
330
3A9
100
AcDbEntity
  8
6文字层
  6
Continuous
 62
   101
 48
5.0
100
AcDbLine
 10
-186.2247419502266
 20
13.15642667695774
 30
0.0
 11
-183.8008214578082
 21
13.15642667695774
 31
0.0
  0
LINE
  5
3E8
330
3A9
100
AcDbEntity
  8
6文字层
  6
Continuous
 62
   101
 48
5.0
100
AcDbLine
 10
-183.8008214578082
 20
12.751291922066
 30
0.0
 11
-183.8008214578082
 21
16.27099701878331
 31
0.0
  0
LINE
  5
3E9
330
3A9
100
AcDbEntity
  8
6文字层
  6
Continuous
 62
   101
 48
5.0
100
AcDbLine
 10
-180.1210969938386
 20
18.44262550339364
 30
0.0
 11
-180.1210969938386
 21
13.04212725608965
 31
0.0
  0
LINE
  5
3EA
330
3A9
100
AcDbEntity
  8
6文字层
  6
Continuous
 62
   101
 48
5.0
100
AcDbLine
 10
-180.1210969938386
 20
13.04212725608965
 30
0.0
 11
-175.8953215960796
 21
13.04212725608965
 31
0.0
  0
LINE
  5
3EB
330
3A9
100
AcDbEntity
  8
6文字层
  6
Continuous
 62
   101
 48
5.0
100
AcDbLine
 10
-174.8824671266017
 20
18.44333273625909
 30
0.0
 11
-174.8824671266017
 21
13.04283448895606
 31
0.0
  0
LINE
  5
3EC
330
3A9
100
AcDbEntity
  8
6文字层
  6
Continuous
 62
   101
 48
5.0
100
AcDbLine
 10
-174.8824671266017
 20
13.04283448895606
 30
0.0
 11
-171.0428090842807
 21
13.04283448895606
 31
0.0
  0
LINE
  5
3ED
330
3A9
100
AcDbEntity
  8
6文字层
  6
Continuous
 62
   101
 48
5.0
100
AcDbLine
 10
-171.0428090842807
 20
12.7200829080703
 30
0.0
 11
-171.0428090842807
 21
14.48465890196627
 31
0.0
  0
LINE
  5
3EE
330
3A9
100
AcDbEntity
  8
6文字层
  6
Continuous
 62
   101
 48
5.0
100
AcDbLine
 10
-201.9429733354279
 20
9.954560350999489
 30
0.0
 11
-195.1943205377723
 21
9.95456035099942
 31
0.0
  0
LINE
  5
3EF
330
3A9
100
AcDbEntity
  8
6文字层
  6
Continuous
 62
   101
 48
5.0
100
AcDbLine
 10
-191.9307435793571
 20
9.954560350999335
 30
0.0
 11
-189.1808893048512
 21
9.954560350999267
 31
0.0
  0
LINE
  5
3F0
330
3A9
100
AcDbEntity
  8
6文字层
  6
Continuous
 62
   101
 48
5.0
100
AcDbLine
 10
-189.0538447183583
 20
12.751291922066
 30
0.0
 11
-187.082767808959
 21
12.751291922066
 31
0.0
  0
LINE
  5
3F1
330
3A9
100
AcDbEntity
  8
6文字层
  6
Continuous
 62
   101
 48
5.0
100
AcDbLine
 10
-186.2247419502266
 20
12.751291922066
 30
0.0
 11
-183.8008214578082
 21
12.751291922066
 31
0.0
  0
LINE
  5
3F2
330
3A9
100
AcDbEntity
  8
6文字层
  6
Continuous
 62
   101
 48
5.0
100
AcDbLine
 10
-182.9427955990737
 20
12.751291922066
 30
0.0
 11
-181.2267499016158
 21
12.751291922066
 31
0.0
  0
LINE
  5
3F3
330
3A9
100
AcDbEntity
  8
6文字层
  6
Continuous
 62
   101
 48
5.0
100
AcDbLine
 10
-180.4892807425513
 20
18.78512287464212
 30
0.0
 11
-180.4892807425513
 21
12.68212681688361
 31
0.0
  0
LINE
  5
3F4
330
3A9
100
AcDbEntity
  8
6文字层
  6
Continuous
 62
   101
 48
5.0
100
AcDbLine
 10
-180.4892807425513
 20
12.68212681688361
 30
0.0
 11
-175.8953215960796
 21
12.68212681688361
 31
0.0
  0
LINE
  5
3F5
330
3A9
100
AcDbEntity
  8
6文字层
  6
Continuous
 62
   101
 48
5.0
100
AcDbLine
 10
-175.1790850086579
 20
18.78512287464212
 30
0.0
 11
-175.1790850086579
 21
12.7200829080703
 31
0.0
  0
LINE
  5
3F6
330
3A9
100
AcDbEntity
  8
6文字层
  6
Continuous
 62
   101
 48
5.0
100
AcDbLine
 10
-175.1790850086579
 20
12.7200829080703
 30
0.0
 11
-171.0428090842807
 21
12.7200829080703
 31
0.0
  0
LINE
  5
3F7
330
3A9
100
AcDbEntity
  8
6文字层
  6
Continuous
 62
   101
 48
5.0
100
AcDbLine
 10
-175.8953215960796
 20
12.68212681688361
 30
0.0
 11
-175.8953215960796
 21
14.24223713726947
 31
0.0
  0
LINE
  5
3F8
330
3A9
100
AcDbEntity
  8
6文字层
  6
Continuous
 62
   101
 48
5.0
100
AcDbLine
 10
-175.8953215960796
 20
14.7849154477882
 30
0.0
 11
-175.8953215960796
 21
16.72818027361703
 31
0.0
  0
LINE
  5
3F9
330
3A9
100
AcDbEntity
  8
6文字层
  6
Continuous
 62
   101
 48
5.0
100
AcDbLine
 10
-175.8953215960796
 20
17.27108858643354
 30
0.0
 11
-175.8953215960796
 21
18.78512287464212
 31
0.0
  0
TEXT
  5
3FA
330
3A9
100
AcDbEntity
  8
6文字层
  6
Continuous
 62
   101
 48
5.0
100
AcDbText
 10
-187.9708266605581
 20
10.40881928983058
 30
0.0
 40
1.44
  1
Innovation & Solution
 41
0.8659999966621398
  7
PC_TEXTSTYLE
100
AcDbText
  0
TEXT
  5
3FB
330
3A9
100
AcDbEntity
  8
6文字层
 62
   101
100
AcDbText
 10
-205.524172026416
 20
3.358158506883881
 30
0.0
 40
2.380000114440917
  1
WWW.TXMEC.COM
  7
PC_TEXTSTYLE
 72
     2
 11
-181.3671708648407
 21
3.358158506883881
 31
0.0
100
AcDbText
  0
TEXT
  5
3FC
330
3A9
100
AcDbEntity
  8
6文字层
 62
   101
100
AcDbText
 10
-175.1261439321858
 20
3.358158506883881
 30
0.0
 40
2.380000114440917
  1
TEL:+86-21-36041903
  7
PC_TEXTSTYLE
 72
     2
 11
-145.1502431563909
 21
3.358158506883881
 31
0.0
100
AcDbText
  0
TEXT
  5
3FD
330
3A9
100
AcDbEntity
  8
6文字层
 62
   101
100
AcDbText
 10
-138.0386460709072
 20
3.358158506883881
 30
0.0
 40
2.380000114440917
  1
FAX:+86-21-36041576
  7
PC_TEXTSTYLE
 72
     2
 11
-107.3375816025384
 21
3.358158506883881
 31
0.0
100
AcDbText
  0
LINE
  5
3FE
330
3A9
100
AcDbEntity
  8
2细线层
 62
   101
100
AcDbLine
 10
-101.8071468530221
 20
6.500000000000015
 30
0.0
 11
0.0
 21
6.500000000000015
 31
0.0
  0
LINE
  5
3FF
330
3A9
100
AcDbEntity
  8
2细线层
 62
   101
100
AcDbLine
 10
-77.80714685302211
 20
13.00000000000003
 30
0.0
 11
-77.80714685302211
 21
0.0
 31
0.0
  0
TEXT
  5
400
330
3A9
100
AcDbEntity
  8
6文字层
 62
   101
100
AcDbText
 10
-267.3246333022913
 20
14.50000000000001
 30
0.0
 40
3.5
  1
比     例
 41
0.6669999957084656
  7
PC_TEXTSTYLE
 72
     4
 11
-262.5
 21
16.25000000000001
 31
0.0
100
AcDbText
  0
LINE
  5
401
330
3A9
100
AcDbEntity
  8
0
100
AcDbLine
 10
-270.0
 20
0.0
 30
0.0
 11
-270.0
 21
26.0
 31
0.0
  0
LINE
  5
402
330
3A9
100
AcDbEntity
  8
2细线层
 62
   101
100
AcDbLine
 10
-101.8071468530221
 20
0.0
 30
0.0
 11
-101.8071468530221
 21
26.00000000000003
 31
0.0
  0
LINE
  5
403
330
3A9
100
AcDbEntity
  8
0
100
AcDbLine
 10
0.0
 20
26.00000000000003
 30
0.0
 11
0.0
 21
0.0000000000000142
 31
0.0
  0
LINE
  5
404
330
3A9
100
AcDbEntity
  8
2细线层
 62
   101
100
AcDbLine
 10
-101.8071468530221
 20
26.00000000000001
 30
0.0
 11
-101.8071468530221
 21
-0.0000000000000142
 31
0.0
  0
TEXT
  5
405
330
3A9
100
AcDbEntity
  8
7标注层
100
AcDbText
 10
-311.5433913302743
 20
13.92506648392933
 30
0.0
 40
4.0
  1
舒大江
 41
0.6
 51
1.199999999999999
  7
PC_TEXTSTYLE
100
AcDbText
  0
LINE
  5
406
330
3A9
100
AcDbEntity
  8
2细线层
 62
   101
100
AcDbLine
 10
-330.0
 20
6.5
 30
0.0
 11
-220.0
 21
6.5
 31
0.0
  0
LINE
  5
407
330
3A9
100
AcDbEntity
  8
2细线层
 62
   101
100
AcDbLine
 10
-330.0
 20
12.99999999999999
 30
0.0
 11
-212.0
 21
13.00000000000002
 31
0.0
  0
LINE
  5
408
330
3A9
100
AcDbEntity
  8
2细线层
 62
   101
100
AcDbLine
 10
-330.0
 20
19.5
 30
0.0
 11
-212.0
 21
19.50000000000001
 31
0.0
  0
LINE
  5
409
330
3A9
100
AcDbEntity
  8
0
100
AcDbLine
 10
-330.0
 20
26.00000000000002
 30
0.0
 11
-75.0
 21
26.00000000000001
 31
0.0
  0
LINE
  5
40A
330
3A9
100
AcDbEntity
  8
6文字层
  6
Continuous
 62
   101
 48
5.0
100
AcDbLine
 10
-205.6786176627352
 20
21.21499346949516
 30
0.0
 11
-194.4004136599953
 21
21.21499346949516
 31
0.0
  0
LINE
  5
40B
330
3A9
100
AcDbEntity
  8
6文字层
  6
Continuous
 62
   101
 48
5.0
100
AcDbLine
 10
-192.1688739916868
 20
21.21499346949516
 30
0.0
 11
-188.9993795223694
 21
21.21499346949516
 31
0.0
  0
ATTDEF
  5
40C
330
3A9
100
AcDbEntity
  8
6文字层
 62
   101
100
AcDbText
 10
-254.5561024592096
 20
0.8842129389133219
 30
0.0
 40
4.0
  1

 41
0.3615213355431739
  7
PC_TEXTSTYLE
 72
     5
 11
-240.1755871120478
 21
0.8842129389133219
 31
0.0
100
AcDbAttributeDefinition
280
     0
  3
产品名称或材料标记
  2
产品名称或材料标记
 70
     8
280
     0
1001
TH_XDATA_ORDER
1070
     1
1000
3
1001
TH_XDATA_CODE
1070
     1
1000
Material
1001
TH_XDATA_VTYPE
1070
     1
1000
String
1070
     2
1000

1001
TH_XDATA_ALIGN
1070
     1
1000
CENTER
1001
TH_XDATA_ROWDOWITH
1070
     1
1000
自动压缩
1001
TH_XDATA_ORIENTION
1070
     1
1000
DEFAULT
1001
TH_XDATA_EDITABLE
1070
     1
1000
True
1001
TH_XDATA_EXPRE
1070
     1
1000

1001
TH_XDATA_ATTDEFHANDLE
1070
     1
1005
40C
  0
ATTDEF
  5
40D
330
3A9
100
AcDbEntity
  8
6文字层
 62
   101
100
AcDbText
 10
-237.3893936855204
 20
13.23767751981678
 30
0.0
 40
5.0
  1

 41
1.050317124735728
  7
PC_TEXTSTYLE
 72
     5
 11
-214.3893936855204
 21
13.23767751981678
 31
0.0
100
AcDbAttributeDefinition
280
     0
  3
设计阶段
  2
设计阶段
 70
     8
280
     0
1001
TH_XDATA_ORDER
1070
     1
1000
11
1001
TH_XDATA_CODE
1070
     1
1000
Check
1001
TH_XDATA_VTYPE
1070
     1
1000
String
1070
     2
1000

1001
TH_XDATA_ALIGN
1070
     1
1000
CENTER
1001
TH_XDATA_ROWDOWITH
1070
     1
1000
自动压缩
1001
TH_XDATA_ORIENTION
1070
     1
1000
DEFAULT
1001
TH_XDATA_EDITABLE
1070
     1
1000
True
1001
TH_XDATA_EXPRE
1070
     1
1000

1001
TH_XDATA_ATTDEFHANDLE
1070
     1
1005
0
  0
ATTDEF
  5
40E
330
3A9
100
AcDbEntity
  8
6文字层
 62
   101
100
AcDbText
 10
-59.87309607669181
 20
6.994793592011391
 30
0.0
 40
5.0
  1

 41
2.046315789473684
  7
PC_TEXTSTYLE
 72
     5
 11
-14.87309607669181
 21
6.994793592011391
 31
0.0
100
AcDbAttributeDefinition
280
     0
  3
图样代号
  2
图样代号
 70
     8
280
     0
1001
TH_XDATA_ORDER
1070
     1
1000
1
1001
TH_XDATA_CODE
1070
     1
1000
Code
1001
TH_XDATA_VTYPE
1070
     1
1000
String
1070
     2
1000

1001
TH_XDATA_ALIGN
1070
     1
1000
CENTER
1001
TH_XDATA_ROWDOWITH
1070
     1
1000
自动压缩
1001
TH_XDATA_ORIENTION
1070
     1
1000
DEFAULT
1001
TH_XDATA_EDITABLE
1070
     1
1000
True
1001
TH_XDATA_EXPRE
1070
     1
1000

1001
TH_XDATA_ATTDEFHANDLE
1070
     1
1005
0
  0
LINE
  5
40F
330
3A9
100
AcDbEntity
  8
2细线层
 62
   101
100
AcDbLine
 10
-255.0
 20
0.0
 30
0.0
 11
-255.0
 21
26.0
 31
0.0
  0
LINE
  5
410
330
3A9
100
AcDbEntity
  8
2细线层
 62
   101
100
AcDbLine
 10
-240.0
 20
0.0000000000000071
 30
0.0
 11
-240.0
 21
26.00000000000003
 31
0.0
  0
LINE
  5
411
330
3A9
100
AcDbEntity
  8
0
100
AcDbLine
 10
-212.0
 20
0.0000000000000071
 30
0.0
 11
-212.0
 21
26.00000000000003
 31
0.0
  0
LINE
  5
412
330
3A9
100
AcDbEntity
  8
0
100
AcDbLine
 10
-101.8071468530221
 20
0.0000000000000102
 30
0.0
 11
-101.8071468530221
 21
26.00000000000003
 31
0.0
  0
LINE
  5
413
330
3A9
100
AcDbEntity
  8
2细线层
 62
   101
100
AcDbLine
 10
-101.8071468530221
 20
13.00000000000003
 30
0.0
 11
0.0
 21
13.00000000000003
 31
0.0
  0
ATTDEF
  5
414
330
3A9
100
AcDbEntity
  8
6文字层
 62
   101
100
AcDbText
 10
-82.48514051208644
 20
16.53025425900902
 30
0.0
 40
5.0
  1

 41
3.117991631799164
  7
PC_TEXTSTYLE
 72
     5
 11
-13.48514051208644
 21
16.53025425900902
 31
0.0
100
AcDbAttributeDefinition
280
     0
  3
图样名称
  2
图样名称
 70
     8
280
     0
1001
TH_XDATA_ORDER
1070
     1
1000
2
1001
TH_XDATA_CODE
1070
     1
1000
Name
1001
TH_XDATA_VTYPE
1070
     1
1000
String
1070
     2
1000

1001
TH_XDATA_ALIGN
1070
     1
1000
CENTER
1001
TH_XDATA_ROWDOWITH
1070
     1
1000
自动压缩
1001
TH_XDATA_ORIENTION
1070
     1
1000
DEFAULT
1001
TH_XDATA_EDITABLE
1070
     1
1000
True
1001
TH_XDATA_EXPRE
1070
     1
1000

1001
TH_XDATA_ATTDEFHANDLE
1070
     1
1005
0
  0
ATTDEF
  5
415
330
3A9
100
AcDbEntity
  8
6文字层
 62
   101
100
AcDbText
 10
-59.48704945969876
 20
0.4947935920113764
 30
0.0
 40
5.0
  1

 41
2.738028169014088
  7
PC_TEXTSTYLE
 72
     5
 11
-14.48704945969871
 21
0.4947935920113764
 31
0.0
100
AcDbAttributeDefinition
280
     0
  3
版本号
  2
版本号
 70
     8
280
     0
1001
TH_XDATA_ORDER
1070
     1
1000
1
1001
TH_XDATA_CODE
1070
     1
1000
Code
1001
TH_XDATA_VTYPE
1070
     1
1000
String
1070
     2
1000

1001
TH_XDATA_ALIGN
1070
     1
1000
CENTER
1001
TH_XDATA_ROWDOWITH
1070
     1
1000
自动压缩
1001
TH_XDATA_ORIENTION
1070
     1
1000
DEFAULT
1001
TH_XDATA_EDITABLE
1070
     1
1000
True
1001
TH_XDATA_EXPRE
1070
     1
1000

1001
TH_XDATA_ATTDEFHANDLE
1070
     1
1005
0
  0
TEXT
  5
416
330
3A9
100
AcDbEntity
  8
6文字层
 62
   101
100
AcDbText
 10
-251.9242680866914
 20
21.0
 30
0.0
 40
3.5
  1
第     页
 41
0.6669999957084656
  7
PC_TEXTSTYLE
 72
     4
 11
-247.5
 21
22.75
 31
0.0
100
AcDbText
  0
ATTDEF
  5
417
330
3A9
100
AcDbEntity
  8
6文字层
 62
   101
100
AcDbText
 10
-250.9522025603672
 20
20.75
 30
0.0
 40
3.5
  1

 41
0.6280574102939811
  7
PC_TEXTSTYLE
 72
     5
 11
-243.8284032306439
 21
20.75
 31
0.0
100
AcDbAttributeDefinition
280
     0
  3
第几页
  2
第几页
 70
     8
280
     0
1001
TH_XDATA_ORDER
1070
     1
1000
15
1001
TH_XDATA_CODE
1070
     1
1000
PageNo
1001
TH_XDATA_VTYPE
1070
     1
1000
String
1070
     2
1000

1001
TH_XDATA_ALIGN
1070
     1
1000
CENTER
1001
TH_XDATA_ROWDOWITH
1070
     1
1000
自动压缩
1001
TH_XDATA_ORIENTION
1070
     1
1000
DEFAULT
1001
TH_XDATA_EDITABLE
1070
     1
1000
True
1001
TH_XDATA_EXPRE
1070
     1
1000

1001
TH_XDATA_ATTDEFHANDLE
1070
     1
1005
0
  0
ATTDEF
  5
418
330
3A9
100
AcDbEntity
  8
6文字层
 62
   101
100
AcDbText
 10
-266.1136460611832
 20
20.69225323886529
 30
0.0
 40
3.5
  1

 41
0.6195879205215018
  7
PC_TEXTSTYLE
 72
     5
 11
-259.0859127034162
 21
20.69225323886529
 31
0.0
100
AcDbAttributeDefinition
280
     0
  3
共几页
  2
共几页
 70
     8
280
     0
1001
TH_XDATA_ORDER
1070
     1
1000
14
1001
TH_XDATA_CODE
1070
     1
1000
TotalPaper
1001
TH_XDATA_VTYPE
1070
     1
1000
String
1070
     2
1000

1001
TH_XDATA_ALIGN
1070
     1
1000
CENTER
1001
TH_XDATA_ROWDOWITH
1070
     1
1000
自动压缩
1001
TH_XDATA_ORIENTION
1070
     1
1000
DEFAULT
1001
TH_XDATA_EDITABLE
1070
     1
1000
True
1001
TH_XDATA_EXPRE
1070
     1
1000

1001
TH_XDATA_ATTDEFHANDLE
1070
     1
1005
0
  0
TEXT
  5
419
330
3A9
100
AcDbEntity
  8
7标注层
100
AcDbText
 10
-311.5433913302743
 20
20.42506648392936
 30
0.0
 40
4.0
  1
舒大江
 41
0.6
 51
1.199999999999999
  7
PC_TEXTSTYLE
100
AcDbText
  0
TEXT
  5
41A
330
3A9
100
AcDbEntity
  8
6文字层
 62
   101
100
AcDbText
 10
-266.9124194269907
 20
8.021633858267717
 30
0.0
 40
3.5
  1
质     量
 41
0.6669999957084656
  7
PC_TEXTSTYLE
 72
     4
 11
-262.5
 21
9.75
 31
0.0
100
AcDbText
  0
TEXT
  5
41B
330
3A9
100
AcDbEntity
  8
6文字层
 62
   101
100
AcDbText
 10
-252.3246333022912
 20
8.0
 30
0.0
 40
3.5
  1
材     料
 41
0.6669999957084656
  7
PC_TEXTSTYLE
 72
     4
 11
-247.5
 21
9.75
 31
0.0
100
AcDbText
  0
TEXT
  5
41C
330
3A9
100
AcDbEntity
  8
6文字层
 62
   101
100
AcDbText
 10
-96.08716626799653
 20
8.02163385826774
 30
0.0
 40
3.5
  1
图         号
 41
0.6669999957084656
  7
PC_TEXTSTYLE
 72
     4
 11
-89.80714685302212
 21
9.750000000000023
 31
0.0
100
AcDbText
  0
TEXT
  5
41D
330
3A9
100
AcDbEntity
  8
6文字层
 62
   101
100
AcDbText
 10
-96.49938014329705
 20
1.500000000000011
 30
0.0
 40
3.5
  1
版         本
 41
0.6669999957084656
  7
PC_TEXTSTYLE
 72
     4
 11
-89.80714685302212
 21
3.250000000000012
 31
0.0
100
AcDbText
  0
TEXT
  5
41E
330
3A9
100
AcDbEntity
  8
6文字层
 62
   101
100
AcDbText
 10
-231.1719308422011
 20
20.96001609899439
 30
0.0
 40
3.5
  1
设 计 阶 段
 41
0.6669999957084656
  7
PC_TEXTSTYLE
 72
     4
 11
-226.0591614197165
 21
22.73626609899439
 31
0.0
100
AcDbText
  0
TEXT
  5
41F
330
3A9
100
AcDbEntity
  8
6文字层
 62
   101
100
AcDbText
 10
-266.9242680866914
 20
21.0
 30
0.0
 40
3.5
  1
共     页
 41
0.6669999957084656
  7
PC_TEXTSTYLE
 72
     4
 11
-262.5
 21
22.75
 31
0.0
100
AcDbText
  0
ATTDEF
  5
420
330
3A9
100
AcDbEntity
  8
6文字层
 62
   101
100
AcDbText
 10
-313.9780781267011
 20
20.55735655186223
 30
0.0
 40
3.5
  1

 41
1.730220678101899
  7
PC_TEXTSTYLE
 72
     5
 11
-301.3058137157881
 21
20.55735655186223
 31
0.0
100
AcDbAttributeDefinition
280
     0
  3
绘图
  2
绘图
 70
     8
280
     0
1001
TH_XDATA_ORDER
1070
     1
1000
4
1001
TH_XDATA_CODE
1070
     1
1000
Designer
1001
TH_XDATA_VTYPE
1070
     1
1000
String
1070
     2
1000

1001
TH_XDATA_ALIGN
1070
     1
1000
CENTER
1001
TH_XDATA_ROWDOWITH
1070
     1
1000
自动压缩
1001
TH_XDATA_ORIENTION
1070
     1
1000
DEFAULT
1001
TH_XDATA_EDITABLE
1070
     1
1000
True
1001
TH_XDATA_EXPRE
1070
     1
1000

1001
TH_XDATA_ATTDEFHANDLE
1070
     1
1005
0
  0
ATTDEF
  5
421
330
3A9
100
AcDbEntity
  8
6文字层
 62
   101
100
AcDbText
 10
-313.9071894189837
 20
14.04261635859188
 30
0.0
 40
3.5
  1

 41
1.656906242589107
  7
PC_TEXTSTYLE
 72
     5
 11
-301.2349250080707
 21
14.04261635859188
 31
0.0
100
AcDbAttributeDefinition
280
     0
  3
设计
  2
设计
 70
     8
280
     0
1001
TH_XDATA_ORDER
1070
     1
1000
11
1001
TH_XDATA_CODE
1070
     1
1000
Correct
1001
TH_XDATA_VTYPE
1070
     1
1000
String
1070
     2
1000

1001
TH_XDATA_ALIGN
1070
     1
1000
CENTER
1001
TH_XDATA_ROWDOWITH
1070
     1
1000
自动压缩
1001
TH_XDATA_ORIENTION
1070
     1
1000
DEFAULT
1001
TH_XDATA_EDITABLE
1070
     1
1000
True
1001
TH_XDATA_EXPRE
1070
     1
1000

1001
TH_XDATA_ATTDEFHANDLE
1070
     1
1005
0
  0
ATTDEF
  5
422
330
3A9
100
AcDbEntity
  8
6文字层
 62
   101
100
AcDbText
 10
-314.011593483157
 20
7.584067062014298
 30
0.0
 40
3.5
  1

 41
1.663508372886454
  7
PC_TEXTSTYLE
 72
     5
 11
-301.2349250080707
 21
7.584067062014298
 31
0.0
100
AcDbAttributeDefinition
280
     0
  3
审核
  2
审核
 70
     8
280
     0
1001
TH_XDATA_ORDER
1070
     1
1000
9
1001
TH_XDATA_CODE
1070
     1
1000
Check
1001
TH_XDATA_VTYPE
1070
     1
1000
String
1070
     2
1000

1001
TH_XDATA_ALIGN
1070
     1
1000
CENTER
1001
TH_XDATA_ROWDOWITH
1070
     1
1000
自动压缩
1001
TH_XDATA_ORIENTION
1070
     1
1000
DEFAULT
1001
TH_XDATA_EDITABLE
1070
     1
1000
True
1001
TH_XDATA_EXPRE
1070
     1
1000

1001
TH_XDATA_ATTDEFHANDLE
1070
     1
1005
0
  0
ATTDEF
  5
423
330
3A9
100
AcDbEntity
  8
6文字层
 62
   101
100
AcDbText
 10
-314.011593483157
 20
1.327119440456442
 30
0.0
 40
3.5
  1

 41
0.8282594209539697
  7
PC_TEXTSTYLE
 72
     5
 11
-301.2349250080707
 21
1.327119440456442
 31
0.0
100
AcDbAttributeDefinition
280
     0
  3
工艺审查
  2
工艺审查
 70
     8
280
     0
1001
TH_XDATA_ORDER
1070
     1
1000
12
1001
TH_XDATA_CODE
1070
     1
1000
Technology
1001
TH_XDATA_VTYPE
1070
     1
1000
String
1070
     2
1000

1001
TH_XDATA_ALIGN
1070
     1
1000
CENTER
1001
TH_XDATA_ROWDOWITH
1070
     1
1000
自动压缩
1001
TH_XDATA_ORIENTION
1070
     1
1000
DEFAULT
1001
TH_XDATA_EDITABLE
1070
     1
1000
True
1001
TH_XDATA_EXPRE
1070
     1
1000

1001
TH_XDATA_ATTDEFHANDLE
1070
     1
1005
0
  0
LINE
  5
424
330
3A9
100
AcDbEntity
  8
6文字层
 62
   101
100
AcDbLine
 10
-390.0
 20
6.0
 30
0.0
 11
-330.0
 21
6.0
 31
0.0
  0
LINE
  5
425
330
3A9
100
AcDbEntity
  8
1轮廓实线层
100
AcDbLine
 10
-390.0
 20
0.0
 30
0.0
 11
-330.0
 21
0.0
 31
0.0
  0
LINE
  5
426
330
3A9
100
AcDbEntity
  8
6文字层
 62
   101
100
AcDbLine
 10
-390.0
 20
21.0
 30
0.0
 11
-330.0
 21
21.0
 31
0.0
  0
TEXT
  5
427
330
3A9
100
AcDbEntity
  8
6文字层
 62
   101
100
AcDbText
 10
-372.9373
 20
1.249999999999999
 30
0.0
 40
3.5
  1
 更改文件号 
 41
0.667
  7
PC_TEXTSTYLE
 72
     4
 11
-365.0
 21
3.0
 31
0.0
100
AcDbText
  0
LINE
  5
428
330
3A9
100
AcDbEntity
  8
6文字层
 62
   101
100
AcDbLine
 10
-390.0
 20
11.0
 30
0.0
 11
-330.0
 21
11.0
 31
0.0
  0
LINE
  5
429
330
3A9
100
AcDbEntity
  8
6文字层
 62
   101
100
AcDbLine
 10
-390.0
 20
16.0
 30
0.0
 11
-330.0
 21
16.0
 31
0.0
  0
LINE
  5
42A
330
3A9
100
AcDbEntity
  8
6文字层
 62
   101
100
AcDbLine
 10
-382.0
 20
0.0
 30
0.0
 11
-382.0
 21
26.0
 31
0.0
  0
TEXT
  5
42B
330
3A9
100
AcDbEntity
  8
6文字层
 62
   101
100
AcDbText
 10
-387.6775542372048
 20
1.179758858267717
 30
0.0
 40
3.5
  1
标记
 41
0.667
  7
PC_TEXTSTYLE
 72
     4
 11
-386.0
 21
3.0
 31
0.0
100
AcDbText
  0
TEXT
  5
42C
330
3A9
100
AcDbEntity
  8
6文字层
 62
   101
100
AcDbText
 10
-380.5779194553806
 20
1.24125
 30
0.0
 40
3.5
  1
处数
 41
0.667
  7
PC_TEXTSTYLE
 72
     4
 11
-378.5
 21
3.0
 31
0.0
100
AcDbText
  0
TEXT
  5
42D
330
3A9
100
AcDbEntity
  8
6文字层
 62
   101
100
AcDbText
 10
-339.2020999729633
 20
1.25
 30
0.0
 40
3.5
  1
 日 期 
 41
0.6669999957084656
  7
PC_TEXTSTYLE
 72
     4
 11
-335.0
 21
3.0
 31
0.0
100
AcDbText
  0
LINE
  5
42E
330
3A9
100
AcDbEntity
  8
6文字层
 62
   101
100
AcDbLine
 10
-355.0
 20
0.0
 30
0.0
 11
-355.0
 21
26.0
 31
0.0
  0
LINE
  5
42F
330
3A9
100
AcDbEntity
  8
6文字层
 62
   101
100
AcDbLine
 10
-340.0
 20
0.0
 30
0.0
 11
-340.0
 21
26.0
 31
0.0
  0
TEXT
  5
430
330
3A9
100
AcDbEntity
  8
6文字层
 62
   101
100
AcDbText
 10
-351.585375
 20
1.245625
 30
0.0
 40
3.5
  1
 签  字 
 41
0.667
  7
PC_TEXTSTYLE
 72
     4
 11
-347.5
 21
3.0
 31
0.0
100
AcDbText
  0
TEXT
  5
431
330
3A9
100
AcDbEntity
  8
6文字层
 62
   101
100
AcDbText
 10
-326.9789542083868
 20
20.92975885826771
 30
0.0
 40
3.5
  1
绘      图
 41
0.6669999957084656
  7
PC_TEXTSTYLE
 72
     4
 11
-322.5
 21
22.75
 31
0.0
100
AcDbText
  0
TEXT
  5
432
330
3A9
100
AcDbEntity
  8
6文字层
 62
   101
100
AcDbText
 10
-326.9789542083868
 20
14.42975885826771
 30
0.0
 40
3.5
  1
设      计
 41
0.6669999957084656
  7
PC_TEXTSTYLE
 72
     4
 11
-322.5
 21
16.25
 31
0.0
100
AcDbText
  0
TEXT
  5
433
330
3A9
100
AcDbEntity
  8
6文字层
 62
   101
100
AcDbText
 10
-327.3793194239866
 20
7.99125
 30
0.0
 40
3.5
  1
审      核
 41
0.6669999957084656
  7
PC_TEXTSTYLE
 72
     4
 11
-322.5
 21
9.75
 31
0.0
100
AcDbText
  0
TEXT
  5
434
330
3A9
100
AcDbEntity
  8
6文字层
 62
   101
100
AcDbText
 10
-326.2239180911975
 20
1.517258858267717
 30
0.0
 40
3.5
  1
工艺审查
 41
0.6669999957084656
  7
PC_TEXTSTYLE
 72
     4
 11
-322.5
 21
3.25
 31
0.0
100
AcDbText
  0
TEXT
  5
435
330
3A9
100
AcDbEntity
  8
6文字层
 62
   101
100
AcDbText
 10
-296.7999588317797
 20
20.99125
 30
0.0
 40
3.5
  1
标 准 化
 41
0.6499999761581421
  7
PC_TEXTSTYLE
 72
     4
 11
-292.5
 21
22.75
 31
0.0
100
AcDbText
  0
TEXT
  5
436
330
3A9
100
AcDbEntity
  8
6文字层
 62
   101
100
AcDbText
 10
-296.9124194269907
 20
14.49124999999999
 30
0.0
 40
3.5
  1
审     定
 41
0.6669999957084656
  7
PC_TEXTSTYLE
 72
     4
 11
-292.5
 21
16.25
 31
0.0
100
AcDbText
  0
TEXT
  5
437
330
3A9
100
AcDbEntity
  8
6文字层
 62
   101
100
AcDbText
 10
-295.960039982966
 20
8.125999975800514
 30
0.0
 40
3.200000047683715
  1
专业审核
 41
0.6800000071525574
  7
PC_TEXTSTYLE
 72
     4
 11
-292.5
 21
9.75
 31
0.0
100
AcDbText
  0
TEXT
  5
438
330
3A9
100
AcDbEntity
  8
6文字层
 62
   101
100
AcDbText
 10
-296.5040399967943
 20
1.637999975979327
 30
0.0
 40
3.200000047683715
  1
项目审核
 41
0.6800000071525574
  7
PC_TEXTSTYLE
 72
     4
 11
-292.5
 21
3.25
 31
0.0
100
AcDbText
  0
ATTDEF
  5
439
330
3A9
100
AcDbEntity
  8
6文字层
 62
   101
100
AcDbText
 10
-284.1198546291746
 20
20.51204514291973
 30
0.0
 40
3.5
  1

 41
1.101492600707124
  7
PC_TEXTSTYLE
 72
     5
 11
-271.4475902182617
 21
20.51204514291973
 31
0.0
100
AcDbAttributeDefinition
280
     0
  3
标准化
  2
标准化
 70
     8
280
     0
1001
TH_XDATA_ORDER
1070
     1
1000
5
1001
TH_XDATA_CODE
1070
     1
1000
Designer
1001
TH_XDATA_VTYPE
1070
     1
1000
String
1070
     2
1000

1001
TH_XDATA_ALIGN
1070
     1
1000
CENTER
1001
TH_XDATA_ROWDOWITH
1070
     1
1000
自动压缩
1001
TH_XDATA_ORIENTION
1070
     1
1000
DEFAULT
1001
TH_XDATA_EDITABLE
1070
     1
1000
True
1001
TH_XDATA_EXPRE
1070
     1
1000

1001
TH_XDATA_ATTDEFHANDLE
1070
     1
1005
0
  0
ATTDEF
  5
43A
330
3A9
100
AcDbEntity
  8
6文字层
 62
   101
100
AcDbText
 10
-283.7654129165101
 20
14.27851319852166
 30
0.0
 40
3.5
  1

 41
1.64298266071861
  7
PC_TEXTSTYLE
 72
     5
 11
-271.0931485055971
 21
14.27851319852166
 31
0.0
100
AcDbAttributeDefinition
280
     0
  3
审定
  2
审定
 70
     8
280
     0
1001
TH_XDATA_ORDER
1070
     1
1000
6
1001
TH_XDATA_CODE
1070
     1
1000
Designer
1001
TH_XDATA_VTYPE
1070
     1
1000
String
1070
     2
1000

1001
TH_XDATA_ALIGN
1070
     1
1000
CENTER
1001
TH_XDATA_ROWDOWITH
1070
     1
1000
自动压缩
1001
TH_XDATA_ORIENTION
1070
     1
1000
DEFAULT
1001
TH_XDATA_EDITABLE
1070
     1
1000
True
1001
TH_XDATA_EXPRE
1070
     1
1000

1001
TH_XDATA_ATTDEFHANDLE
1070
     1
1005
0
  0
ATTDEF
  5
43B
330
3A9
100
AcDbEntity
  8
6文字层
 62
   101
100
AcDbText
 10
-283.9071894189837
 20
7.657488044782297
 30
0.0
 40
3.5
  1

 41
0.8197691263124303
  7
PC_TEXTSTYLE
 72
     5
 11
-271.2349250080707
 21
7.657488044782297
 31
0.0
100
AcDbAttributeDefinition
280
     0
  3
专业审核
  2
专业审核
 70
     8
280
     0
1001
TH_XDATA_ORDER
1070
     1
1000
7
1001
TH_XDATA_CODE
1070
     1
1000
Designer
1001
TH_XDATA_VTYPE
1070
     1
1000
String
1070
     2
1000

1001
TH_XDATA_ALIGN
1070
     1
1000
CENTER
1001
TH_XDATA_ROWDOWITH
1070
     1
1000
自动压缩
1001
TH_XDATA_ORIENTION
1070
     1
1000
DEFAULT
1001
TH_XDATA_EDITABLE
1070
     1
1000
True
1001
TH_XDATA_EXPRE
1070
     1
1000

1001
TH_XDATA_ATTDEFHANDLE
1070
     1
1005
0
  0
ATTDEF
  5
43C
330
3A9
100
AcDbEntity
  8
6文字层
 62
   101
100
AcDbText
 10
-283.9071894189837
 20
0.9916873731703216
 30
0.0
 40
3.5
  1

 41
0.8197691263124305
  7
PC_TEXTSTYLE
 72
     5
 11
-271.2349250080707
 21
0.9916873731703216
 31
0.0
100
AcDbAttributeDefinition
280
     0
  3
项目审核
  2
项目审核
 70
     8
280
     0
1001
TH_XDATA_ORDER
1070
     1
1000
8
1001
TH_XDATA_CODE
1070
     1
1000
Designer
1001
TH_XDATA_VTYPE
1070
     1
1000
String
1070
     2
1000

1001
TH_XDATA_ALIGN
1070
     1
1000
CENTER
1001
TH_XDATA_ROWDOWITH
1070
     1
1000
自动压缩
1001
TH_XDATA_ORIENTION
1070
     1
1000
DEFAULT
1001
TH_XDATA_EDITABLE
1070
     1
1000
True
1001
TH_XDATA_EXPRE
1070
     1
1000

1001
TH_XDATA_ATTDEFHANDLE
1070
     1
1005
0
  0
LINE
  5
43D
330
3A9
100
AcDbEntity
  8
0
100
AcDbLine
 10
-390.0
 20
0.0
 30
0.0
 11
-390.0
 21
26.0
 31
0.0
  0
LINE
  5
43E
330
3A9
100
AcDbEntity
  8
0
100
AcDbLine
 10
-330.0
 20
0.0
 30
0.0
 11
-330.0
 21
26.0
 31
0.0
  0
LINE
  5
43F
330
3A9
100
AcDbEntity
  8
0
100
AcDbLine
 10
-390.0
 20
26.0
 30
0.0
 11
-330.0
 21
26.0
 31
0.0
  0
LINE
  5
440
330
3A9
100
AcDbEntity
  8
1轮廓实线层
100
AcDbLine
 10
-345.0
 20
-0.0000000000000055
 30
0.0
 11
-212.0
 21
0.0000000000000066
 31
0.0
  0
LINE
  5
441
330
3A9
100
AcDbEntity
  8
6文字层
 62
   101
100
AcDbLine
 10
-240.0
 20
6.5
 30
0.0
 11
-212.0
 21
6.500000000000007
 31
0.0
  0
TEXT
  5
442
330
3A9
100
AcDbEntity
  8
6文字层
 62
   101
100
AcDbText
 10
-229.7948141159152
 20
8.107432360796769
 30
0.0
 40
3.5
  1
 图样标记 
 41
0.6669999957084656
  7
PC_TEXTSTYLE
 72
     4
 11
-225.5927141429519
 21
9.844548502529052
 31
0.0
100
AcDbText
  0
LINE
  5
443
330
3A9
100
AcDbEntity
  8
2细线层
 62
   101
100
AcDbLine
 10
-233.0
 20
0.0000000000000071
 30
0.0
 11
-233.0
 21
6.5
 31
0.0
  0
LINE
  5
444
330
3A9
100
AcDbEntity
  8
2细线层
 62
   101
100
AcDbLine
 10
-226.0
 20
0.0000000000000071
 30
0.0
 11
-226.0000000000001
 21
6.5
 31
0.0
  0
LINE
  5
445
330
3A9
100
AcDbEntity
  8
2细线层
 62
   101
100
AcDbLine
 10
-219.0
 20
0.0000000000000071
 30
0.0
 11
-219.0000000000001
 21
6.500000000000007
 31
0.0
  0
LINE
  5
446
330
3A9
100
AcDbEntity
  8
6文字层
 62
   101
100
AcDbLine
 10
-285.0
 20
0.0
 30
0.0
 11
-285.0
 21
26.0
 31
0.0
  0
LINE
  5
447
330
3A9
100
AcDbEntity
  8
6文字层
 62
   101
100
AcDbLine
 10
-300.0
 20
0.0
 30
0.0
 11
-300.0
 21
26.0
 31
0.0
  0
LINE
  5
448
330
3A9
100
AcDbEntity
  8
6文字层
 62
   101
100
AcDbLine
 10
-315.0
 20
0.0
 30
0.0
 11
-315.0
 21
26.0
 31
0.0
  0
LINE
  5
449
330
3A9
100
AcDbEntity
  8
6文字层
 62
   101
100
AcDbLine
 10
-375.0
 20
0.0
 30
0.0
 11
-375.0
 21
26.0
 31
0.0
  0
ATTDEF
  5
44A
330
3A9
100
AcDbEntity
  8
6文字层
 62
   101
100
AcDbText
 10
-268.7654129165101
 20
1.27851319852167
 30
0.0
 40
3.5
  1

 41
1.649915077008562
  7
PC_TEXTSTYLE
 72
     5
 11
-256.0931485055971
 21
1.27851319852167
 31
0.0
100
AcDbAttributeDefinition
280
     0
  3
质量
  2
质量
 70
     8
280
     0
1001
TH_XDATA_ORDER
1070
     1
1000
6
1001
TH_XDATA_CODE
1070
     1
1000
Designer
1001
TH_XDATA_VTYPE
1070
     1
1000
String
1070
     2
1000

1001
TH_XDATA_ALIGN
1070
     1
1000
CENTER
1001
TH_XDATA_ROWDOWITH
1070
     1
1000
自动压缩
1001
TH_XDATA_ORIENTION
1070
     1
1000
DEFAULT
1001
TH_XDATA_EDITABLE
1070
     1
1000
True
1001
TH_XDATA_EXPRE
1070
     1
1000

1001
TH_XDATA_ATTDEFHANDLE
1070
     1
1005
0
  0
ATTDEF
  5
44B
330
3A9
100
AcDbEntity
  8
6文字层
 62
   101
100
AcDbText
 10
-253.7654129165101
 20
14.27851319852167
 30
0.0
 40
3.5
  1

 41
1.69277001407372
  7
PC_TEXTSTYLE
 72
     5
 11
-241.0931485055971
 21
14.27851319852167
 31
0.0
100
AcDbAttributeDefinition
280
     0
  3
比例
  2
比例
 70
     8
280
     0
1001
TH_XDATA_ORDER
1070
     1
1000
6
1001
TH_XDATA_CODE
1070
     1
1000
Designer
1001
TH_XDATA_VTYPE
1070
     1
1000
String
1070
     2
1000

1001
TH_XDATA_ALIGN
1070
     1
1000
CENTER
1001
TH_XDATA_ROWDOWITH
1070
     1
1000
自动压缩
1001
TH_XDATA_ORIENTION
1070
     1
1000
DEFAULT
1001
TH_XDATA_EDITABLE
1070
     1
1000
True
1001
TH_XDATA_EXPRE
1070
     1
1000

1001
TH_XDATA_ATTDEFHANDLE
1070
     1
1005
0
  0
ENDBLK
  5
44C
330
3A9
100
AcDbEntity
  8
0
100
AcDbBlockEnd
  0
BLOCK
  5
2307
330
2306
100
AcDbEntity
  8
0
100
AcDbBlockBegin
  2
深度
 70
     0
 10
0.0
 20
0.0
 30
0.0
  3
深度
  1

  0
LINE
  5
2308
330
2306
100
AcDbEntity
  8
6文字层
100
AcDbLine
 10
-2.818871590338858
 20
0.0
 30
0.0
 11
2.818871590338858
 21
0.0
 31
0.0
  0
LWPOLYLINE
  5
2309
330
2306
100
AcDbEntity
  8
6文字层
100
AcDbPolyline
 90
        2
 70
     0
 10
0.0
 20
-7.241698791309715
 40
0.0
 41
1.0
 10
0.0
 20
-4.237431556707406
 40
1.0
 41
1.0
  0
LINE
  5
230A
330
2306
100
AcDbEntity
  8
6文字层
100
AcDbLine
 10
0.0
 20
-4.237431556707406
 30
0.0
 11
0.0
 21
0.0
 31
0.0
  0
ENDBLK
  5
230B
330
2306
100
AcDbEntity
  8
0
100
AcDbBlockEnd
  0
BLOCK
  5
2B78
330
2B77
100
AcDbEntity
  8
0
100
AcDbBlockBegin
  2
_None
 70
     0
 10
0.0
 20
0.0
 30
0.0
  3
_None
  1

  0
ENDBLK
  5
2B79
330
2B77
100
AcDbEntity
  8
0
100
AcDbBlockEnd
  0
BLOCK
  5
4095
330
4094
100
AcDbEntity
  8
0
100
AcDbBlockBegin
  2
A$C3B135E6B
 70
     2
 10
0.0
 20
0.0
 30
0.0
  3
A$C3B135E6B
  1

  0
ATTDEF
  5
4096
330
4094
100
AcDbEntity
  8
0
100
AcDbText
 10
0.0
 20
6.0
 30
0.0
 40
0.00000005
  1

  7
PC_TEXTSTYLE
100
AcDbAttributeDefinition
280
     0
  3

  2
Fo oFShowMe
 70
     1
280
     0
1001
TH_XDATA_ORDER
1070
     1
1000
9
1001
TH_XDATA_CODE
1070
     1
1000

1001
TH_XDATA_VTYPE
1070
     1
1000

1070
     2
1000

1001
TH_XDATA_ALIGN
1070
     1
1000

1001
TH_XDATA_ROWDOWITH
1070
     1
1000

1001
TH_XDATA_EXPRE
1070
     1
1000

  0
ENDBLK
  5
4097
330
4094
100
AcDbEntity
  8
0
100
AcDbBlockEnd
  0
BLOCK
  5
6656
330
65EB
100
AcDbEntity
  8
0
100
AcDbBlockBegin
  2
PC_TITLE_BLOCK
 70
     2
 10
0.0
 20
0.0
 30
0.0
  3
PC_TITLE_BLOCK
  1

  0
HATCH
  5
65EC
330
65EB
100
AcDbEntity
  8
TK
100
AcDbHatch
 10
0.0
 20
0.0
 30
0.0
210
0.0
220
0.0
230
1.0
  2
SOLID
 70
     1
 71
     0
 91
       25
 92
        7
 72
     0
 73
     1
 93
      262
 10
-155.3358779612151
 20
16.66896541142898
 10
-155.354452897152
 20
16.87346011036783
 10
-155.3931686998662
 20
17.23292756539968
 10
-155.6700394867021
 20
17.43700425213302
 10
-155.8009620634984
 20
17.72814756477271
 10
-155.8961804104283
 20
18.12215973056402
 10
-156.079409810492
 20
18.56760646571587
 10
-156.2324218244939
 20
18.86159466041846
 10
-156.4503513111765
 20
19.26178677585091
 10
-156.8975900983996
 20
19.762086921746
 10
-157.1741260756168
 20
20.05594379830364
 10
-157.5068300730845
 20
20.26239923933986
 10
-157.6598302009943
 20
20.50666228535897
 10
-158.0367368449754
 20
20.81825778786055
 10
-158.3604825033071
 20
20.93860327288632
 10
-158.450236095613
 20
20.84888680154569
 10
-158.4281789367053
 20
20.83017561714087
 10
-157.970385330771
 20
20.46164710094808
 10
-157.6390800022168
 20
20.14469664395887
 10
-157.1765410594159
 20
19.72583336151882
 10
-156.7935504112393
 20
19.29957117987368
 10
-156.4720946239106
 20
18.8812340268193
 10
-156.2077391122429
 20
18.44298298499444
 10
-156.159831215833
 20
18.16734303378814
 10
-156.0200991848996
 20
17.8574212937504
 10
-156.0908264249642
 20
17.56979248236047
 10
-156.353724408576
 20
17.44646012453063
 10
-156.7271295798264
 20
17.1625252481162
 10
-156.9968530744857
 20
16.84919740957235
 10
-157.1274060402365
 20
16.44576645769297
 10
-157.18720856498
 20
15.80706134758446
 10
-157.156035151271
 20
15.48866496301161
 10
-157.1196981028727
 20
15.07336429738439
 10
-157.066949495264
 20
14.56131472662946
 10
-157.1380234310077
 20
14.23363087407739
 10
-156.9879644162304
 20
13.51817423581235
 10
-157.0351084615824
 20
12.94039436891546
 10
-157.0195097258513
 20
12.83733419600344
 10
-157.0435599051338
 20
12.52605001656775
 10
-157.0455084755667
 20
12.37392214250309
 10
-157.045365271329
 20
12.20067303060443
 10
-157.202896215444
 20
12.02367083892255
 10
-157.3147658425112
 20
12.0268505305915
 10
-157.3986649484486
 20
12.12266718021931
 10
-157.6634865878459
 20
12.59466199543118
 10
-157.8977322594444
 20
12.9055281626766
 10
-158.6156989701685
 20
12.82315990053615
 10
-158.5714119785571
 20
13.21684914279694
 10
-158.5236586012713
 20
13.58763612441208
 10
-158.4382289370912
 20
13.9022431997293
 10
-158.1641178304635
 20
14.81008538787296
 10
-158.0261891664586
 20
15.6568710146787
 10
-157.9186700651037
 20
15.9686332079541
 10
-157.8337187003817
 20
16.15498286923446
 10
-157.7312797455472
 20
16.42729963893646
 10
-157.7932207324024
 20
16.64379536974877
 10
-157.7566320769865
 20
16.66635093468881
 10
-157.6628593720688
 20
16.78419701989207
 10
-157.6901602739062
 20
16.87112044159272
 10
-157.5807526037367
 20
17.16018358008665
 10
-157.3670417533985
 20
17.37486205862114
 10
-157.5302856625344
 20
17.67658396212329
 10
-158.0251227367635
 20
17.58312286582736
 10
-158.394415960852
 20
17.34357006968372
 10
-158.8274436519361
 20
16.94541086969298
 10
-159.1557136354875
 20
16.70057472117031
 10
-159.6186244742005
 20
16.12020157922836
 10
-160.0307703627415
 20
15.44827911074839
 10
-160.2729181475615
 20
14.96298111149878
 10
-160.5314537194206
 20
14.47498172004714
 10
-160.8078232914868
 20
14.07268651512527
 10
-161.0069398349383
 20
13.48560729416965
 10
-161.0820062858083
 20
13.03974254681674
 10
-161.0545618941128
 20
12.99129634934365
 10
-161.0304887994677
 20
12.56795122308091
 10
-160.8998175440554
 20
12.05067801596408
 10
-160.5784330732015
 20
11.93069175496543
 10
-160.4704127570594
 20
11.63608205658329
 10
-160.3080651595169
 20
11.46439858995302
 10
-160.2226122944382
 20
11.25610269570859
 10
-160.1298440183129
 20
11.10460821139668
 10
-160.2955629128846
 20
10.90139274926992
 10
-160.5370410784619
 20
10.59565512970329
 10
-160.7677612195402
 20
10.42326695679429
 10
-160.9902693523725
 20
10.389368093092
 10
-161.1394323411207
 20
10.76305995840448
 10
-161.484495095365
 20
11.57099846433425
 10
-161.9478468616269
 20
11.98355047900531
 10
-162.3122625738301
 20
12.20531796172503
 10
-162.364593169236
 20
12.45907168156378
 10
-161.9761855657189
 20
13.64411946614768
 10
-161.6686768101786
 20
14.93582541309865
 10
-161.4676595262503
 20
15.66220676672173
 10
-161.3893539533019
 20
15.97131539771362
 10
-161.1703232354643
 20
16.7130206790826
 10
-161.2164738812244
 20
17.089485538708
 10
-161.0831363206464
 20
17.12845266285507
 10
-160.8341160516515
 20
17.18139287583221
 10
-160.6332190565649
 20
17.34639403563432
 10
-160.7407732449774
 20
17.60725996062911
 10
-161.0729157403489
 20
17.59389677497228
 10
-161.3743147203631
 20
17.57015820431417
 10
-161.7130432914903
 20
17.64265458110401
 10
-162.2722601085447
 20
17.53502907618321
 10
-162.8600570642461
 20
17.33003316247249
 10
-162.8095669220608
 20
17.32353057491991
 10
-163.2230871361271
 20
16.8651154653424
 10
-163.35487093751
 20
16.71366909658962
 10
-163.6825315890937
 20
16.26184006278123
 10
-163.9269027523123
 20
15.70946092848499
 10
-164.1141136382166
 20
15.35182261180176
 10
-164.4257094263066
 20
14.7631896316725
 10
-164.6839701901638
 20
14.1901435012162
 10
-164.7063112343726
 20
13.75513215269291
 10
-164.6793216555707
 20
13.26725190769002
 10
-164.4386215119471
 20
12.78232380509996
 10
-164.0763810625985
 20
12.71802726486123
 10
-164.0341029286755
 20
12.573035368104
 10
-163.9361829039198
 20
12.37436175141727
 10
-163.8428531257507
 20
12.00304864041845
 10
-163.8069343751767
 20
11.6343174895818
 10
-163.8145727096976
 20
11.43801074113565
 10
-163.9586804664727
 20
11.10369298288572
 10
-164.3672037365831
 20
11.03279933763769
 10
-164.5038160774856
 20
11.27976377588061
 10
-164.5876430101423
 20
11.71240854180348
 10
-164.8479225184785
 20
12.1324907738151
 10
-165.4925922006296
 20
12.23316116314078
 10
-165.8122794225355
 20
12.2791454037565
 10
-165.9136658329839
 20
12.5007212810741
 10
-165.8091229318008
 20
12.91391800037155
 10
-165.5936186012927
 20
13.50369861352715
 10
-165.4529053425144
 20
13.98602041258965
 10
-165.2184190931496
 20
14.79791463294157
 10
-164.9872679113648
 20
15.50918715072953
 10
-164.7130133149007
 20
16.45550656306864
 10
-164.2676981834975
 20
16.55053359021917
 10
-164.0767582756143
 20
16.63822171980689
 10
-164.1327346904472
 20
16.81384958602143
 10
-164.5716904385199
 20
16.94256181293531
 10
-165.4412470077982
 20
16.95350012799611
 10
-165.8230668219648
 20
16.95295079765162
 10
-166.004407653214
 20
17.37569847802206
 10
-166.2713213528489
 20
17.6570881949699
 10
-166.6992686118101
 20
17.51010075466371
 10
-166.5909853737741
 20
17.18016946597919
 10
-166.3336820655925
 20
16.86152175998813
 10
-166.4666135000425
 20
16.61398393360582
 10
-166.8570279619616
 20
16.37233936282553
 10
-167.2831469393998
 20
15.81609960278848
 10
-167.6130309693835
 20
15.29718943391617
 10
-167.7818101235527
 20
14.90830553020584
 10
-168.0367479915067
 20
14.27387991488302
 10
-168.1290269389199
 20
13.86872765621865
 10
-168.1306891008773
 20
13.37010155835673
 10
-168.0963959971743
 20
12.98874787197593
 10
-168.0192745723411
 20
12.71576148305053
 10
-167.7596162820282
 20
12.55239728502135
 10
-167.4983323448498
 20
12.40165562250172
 10
-167.2222743814554
 20
12.19126766801469
 10
-167.1864869489727
 20
11.94606048040441
 10
-167.3845390619951
 20
11.80314875780794
 10
-167.8039635608465
 20
11.77215477778406
 10
-168.0130603924972
 20
11.63066549622238
 10
-168.1892375890215
 20
11.95650889555179
 10
-168.6175898316687
 20
12.86499750193883
 10
-168.6049542676055
 20
13.66055205084484
 10
-168.4429394804535
 20
14.88117274716671
 10
-168.4347396438881
 20
14.85766086892585
 10
-168.4569354846255
 20
15.7314847613149
 10
-168.4686246222475
 20
16.51252820588422
 10
-168.3749351199112
 20
16.97845033184535
 10
-168.181568342153
 20
17.34652374953651
 10
-168.1468682555132
 20
17.39177836928831
 10
-167.9102551444889
 20
17.60992323354389
 10
-167.8349860589517
 20
17.63391312558582
 10
-167.6212038920532
 20
17.55024071205435
 10
-167.2774551760403
 20
17.34236283001104
 10
-167.2670200750171
 20
17.33620693813782
 10
-167.0978347947539
 20
17.51652013963422
 10
-167.1878295052893
 20
17.98845495320751
 10
-167.4426108549539
 20
18.18968675788181
 10
-168.0815194564873
 20
18.03618512956205
 10
-168.3493543824013
 20
17.70015823624499
 10
-168.6325845525866
 20
17.68049566889857
 10
-168.5743244720977
 20
17.95850220270137
 10
-168.3945005993346
 20
18.34596366538113
 10
-168.1006556088505
 20
18.6722247912968
 10
-167.7401837249917
 20
18.98028116352174
 10
-167.5184281283641
 20
19.3944220244083
 10
-167.68905905064
 20
19.72596707390698
 10
-168.2142686012087
 20
20.00693877865325
 10
-168.1857965797228
 20
19.70493018108709
 10
-168.0373385828577
 20
19.51257971826618
 10
-168.1487901977207
 20
19.25746355901873
 10
-168.3527233945804
 20
19.0190699963905
 10
-168.7633268388374
 20
18.70784610417809
 10
-169.0963543310176
 20
18.35134353448211
 10
-169.2752100044217
 20
17.95894541510461
 10
-169.3497152388836
 20
17.08153570495733
 10
-169.2842849509225
 20
16.10750840779315
 10
-169.3450087018721
 20
14.85138668744548
 10
-169.4460521295723
 20
12.36057523644018
 10
-169.3080773492584
 20
11.94982858794566
 10
-168.9174132795531
 20
11.14724503649938
 10
-168.2832871011919
 20
10.44162519654486
 10
-167.6230908565912
 20
9.901066518011532
 10
-167.384565975859
 20
9.57360935788904
 10
-166.7288384439205
 20
9.065625966100867
 10
-166.4862747487705
 20
9.013614518827239
 10
-166.1325570594649
 20
8.833324518298013
 10
-165.8706635047147
 20
8.687316306620743
 10
-165.3152959985314
 20
8.503511804839718
 10
-164.7881378775817
 20
8.374667974163912
 10
-164.3763635992798
 20
8.259080354382547
 10
-163.997986398705
 20
8.18308164801806
 10
-163.8127802454173
 20
8.068063869756656
 10
-163.2463359162627
 20
8.091089109065535
 10
-162.7456658736907
 20
8.055479967842302
 10
-162.3759665235063
 20
8.086462061771669
 10
-161.9918024000612
 20
8.057175823644456
 10
-161.6014256664721
 20
8.047661057206141
 10
-161.1752237720864
 20
8.044098440395657
 10
-160.6687323616934
 20
8.140870546486382
 10
-159.9279705495812
 20
8.298352056947521
 10
-159.6234998105897
 20
8.410460723760536
 10
-159.1750049875563
 20
8.617357377947655
 10
-158.9103978688688
 20
8.616962566706888
 10
-158.7446789742819
 20
8.820178028814609
 10
-158.3766887591887
 20
8.974887291833738
 10
-158.0768673105549
 20
9.210555404464287
 10
-157.6995296258128
 20
9.437844246853046
 10
-157.4629884025198
 20
9.530887330930283
 10
-157.2133104003396
 20
9.813113072269743
 10
-157.0341680329097
 20
10.07073930396723
 10
-156.9939097858923
 20
10.07197042521812
 10
-156.5441476120895
 20
10.51288605857326
 10
-156.3402144151964
 20
10.751279621197
 10
-156.1686503806181
 20
10.98742603327105
 10
-156.0030746902505
 20
11.36389060729243
 10
-155.9906075306408
 20
11.37351288487565
 10
-155.8395191724246
 20
11.67485186321465
 10
-155.7196161140437
 20
12.34431237481408
 10
-155.8038610588885
 20
13.0352529916347
 10
-155.9098012008528
 20
13.5701929369597
 10
-156.0882971500732
 20
14.01503005454015
 10
-156.3144380737842
 20
14.70018553295193
 10
-156.4053772115458
 20
15.07760670586242
 10
-156.4423957652791
 20
15.36307214048997
 10
-156.3893474351057
 20
15.51343087784676
 10
-156.3550653606562
 20
15.81698134847897
 10
-156.2391432168592
 20
16.10680948047638
 10
-156.0447488093584
 20
16.22132049811483
 10
-155.87685465195
 20
16.2670650177626
 10
-155.7062950461643
 20
16.2338708603217
 10
-155.5845286191873
 20
15.92145093390081
 10
-155.6163603372477
 20
15.58710911790234
 10
-155.5701978053773
 20
15.16091910959176
 10
-155.5317086950872
 20
15.1110504710881
 10
-155.4251337353043
 20
15.54002535980589
 10
-155.4649371694447
 20
15.97822828608656
 10
-155.4829738043031
 20
16.48580732790839
 97
        0
 92
       22
 72
     0
 73
     1
 93
       28
 10
-156.0301295878435
 20
16.59637480278496
 10
-156.4590931616717
 20
16.22977194166219
 10
-156.5204848182675
 20
16.06444785833537
 10
-156.5715610914385
 20
15.75504036158463
 10
-156.6758886150846
 20
15.50542264668149
 10
-156.6152387510649
 20
15.15435823403612
 10
-156.6272710434159
 20
14.83684608055932
 10
-156.7305956707819
 20
14.69723621044153
 10
-156.857453815245
 20
14.56293167856324
 10
-156.8415436776677
 20
14.71468827983222
 10
-156.8437717432427
 20
14.77477397000365
 10
-156.8273117828703
 20
15.11430347849494
 10
-156.9326307068259
 20
15.39252538985727
 10
-156.9356069070147
 20
15.4939599158817
 10
-157.023163718442
 20
15.5613758605304
 10
-156.9377940558954
 20
15.70115600702047
 10
-156.940100636913
 20
15.98215091271891
 10
-156.8384029034121
 20
16.16153185870166
 10
-156.8338607723353
 20
16.10961927548192
 10
-156.7243098979461
 20
16.22543330207924
 10
-156.9065235543278
 20
16.4670427858403
 10
-156.8282060952669
 20
16.72642626816446
 10
-156.6981195428643
 20
16.95187465732124
 10
-156.5005454436991
 20
17.17825530199206
 10
-156.2769375077432
 20
17.29541988189049
 10
-156.0115294517236
 20
17.35106148708917
 10
-155.8655815272832
 20
17.22640177690124
 10
-155.7727297629722
 20
16.93855758796019
 97
        0
 92
       22
 72
     0
 73
     1
 93
       15
 10
-157.8361203700237
 20
16.83377896435064
 10
-158.0683110676755
 20
16.42579399531985
 10
-158.0997960900224
 20
16.13150722047953
 10
-158.2464739209097
 20
15.69005328602486
 10
-158.2577102448858
 20
15.42844642533265
 10
-158.3365743037761
 20
15.29874381515219
 10
-158.5649905943551
 20
15.09749967853349
 10
-159.0676926955116
 20
15.11733065031779
 10
-159.3500616411097
 20
15.54025776436384
 10
-159.3878330166135
 20
15.99423886007776
 10
-158.9870666562535
 20
16.5778035797428
 10
-158.6190164395061
 20
16.90733977160414
 10
-158.2590825711231
 20
17.12403813705725
 10
-157.9730075189286
 20
17.16579014159822
 10
-157.8671505795123
 20
16.97892623702694
 97
        0
 92
       22
 72
     0
 73
     1
 93
       41
 10
-156.6301866656681
 20
14.60852000992514
 10
-156.5677018937569
 20
14.51466086681591
 10
-156.4756151229312
 20
14.23333115151746
 10
-156.3598610979506
 20
13.94895334829965
 10
-156.334042638764
 20
13.67615827915779
 10
-156.2262136423842
 20
13.33024561516231
 10
-156.1816167557481
 20
13.06626000015217
 10
-156.1428531230933
 20
12.71961828651922
 10
-156.1112614115973
 20
12.354652387143
 10
-156.0947185342775
 20
12.13437951878654
 10
-156.266187194592
 20
11.71215825341852
 10
-156.4306871396086
 20
11.30668335682958
 10
-156.6357201395906
 20
10.98502407800566
 10
-156.8607986321042
 20
10.63226270198322
 10
-157.0623052447586
 20
10.46252809135563
 10
-157.2760042090565
 20
10.1981244641442
 10
-157.455899398345
 20
10.10901389352585
 10
-157.6501503160214
 20
10.03298010011923
 10
-157.7694188422356
 20
10.11570808645774
 10
-157.7478074189039
 20
10.19633212647119
 10
-157.623745440178
 20
10.28782145138404
 10
-157.4675053333803
 20
10.54198129737176
 10
-157.4048347256284
 20
10.67987287508424
 10
-157.2608585725693
 20
10.92598826041671
 10
-157.1726440279785
 20
11.0878578440977
 10
-157.0921513061139
 20
11.18977038394712
 10
-157.1078813599888
 20
11.41635452009183
 10
-157.0049525052382
 20
11.55547721903991
 10
-156.9885047165778
 20
11.73300554010541
 10
-156.8721761611032
 20
12.02598930598492
 10
-156.8519152910019
 20
12.22067040757406
 10
-156.8515323658732
 20
12.53500267492967
 10
-156.8153498365141
 20
12.76612894211416
 10
-156.7600781279479
 20
12.9835688144833
 10
-156.7873190281989
 20
13.24531916503429
 10
-156.7274451869666
 20
13.58567338306841
 10
-156.7401871545764
 20
13.66109784450719
 10
-156.8707749217512
 20
14.04202134698812
 10
-156.8414320283691
 20
14.20157094969647
 10
-156.8682880502738
 20
14.49723356393974
 10
-156.7546611726068
 20
14.5948787807128
 97
        0
 92
       22
 72
     0
 73
     1
 93
       23
 10
-158.521816148786
 20
14.82246934491587
 10
-158.5117877451109
 20
14.60143148305769
 10
-158.5495721491527
 20
14.25823238297988
 10
-158.6743872352727
 20
14.12353238300977
 10
-158.6406915774428
 20
13.89944643324844
 10
-158.7765994976644
 20
13.54161679679475
 10
-158.9094477295302
 20
12.94600292967146
 10
-158.8930386120273
 20
12.72320934529034
 10
-159.3024322655474
 20
12.59722218266716
 10
-159.6814071976143
 20
12.61876228954202
 10
-159.9745463394065
 20
12.74633876950258
 10
-160.0852680478067
 20
13.05733625489529
 10
-160.1157840139888
 20
13.39329183169082
 10
-160.1764457640688
 20
13.79408139299812
 10
-160.0546903663255
 20
14.16656562360521
 10
-160.1278792776847
 20
14.38290597850641
 10
-160.042641218904
 20
14.43448375208567
 10
-159.8986769519351
 20
14.73032428611884
 10
-159.7621475280173
 20
15.04316222471078
 10
-159.6145736711014
 20
15.1428513861955
 10
-159.2108679112398
 20
14.92725168142419
 10
-158.925127668647
 20
14.87922349613927
 10
-158.6141064110877
 20
14.890494907157
 97
        0
 92
       22
 72
     0
 73
     1
 93
       44
 10
-157.9181847348754
 20
12.44781775935871
 10
-157.7079170692632
 20
12.16249552895368
 10
-157.5287396147757
 20
11.84749364238098
 10
-157.2396883623378
 20
11.78781112090883
 10
-157.1707382010311
 20
11.55187771512669
 10
-157.1897365212658
 20
11.47822419047742
 10
-157.3883147636547
 20
11.194229312424
 10
-157.4773249062027
 20
11.08314870945372
 10
-157.612592318801
 20
10.8975043528365
 10
-157.7178761556965
 20
10.60309814594575
 10
-157.9655102131819
 20
10.28692542536038
 10
-158.2497448121435
 20
9.997922288496965
 10
-158.530668401346
 20
9.697264815456549
 10
-158.9372077283985
 20
9.417597262118135
 10
-159.191296257841
 20
9.275486476868991
 10
-159.5096926424121
 20
9.244313063177287
 10
-159.6398623974328
 20
9.36694071476495
 10
-159.5539666055201
 20
9.647804016712257
 10
-159.4858810416454
 20
9.914921207824306
 10
-159.4471284382096
 20
10.25318365121751
 10
-159.3421194092961
 20
10.63263659712822
 10
-159.2770819333555
 20
10.87608653412349
 10
-159.1580519856229
 20
11.15268251299238
 10
-159.0785868935188
 20
11.50815745289611
 10
-159.0992538897108
 20
11.52204705355569
 10
-158.9216771674805
 20
11.94187767854941
 10
-159.1172905245696
 20
12.02962609537724
 10
-159.2170878032163
 20
11.7778209459355
 10
-159.2625459144224
 20
11.59921687955159
 10
-159.3675668294297
 20
11.26948908230684
 10
-159.5507730285274
 20
11.19203284788887
 10
-159.7064867203546
 20
11.290682493487
 10
-159.876063038057
 20
11.32300636748289
 10
-159.8544335472761
 20
11.4144829405451
 10
-159.9230656537199
 20
11.5768175473338
 10
-159.8474498725381
 20
11.64086248054172
 10
-159.8696825139654
 20
11.81695647450146
 10
-159.8287665338175
 20
12.0474731241033
 10
-159.6332244932539
 20
12.2580755993369
 10
-159.3670036137362
 20
12.32002847231752
 10
-159.1073453234603
 20
12.1566642742751
 10
-158.7892237468722
 20
12.27288442698699
 10
-158.4284651689354
 20
12.44616891152555
 10
-158.1039128924919
 20
12.48777742624014
 97
        0
 92
       22
 72
     0
 73
     1
 93
       28
 10
-161.2865315020622
 20
16.98141710701998
 10
-161.3741364290849
 20
16.82428097414714
 10
-161.3844402119646
 20
16.70691290278785
 10
-161.5606663808594
 20
16.17302521622372
 10
-161.7229791769607
 20
15.5603542284918
 10
-161.8297573426182
 20
15.1298015228287
 10
-161.8903569800129
 20
14.79020993649874
 10
-161.9721678504095
 20
14.7214817441918
 10
-162.1274035284141
 20
14.73666246771927
 10
-162.3949868472737
 20
14.83849180498237
 10
-162.6958356400937
 20
15.06811242857344
 10
-162.9400502849544
 20
15.35139071426653
 10
-163.2178173834568
 20
15.68550583784514
 10
-163.3141833634522
 20
15.98342654602413
 10
-163.339392490637
 20
16.04922872987578
 10
-163.5140759296739
 20
16.08776595574619
 10
-163.6006645417421
 20
16.15024524369704
 10
-163.5023497057809
 20
16.21617874570211
 10
-163.3423686908777
 20
16.15066325590652
 10
-163.2454762958798
 20
16.20555203929177
 10
-163.0958822664399
 20
16.37074451887747
 10
-162.8390920591573
 20
16.70819385321215
 10
-162.695725523648
 20
16.94957578773443
 10
-162.6114316064884
 20
17.11836625677892
 10
-162.3061119991314
 20
17.13518394206665
 10
-162.0115023007472
 20
17.24320425822583
 10
-161.6384919407528
 20
17.262532015972
 10
-161.381809850631
 20
17.20060234395009
 97
        0
 92
       22
 72
     0
 73
     1
 93
       20
 10
-162.0525173680728
 20
14.44632009243082
 10
-162.0435647096972
 20
14.25429255313417
 10
-162.1226831060728
 20
13.93887265436933
 10
-162.240505990344
 20
13.50974238972122
 10
-162.3684172799087
 20
13.1268230580855
 10
-162.5526518094923
 20
12.58619538585844
 10
-162.906728522287
 20
12.64598398731516
 10
-163.2422892878755
 20
12.8800751398241
 10
-163.6111155273784
 20
13.24195757862122
 10
-163.7480026762637
 20
13.57396875588409
 10
-163.818274817851
 20
13.93750032811977
 10
-163.9603856030789
 20
14.19158885759458
 10
-163.9389889860072
 20
14.53208656546223
 10
-163.8715727557721
 20
14.83136971301991
 10
-163.8797244767788
 20
15.0794336687689
 10
-163.675635903968
 20
15.3065793069411
 10
-163.5348994442099
 20
15.26599813639723
 10
-163.2351382827992
 20
15.11511298405332
 10
-162.7656184529846
 20
14.87499725785233
 10
-162.5161920578266
 20
14.71936676859002
 97
        0
 92
       22
 72
     0
 73
     1
 93
       21
 10
-159.5617345445225
 20
10.84537924815936
 10
-159.6203413206906
 20
10.52731767319449
 10
-159.6915346884677
 20
10.27343263518969
 10
-159.675195017021
 20
10.05158194990497
 10
-159.8011577361712
 20
9.820790492318565
 10
-159.768693199594
 20
9.636962789557514
 10
-159.8734987370633
 20
9.4708139967247
 10
-159.9090716488181
 20
9.244421180361712
 10
-160.0108409844099
 20
9.151664790342408
 10
-160.1950034967774
 20
9.029420063904694
 10
-160.5445019785677
 20
9.018292142710947
 10
-160.7910834916286
 20
9.196012069175196
 10
-160.7492111982142
 20
9.471317210762265
 10
-160.7822972384729
 20
9.700136611366474
 10
-160.8611640278477
 20
9.8225729431702
 10
-160.7792007493922
 20
10.16008227913909
 10
-160.5661714043008
 20
10.2449255266813
 10
-160.4671750629886
 20
10.44069425966626
 10
-160.1637077949599
 20
10.75448822594211
 10
-160.1494607300965
 20
10.90017645789316
 10
-159.7857486065909
 20
10.93678537047719
 97
        0
 92
       22
 72
     0
 73
     1
 93
       26
 10
-161.614712965897
 20
11.46907403837326
 10
-161.4934126666653
 20
11.19039788535832
 10
-161.4089042287596
 20
10.88758835044512
 10
-161.2488400112549
 20
10.47399681990663
 10
-161.1589766188444
 20
10.12558596956376
 10
-161.2440833594491
 20
9.95048423273073
 10
-161.4525586874042
 20
9.764003253307237
 10
-161.7047586480846
 20
9.599193413282762
 10
-161.8753544833525
 20
9.358110344534338
 10
-161.9175934659936
 20
9.030140559682138
 10
-161.9879537312292
 20
9.006902727668204
 10
-162.323562612361
 20
9.016441802667259
 10
-162.7587293367987
 20
9.050030771344893
 10
-163.224304767044
 20
9.183775314855836
 10
-163.2447801578387
 20
9.460694217236266
 10
-163.1667975084158
 20
9.630297509720719
 10
-163.0875237360719
 20
9.934469484027886
 10
-163.0199996742556
 20
10.42140530186339
 10
-162.900814350608
 20
10.68675335626358
 10
-162.6958764392857
 20
11.40621382450973
 10
-162.6320700845635
 20
11.68992200850073
 10
-162.5084861196937
 20
11.86488025548783
 10
-162.2776227743957
 20
11.86401931650062
 10
-162.1435323920466
 20
11.73447077956098
 10
-161.9453849047286
 20
11.69130764884215
 10
-161.8373164730235
 20
11.62125002800309
 97
        0
 92
       22
 72
     0
 73
     1
 93
       23
 10
-162.5928513534138
 20
11.99444067850873
 10
-162.7087134955564
 20
11.87943947535342
 10
-162.6662799857167
 20
11.72319965414465
 10
-162.7893978228219
 20
11.51449763376627
 10
-162.9186715517805
 20
11.29536051238028
 10
-162.8887170876446
 20
11.17922356225449
 10
-162.9155999773129
 20
11.0078511330426
 10
-163.028425917628
 20
10.96624233272428
 10
-163.0516871304403
 20
10.86068308460568
 10
-163.0843191298256
 20
10.79379415819187
 10
-163.2924115326516
 20
10.92164544612404
 10
-163.4463679738271
 20
11.12112000015781
 10
-163.4043643622681
 20
11.27290117852988
 10
-163.4609503946722
 20
11.44379559390177
 10
-163.4639265948274
 20
11.54523011992222
 10
-163.5199030096601
 20
11.72085798613671
 10
-163.5781146889521
 20
11.87912986596689
 10
-163.7251024148622
 20
12.09535078880049
 10
-163.6504307752323
 20
12.27660841746586
 10
-163.391800114714
 20
12.36680661949549
 10
-163.1338509594943
 20
12.32716959053869
 10
-163.0477165890474
 20
12.24870892727227
 10
-162.745110545608
 20
12.1199132121385
 97
        0
 92
       22
 72
     0
 73
     1
 93
       12
 10
-161.0692332296746
 20
9.427521261511515
 10
-161.0216906066805
 20
9.228886442931866
 10
-160.9421118481932
 20
9.069500019660893
 10
-160.9948253687598
 20
9.008921472164843
 10
-161.1324421385068
 20
8.986545340898658
 10
-161.328390305181
 20
8.984513567898432
 10
-161.6223303843246
 20
9.05605363140512
 10
-161.6633414532009
 20
9.223338171233422
 10
-161.5825020356035
 20
9.365305752255721
 10
-161.4561331903251
 20
9.387526507606594
 10
-161.3655520631155
 20
9.443228114437829
 10
-161.210591193098
 20
9.513094129895762
 97
        0
 92
       22
 72
     0
 73
     1
 93
       22
 10
-164.9773337395258
 20
16.32112948664218
 10
-165.0221822331477
 20
16.14725887106431
 10
-165.1206886745249
 20
15.8182960673405
 10
-165.2349851714346
 20
15.54109047088497
 10
-165.2677132010894
 20
15.33678709174109
 10
-165.479237267519
 20
14.98922719671987
 10
-165.6103391986853
 20
14.89330138429017
 10
-165.9123477962348
 20
14.86482936280282
 10
-166.1810187465569
 20
15.04539417130155
 10
-166.3816641345684
 20
15.31824924209468
 10
-166.4463065136845
 20
15.5511327599005
 10
-166.4161123286392
 20
15.9225771890442
 10
-166.2697693073207
 20
16.27425093365139
 10
-166.1327618695761
 20
16.50361995020745
 10
-166.0058550088235
 20
16.61719871231304
 10
-166.0285659497108
 20
16.66503529221876
 10
-165.9638513972645
 20
16.76897989068504
 10
-165.7967700633144
 20
16.80841314258123
 10
-165.5801311282964
 20
16.69710501755946
 10
-165.2871473623681
 20
16.58077646206152
 10
-165.0416534807334
 20
16.48179200684632
 10
-165.0337884538212
 20
16.36849993878559
 97
        0
 92
       22
 72
     0
 73
     1
 93
       17
 10
-163.1559073089102
 20
10.27530200152478
 10
-163.2416236671365
 20
10.09546681387263
 10
-163.1569117377376
 20
10.00596143201386
 10
-163.2445285507842
 20
9.898550447816148
 10
-163.4004938496634
 20
9.559343862851164
 10
-163.4525599372739
 20
9.283409190667043
 10
-163.6754409806819
 20
9.16809337652171
 10
-163.8361629313344
 20
9.352399378711083
 10
-163.8768273044452
 20
9.559738959691458
 10
-164.0140611490276
 20
9.851695095794354
 10
-164.1085147880576
 20
10.02746645182918
 10
-164.2605226588528
 20
10.3790688799163
 10
-164.1745314926422
 20
10.47385732856565
 10
-164.1249495481988
 20
10.64711832653984
 10
-163.9051309215119
 20
10.64767982858495
 10
-163.6063139016905
 20
10.61400737168503
 10
-163.3742434929127
 20
10.46061214691667
 97
        0
 92
       22
 72
     0
 73
     1
 93
       32
 10
-165.5844375368797
 20
14.27243027440386
 10
-165.7189227305036
 20
14.13737169265982
 10
-165.8041610749051
 20
13.87406758295412
 10
-165.9183740836097
 20
13.46051228188429
 10
-166.0418748458601
 20
12.93747799415189
 10
-166.1161997897943
 20
12.79627540662943
 10
-166.2502822499764
 20
12.45369608240389
 10
-166.3821942624708
 20
12.21299738102436
 10
-166.5677311003246
 20
12.30426001351975
 10
-166.7253333609135
 20
12.42560871389321
 10
-166.9575591455886
 20
12.59025186312868
 10
-167.2060292274466
 20
12.79067084437253
 10
-167.2206716499454
 20
12.93851950927399
 10
-167.4120414560948
 20
13.15885237924777
 10
-167.4681491890362
 20
13.45800420869079
 10
-167.5139771968891
 20
13.76224807071429
 10
-167.367968985227
 20
14.02414162548416
 10
-167.4095777855457
 20
14.13696756579952
 10
-167.3620757296439
 20
14.2816246529378
 10
-167.2109992575549
 20
14.6326887799641
 10
-167.2256297939439
 20
14.73081229618037
 10
-167.1216251938394
 20
14.8409246725954
 10
-167.0373431627038
 20
15.05944029031531
 10
-166.8301470715782
 20
15.06162743923266
 10
-166.7283777359521
 20
15.15438382924776
 10
-166.5933310402831
 20
15.06962378430506
 10
-166.4631612852774
 20
14.94699613273667
 10
-166.2812821529503
 20
14.82733279524899
 10
-166.2095275686799
 20
14.64967287043259
 10
-166.1850593771923
 20
14.70266119896894
 10
-166.1078898368127
 20
14.65422688758849
 10
-165.6730698080562
 20
14.58058287773156
 97
        0
 92
       22
 72
     0
 73
     1
 93
       22
 10
-164.8134262089186
 20
11.75271490438177
 10
-164.7399624895581
 20
11.45132781047567
 10
-164.7179211678935
 20
11.22393085090203
 10
-164.6853253131712
 20
10.91657918492586
 10
-164.8275442156136
 20
10.77128870803307
 10
-164.99848674651
 20
10.4901505981162
 10
-165.2810122104327
 20
10.07742029216933
 10
-165.4475621308279
 20
9.86396620533452
 10
-165.5149120431408
 20
9.793162492224041
 10
-165.8063420498945
 20
9.797011803101156
 10
-166.1826271902116
 20
10.06361560776179
 10
-166.4383529670504
 20
10.17033377176727
 10
-166.5203513325314
 20
10.40545255404754
 10
-166.4836426738227
 20
10.77766197669092
 10
-166.3636564128264
 20
11.09904644752816
 10
-166.2837130212911
 20
11.5827788015244
 10
-166.165484010927
 20
11.80333836394118
 10
-165.995211099236
 20
11.90491609418825
 10
-165.7850266362077
 20
11.96766990452403
 10
-165.6862456724475
 20
11.99985963313389
 10
-165.4774836504152
 20
12.05156872487123
 10
-165.0508634582249
 20
12.00143659325522
 97
        0
 92
       22
 72
     0
 73
     1
 93
       14
 10
-164.3672886528138
 20
10.11051736169815
 10
-164.3204565017372
 20
9.863887733057367
 10
-164.2041882334667
 20
9.770318233977661
 10
-164.2206360221437
 20
9.592789912913985
 10
-164.1286924555561
 20
9.484709309514528
 10
-164.2524887067984
 20
9.394323648435261
 10
-164.5472922448869
 20
9.410301448579957
 10
-164.818533269251
 20
9.483730080883162
 10
-165.0162024571102
 20
9.655150625638668
 10
-165.0540100620997
 20
9.834854495145918
 10
-164.8909925597345
 20
10.0544577442771
 10
-164.8658669207013
 20
10.12500526505084
 10
-164.6711258175228
 20
10.27957132383426
 10
-164.4919121335333
 20
10.23884666346612
 97
        0
 92
       22
 72
     0
 73
     1
 93
       13
 10
-166.6577396961861
 20
11.34383562296557
 10
-166.6459421557842
 20
11.17389752086188
 10
-166.7403244783083
 20
11.05131798482
 10
-166.730415506684
 20
10.90407893751097
 10
-166.816837619762
 20
10.72311665023164
 10
-166.9655942906008
 20
10.64725364318604
 10
-167.0652715659755
 20
10.74510235141571
 10
-167.3538085751033
 20
10.9955931770416
 10
-167.4949511609907
 20
11.24474504980333
 10
-167.3702795646959
 20
11.34096782554161
 10
-167.2421534688174
 20
11.46401348933483
 10
-167.0060905448968
 20
11.42879915936521
 10
-166.8120309470173
 20
11.45352998716214
 97
        0
 92
       23
 72
     0
 73
     1
 93
       12
 10
-159.2331330692548
 20
17.58151081866595
 10
-159.0734387483599
 20
17.65076721654827
 10
-158.9232232152562
 20
17.7709679982936
 10
-158.9075644779059
 20
17.84273475422793
 10
-158.9852797662863
 20
17.96734355799555
 10
-159.2172577114656
 20
18.08154616488008
 10
-159.3707849260058
 20
18.13176280568132
 10
-159.5867904712859
 20
18.14835408416377
 10
-159.7494731640315
 20
18.01853102485688
 10
-159.7971665397149
 20
17.82257097208992
 10
-159.687054163315
 20
17.7185663720042
 10
-159.4961742570508
 20
17.6314275727459
 97
        0
 92
       23
 72
     0
 73
     1
 93
       18
 10
-163.0238271028165
 20
17.49067191052563
 10
-163.0936931182918
 20
17.64563278054527
 10
-163.1947928346794
 20
17.73243677017854
 10
-163.3190815057951
 20
17.95054626179006
 10
-163.4670614888359
 20
18.05942780255771
 10
-163.6491438270229
 20
18.17751332308052
 10
-163.8168132553837
 20
18.0804790741837
 10
-163.9085754248926
 20
18.03127870459644
 10
-163.9693574639013
 20
17.87068807209357
 10
-163.9250353852494
 20
17.69174919608599
 10
-163.8278681822985
 20
17.66159124048977
 10
-163.7290753324805
 20
17.64405582042019
 10
-163.4787045101486
 20
17.5829389718267
 10
-163.4559935692787
 20
17.53510239192315
 10
-163.4050372993615
 20
17.49485603100032
 10
-163.3090893315868
 20
17.45523117374023
 10
-163.161109348546
 20
17.3463496329723
 10
-163.0372386896338
 20
17.38653599227751
 97
        0
 92
       23
 72
     0
 73
     1
 93
       10
 10
-160.61381798306
 20
18.1571171363887
 10
-160.5413818935085
 20
18.10929244256039
 10
-160.5090486750739
 20
18.04898870303225
 10
-160.4946929466678
 20
18.03591192583559
 10
-160.435536840203
 20
17.97215368667451
 10
-160.3952904792622
 20
18.02310995658945
 10
-160.459191922627
 20
18.13720296201859
 10
-160.4632172372476
 20
18.27276616842829
 10
-160.5579128847525
 20
18.27984016223564
 10
-160.6273727740983
 20
18.22623033003742
 97
        0
 92
       33
 93
       16
 72
     1
 10
-165.3235840705463
 20
20.26334969225809
 11
-164.1726538671893
 21
20.77460923672843
 72
     1
 10
-164.1726538671892
 20
20.77460923672811
 11
-164.9028356745569
 21
22.41836983764156
 72
     1
 10
-164.9028356745571
 20
22.41836983764125
 11
-166.0537658779141
 21
21.90711029317091
 72
     1
 10
-166.0537658779135
 20
21.90711029317123
 11
-165.3235840705457
 21
20.26334969225779
 72
     1
 10
-164.1628622370545
 20
20.78756126926555
 11
-162.3960927012918
 21
21.05995970307463
 72
     1
 10
-162.3960927012917
 20
21.05995970307441
 11
-162.6748216523595
 21
22.86778881793226
 72
     1
 10
-162.6748216523594
 20
22.86778881793225
 11
-164.441591188122
 21
22.59539038412317
 72
     1
 10
-164.4415911881222
 20
22.59539038412322
 11
-164.1628622370544
 21
20.78756126926537
 72
     1
 10
-162.6433224513357
 20
21.05425829743638
 11
-160.876608187695
 21
20.85540539386336
 72
     1
 10
-160.8766081876947
 20
20.85540539386307
 11
-160.6720152003066
 21
22.67311759501117
 72
     1
 10
-160.6720152003072
 20
22.67311759501144
 11
-162.4387294639479
 21
22.87197049858445
 72
     1
 10
-162.4387294639482
 20
22.87197049858446
 11
-162.6433224513363
 21
21.05425829743635
 72
     1
 10
-161.0871480430585
 20
20.9371979116317
 11
-159.4611106344973
 21
20.29312174321766
 72
     1
 10
-159.4611106344973
 20
20.29312174321768
 11
-158.8099847269319
 21
21.93695695294342
 72
     1
 10
-158.8099847269323
 20
21.93695695294372
 11
-160.4360221354935
 21
22.58103312135776
 72
     1
 10
-160.4360221354934
 20
22.58103312135745
 11
-161.0871480430588
 21
20.93719791163171
 97
        0
 92
      304
 93
       16
 72
     1
 10
-165.3235840705463
 20
20.26334969225809
 11
-164.1726538671893
 21
20.77460923672843
 72
     1
 10
-164.1726538671892
 20
20.77460923672811
 11
-164.9028356745569
 21
22.41836983764156
 72
     1
 10
-164.9028356745571
 20
22.41836983764125
 11
-166.0537658779141
 21
21.90711029317091
 72
     1
 10
-166.0537658779135
 20
21.90711029317123
 11
-165.3235840705457
 21
20.26334969225779
 72
     1
 10
-164.1628622370545
 20
20.78756126926555
 11
-162.3960927012918
 21
21.05995970307463
 72
     1
 10
-162.3960927012917
 20
21.05995970307441
 11
-162.6748216523595
 21
22.86778881793226
 72
     1
 10
-162.6748216523594
 20
22.86778881793225
 11
-164.441591188122
 21
22.59539038412317
 72
     1
 10
-164.4415911881222
 20
22.59539038412322
 11
-164.1628622370544
 21
20.78756126926537
 72
     1
 10
-162.6433224513357
 20
21.05425829743638
 11
-160.876608187695
 21
20.85540539386336
 72
     1
 10
-160.8766081876947
 20
20.85540539386307
 11
-160.6720152003066
 21
22.67311759501117
 72
     1
 10
-160.6720152003072
 20
22.67311759501144
 11
-162.4387294639479
 21
22.87197049858445
 72
     1
 10
-162.4387294639482
 20
22.87197049858446
 11
-162.6433224513363
 21
21.05425829743635
 72
     1
 10
-161.0871480430585
 20
20.9371979116317
 11
-159.4611106344973
 21
20.29312174321766
 72
     1
 10
-159.4611106344973
 20
20.29312174321768
 11
-158.8099847269319
 21
21.93695695294342
 72
     1
 10
-158.8099847269323
 20
21.93695695294372
 11
-160.4360221354935
 21
22.58103312135776
 72
     1
 10
-160.4360221354934
 20
22.58103312135745
 11
-161.0871480430588
 21
20.93719791163171
 97
        0
 92
      288
 93
       16
 72
     1
 10
-165.3235840705463
 20
20.26334969225809
 11
-164.1726538671893
 21
20.77460923672843
 72
     1
 10
-164.1726538671892
 20
20.77460923672811
 11
-164.9028356745569
 21
22.41836983764156
 72
     1
 10
-164.9028356745571
 20
22.41836983764125
 11
-166.0537658779141
 21
21.90711029317091
 72
     1
 10
-166.0537658779135
 20
21.90711029317123
 11
-165.3235840705457
 21
20.26334969225779
 72
     1
 10
-164.1628622370545
 20
20.78756126926555
 11
-162.3960927012918
 21
21.05995970307463
 72
     1
 10
-162.3960927012917
 20
21.05995970307441
 11
-162.6748216523595
 21
22.86778881793226
 72
     1
 10
-162.6748216523594
 20
22.86778881793225
 11
-164.441591188122
 21
22.59539038412317
 72
     1
 10
-164.4415911881222
 20
22.59539038412322
 11
-164.1628622370544
 21
20.78756126926537
 72
     1
 10
-162.6433224513357
 20
21.05425829743638
 11
-160.876608187695
 21
20.85540539386336
 72
     1
 10
-160.8766081876947
 20
20.85540539386307
 11
-160.6720152003066
 21
22.67311759501117
 72
     1
 10
-160.6720152003072
 20
22.67311759501144
 11
-162.4387294639479
 21
22.87197049858445
 72
     1
 10
-162.4387294639482
 20
22.87197049858446
 11
-162.6433224513363
 21
21.05425829743635
 72
     1
 10
-161.0871480430585
 20
20.9371979116317
 11
-159.4611106344973
 21
20.29312174321766
 72
     1
 10
-159.4611106344973
 20
20.29312174321768
 11
-158.8099847269319
 21
21.93695695294342
 72
     1
 10
-158.8099847269323
 20
21.93695695294372
 11
-160.4360221354935
 21
22.58103312135776
 72
     1
 10
-160.4360221354934
 20
22.58103312135745
 11
-161.0871480430588
 21
20.93719791163171
 97
        0
 92
      288
 93
       16
 72
     1
 10
-165.3235840705463
 20
20.26334969225809
 11
-164.1726538671893
 21
20.77460923672843
 72
     1
 10
-164.1726538671892
 20
20.77460923672811
 11
-164.9028356745569
 21
22.41836983764156
 72
     1
 10
-164.9028356745571
 20
22.41836983764125
 11
-166.0537658779141
 21
21.90711029317091
 72
     1
 10
-166.0537658779135
 20
21.90711029317123
 11
-165.3235840705457
 21
20.26334969225779
 72
     1
 10
-164.1628622370545
 20
20.78756126926555
 11
-162.3960927012918
 21
21.05995970307463
 72
     1
 10
-162.3960927012917
 20
21.05995970307441
 11
-162.6748216523595
 21
22.86778881793226
 72
     1
 10
-162.6748216523594
 20
22.86778881793225
 11
-164.441591188122
 21
22.59539038412317
 72
     1
 10
-164.4415911881222
 20
22.59539038412322
 11
-164.1628622370544
 21
20.78756126926537
 72
     1
 10
-162.6433224513357
 20
21.05425829743638
 11
-160.876608187695
 21
20.85540539386336
 72
     1
 10
-160.8766081876947
 20
20.85540539386307
 11
-160.6720152003066
 21
22.67311759501117
 72
     1
 10
-160.6720152003072
 20
22.67311759501144
 11
-162.4387294639479
 21
22.87197049858445
 72
     1
 10
-162.4387294639482
 20
22.87197049858446
 11
-162.6433224513363
 21
21.05425829743635
 72
     1
 10
-161.0871480430585
 20
20.9371979116317
 11
-159.4611106344973
 21
20.29312174321766
 72
     1
 10
-159.4611106344973
 20
20.29312174321768
 11
-158.8099847269319
 21
21.93695695294342
 72
     1
 10
-158.8099847269323
 20
21.93695695294372
 11
-160.4360221354935
 21
22.58103312135776
 72
     1
 10
-160.4360221354934
 20
22.58103312135745
 11
-161.0871480430588
 21
20.93719791163171
 97
        0
 75
     0
 76
     1
 47
41.34995943322175
 98
       26
 10
-155.652010326585
 20
16.75922963223195
 10
-155.652010326585
 20
16.75922963223195
 10
-155.652010326585
 20
16.75922963223195
 10
-155.652010326585
 20
16.75922963223195
 10
-155.652010326585
 20
16.75922963223195
 10
-155.652010326585
 20
16.75922963223195
 10
-155.652010326585
 20
16.75922963223195
 10
-155.652010326585
 20
16.75922963223195
 10
-155.652010326585
 20
16.75922963223195
 10
-155.652010326585
 20
16.75922963223195
 10
-155.652010326585
 20
16.75922963223195
 10
-155.652010326585
 20
16.75922963223195
 10
-155.652010326585
 20
16.75922963223195
 10
-155.652010326585
 20
16.75922963223195
 10
-155.652010326585
 20
16.75922963223195
 10
-155.652010326585
 20
16.75922963223195
 10
-155.652010326585
 20
16.75922963223195
 10
-155.652010326585
 20
16.75922963223195
 10
-159.3982418940336
 20
17.87028920696002
 10
-160.592095826383
 20
18.11719132088973
 10
-160.592095826383
 20
18.11719132088973
 10
-160.592095826383
 20
18.11719132088973
 10
-160.592095826383
 20
18.11719132088973
 10
-160.592095826383
 20
18.11719132088973
 10
-163.5561472678828
 20
17.82913879259354
 10
-160.4868615255152
 20
18.15947926653734
450
        0
451
        0
460
0.0
461
0.0
452
        0
462
0.0
453
        0
470

  0
HATCH
  5
65ED
330
65EB
100
AcDbEntity
  8
TK
100
AcDbHatch
 10
0.0
 20
0.0
 30
0.0
210
0.0
220
0.0
230
1.0
  2
SOLID
 70
     1
 71
     0
 91
       16
 92
        1
 93
      144
 72
     1
 10
-154.9667284411534
 20
22.3301161478762
 11
-154.9102673742276
 21
22.24852770352609
 72
     1
 10
-154.9102673742272
 20
22.24852770352606
 11
-154.8113485870828
 21
22.21122595473373
 72
     1
 10
-154.8113485870826
 20
22.21122595473372
 11
-154.7033748080494
 21
22.23519747099896
 72
     1
 10
-154.7033748080494
 20
22.23519747099897
 11
-154.6193887113812
 21
22.28870398045917
 72
     1
 10
-154.6193887113818
 20
22.28870398045893
 11
-154.5660465206648
 21
22.30751871863696
 72
     1
 10
-154.5660465206647
 20
22.30751871863725
 11
-154.4667676795467
 21
22.22149212823177
 72
     1
 10
-154.4667676795466
 20
22.22149212823172
 11
-154.3457198972887
 21
22.08452162319184
 72
     1
 10
-154.3457198972878
 20
22.08452162319185
 11
-154.2864854037992
 21
22.02969433073626
 72
     1
 10
-154.2864854037996
 20
22.02969433073622
 11
-154.20788073743
 21
21.92687662298254
 72
     1
 10
-154.2078807374293
 20
21.92687662298255
 11
-154.1624841680146
 21
21.89512255673423
 72
     1
 10
-154.1624841680147
 20
21.89512255673446
 11
-154.0491873757851
 21
21.76166031930141
 72
     1
 10
-154.0491873757853
 20
21.76166031930143
 11
-153.9366252958835
 21
21.64720827227307
 72
     1
 10
-153.9366252958834
 20
21.64720827227307
 11
-153.845472103016
 21
21.53497529827888
 72
     1
 10
-153.8454721030166
 20
21.5349752982786
 11
-153.7310659401835
 21
21.41221752156234
 72
     1
 10
-153.731065940183
 20
21.41221752156264
 11
-153.6703620220517
 21
21.31936984826468
 72
     1
 10
-153.6703620220517
 20
21.31936984826467
 11
-153.5219984456528
 21
21.18497773226983
 72
     1
 10
-153.5219984456523
 20
21.18497773226983
 11
-153.5871544505318
 21
21.1565680699097
 72
     1
 10
-153.5871544505319
 20
21.15656806990973
 11
-153.684978471303
 21
21.12613478671209
 72
     1
 10
-153.6849784713031
 20
21.1261347867121
 11
-153.6178129607771
 21
21.0434368058844
 72
     1
 10
-153.6178129607776
 20
21.04343680588437
 11
-153.5484287090674
 21
20.98214774652666
 72
     1
 10
-153.5484287090674
 20
20.98214774652666
 11
-153.4434229878483
 21
20.92528103900064
 72
     1
 10
-153.4434229878482
 20
20.92528103900065
 11
-153.3334250988833
 21
20.91658440482227
 72
     1
 10
-153.3334250988828
 20
20.91658440482252
 11
-153.2693784646479
 21
20.93428960648743
 72
     1
 10
-153.2693784646481
 20
20.93428960648771
 11
-153.2726773679224
 21
21.05905520973474
 72
     1
 10
-153.2726773679226
 20
21.05905520973448
 11
-153.3029320113494
 21
21.13251758238254
 72
     1
 10
-153.3029320113489
 20
21.13251758238255
 11
-153.3282090913034
 21
21.17571053558906
 72
     1
 10
-153.3282090913035
 20
21.17571053558908
 11
-153.4077431012762
 21
21.24346136187045
 72
     1
 10
-153.4077431012765
 20
21.24346136187046
 11
-153.4893012211832
 21
21.34388033857808
 72
     1
 10
-153.4893012211828
 20
21.34388033857806
 11
-153.5394953270387
 21
21.38154140338709
 72
     1
 10
-153.5394953270386
 20
21.38154140338707
 11
-153.6251162711096
 21
21.46885718834343
 72
     1
 10
-153.6251162711101
 20
21.46885718834346
 11
-153.6970793180887
 21
21.55746216778561
 72
     1
 10
-153.6970793180883
 20
21.55746216778561
 11
-153.7910059374248
 21
21.64293398994537
 72
     1
 10
-153.7910059374246
 20
21.64293398994528
 11
-153.8712746597288
 21
21.7296950065966
 72
     1
 10
-153.8712746597284
 20
21.7296950065969
 11
-153.7548151783958
 21
21.73114806489114
 72
     1
 10
-153.7548151783965
 20
21.73114806489116
 11
-153.6413091505746
 21
21.73020239213702
 72
     1
 10
-153.641309150574
 20
21.73020239213673
 11
-153.527803122788
 21
21.72925671936863
 72
     1
 10
-153.5278031227881
 20
21.72925671936889
 11
-153.5839187400095
 21
21.68368082935983
 72
     1
 10
-153.5839187400095
 20
21.68368082935979
 11
-153.570635501219
 21
21.65525537271849
 72
     1
 10
-153.5706355012189
 20
21.65525537271827
 11
-153.3283160969007
 21
21.59227042007763
 72
     1
 10
-153.3283160969004
 20
21.59227042007757
 11
-153.295468053964
 21
21.56993162008531
 72
     1
 10
-153.295468053964
 20
21.5699316200853
 11
-153.1832514237799
 21
21.58264390737349
 72
     1
 10
-153.1832514237799
 20
21.58264390737378
 11
-153.13323734494
 21
21.56934526333945
 72
     1
 10
-153.1332373449411
 20
21.56934526333947
 11
-153.069190710692
 21
21.58705046497702
 72
     1
 10
-153.0691907106914
 20
21.58705046497721
 11
-152.9543952852554
 21
21.57244683219151
 72
     1
 10
-152.9543952852559
 20
21.57244683219125
 11
-152.8999437239344
 21
21.60196603109481
 72
     1
 10
-152.8999437239345
 20
21.60196603109477
 11
-152.8764961226546
 21
21.64551830029716
 72
     1
 10
-152.8764961226545
 20
21.64551830029694
 11
-152.8842325084014
 21
21.727466060614
 72
     1
 10
-152.8842325084008
 20
21.72746606061401
 11
-152.912463041855
 21
21.76826028278842
 72
     1
 10
-152.9124630418553
 20
21.76826028278839
 11
-152.999373383533
 21
21.86923402775784
 72
     1
 10
-152.9993733835329
 20
21.86923402775812
 11
-153.1082472975981
 21
21.96707461541384
 72
     1
 10
-153.1082472975981
 20
21.96707461541382
 11
-153.1370325163975
 21
22.00251660722956
 72
     1
 10
-153.137032516398
 20
22.00251660722961
 11
-153.2217387211263
 21
22.04645978091144
 72
     1
 10
-153.2217387211265
 20
22.04645978091139
 11
-153.282817297545
 21
22.10959280306333
 72
     1
 10
-153.2828172975451
 20
22.10959280306332
 11
-153.348333356421
 21
22.12990798226632
 72
     1
 10
-153.3483333564204
 20
22.12990798226633
 11
-153.4011208618059
 21
22.11644547448254
 72
     1
 10
-153.4011208618065
 20
22.11644547448253
 11
-153.3974180916755
 21
22.17827350785304
 72
     1
 10
-153.3974180916752
 20
22.17827350785302
 11
-153.3835655633246
 21
22.23363977430405
 72
     1
 10
-153.3835655633247
 20
22.23363977430404
 11
-153.4040451068002
 21
22.27092572889374
 72
     1
 10
-153.4040451068001
 20
22.27092572889347
 11
-153.4560832955847
 21
22.31689252341622
 72
     1
 10
-153.4560832955842
 20
22.31689252341653
 11
-153.4904007631594
 21
22.37725170421586
 72
     1
 10
-153.4904007631594
 20
22.37725170421584
 11
-153.5287810548943
 21
22.42450769331524
 72
     1
 10
-153.5287810548943
 20
22.42450769331526
 11
-153.5664266343025
 21
22.45275349191516
 72
     1
 10
-153.5664266343015
 20
22.45275349191536
 11
-153.6066510089414
 21
22.50831521061311
 72
     1
 10
-153.6066510089413
 20
22.50831521061286
 11
-153.674565836049
 21
22.53158388914981
 72
     1
 10
-153.6745658360498
 20
22.53158388914977
 11
-153.7378777579805
 21
22.49486849710858
 72
     1
 10
-153.7378777579799
 20
22.49486849710888
 11
-153.7303213992573
 21
22.43728315757603
 72
     1
 10
-153.7303213992572
 20
22.43728315757573
 11
-153.8023136547881
 21
22.36900915154476
 72
     1
 10
-153.8023136547876
 20
22.36900915154479
 11
-153.871712510799
 21
22.35185871817698
 72
     1
 10
-153.8717125107996
 20
22.35185871817697
 11
-153.9030911291282
 21
22.33617713732191
 72
     1
 10
-153.9030911291274
 20
22.3361771373219
 11
-153.9523704956664
 21
22.3304655909373
 72
     1
 10
-153.9523704956675
 20
22.33046559093731
 11
-154.0730874324338
 21
22.26183226890119
 72
     1
 10
-154.0730874324335
 20
22.26183226890118
 11
-154.069039212586
 21
22.19649596794594
 72
     1
 10
-154.0690392125862
 20
22.19649596794596
 11
-154.0206891896376
 21
22.16714063280505
 72
     1
 10
-154.0206891896375
 20
22.16714063280506
 11
-153.9248892787783
 21
22.23024206647028
 72
     1
 10
-153.9248892787782
 20
22.23024206647028
 11
-153.826885230968
 21
22.23631292886503
 72
     1
 10
-153.8268852309675
 20
22.236312928865
 11
-153.7735430402684
 21
22.25512766703621
 72
     1
 10
-153.7735430402686
 20
22.25512766703622
 11
-153.6345653012414
 21
22.26506611297235
 72
     1
 10
-153.6345653012413
 20
22.26506611297208
 11
-153.5808630565199
 21
22.2351560095862
 72
     1
 10
-153.58086305652
 20
22.2351560095862
 11
-153.549124384196
 21
22.20211274886946
 72
     1
 10
-153.5491243841961
 20
22.20211274886947
 11
-153.5930661332564
 21
22.11740694149648
 72
     1
 10
-153.5930661332566
 20
22.11740694149648
 11
-153.7187460292226
 21
22.15748253160455
 72
     1
 10
-153.7187460292225
 20
22.15748253160427
 11
-153.7970052458624
 21
22.13313590507437
 72
     1
 10
-153.7970052458622
 20
22.1331359050746
 11
-153.8754444894943
 21
22.13315169929965
 72
     1
 10
-153.8754444894944
 20
22.1331516992999
 11
-153.9346935872692
 21
22.10953949900211
 72
     1
 10
-153.9346935872697
 20
22.10953949900209
 11
-154.0050217868812
 21
22.05732218410113
 72
     1
 10
-154.0050217868806
 20
22.05732218410117
 11
-154.0094592693248
 21
22.01450434118592
 72
     1
 10
-154.0094592693256
 20
22.01450434118567
 11
-153.9825181334753
 21
21.98736807905072
 72
     1
 10
-153.9825181334747
 20
21.98736807905072
 11
-153.8645892275059
 21
21.95080075652079
 72
     1
 10
-153.864589227506
 20
21.95080075652078
 11
-153.8079335292413
 21
21.92328938416277
 72
     1
 10
-153.8079335292414
 20
21.92328938416279
 11
-153.7008890938347
 21
21.91219401889727
 72
     1
 10
-153.7008890938341
 20
21.91219401889725
 11
-153.5702170300992
 21
21.92028850211709
 72
     1
 10
-153.5702170300992
 20
21.9202885021171
 11
-153.5299780511815
 21
21.94316627608583
 72
     1
 10
-153.5299780511814
 20
21.94316627608589
 11
-153.4578057686331
 21
21.98707786135085
 72
     1
 10
-153.4578057686337
 20
21.98707786135106
 11
-153.4432185279383
 21
22.02343393739607
 72
     1
 10
-153.4432185279379
 20
22.02343393739608
 11
-153.4249431214034
 21
22.0431785540935
 72
     1
 10
-153.4249431214034
 20
22.0431785540938
 11
-153.3653339696207
 21
22.01806591277476
 72
     1
 10
-153.36533396962
 20
22.01806591277472
 11
-153.2977938008135
 21
21.96508258311968
 72
     1
 10
-153.2977938008136
 20
21.96508258311968
 11
-153.2184398178532
 21
21.92169417764725
 72
     1
 10
-153.2184398178538
 20
21.92169417764723
 11
-153.183927718988
 21
21.91541206879289
 72
     1
 10
-153.1839277189881
 20
21.91541206879265
 11
-153.1329989008123
 21
21.85874081350144
 72
     1
 10
-153.1329989008122
 20
21.85874081350147
 11
-153.1272866250116
 21
21.80946120366442
 72
     1
 10
-153.127286625011
 20
21.80946120366463
 11
-153.1370763292136
 21
21.76719812897514
 72
     1
 10
-153.1370763292136
 20
21.76719812897517
 11
-153.1974347976178
 21
21.7328814679637
 72
     1
 10
-153.1974347976174
 20
21.7328814679637
 11
-153.3175824448124
 21
21.74803986904497
 72
     1
 10
-153.3175824448124
 20
21.74803986904499
 11
-153.3537585996005
 21
21.73826528683071
 72
     1
 10
-153.3537585996005
 20
21.73826528683037
 11
-153.3681512089807
 21
21.75598628271903
 72
     1
 10
-153.3681512089802
 20
21.75598628271928
 11
-153.3633390682345
 21
21.82851877683111
 72
     1
 10
-153.363339068235
 20
21.82851877683112
 11
-153.3450636617005
 21
21.84826339352882
 72
     1
 10
-153.3450636617005
 20
21.84826339352878
 11
-153.3607456687269
 21
21.87964234946951
 72
     1
 10
-153.3607456687264
 20
21.87964234946952
 11
-153.5130212508259
 21
21.81968986738679
 72
     1
 10
-153.5130212508254
 20
21.81968986738679
 11
-153.6924179957783
 21
21.81123606816867
 72
     1
 10
-153.6924179957784
 20
21.81123606816868
 11
-153.8952623420553
 21
21.75922999974396
 72
     1
 10
-153.8952623420553
 20
21.75922999974392
 11
-153.9347520043922
 21
21.79578152804853
 72
     1
 10
-153.9347520043925
 20
21.79578152804857
 11
-154.0447352890443
 21
21.88291765497747
 72
     1
 10
-154.0447352890444
 20
21.88291765497746
 11
-154.1333096866642
 21
21.96783470885429
 72
     1
 10
-154.133309686664
 20
21.9678347088543
 11
-154.183863846543
 21
22.05422061529889
 72
     1
 10
-154.1838638465433
 20
22.05422061529885
 11
-154.2547175229252
 21
22.15353005547545
 72
     1
 10
-154.2547175229251
 20
22.15353005547576
 11
-154.3250165139824
 21
22.25819172606501
 72
     1
 10
-154.3250165139825
 20
22.25819172606498
 11
-154.1387689140474
 21
22.38494936163279
 72
     1
 10
-154.1387689140474
 20
22.38494936163283
 11
-153.9316671123295
 21
22.50413569378125
 72
     1
 10
-153.9316671123299
 20
22.50413569378122
 11
-153.8701992733275
 21
22.54915681554455
 72
     1
 10
-153.8701992733277
 20
22.54915681554451
 11
-153.7114620988519
 21
22.61925899009909
 72
     1
 10
-153.7114620988513
 20
22.61925899009913
 11
-153.6998283117083
 21
22.65321633510836
 72
     1
 10
-153.6998283117088
 20
22.65321633510837
 11
-153.6843117274216
 21
22.72463929268758
 72
     1
 10
-153.684311727422
 20
22.72463929268758
 11
-153.6898439762079
 21
22.74955648174152
 72
     1
 10
-153.6898439762074
 20
22.74955648174154
 11
-153.7452102768532
 21
22.76340989404138
 72
     1
 10
-153.7452102768527
 20
22.76340989404161
 11
-153.8422995853101
 21
22.7139664204672
 72
     1
 10
-153.8422995853107
 20
22.71396642046693
 11
-154.0392516287658
 21
22.58831832138644
 72
     1
 10
-154.0392516287663
 20
22.5883183213864
 11
-154.2223657481579
 21
22.43959699609072
 72
     1
 10
-154.2223657481572
 20
22.43959699609076
 11
-154.3093052983957
 21
22.38369175558818
 72
     1
 10
-154.3093052983963
 20
22.38369175558819
 11
-154.377789415087
 21
22.32316871098251
 72
     1
 10
-154.3777894150871
 20
22.32316871098243
 11
-154.4471736668154
 21
22.38445777033327
 72
     1
 10
-154.4471736668147
 20
22.38445777033354
 11
-154.4010277808265
 21
22.41213300645551
 72
     1
 10
-154.401027780827
 20
22.41213300645524
 11
-154.3709385601279
 21
22.44147254736059
 72
     1
 10
-154.3709385601273
 20
22.44147254736089
 11
-154.3925128699228
 21
22.54649353395238
 72
     1
 10
-154.3925128699236
 20
22.54649353395234
 11
-154.4727815922267
 21
22.63325455061236
 72
     1
 10
-154.4727815922267
 20
22.63325455061238
 11
-154.4914170527697
 21
22.66223477553128
 72
     1
 10
-154.4914170527697
 20
22.66223477553126
 11
-154.5222409857795
 21
22.65190542502828
 72
     1
 10
-154.5222409857792
 20
22.6519054250283
 11
-154.543844504157
 21
22.60004742611457
 72
     1
 10
-154.5438445041573
 20
22.60004742611454
 11
-154.6407537856036
 21
22.52624153172246
 72
     1
 10
-154.6407537856034
 20
22.52624153172246
 11
-154.7581426105701
 21
22.48972159190662
 72
     1
 10
-154.7581426105689
 20
22.48972159190663
 11
-154.8618735384305
 21
22.45449084661033
 72
     1
 10
-154.8618735384311
 20
22.45449084661033
 11
-154.9333111086494
 21
22.39156907095804
 72
     1
 10
-154.9333111086494
 20
22.39156907095776
 11
-154.9667284411533
 21
22.33011614787615
 97
        0
 92
        1
 93
       69
 72
     1
 10
-154.4149339506432
 20
21.077372435337
 11
-154.3826259887343
 21
21.12812089770153
 72
     1
 10
-154.3826259887344
 20
21.12812089770153
 11
-154.3700628579663
 21
21.19714512423287
 72
     1
 10
-154.3700628579663
 20
21.19714512423286
 11
-154.2244434995597
 21
21.19287084191035
 72
     1
 10
-154.2244434995596
 20
21.19287084191063
 11
-154.1369638682948
 21
21.17568882003901
 72
     1
 10
-154.1369638682943
 20
21.17568882003928
 11
-154.069409095195
 21
21.20114498311049
 72
     1
 10
-154.0694090951956
 20
21.20114498311023
 11
-154.0426333820705
 21
21.27681063454606
 72
     1
 10
-154.0426333820703
 20
21.27681063454611
 11
-154.0533232213427
 21
21.3563596638337
 72
     1
 10
-154.0533232213429
 20
21.35635966383341
 11
-154.0752721894468
 21
21.43166599924624
 72
     1
 10
-154.0752721894466
 20
21.43166599924644
 11
-154.12324755409
 21
21.4907359855405
 72
     1
 10
-154.12324755409
 20
21.49073598554054
 11
-154.2050003052798
 21
21.5370778902853
 72
     1
 10
-154.2050003052798
 20
21.53707789028528
 11
-154.2391377458361
 21
21.5730746503357
 72
     1
 10
-154.2391377458366
 20
21.57307465033546
 11
-154.3526291693691
 21
21.65245981586859
 72
     1
 10
-154.3526291693692
 20
21.65245981586884
 11
-154.4227481334149
 21
21.7327590656402
 72
     1
 10
-154.4227481334153
 20
21.73275906564021
 11
-154.4792092003801
 21
21.81434750995107
 72
     1
 10
-154.4792092003797
 20
21.81434750995078
 11
-154.5342008427297
 21
21.85791557339536
 72
     1
 10
-154.5342008427303
 20
21.85791557339559
 11
-154.5807067827634
 21
21.87896517886785
 72
     1
 10
-154.5807067827627
 20
21.87896517886787
 11
-154.6547231482134
 21
21.843359323314
 72
     1
 10
-154.6547231482129
 20
21.84335932331373
 11
-154.7191444407583
 21
21.79593947053095
 72
     1
 10
-154.7191444407583
 20
21.79593947053098
 11
-154.7455454955783
 21
21.7499884702483
 72
     1
 10
-154.7455454955782
 20
21.74998847024824
 11
-154.725620637429
 21
21.70735028531597
 72
     1
 10
-154.725620637429
 20
21.70735028531595
 11
-154.668230226847
 21
21.66082872253715
 72
     1
 10
-154.6682302268471
 20
21.66082872253719
 11
-154.6003153997498
 21
21.63756004397551
 72
     1
 10
-154.6003153997499
 20
21.63756004397521
 11
-154.4737207644428
 21
21.5541118426627
 72
     1
 10
-154.4737207644427
 20
21.55411184266274
 11
-154.3172315397568
 21
21.4459261102703
 72
     1
 10
-154.3172315397562
 20
21.44592611027054
 11
-154.3104098933584
 21
21.40735096117635
 72
     1
 10
-154.3104098933584
 20
21.40735096117641
 11
-154.3652361129424
 21
21.34811711110759
 72
     1
 10
-154.3652361129418
 20
21.34811711110757
 11
-154.4137807671998
 21
21.32339537428849
 72
     1
 10
-154.4137807672005
 20
21.32339537428851
 11
-154.5206451755865
 21
21.31012831873507
 72
     1
 10
-154.5206451755869
 20
21.31012831873505
 11
-154.5898640046033
 21
21.26861546455121
 72
     1
 10
-154.5898640046034
 20
21.26861546455121
 11
-154.6880334751238
 21
21.36534651570855
 72
     1
 10
-154.6880334751231
 20
21.36534651570855
 11
-154.7705209386296
 21
21.43069861088275
 72
     1
 10
-154.7705209386304
 20
21.43069861088298
 11
-154.8227391544457
 21
21.50102782620785
 72
     1
 10
-154.8227391544451
 20
21.50102782620786
 11
-154.8592753632354
 21
21.5399780855754
 72
     1
 10
-154.8592753632354
 20
21.5399780855754
 11
-154.9061413572722
 21
21.60975253261997
 72
     1
 10
-154.9061413572726
 20
21.60975253261995
 11
-154.9827219137276
 21
21.67990208994051
 72
     1
 10
-154.9827219137271
 20
21.6799020899403
 11
-155.0744443961347
 21
21.7083433407795
 72
     1
 10
-155.0744443961348
 20
21.70834334077949
 11
-155.106377699746
 21
21.68730952958576
 72
     1
 10
-155.1063776997459
 20
21.68730952958572
 11
-155.1032588234802
 21
21.58690634710392
 72
     1
 10
-155.1032588234802
 20
21.58690634710365
 11
-155.0543687194993
 21
21.48446374956197
 72
     1
 10
-155.0543687194993
 20
21.484463749562
 11
-154.9403226106867
 21
21.41043081442865
 72
     1
 10
-154.9403226106867
 20
21.41043081442865
 11
-154.8310740383174
 21
21.3423048779174
 72
     1
 10
-154.8310740383176
 20
21.34230487791734
 11
-154.7177772460876
 21
21.20884264049297
 72
     1
 10
-154.7177772460863
 20
21.208842640493
 11
-154.6471035967261
 21
21.13389562103898
 72
     1
 10
-154.6471035967261
 20
21.13389562103896
 11
-154.6893812898481
 21
21.06524650481153
 72
     1
 10
-154.6893812898481
 20
21.06524650481151
 11
-154.7945962466416
 21
20.98959664758727
 72
     1
 10
-154.7945962466417
 20
20.98959664758758
 11
-154.9149385251122
 21
20.95067797670516
 72
     1
 10
-154.9149385251116
 20
20.95067797670515
 11
-155.0343514600098
 21
20.94682618742015
 72
     1
 10
-155.0343514600101
 20
20.94682618742013
 11
-155.1965675647697
 21
21.02585203686913
 72
     1
 10
-155.1965675647686
 20
21.02585203686908
 11
-155.2325490882554
 21
21.07015452661581
 72
     1
 10
-155.2325490882554
 20
21.07015452661585
 11
-155.326641130351
 21
21.25842826227104
 72
     1
 10
-155.3266411303511
 20
21.25842826227108
 11
-155.3421431103603
 21
21.26544479744607
 72
     1
 10
-155.3421431103607
 20
21.26544479744604
 11
-155.4104618043042
 21
21.10211983931118
 72
     1
 10
-155.4104618043043
 20
21.10211983931117
 11
-155.4671321068371
 21
21.05119171892316
 72
     1
 10
-155.4671321068372
 20
21.05119171892312
 11
-155.3623210169236
 21
20.94024793947161
 72
     1
 10
-155.3623210169244
 20
20.94024793947136
 11
-155.2436573986577
 21
20.88467042649671
 72
     1
 10
-155.2436573986574
 20
20.88467042649671
 11
-155.0779331550352
 21
20.81339553844481
 72
     1
 10
-155.0779331550347
 20
20.81339553844481
 11
-154.9498544908132
 21
20.77036644897488
 72
     1
 10
-154.9498544908131
 20
20.77036644897515
 11
-154.7567998487904
 21
20.78010944270699
 72
     1
 10
-154.7567998487904
 20
20.78010944270699
 11
-154.663398706181
 21
20.84616437570775
 72
     1
 10
-154.6633987061816
 20
20.84616437570799
 11
-154.5459952769416
 21
20.96112380823456
 72
     1
 10
-154.5459952769422
 20
20.96112380823456
 11
-154.3788162129787
 21
20.77338904660642
 72
     1
 10
-154.3788162129776
 20
20.77338904660638
 11
-154.337302440715
 21
20.70416936779781
 72
     1
 10
-154.3373024407149
 20
20.70416936779787
 11
-154.280466715446
 21
20.6522955746312
 72
     1
 10
-154.2804667154466
 20
20.65229557463141
 11
-154.2271245247433
 21
20.67111031284577
 72
     1
 10
-154.2271245247432
 20
20.67111031284577
 11
-154.1630632862269
 21
20.76725500721219
 72
     1
 10
-154.1630632862266
 20
20.76725500721199
 11
-154.1837228567163
 21
20.82890338259352
 72
     1
 10
-154.1837228567174
 20
20.82890338259347
 11
-154.2658356619276
 21
20.92397012892163
 72
     1
 10
-154.2658356619272
 20
20.92397012892161
 11
-154.372490834772
 21
21.04321963806101
 72
     1
 10
-154.3724908347715
 20
21.04321963806103
 11
-154.4149339506434
 21
21.07737243533723
 97
        0
 92
        1
 93
       14
 72
     1
 10
-158.6290722303161
 20
24.04548024188614
 11
-158.6230620867386
 21
24.12934225246252
 72
     1
 10
-158.6230620867381
 20
24.12934225246227
 11
-158.6549751626515
 21
24.27211575216265
 72
     1
 10
-158.6549751626514
 20
24.27211575216296
 11
-158.7139588414061
 21
24.35079920063985
 72
     1
 10
-158.7139588414056
 20
24.35079920063981
 11
-158.774945901303
 21
24.40152864558686
 72
     1
 10
-158.7749459013034
 20
24.40152864558667
 11
-158.8298508532302
 21
24.41951029008341
 72
     1
 10
-158.8298508532305
 20
24.4195102900834
 11
-158.8862583410354
 21
24.41652643193322
 72
     1
 10
-158.8862583410348
 20
24.41652643193322
 11
-158.9356055341217
 21
24.29643218238696
 72
     1
 10
-158.9356055341218
 20
24.2964321823867
 11
-158.9293324895228
 21
24.22714394519461
 72
     1
 10
-158.9293324895227
 20
24.2271439451946
 11
-158.9205787223138
 21
24.0944586197363
 72
     1
 10
-158.9205787223134
 20
24.09445861973632
 11
-158.8398428024771
 21
23.96645127602924
 72
     1
 10
-158.8398428024775
 20
23.96645127602892
 11
-158.8032076784378
 21
23.94837344023831
 72
     1
 10
-158.8032076784379
 20
23.94837344023835
 11
-158.6824026818963
 21
23.96781757795338
 72
     1
 10
-158.6824026818958
 20
23.96781757795338
 11
-158.6551411425245
 21
23.99536719244379
 72
     1
 10
-158.655141142525
 20
23.9953671924435
 11
-158.6290722303166
 21
24.04548024188587
 97
        0
 92
        1
 93
       60
 72
     1
 10
-159.6855996560473
 20
24.57353011579642
 11
-159.7794530219358
 21
24.53810665493577
 72
     1
 10
-159.7794530219366
 20
24.53810665493575
 11
-159.8309710289098
 21
24.52493843127304
 72
     1
 10
-159.8309710289093
 20
24.52493843127303
 11
-159.8615240449371
 21
24.51026846659146
 72
     1
 10
-159.8615240449371
 20
24.51026846659147
 11
-159.8646245850026
 21
24.4866076796493
 72
     1
 10
-159.8646245850027
 20
24.4866076796493
 11
-159.8257951432014
 21
24.45994341067204
 72
     1
 10
-159.8257951432008
 20
24.45994341067177
 11
-159.757008998956
 21
24.45923082388328
 72
     1
 10
-159.757008998956
 20
24.45923082388299
 11
-159.6473900316707
 21
24.45980797161392
 72
     1
 10
-159.6473900316707
 20
24.45980797161394
 11
-159.4578943591792
 21
24.49680974091532
 72
     1
 10
-159.4578943591798
 20
24.49680974091558
 11
-159.3509705549858
 21
24.49898482093155
 72
     1
 10
-159.3509705549857
 20
24.4989848209313
 11
-159.2362476664703
 21
24.55117675916298
 72
     1
 10
-159.2362476664705
 20
24.55117675916267
 11
-159.1153236977826
 21
24.6506902712013
 72
     1
 10
-159.1153236977825
 20
24.65069027120154
 11
-159.0367350880206
 21
24.72794854605564
 72
     1
 10
-159.0367350880203
 20
24.72794854605564
 11
-158.9324829430344
 21
24.83006115113832
 72
     1
 10
-158.9324829430343
 20
24.83006115113835
 11
-158.866201025279
 21
24.79440605993814
 72
     1
 10
-158.8662010252785
 20
24.79440605993813
 11
-158.6469865946192
 21
24.69722076271836
 72
     1
 10
-158.6469865946192
 20
24.69722076271836
 11
-158.6081571528053
 21
24.67055649373977
 72
     1
 10
-158.6081571528048
 20
24.67055649373975
 11
-158.5027358844909
 21
24.65176607115147
 72
     1
 10
-158.5027358844916
 20
24.65176607115149
 11
-158.4300619500232
 21
24.62689211706696
 72
     1
 10
-158.430061950022
 20
24.6268921170672
 11
-158.3742507757698
 21
24.64115769267246
 72
     1
 10
-158.3742507757697
 20
24.64115769267249
 11
-158.3310091945804
 21
24.69566015002009
 72
     1
 10
-158.3310091945804
 20
24.69566015002011
 11
-158.3226137966665
 21
24.7343952906791
 72
     1
 10
-158.3226137966667
 20
24.73439529067906
 11
-158.3324882266048
 21
24.7730342400284
 72
     1
 10
-158.3324882266049
 20
24.77303424002816
 11
-158.3729156726099
 21
24.79700322474281
 72
     1
 10
-158.3729156726099
 20
24.7970032247431
 11
-158.4412964398402
 21
24.822974530792
 72
     1
 10
-158.4412964398402
 20
24.82297453079195
 11
-158.5839491457686
 21
24.87112450665277
 72
     1
 10
-158.5839491457686
 20
24.87112450665251
 11
-158.7115280321944
 21
24.91398010524273
 72
     1
 10
-158.711528032195
 20
24.91398010524273
 11
-158.7800042677166
 21
24.95822162964829
 72
     1
 10
-158.7800042677168
 20
24.95822162964828
 11
-158.8150413875763
 21
24.97899474971623
 72
     1
 10
-158.8150413875762
 20
24.97899474971627
 11
-158.7519319743318
 21
25.03628868263612
 72
     1
 10
-158.7519319743314
 20
25.03628868263632
 11
-158.6670468161083
 21
25.14259831298387
 72
     1
 10
-158.6670468161087
 20
25.14259831298387
 11
-158.5648935206097
 21
25.23502713286125
 72
     1
 10
-158.5648935206095
 20
25.23502713286098
 11
-158.4514587275297
 21
25.32805272439341
 72
     1
 10
-158.4514587275291
 20
25.32805272439345
 11
-158.3486136501691
 21
25.39092960845118
 72
     1
 10
-158.3486136501687
 20
25.39092960845119
 11
-158.3117640856737
 21
25.43465092861961
 72
     1
 10
-158.3117640856746
 20
25.43465092861988
 11
-158.2884858048478
 21
25.50463212877143
 72
     1
 10
-158.2884858048474
 20
25.50463212877139
 11
-158.2866733602194
 21
25.56912656900249
 72
     1
 10
-158.2866733602195
 20
25.56912656900249
 11
-158.3186099399914
 21
25.61356047598601
 72
     1
 10
-158.3186099399916
 20
25.61356047598605
 11
-158.349353892582
 21
25.63543094802207
 72
     1
 10
-158.3493538925825
 20
25.6354309480218
 11
-158.4304232250196
 21
25.62156976145838
 72
     1
 10
-158.430423225019
 20
25.62156976145866
 11
-158.4702543574049
 21
25.63425702863847
 72
     1
 10
-158.4702543574049
 20
25.63425702863844
 11
-158.5608162466269
 21
25.58595391801107
 72
     1
 10
-158.5608162466269
 20
25.58595391801106
 11
-158.7863977373028
 21
25.35906908162857
 72
     1
 10
-158.7863977373029
 20
25.35906908162861
 11
-158.8740735268879
 21
25.27262760195122
 72
     1
 10
-158.8740735268882
 20
25.27262760195117
 11
-159.0192774670071
 21
25.08915588801442
 72
     1
 10
-159.019277467007
 20
25.08915588801443
 11
-159.1463555081371
 21
25.13899998747835
 72
     1
 10
-159.1463555081363
 20
25.13899998747866
 11
-159.4026104398396
 21
25.22900440120329
 72
     1
 10
-159.4026104398399
 20
25.22900440120327
 11
-159.4418452586376
 21
25.23040995091248
 72
     1
 10
-159.4418452586376
 20
25.23040995091219
 11
-159.5024504454293
 21
25.20805852247518
 72
     1
 10
-159.5024504454293
 20
25.2080585224752
 11
-159.5814209283369
 21
25.20388112103967
 72
     1
 10
-159.5814209283369
 20
25.20388112103939
 11
-159.6151699527501
 21
25.1838205877934
 72
     1
 10
-159.6151699527499
 20
25.18382058779343
 11
-159.6283593632253
 21
25.1369995942613
 72
     1
 10
-159.6283593632251
 20
25.13699959426134
 11
-159.6040074273231
 21
25.10434798505197
 72
     1
 10
-159.6040074273223
 20
25.1043479850519
 11
-159.5646771402269
 21
25.08467221699181
 72
     1
 10
-159.5646771402273
 20
25.08467221699181
 11
-159.4652425116665
 21
25.08035937650372
 72
     1
 10
-159.465242511666
 20
25.08035937650374
 11
-159.3683121095636
 21
25.04110403160734
 72
     1
 10
-159.3683121095637
 20
25.04110403160735
 11
-159.1717561423384
 21
24.9609954094934
 72
     1
 10
-159.1717561423377
 20
24.96099540949342
 11
-159.2882914754531
 21
24.84430903100986
 72
     1
 10
-159.2882914754532
 20
24.8443090310098
 11
-159.4644303047777
 21
24.71924822586217
 72
     1
 10
-159.4644303047771
 20
24.7192482258622
 11
-159.5962303940139
 21
24.64439666142107
 72
     1
 10
-159.5962303940148
 20
24.6443966614213
 11
-159.6855996560476
 21
24.57353011579666
 97
        0
 92
        1
 93
       22
 72
     1
 10
-166.112499835297
 20
24.97267756090196
 11
-166.0978298948668
 21
24.99302614379867
 72
     1
 10
-166.0978298948675
 20
24.99302614379866
 11
-166.0577174453932
 21
24.98684510777024
 72
     1
 10
-166.0577174453931
 20
24.98684510777025
 11
-165.9876252098728
 21
24.93267181966881
 72
     1
 10
-165.9876252098734
 20
24.93267181966877
 11
-165.9225438807711
 21
24.79206409410273
 72
     1
 10
-165.9225438807707
 20
24.79206409410273
 11
-165.8975750011606
 21
24.6576374045833
 72
     1
 10
-165.8975750011607
 20
24.65763740458328
 11
-165.8454101724559
 21
24.42719933105227
 72
     1
 10
-165.8454101724555
 20
24.42719933105258
 11
-165.7706143841709
 21
24.15497692139019
 72
     1
 10
-165.7706143841708
 20
24.15497692139019
 11
-165.7399669802233
 21
23.98553083676373
 72
     1
 10
-165.7399669802235
 20
23.9855308367637
 11
-165.709959481511
 21
23.90477416999106
 72
     1
 10
-165.7099594815113
 20
23.90477416999136
 11
-165.7098763436259
 21
23.806480925764
 72
     1
 10
-165.7098763436261
 20
23.80648092576405
 11
-165.7363492496257
 21
23.71550964769397
 72
     1
 10
-165.7363492496258
 20
23.71550964769392
 11
-165.7962256838741
 21
23.71320090754523
 72
     1
 10
-165.7962256838746
 20
23.71320090754523
 11
-165.8595535728967
 21
23.78432686807985
 72
     1
 10
-165.8595535728966
 20
23.78432686807986
 11
-165.9127210859082
 21
23.86449962984938
 72
     1
 10
-165.9127210859073
 20
23.86449962984915
 11
-165.9353797580502
 21
23.93904838073598
 72
     1
 10
-165.9353797580499
 20
23.93904838073598
 11
-165.9326513464026
 21
24.05259634214012
 72
     1
 10
-165.9326513464029
 20
24.05259634214008
 11
-165.924856603011
 21
24.18704991157956
 72
     1
 10
-165.9248566030112
 20
24.18704991157961
 11
-165.9815587086992
 21
24.4389506182411
 72
     1
 10
-165.9815587086996
 20
24.43895061824105
 11
-166.0235354487515
 21
24.64567107827047
 72
     1
 10
-166.0235354487506
 20
24.64567107827077
 11
-166.0603350065549
 21
24.74223948738357
 72
     1
 10
-166.0603350065557
 20
24.7422394873833
 11
-166.0779550596509
 21
24.87045826099824
 72
     1
 10
-166.0779550596507
 20
24.87045826099854
 11
-166.1124998352972
 21
24.97267756090192
 97
        0
 92
        1
 93
       10
 72
     1
 10
-166.099663957993
 20
25.82569327429343
 11
-166.1459562739669
 21
25.79176104954446
 72
     1
 10
-166.1459562739669
 20
25.79176104954445
 11
-166.1735981399754
 21
25.74711094818704
 72
     1
 10
-166.1735981399754
 20
25.74711094818707
 11
-166.1458731360643
 21
25.69346780536006
 72
     1
 10
-166.1458731360644
 20
25.69346780536034
 11
-166.0644238518092
 21
25.56925572709465
 72
     1
 10
-166.0644238518086
 20
25.56925572709435
 11
-166.0113117641007
 21
25.55461179476644
 72
     1
 10
-166.0113117641003
 20
25.55461179476675
 11
-165.9638782007112
 21
25.57498725755213
 72
     1
 10
-165.9638782007114
 20
25.57498725755209
 11
-165.9232644091113
 21
25.6439388773707
 72
     1
 10
-165.9232644091114
 20
25.64393887737072
 11
-165.9442250664829
 21
25.71453469267383
 72
     1
 10
-165.9442250664829
 20
25.71453469267408
 11
-165.9900160403124
 21
25.75573512380265
 72
     1
 10
-165.9900160403124
 20
25.75573512380265
 11
-166.0996639579929
 21
25.82569327429342
 97
        0
 92
        1
 93
       72
 72
     1
 10
-165.1777754650684
 20
25.17285557162904
 11
-165.1801133850931
 21
25.26549792507235
 72
     1
 10
-165.1801133850931
 20
25.26549792507234
 11
-165.2124033785758
 21
25.37336811577242
 72
     1
 10
-165.2124033785753
 20
25.37336811577239
 11
-165.1260817510118
 21
25.49941254869606
 72
     1
 10
-165.1260817510124
 20
25.49941254869606
 11
-165.0521475689941
 21
25.57799487482745
 72
     1
 10
-165.0521475689936
 20
25.57799487482748
 11
-165.0074147046701
 21
25.45205796145965
 72
     1
 10
-165.00741470467
 20
25.45205796145962
 11
-165.0078883341894
 21
25.34416089081475
 72
     1
 10
-165.0078883341894
 20
25.34416089081475
 11
-165.0558509523101
 21
25.28141718689482
 72
     1
 10
-165.0558509523103
 20
25.2814171868946
 11
-165.0106167458551
 21
25.23061292939194
 72
     1
 10
-165.0106167458545
 20
25.23061292939224
 11
-164.94567397991
 21
25.25382727752627
 72
     1
 10
-164.94567397991
 20
25.25382727752623
 11
-164.9078717378419
 21
25.30752418015565
 72
     1
 10
-164.9078717378424
 20
25.30752418015567
 11
-164.8571252827961
 21
25.41828701603807
 72
     1
 10
-164.857125282796
 20
25.41828701603833
 11
-164.850471786777
 21
25.56629734743558
 72
     1
 10
-164.8504717867761
 20
25.56629734743558
 11
-164.8646680976922
 21
25.6538458351529
 72
     1
 10
-164.8646680976926
 20
25.65384583515265
 11
-164.9212593528342
 21
25.77468888284457
 72
     1
 10
-164.9212593528348
 20
25.77468888284483
 11
-164.9444193671639
 21
25.77410497782279
 72
     1
 10
-164.9444193671641
 20
25.77410497782279
 11
-164.9647401193127
 21
25.75601137525972
 72
     1
 10
-164.9647401193126
 20
25.75601137525973
 11
-164.9648232571794
 21
25.85430461948126
 72
     1
 10
-164.964823257179
 20
25.8543046194813
 11
-164.932115059462
 21
25.91986032887375
 72
     1
 10
-164.9321150594623
 20
25.91986032887371
 11
-164.912990979977
 21
26.01703952284856
 72
     1
 10
-164.9129909799774
 20
26.01703952284856
 11
-164.8661696092359
 21
26.09333998875695
 72
     1
 10
-164.8661696092358
 20
26.09333998875695
 11
-164.8346026589282
 21
26.17245246006983
 72
     1
 10
-164.8346026589277
 20
26.17245246006979
 11
-164.7888948229654
 21
26.22954527319936
 72
     1
 10
-164.7888948229658
 20
26.22954527319928
 11
-164.7912050303841
 21
26.28942321186912
 72
     1
 10
-164.7912050303841
 20
26.28942321186924
 11
-164.863496622831
 21
26.27241677964012
 72
     1
 10
-164.863496622831
 20
26.27241677964025
 11
-165.0526741089525
 21
26.20051875491008
 72
     1
 10
-165.052674108952
 20
26.20051875490998
 11
-165.097852890171
 21
26.18579418290282
 72
     1
 10
-165.097852890171
 20
26.18579418290261
 11
-165.0917007363026
 21
26.25867185845283
 72
     1
 10
-165.0917007363025
 20
26.25867185845317
 11
-165.0804545380951
 21
26.31969072725277
 72
     1
 10
-165.0804545380952
 20
26.31969072725246
 11
-165.096321151146
 21
26.37842773579873
 72
     1
 10
-165.0963211511459
 20
26.37842773579888
 11
-165.1262732245792
 21
26.39365557310526
 72
     1
 10
-165.1262732245791
 20
26.39365557310526
 11
-165.3018943050559
 21
26.3228984784743
 72
     1
 10
-165.3018943050558
 20
26.32289847847443
 11
-165.3645822888302
 21
26.30533502115537
 72
     1
 10
-165.3645822888299
 20
26.30533502115526
 11
-165.4142706343585
 21
26.27930866756122
 72
     1
 10
-165.4142706343591
 20
26.27930866756122
 11
-165.4169990460306
 21
26.16576070615682
 72
     1
 10
-165.4169990460311
 20
26.16576070615679
 11
-165.4626791693817
 21
26.07590347829664
 72
     1
 10
-165.4626791693817
 20
26.07590347829682
 11
-165.4818032488485
 21
25.97872428430383
 72
     1
 10
-165.4818032488474
 20
25.97872428430384
 11
-165.507190332698
 21
25.93972507374916
 72
     1
 10
-165.5071903326986
 20
25.93972507374918
 11
-165.5133701991977
 21
25.89961181294755
 72
     1
 10
-165.5133701991981
 20
25.89961181294751
 11
-165.5709364259792
 21
25.83742513416677
 72
     1
 10
-165.5709364259792
 20
25.8374251341665
 11
-165.5692106985714
 21
25.80070778382814
 72
     1
 10
-165.5692106985709
 20
25.8007077838281
 11
-165.5228906699673
 21
25.80187559386536
 72
     1
 10
-165.5228906699674
 20
25.80187559386536
 11
-165.426937721065
 21
25.89459858695109
 72
     1
 10
-165.4269377210648
 20
25.89459858695113
 11
-165.2959940796749
 21
26.02576376544011
 72
     1
 10
-165.295994079675
 20
26.02576376544005
 11
-165.1672775078191
 21
26.11851363843264
 72
     1
 10
-165.1672775078195
 20
26.11851363843266
 11
-165.0718259010551
 21
26.13610397563462
 72
     1
 10
-165.0718259010545
 20
26.13610397563486
 11
-165.0361953032659
 21
26.08585674326493
 72
     1
 10
-165.0361953032661
 20
26.08585674326474
 11
-165.0818200013322
 21
25.93047068594471
 72
     1
 10
-165.0818200013323
 20
25.93047068594473
 11
-165.0761137643526
 21
25.86268687608939
 72
     1
 10
-165.0761137643524
 20
25.86268687608941
 11
-165.1071239472975
 21
25.79317823112584
 72
     1
 10
-165.1071239472976
 20
25.79317823112587
 11
-165.1025312450976
 21
25.70618676854059
 72
     1
 10
-165.102531245097
 20
25.70618676854059
 11
-165.0787590381386
 21
25.65084567045773
 72
     1
 10
-165.0787590381387
 20
25.65084567045739
 11
-165.0606376429419
 21
25.59775955271367
 72
     1
 10
-165.0606376429425
 20
25.59775955271374
 11
-165.1938637791069
 21
25.49370789809703
 72
     1
 10
-165.1938637791074
 20
25.493707898097
 11
-165.2491752237616
 21
25.43717211012449
 72
     1
 10
-165.2491752237611
 20
25.43717211012449
 11
-165.2859747815775
 21
25.53374051922519
 72
     1
 10
-165.2859747815776
 20
25.53374051922515
 11
-165.3588785666898
 21
25.5726590901003
 72
     1
 10
-165.3588785666904
 20
25.57265909010033
 11
-165.452632158653
 21
25.55111581732111
 72
     1
 10
-165.4526321586529
 20
25.55111581732138
 11
-165.5062733011291
 21
25.52339150850214
 72
     1
 10
-165.5062733011298
 20
25.52339150850185
 11
-165.537283484057
 21
25.45388286354437
 72
     1
 10
-165.5372834840568
 20
25.45388286354438
 11
-165.4214834125922
 21
25.45680238854171
 72
     1
 10
-165.4214834125916
 20
25.45680238854146
 11
-165.3790884682865
 21
25.42350782858615
 72
     1
 10
-165.3790884682871
 20
25.42350782858637
 11
-165.3603825930619
 21
25.34726112251713
 72
     1
 10
-165.3603825930615
 20
25.34726112251713
 11
-165.4906863292165
 21
25.12740652615001
 72
     1
 10
-165.4906863292165
 20
25.12740652615003
 11
-165.5712740071627
 21
24.90081386864086
 72
     1
 10
-165.5712740071626
 20
24.90081386864086
 11
-165.6163142252181
 21
24.72226722297683
 72
     1
 10
-165.616314225218
 20
24.72226722297683
 11
-165.6156743199702
 21
24.63357780511092
 72
     1
 10
-165.615674319971
 20
24.63357780511064
 11
-165.5715813608948
 21
24.5963303095842
 72
     1
 10
-165.5715813608947
 20
24.59633030958446
 11
-165.5094501445184
 21
24.60428994049268
 72
     1
 10
-165.509450144518
 20
24.60428994049244
 11
-165.4320922203507
 21
24.64220198071967
 72
     1
 10
-165.4320922203505
 20
24.6422019807199
 11
-165.3327709545107
 21
24.75978351738728
 72
     1
 10
-165.3327709545108
 20
24.75978351738729
 11
-165.2188351735452
 21
24.9632424664296
 72
     1
 10
-165.2188351735451
 20
24.96324246642934
 11
-165.1777754650684
 21
25.17285557162876
 97
        0
 92
        1
 93
       30
 72
     1
 10
-164.7512890841249
 20
25.84770095778407
 11
-164.8179298648291
 21
25.82843954524591
 72
     1
 10
-164.8179298648292
 20
25.82843954524583
 11
-164.8546462847731
 21
25.8267147101189
 72
     1
 10
-164.854646284773
 20
25.82671471011895
 11
-164.9020798481563
 21
25.80633924735198
 72
     1
 10
-164.9020798481563
 20
25.8063392473523
 11
-164.8620228239002
 21
25.86568704080342
 72
     1
 10
-164.8620228238996
 20
25.8656870408031
 11
-164.7954097558134
 21
25.91771286807748
 72
     1
 10
-164.795409755814
 20
25.91771286807773
 11
-164.6707014061367
 21
26.07429361531201
 72
     1
 10
-164.670701406136
 20
26.07429361531217
 11
-164.6464278570646
 21
26.09408517310026
 72
     1
 10
-164.6464278570647
 20
26.09408517310015
 11
-164.6340404114531
 21
26.14154727992403
 72
     1
 10
-164.634040411453
 20
26.141547279924
 11
-164.5724936750753
 21
26.17266749920045
 72
     1
 10
-164.5724936750753
 20
26.17266749920049
 11
-164.5425416016784
 21
26.1574396618816
 72
     1
 10
-164.542541601679
 20
26.15743966188154
 11
-164.5385333794584
 21
26.09360878763457
 72
     1
 10
-164.5385333794584
 20
26.09360878763431
 11
-164.5717983445746
 21
26.01844925189251
 72
     1
 10
-164.571798344574
 20
26.01844925189255
 11
-164.5841857901604
 21
25.97098714504443
 72
     1
 10
-164.5841857901605
 20
25.97098714504443
 11
-164.6485163634459
 21
25.89184779382442
 72
     1
 10
-164.6485163634452
 20
25.89184779382441
 11
-164.6529982151489
 21
25.84778159746408
 72
     1
 10
-164.6529982151498
 20
25.84778159746384
 11
-164.5958501926157
 21
25.73654237616443
 72
     1
 10
-164.5958501926147
 20
25.73654237616444
 11
-164.5353338531188
 21
25.65016169844722
 72
     1
 10
-164.5353338531195
 20
25.65016169844722
 11
-164.4980329531834
 21
25.62872594524835
 72
     1
 10
-164.4980329531838
 20
25.62872594524833
 11
-164.4426937959053
 21
25.65249731849067
 72
     1
 10
-164.4426937959053
 20
25.6524973184907
 11
-164.4116559003353
 21
25.6892415486875
 72
     1
 10
-164.4116559003359
 20
25.68924154868751
 11
-164.3721279308664
 21
25.70622110102149
 72
     1
 10
-164.3721279308663
 20
25.70622110102147
 11
-164.3737705203888
 21
25.64464520710774
 72
     1
 10
-164.3737705203887
 20
25.64464520710771
 11
-164.3929223124977
 21
25.58023042782643
 72
     1
 10
-164.3929223124978
 20
25.58023042782645
 11
-164.3883573228721
 21
25.52600337998449
 72
     1
 10
-164.3883573228722
 20
25.5260033799845
 11
-164.4250460302044
 21
25.49151413012718
 72
     1
 10
-164.4250460302044
 20
25.49151413012692
 11
-164.4854792317971
 21
25.4796015636352
 72
     1
 10
-164.4854792317971
 20
25.47960156363547
 11
-164.5402893343065
 21
25.49819843150395
 72
     1
 10
-164.5402893343064
 20
25.49819843150363
 11
-164.6058720055349
 21
25.56367350119813
 72
     1
 10
-164.6058720055343
 20
25.56367350119814
 11
-164.6760196663328
 21
25.68337561875384
 72
     1
 10
-164.6760196663328
 20
25.6833756187541
 11
-164.7512890841248
 21
25.84770095778404
 97
        0
 92
       16
 93
        7
 72
     1
 10
-165.3143976308006
 20
25.07670978820375
 11
-165.3454078137521
 21
25.00720114325864
 72
     1
 10
-165.3454078137531
 20
25.00720114325861
 11
-165.3611912889313
 21
24.96764490756507
 72
     1
 10
-165.3611912889309
 20
24.96764490756476
 11
-165.4063700701379
 21
24.95292033560708
 72
     1
 10
-165.4063700701378
 20
24.95292033560713
 11
-165.4261894801243
 21
25.00995938892798
 72
     1
 10
-165.4261894801248
 20
25.00995938892794
 11
-165.3754707376896
 21
25.15348663951628
 72
     1
 10
-165.3754707376893
 20
25.1534866395163
 11
-165.3450173221366
 21
25.2133914580876
 72
     1
 10
-165.3450173221363
 20
25.21339145808764
 11
-165.314397630801
 21
25.07670978820373
 97
        0
 92
        1
 93
       15
 72
     1
 10
-166.0913703872911
 20
25.37038737839259
 11
-166.1060957529389
 21
25.41556762497542
 72
     1
 10
-166.1060957529389
 20
25.41556762497544
 11
-166.1027274360207
 21
25.44042616857528
 72
     1
 10
-166.102727436021
 20
25.44042616857496
 11
-166.0688502782767
 21
25.45966070122418
 72
     1
 10
-166.0688502782759
 20
25.45966070122421
 11
-165.9478730245328
 21
25.352428175287
 72
     1
 10
-165.9478730245328
 20
25.35242817528695
 11
-165.9252420650085
 21
25.31064383916107
 72
     1
 10
-165.9252420650086
 20
25.31064383916106
 11
-165.942166787541
 21
25.28464436545638
 72
     1
 10
-165.942166787541
 20
25.28464436545642
 11
-165.9777142474449
 21
25.23659835362364
 72
     1
 10
-165.9777142474449
 20
25.23659835362332
 11
-165.98333734654
 21
25.20608891925104
 72
     1
 10
-165.9833373465399
 20
25.20608891925133
 11
-166.0058851682099
 21
25.1495800111433
 72
     1
 10
-166.0058851682099
 20
25.14958001114332
 11
-166.0544322663649
 21
25.10999689555473
 72
     1
 10
-166.054432266365
 20
25.10999689555445
 11
-166.0917054536529
 21
25.09866823408481
 72
     1
 10
-166.0917054536535
 20
25.09866823408481
 11
-166.1205439923328
 21
25.13310372415738
 72
     1
 10
-166.1205439923317
 20
25.13310372415737
 11
-166.1189014027965
 21
25.19467961805896
 72
     1
 10
-166.1189014027966
 20
25.19467961805901
 11
-166.1031456402426
 21
25.26700026847063
 72
     1
 10
-166.1031456402424
 20
25.26700026847038
 11
-166.0913703872911
 21
25.37038737839234
 97
        0
 92
        1
 93
       58
 72
     1
 10
-164.037283952505
 20
25.19921193650186
 11
-164.1345444245871
 21
25.31663219380358
 72
     1
 10
-164.1345444245871
 20
25.31663219380357
 11
-164.2424666148052
 21
25.34987299399996
 72
     1
 10
-164.2424666148045
 20
25.34987299399996
 11
-164.3176251820816
 21
25.38314067407819
 72
     1
 10
-164.3176251820814
 20
25.38314067407851
 11
-164.4203979027115
 21
25.33899383803914
 72
     1
 10
-164.4203979027118
 20
25.33899383803913
 11
-164.4819169264531
 21
25.2751092040199
 72
     1
 10
-164.4819169264528
 20
25.27510920401989
 11
-164.4739004820664
 21
25.14744745549457
 72
     1
 10
-164.4739004820671
 20
25.14744745549456
 11
-164.4885149972123
 21
25.06157004313782
 72
     1
 10
-164.4885149972117
 20
25.06157004313758
 11
-164.564064056086
 21
24.88864740835678
 72
     1
 10
-164.5640640560859
 20
24.88864740835675
 11
-164.6223810386911
 21
25.04620780636778
 72
     1
 10
-164.6223810386907
 20
25.04620780636782
 11
-164.6783323885794
 21
25.07836143622434
 72
     1
 10
-164.6783323885804
 20
25.07836143622461
 11
-164.7370675754135
 21
25.06249593413708
 72
     1
 10
-164.737067575413
 20
25.06249593413708
 11
-164.8121707174287
 21
25.03023478471841
 72
     1
 10
-164.8121707174293
 20
25.03023478471841
 11
-164.8211621334546
 21
24.97486680673418
 72
     1
 10
-164.821162133454
 20
24.97486680673416
 11
-164.941945398827
 21
24.85274842946152
 72
     1
 10
-164.9419453988271
 20
24.85274842946154
 11
-164.9341229427929
 21
24.9544375841769
 72
     1
 10
-164.9341229427928
 20
24.9544375841769
 11
-164.9511308032471
 21
25.02673135469903
 72
     1
 10
-164.9511308032472
 20
25.026731354699
 11
-164.9963650096965
 21
25.07753561220797
 72
     1
 10
-164.9963650096965
 20
25.07753561220795
 11
-165.0251758357514
 21
25.07920668753798
 72
     1
 10
-165.025175835751
 20
25.07920668753803
 11
-165.0725816864735
 21
25.02606681001692
 72
     1
 10
-165.0725816864735
 20
25.02606681001692
 11
-165.1024506220278
 21
24.94300140310163
 72
     1
 10
-165.1024506220278
 20
24.94300140310162
 11
-165.0961599050129
 21
24.85205700492708
 72
     1
 10
-165.0961599050122
 20
24.85205700492708
 11
-165.0830771288932
 21
24.74530086442447
 72
     1
 10
-165.0830771288942
 20
24.74530086442474
 11
-165.0829939910037
 21
24.64700762021557
 72
     1
 10
-165.0829939910027
 20
24.64700762021556
 11
-165.0473079679648
 21
24.5312315583238
 72
     1
 10
-165.0473079679652
 20
24.53123155832356
 11
-164.9878774506182
 21
24.39287881309093
 72
     1
 10
-164.9878774506185
 20
24.39287881309093
 11
-164.9273888237654
 21
24.33926255013417
 72
     1
 10
-164.9273888237651
 20
24.33926255013421
 11
-164.8912014585651
 21
24.29861914412636
 72
     1
 10
-164.8912014585653
 20
24.29861914412658
 11
-164.8714374738213
 21
24.3071089202845
 72
     1
 10
-164.8714374738213
 20
24.30710892028447
 11
-164.8161260291982
 21
24.36364470827516
 72
     1
 10
-164.8161260291981
 20
24.36364470827516
 11
-164.8065501331439
 21
24.39585209792172
 72
     1
 10
-164.8065501331443
 20
24.39585209792199
 11
-164.8824040309411
 21
24.58333802528982
 72
     1
 10
-164.88240403094
 20
24.58333802528983
 11
-164.9095999800714
 21
24.67934940927641
 72
     1
 10
-164.909599980072
 20
24.67934940927637
 11
-164.9107966527237
 21
24.75843500072504
 72
     1
 10
-164.9107966527237
 20
24.75843500072506
 11
-164.8628340346093
 21
24.82117870463867
 72
     1
 10
-164.8628340346095
 20
24.8211787046389
 11
-164.802985312985
 21
24.85625185951776
 72
     1
 10
-164.8029853129849
 20
24.85625185951779
 11
-164.7170818896504
 21
24.80887039234314
 72
     1
 10
-164.71708188965
 20
24.80887039234313
 11
-164.6616595944989
 21
24.73434852138212
 72
     1
 10
-164.6616595944997
 20
24.73434852138212
 11
-164.5983594180598
 21
24.69598697562137
 72
     1
 10
-164.5983594180598
 20
24.69598697562134
 11
-164.567293809878
 21
24.69996679108746
 72
     1
 10
-164.5672938098775
 20
24.69996679108721
 11
-164.5600004085983
 21
24.75928770463119
 72
     1
 10
-164.5600004085988
 20
24.75928770463145
 11
-164.5120377904844
 21
24.82203140854506
 72
     1
 10
-164.5120377904841
 20
24.82203140854472
 11
-164.487819666685
 21
24.90735179580552
 72
     1
 10
-164.4878196666852
 20
24.90735179580554
 11
-164.4534134541791
 21
24.96895456960822
 72
     1
 10
-164.4534134541791
 20
24.96895456960823
 11
-164.4602609385498
 21
25.05029514141505
 72
     1
 10
-164.4602609385499
 20
25.05029514141529
 11
-164.4292784682349
 21
25.15256820110294
 72
     1
 10
-164.4292784682347
 20
25.15256820110295
 11
-164.3677594444756
 21
25.21645283514064
 72
     1
 10
-164.3677594444755
 20
25.21645283514061
 11
-164.31523183676
 21
25.22496949118748
 72
     1
 10
-164.3152318367592
 20
25.22496949118727
 11
-164.246280848631
 21
25.18435296506177
 72
     1
 10
-164.2462808486314
 20
25.18435296506175
 11
-164.1993209147316
 21
25.09683135724574
 72
     1
 10
-164.199320914731
 20
25.09683135724572
 11
-164.1517487882385
 21
24.95338474631212
 72
     1
 10
-164.1517487882386
 20
24.95338474631217
 11
-164.1318739530039
 21
24.83081686350625
 72
     1
 10
-164.131873953004
 20
24.83081686350625
 11
-164.1368294341849
 21
24.67885359652
 72
     1
 10
-164.1368294341844
 20
24.67885359651996
 11
-164.1830108996613
 21
24.51386371280082
 72
     1
 10
-164.1830108996612
 20
24.51386371280086
 11
-164.0803213169157
 21
24.65630379306807
 72
     1
 10
-164.0803213169154
 20
24.65630379306805
 11
-164.0301870544791
 21
24.82299163202489
 72
     1
 10
-164.030187054479
 20
24.82299163202464
 11
-163.9828643416049
 21
24.9744247537615
 72
     1
 10
-163.9828643416049
 20
24.9744247537617
 11
-163.9846454942855
 21
25.0766709335725
 72
     1
 10
-163.9846454942856
 20
25.07667093357259
 11
-164.0372839525044
 21
25.19921193650193
 97
        0
 92
        1
 93
       24
 72
     1
 10
-164.2320820229113
 20
25.76169659854361
 11
-164.3010052984336
 21
25.76954870992052
 72
     1
 10
-164.3010052984337
 20
25.76954870992052
 11
-164.3636932821966
 21
25.75198525260159
 72
     1
 10
-164.3636932821959
 20
25.75198525260157
 11
-164.4168053699162
 21
25.76662918491711
 72
     1
 10
-164.4168053699168
 20
25.76662918491684
 11
-164.502708793257
 21
25.81401065206119
 72
     1
 10
-164.5027087932569
 20
25.8140106520612
 11
-164.4733966251321
 21
25.88747223258321
 72
     1
 10
-164.4733966251315
 20
25.88747223258321
 11
-164.4655464564603
 21
25.9563969725563
 72
     1
 10
-164.4655464564609
 20
25.95639697255632
 11
-164.3989611010112
 21
26.04118721457352
 72
     1
 10
-164.3989611010117
 20
26.04118721457349
 11
-164.296745147755
 21
26.07573022420215
 72
     1
 10
-164.296745147755
 20
26.07573022420218
 11
-164.2730283660639
 21
26.08591795562268
 72
     1
 10
-164.2730283660635
 20
26.08591795562257
 11
-164.2436330600228
 21
26.06108629192368
 72
     1
 10
-164.2436330600228
 20
26.06108629192363
 11
-164.2351152734494
 21
26.00855719928263
 72
     1
 10
-164.2351152734493
 20
26.00855719928262
 11
-164.3225504358405
 21
25.86330511356736
 72
     1
 10
-164.3225504358406
 20
25.8633051135671
 11
-164.2824379863479
 21
25.85712407752076
 72
     1
 10
-164.2824379863477
 20
25.85712407752073
 11
-164.0384226850861
 21
25.87766081965857
 72
     1
 10
-164.038422685086
 20
25.87766081965862
 11
-163.9474806426676
 21
25.88394937524841
 72
     1
 10
-163.9474806426681
 20
25.88394937524839
 11
-163.6933326779656
 21
25.94629733339479
 72
     1
 10
-163.6933326779651
 20
25.94629733339502
 11
-163.570795972603
 21
25.99893394558017
 72
     1
 10
-163.570795972603
 20
25.99893394558018
 11
-163.5955431511707
 21
25.87124531719675
 72
     1
 10
-163.5955431511706
 20
25.87124531719672
 11
-163.6406942197532
 21
25.82375633047176
 72
     1
 10
-163.6406942197527
 20
25.82375633047178
 11
-163.681308011365
 21
25.75480471064107
 72
     1
 10
-163.6813080113652
 20
25.75480471064106
 11
-163.7157419364957
 21
25.72596635158065
 72
     1
 10
-163.7157419364957
 20
25.72596635158061
 11
-163.9496245743106
 21
25.7472408254821
 72
     1
 10
-163.9496245743107
 20
25.7472408254821
 11
-164.0750282545145
 21
25.74487832555574
 72
     1
 10
-164.0750282545141
 20
25.74487832555576
 11
-164.2320820229108
 21
25.76169659854388
 97
        0
 92
       17
 93
       13
 72
     1
 10
-170.3150385785031
 20
21.91858928261331
 11
-170.3193612769074
 21
21.96220379034585
 72
     1
 10
-170.3193612769062
 20
21.96220379034588
 11
-170.3716445080955
 21
22.01894067580728
 72
     1
 10
-170.3716445080954
 20
22.01894067580724
 11
-170.4654330224837
 21
21.99066996203492
 72
     1
 10
-170.4654330224832
 20
21.99066996203464
 11
-170.5418117118143
 21
21.9231351745816
 72
     1
 10
-170.5418117118142
 20
21.9231351745816
 11
-170.5854687448669
 21
21.87083756765969
 72
     1
 10
-170.585468744867
 20
21.87083756765969
 11
-170.6182057600553
 21
21.83815600560788
 72
     1
 10
-170.6182057600551
 20
21.83815600560791
 11
-170.6487948651146
 21
21.76840335576029
 72
     1
 10
-170.6487948651151
 20
21.76840335575997
 11
-170.633571347483
 21
21.72259941591868
 72
     1
 10
-170.6335713474836
 20
21.72259941591898
 11
-170.5834590647922
 21
21.676767045809
 72
     1
 10
-170.5834590647921
 20
21.67676704580902
 11
-170.4634847779891
 21
21.72682191386905
 72
     1
 10
-170.4634847779891
 20
21.72682191386877
 11
-170.3761783913438
 21
21.82269493689998
 72
     1
 10
-170.3761783913432
 20
21.82269493690001
 11
-170.3434144980689
 21
21.88590416676802
 72
     1
 10
-170.3434144980688
 20
21.885904166768
 11
-170.3150385785026
 21
21.91858928261306
 97
        0
 92
        1
 93
       69
 72
     1
 10
-171.015280487431
 20
21.59425805758889
 11
-171.0479176698117
 21
21.67496497573067
 72
     1
 10
-171.0479176698118
 20
21.67496497573069
 11
-171.002078169068
 21
21.72944135343263
 72
     1
 10
-171.002078169068
 20
21.72944135343261
 11
-170.7706636402412
 21
22.0432518713341
 72
     1
 10
-170.7706636402404
 20
22.04325187133389
 11
-170.735736477927
 21
22.08683439503023
 72
     1
 10
-170.735736477927
 20
22.08683439503023
 11
-170.6593424296604
 21
22.17181356405583
 72
     1
 10
-170.6593424296604
 20
22.17181356405581
 11
-170.5807543945611
 21
22.27205479003637
 72
     1
 10
-170.5807543945609
 20
22.27205479003641
 11
-170.5458118733551
 21
22.33308169528767
 72
     1
 10
-170.5458118733545
 20
22.33308169528766
 11
-170.4890485150467
 21
22.41153521322228
 72
     1
 10
-170.4890485150467
 20
22.4115352132223
 11
-170.4235898435542
 21
22.4594539558574
 72
     1
 10
-170.4235898435547
 20
22.45945395585739
 11
-170.3559794221654
 21
22.47466270612879
 72
     1
 10
-170.3559794221655
 20
22.47466270612858
 11
-170.2491268195192
 21
22.4811172815947
 72
     1
 10
-170.2491268195185
 20
22.48111728159461
 11
-170.1815317570396
 21
22.47888165031113
 72
     1
 10
-170.181531757039
 20
22.47888165031145
 11
-170.0856337297504
 21
22.42647032241771
 72
     1
 10
-170.0856337297505
 20
22.42647032241769
 11
-169.8938645532601
 21
22.29111999891832
 72
     1
 10
-169.8938645532607
 20
22.29111999891831
 11
-169.7042893636289
 21
22.14050761840309
 72
     1
 10
-169.7042893636289
 20
22.14050761840287
 11
-169.5953656453186
 21
22.02266919828973
 72
     1
 10
-169.5953656453177
 20
22.02266919828975
 11
-169.5409268244883
 21
21.93758341587885
 72
     1
 10
-169.5409268244889
 20
21.93758341587886
 11
-169.4995751303314
 21
21.84814719939904
 72
     1
 10
-169.4995751303313
 20
21.84814719939931
 11
-169.4691050567229
 21
21.78270589205821
 72
     1
 10
-169.4691050567241
 20
21.78270589205817
 11
-169.4888010219981
 21
21.70204161929837
 72
     1
 10
-169.4888010219981
 20
21.70204161929837
 11
-169.5324849331196
 21
21.61921634462951
 72
     1
 10
-169.5324849331191
 20
21.61921634462954
 11
-169.6263080050097
 21
21.55169577232371
 72
     1
 10
-169.6263080050098
 20
21.55169577232374
 11
-169.3560007098326
 21
21.45989243468208
 72
     1
 10
-169.3560007098322
 20
21.45989243468211
 11
-169.3210159516466
 21
21.56889138928758
 72
     1
 10
-169.3210159516473
 20
21.56889138928727
 11
-169.3252042596793
 21
21.76514423572921
 72
     1
 10
-169.3252042596791
 20
21.76514423572923
 11
-169.3316403106996
 21
21.88507968970463
 72
     1
 10
-169.3316403106996
 20
21.88507968970464
 11
-169.4034620784647
 21
22.03995721351687
 72
     1
 10
-169.4034620784648
 20
22.03995721351686
 11
-169.4948914978198
 21
22.21447565860536
 72
     1
 10
-169.4948914978197
 20
22.21447565860535
 11
-169.6386732634297
 21
22.36723127213199
 72
     1
 10
-169.6386732634298
 20
22.36723127213202
 11
-169.7955459953758
 21
22.51127535618318
 72
     1
 10
-169.7955459953759
 20
22.51127535618321
 11
-169.9546165539234
 21
22.6356962878473
 72
     1
 10
-169.9546165539232
 20
22.63569628784728
 11
-170.1158849390289
 21
22.74049406716747
 72
     1
 10
-170.115884939029
 20
22.7404940671675
 11
-170.2619298065198
 21
22.79948790661166
 72
     1
 10
-170.2619298065199
 20
22.79948790661166
 11
-170.3884015799409
 21
22.79959096623844
 72
     1
 10
-170.3884015799408
 20
22.79959096623844
 11
-170.4778136397878
 21
22.78876108026198
 72
     1
 10
-170.4778136397872
 20
22.78876108026202
 11
-170.5781649160817
 21
22.73650967252406
 72
     1
 10
-170.5781649160824
 20
22.73650967252405
 11
-170.6589200599806
 21
22.65153405728328
 72
     1
 10
-170.6589200599806
 20
22.65153405728324
 11
-170.6830270372639
 21
22.51417909817674
 72
     1
 10
-170.6830270372634
 20
22.51417909817701
 11
-170.7441591706789
 21
22.42700694324967
 72
     1
 10
-170.7441591706795
 20
22.42700694324964
 11
-170.829298448553
 21
22.31586830946996
 72
     1
 10
-170.8292984485524
 20
22.31586830946998
 11
-170.9013774778401
 21
22.17855244196907
 72
     1
 10
-170.9013774778404
 20
22.17855244196875
 11
-170.9406618960767
 21
22.13933456741983
 72
     1
 10
-170.940661896077
 20
22.13933456742006
 11
-170.9865090762543
 21
22.07613599892343
 72
     1
 10
-170.9865090762541
 20
22.07613599892346
 11
-171.0475951329481
 21
22.04129698871264
 72
     1
 10
-171.0475951329481
 20
22.04129698871264
 11
-171.1370609489244
 21
21.96941176721624
 72
     1
 10
-171.1370609489245
 20
21.96941176721646
 11
-171.1741859378219
 21
21.90620609113301
 72
     1
 10
-171.1741859378216
 20
21.90620609113279
 11
-171.200394748606
 21
21.85825536453894
 72
     1
 10
-171.2003947486064
 20
21.85825536453922
 11
-171.2331240843615
 21
21.83429599323022
 72
     1
 10
-171.2331240843616
 20
21.83429599322995
 11
-171.289818327612
 21
21.83434219237042
 72
     1
 10
-171.2898183276113
 20
21.83434219237069
 11
-171.3617936843486
 21
21.81477590049543
 72
     1
 10
-171.3617936843493
 20
21.81477590049514
 11
-171.4273253106241
 21
21.6839963453786
 72
     1
 10
-171.4273253106239
 20
21.6839963453786
 11
-171.403398800356
 21
21.61637982101594
 72
     1
 10
-171.4033988003564
 20
21.61637982101593
 11
-171.2944981203983
 21
21.47237482852688
 72
     1
 10
-171.2944981203982
 20
21.47237482852688
 11
-171.076666042645
 21
21.21925360671121
 72
     1
 10
-171.0766660426443
 20
21.21925360671122
 11
-170.7825512686769
 21
20.92463978754369
 72
     1
 10
-170.782551268677
 20
20.9246397875437
 11
-170.549441917205
 21
20.686769961398
 72
     1
 10
-170.5494419172055
 20
20.686769961398
 11
-170.3860409807866
 21
20.52745671279633
 72
     1
 10
-170.3860409807862
 20
20.52745671279609
 11
-170.3272026671158
 21
20.48597833050536
 72
     1
 10
-170.3272026671154
 20
20.48597833050564
 11
-170.2661588474094
 21
20.47284529139695
 72
     1
 10
-170.2661588474093
 20
20.47284529139694
 11
-170.1811232421041
 21
20.46623434959439
 72
     1
 10
-170.181123242105
 20
20.4662343495944
 11
-170.1265961076181
 21
20.48145376121981
 72
     1
 10
-170.1265961076178
 20
20.48145376121983
 11
-170.0873193688236
 21
20.51194944498251
 72
     1
 10
-170.0873193688239
 20
20.51194944498224
 11
-170.0742015244019
 21
20.55118864216145
 72
     1
 10
-170.0742015244007
 20
20.55118864216144
 11
-170.0981587524628
 21
20.58391640337955
 72
     1
 10
-170.0981587524634
 20
20.58391640337982
 11
-170.1635175911304
 21
20.64938614098119
 72
     1
 10
-170.1635175911306
 20
20.64938614098122
 11
-170.2942429478982
 21
20.77160342538062
 72
     1
 10
-170.294242947898
 20
20.77160342538082
 11
-170.6406409530626
 21
21.12295413007005
 72
     1
 10
-170.6406409530627
 20
21.12295413007013
 11
-170.8170906188215
 21
21.32152789853343
 72
     1
 10
-170.8170906188215
 20
21.32152789853313
 11
-171.0152804874311
 21
21.59425805758866
 97
        0
 92
       17
 93
       30
 72
     1
 10
-170.1456201210876
 20
21.16398118224072
 11
-170.0648649772063
 21
21.24895679744648
 72
     1
 10
-170.0648649772065
 20
21.24895679744645
 11
-170.0539180812733
 21
21.29910051000288
 72
     1
 10
-170.0539180812732
 20
21.29910051000292
 11
-170.0843996740399
 21
21.35145853121256
 72
     1
 10
-170.0843996740395
 20
21.35145853121253
 11
-170.112744875793
 21
21.35366217848564
 72
     1
 10
-170.1127448757941
 20
21.35366217848565
 11
-170.2151595883275
 21
21.4344259570874
 72
     1
 10
-170.215159588327
 20
21.4344259570874
 11
-170.158411588921
 21
21.49543509341498
 72
     1
 10
-170.1584115889209
 20
21.49543509341498
 11
-170.0908664428631
 21
21.43650522203444
 72
     1
 10
-170.0908664428632
 20
21.43650522203472
 11
-170.0080171449577
 21
21.42335441398497
 72
     1
 10
-170.0080171449576
 20
21.42335441398495
 11
-169.925160167627
 21
21.41892579681685
 72
     1
 10
-169.9251601676271
 20
21.41892579681712
 11
-169.8967957672469
 21
21.43852762649622
 72
     1
 10
-169.8967957672462
 20
21.43852762649595
 11
-169.8618532459971
 21
21.49955453176432
 72
     1
 10
-169.8618532459968
 20
21.49955453176432
 11
-169.8661452265971
 21
21.57805780260689
 72
     1
 10
-169.8661452265976
 20
21.57805780260691
 11
-169.8595632660387
 21
21.6238439735764
 72
     1
 10
-169.8595632660381
 20
21.62384397357641
 11
-169.8398634610476
 21
21.70886934171644
 72
     1
 10
-169.8398634610482
 20
21.70886934171642
 11
-169.8419998520263
 21
21.75902371560949
 72
     1
 10
-169.8419998520262
 20
21.75902371560949
 11
-169.9466815061922
 21
21.74166462475721
 72
     1
 10
-169.9466815061916
 20
21.74166462475716
 11
-170.0099269921983
 21
21.73081341610748
 72
     1
 10
-170.0099269921986
 20
21.73081341610748
 11
-170.1275997798577
 21
21.81813127603416
 72
     1
 10
-170.1275997798577
 20
21.81813127603414
 11
-170.1625576599912
 21
21.7396599892109
 72
     1
 10
-170.1625576599913
 20
21.73965998921085
 11
-170.2193094991143
 21
21.67428975747721
 72
     1
 10
-170.2193094991144
 20
21.67428975747725
 11
-170.306635084387
 21
21.55661125747643
 72
     1
 10
-170.3066350843869
 20
21.55661125747645
 11
-170.3394066570955
 21
21.48467983680478
 72
     1
 10
-170.3394066570949
 20
21.48467983680507
 11
-170.3677480191493
 21
21.49124457947555
 72
     1
 10
-170.3677480191493
 20
21.49124457947528
 11
-170.420115724297
 21
21.45203736629824
 72
     1
 10
-170.4201157242976
 20
21.45203736629822
 11
-170.4725448650164
 21
21.34305262683181
 72
     1
 10
-170.4725448650163
 20
21.34305262683182
 11
-170.4573213474189
 21
21.29724868699053
 72
     1
 10
-170.4573213474189
 20
21.29724868699054
 11
-170.3679822423374
 21
21.22521776050326
 72
     1
 10
-170.3679822423373
 20
21.22521776050326
 11
-170.2742743621735
 21
21.16190547102583
 72
     1
 10
-170.2742743621738
 20
21.16190547102582
 11
-170.1979763070503
 21
21.13785725521201
 72
     1
 10
-170.1979763070503
 20
21.137857255212
 11
-170.145620121087
 21
21.16398118224072
 97
        0
 92
       33
 93
        1
 72
     1
 10
-168.1857965797228
 20
19.70493018108709
 11
-168.2142686012079
 21
20.00693877865352
 97
        0
 75
     0
 76
     1
 98
        1
 10
-256.7401163732226
 20
-251.066812441558
450
        0
451
        0
460
0.0
461
0.0
452
        0
462
0.0
453
        0
470

  0
TEXT
  5
65EE
330
65EB
100
AcDbEntity
  8
TK
100
AcDbText
 10
-160.9129860675953
 20
21.03569643596649
 30
0.0
 40
1.393241850003618
  1
7
 50
335.4219907457248
 41
1.3
100
AcDbText
  0
TEXT
  5
65EF
330
65EB
100
AcDbEntity
  8
TK
100
AcDbText
 10
-162.3983783331589
 20
21.09737590334737
 30
0.0
 40
1.393241850003618
  1
0
 50
356.7424232346506
 41
1.3
100
AcDbText
  0
TEXT
  5
65F0
330
65EB
100
AcDbEntity
  8
TK
100
AcDbText
 10
-164.0032841176803
 20
21.07497301698936
 30
0.0
 40
1.393241850003618
  1
9
 50
1.020827368252141
 41
1.3
100
AcDbText
  0
TEXT
  5
65F1
330
65EB
100
AcDbEntity
  8
TK
100
AcDbText
 10
-164.975258589026
 20
20.56419448332651
 30
0.0
 40
1.393241850003618
  1
1
 50
24.94217006399563
 41
1.3
100
AcDbText
  0
TEXT
  5
65F2
330
65EB
100
AcDbEntity
  8
TK
100
AcDbText
 10
-163.2537883123693
 20
4.060387842679801
 30
0.0
 40
1.791310950004652
  1
N
 50
357.6152411378048
100
AcDbText
  0
TEXT
  5
65F3
330
65EB
100
AcDbEntity
  8
TK
100
AcDbText
 10
-165.2768929306207
 20
4.402604219466866
 30
0.0
 40
1.791310950004652
  1
U
 50
347.1152411377619
100
AcDbText
  0
TEXT
  5
65F4
330
65EB
100
AcDbEntity
  8
TK
100
AcDbText
 10
-168.9698479848814
 20
6.152274049377638
 30
0.0
 40
1.791310950004652
  1
I
 50
326.1152411377703
100
AcDbText
  0
TEXT
  5
65F5
330
65EB
100
AcDbEntity
  8
TK
100
AcDbText
 10
-170.5160206733994
 20
7.501130736432799
 30
0.0
 40
1.791310950004652
  1
J
 50
315.6152411377375
100
AcDbText
  0
TEXT
  5
65F6
330
65EB
100
AcDbEntity
  8
TK
100
AcDbText
 10
-171.7904929501469
 20
9.109168285973396
 30
0.0
 40
1.791310950004652
  1
G
 50
305.1152411379825
100
AcDbText
  0
TEXT
  5
65F7
330
65EB
100
AcDbEntity
  8
TK
100
AcDbText
 10
-172.7505825029611
 20
10.92253322318493
 30
0.0
 40
1.791310950004652
  1
N
 50
294.6152411379464
100
AcDbText
  0
TEXT
  5
65F8
330
65EB
100
AcDbEntity
  8
TK
100
AcDbText
 10
-173.3641357552251
 20
12.88049562107926
 30
0.0
 40
1.791310950004652
  1
O
 50
284.1152411379082
100
AcDbText
  0
TEXT
  5
65F9
330
65EB
100
AcDbEntity
  8
TK
100
AcDbText
 10
-173.6106046950917
 20
14.91748295697783
 30
0.0
 40
1.791310950004652
  1
T
 50
273.6152411378411
100
AcDbText
  0
TEXT
  5
65FA
330
65EB
100
AcDbEntity
  8
TK
100
AcDbText
 10
-151.283269818723
 20
13.80559836750416
 30
0.0
 40
1.791310950004652
  1
Y
 50
84.6152411377683
100
AcDbText
  0
TEXT
  5
65FB
330
65EB
100
AcDbEntity
  8
TK
100
AcDbText
 10
-151.7308983146349
 20
11.80317656514126
 30
0.0
 40
1.791310950004652
  1
T
 50
74.11524113763189
100
AcDbText
  0
TEXT
  5
65FC
330
65EB
100
AcDbEntity
  8
TK
100
AcDbText
 10
-152.5359436194162
 20
9.915859315132593
 30
0.0
 40
1.791310950004652
  1
I
 50
63.61524113791053
100
AcDbText
  0
TEXT
  5
65FD
330
65EB
100
AcDbEntity
  8
TK
100
AcDbText
 10
-153.6714446169797
 20
8.206853221093069
 30
0.0
 40
1.791310950004652
  1
S
 50
53.11524113785696
100
AcDbText
  0
TEXT
  5
65FE
330
65EB
100
AcDbEntity
  8
TK
100
AcDbText
 10
-155.0993731689939
 20
6.733393213060253
 30
0.0
 40
1.791310950004652
  1
R
 50
42.61524113776963
100
AcDbText
  0
TEXT
  5
65FF
330
65EB
100
AcDbEntity
  8
TK
100
AcDbText
 10
-156.7719076842686
 20
5.544825739103771
 30
0.0
 40
1.791310950004652
  1
E
 50
32.11524113796799
100
AcDbText
  0
TEXT
  5
6600
330
65EB
100
AcDbEntity
  8
TK
100
AcDbText
 10
-158.7602070386604
 20
4.600101404602867
 30
0.0
 40
1.791310950004652
  1
V
 50
21.61524113793002
100
AcDbText
  0
TEXT
  5
6601
330
65EB
100
AcDbEntity
  8
TK
100
AcDbText
 10
-160.4585648254033
 20
4.193816177343137
 30
0.0
 40
1.791310950004652
  1
I
 50
11.11524113780518
100
AcDbText
  0
ARC
  5
6602
330
65EB
100
AcDbEntity
  8
TK
100
AcDbCircle
 10
-162.4031836494414
 20
15.24014034405735
 30
0.0
 40
8.71935212462904
100
AcDbArc
 50
0.0
 51
90.0
  0
ARC
  5
6603
330
65EB
100
AcDbEntity
  8
TK
100
AcDbCircle
 10
-162.4031836494414
 20
15.24014034404052
 30
0.0
 40
8.719352124628859
100
AcDbArc
 50
270.0
 51
0.0
  0
ARC
  5
6604
330
65EB
100
AcDbEntity
  8
TK
100
AcDbCircle
 10
-162.4031836494239
 20
15.24014034405763
 30
0.0
 40
8.719352124628676
100
AcDbArc
 50
90.0
 51
180.0
  0
ARC
  5
6605
330
65EB
100
AcDbEntity
  8
TK
100
AcDbCircle
 10
-162.4031836494241
 20
15.24014034404024
 30
0.0
 40
8.719352124628494
100
AcDbArc
 50
180.0
 51
270.0
  0
ARC
  5
6606
330
65EB
100
AcDbEntity
  8
TK
100
AcDbCircle
 10
-162.4031836494152
 20
15.24014034404877
 30
0.0
 40
11.94207300003154
100
AcDbArc
 50
270.0
 51
359.9999999998697
  0
ARC
  5
6607
330
65EB
100
AcDbEntity
  8
TK
100
AcDbCircle
 10
-162.4031836494328
 20
15.24014034403149
 30
0.0
 40
11.94207300001417
100
AcDbArc
 50
180.0
 51
270.0
  0
ARC
  5
6608
330
65EB
100
AcDbEntity
  8
TK
100
AcDbCircle
 10
-162.4031836494155
 20
15.24014034404877
 30
0.0
 40
11.94207300003163
100
AcDbArc
 50
90.0
 51
180.0000000001302
  0
ARC
  5
6609
330
65EB
100
AcDbEntity
  8
TK
100
AcDbCircle
 10
-162.4031836494328
 20
15.24014034403154
 30
0.0
 40
11.94207300004891
100
AcDbArc
 50
0.0
 51
90.0
  0
TEXT
  5
660A
330
65EB
100
AcDbEntity
  8
TK
  6
Continuous
 48
5.0
100
AcDbText
 10
-146.165099500495
 20
13.57202693207335
 30
0.0
 40
2.0
  1
SCHOOL OF MECHANICAL ENGINEERING
  7
ST
 72
     1
 11
-114.7841471195427
 21
13.57202693207335
 31
0.0
100
AcDbText
  0
TEXT
  5
660B
330
65EB
100
AcDbEntity
  8
TK
  6
Continuous
 48
5.0
100
AcDbText
 10
-149.1555756909703
 20
17.07202693207335
 30
0.0
 40
6.0
  1
同济大学机械工程学院
  7
ST
 72
     1
 11
-114.7841471195418
 21
17.07202693207335
 31
0.0
100
AcDbText
  0
TEXT
  5
660C
330
65EB
100
AcDbEntity
  8
TK
  6
Continuous
 48
5.0
100
AcDbText
 10
-133.4031947385903
 20
10.07202693207335
 30
0.0
 40
2.0
  1
OF TONGJI UNIVERSITY
  7
ST
 72
     1
 11
-114.7841471195427
 21
10.07202693207335
 31
0.0
100
AcDbText
  0
ATTDEF
  5
660D
330
65EB
100
AcDbEntity
  8
6文字层
 62
   101
100
AcDbText
 10
-73.99999999999995
 20
1.5
 30
0.0
 40
4.0
  1

 41
2.50632911392405
  7
PC_TEXTSTYLE
 72
     5
 11
-51.99999999999994
 21
1.5
 31
0.0
100
AcDbAttributeDefinition
280
     0
  3
重量
  2
重量
 70
     8
280
     0
1001
TH_XDATA_ORDER
1070
     1
1000
4
1001
TH_XDATA_CODE
1070
     1
1000
Weight
1001
TH_XDATA_VTYPE
1070
     1
1000
Number
1070
     2
1000
2
1001
TH_XDATA_ALIGN
1070
     1
1000
CENTER
1001
TH_XDATA_ROWDOWITH
1070
     1
1000
自动压缩
1001
TH_XDATA_ORIENTION
1070
     1
1000
DEFAULT
1001
TH_XDATA_EDITABLE
1070
     1
1000
True
1001
TH_XDATA_EXPRE
1070
     1
1000

1001
TH_XDATA_ATTDEFHANDLE
1070
     1
1005
660D
  0
ATTDEF
  5
660E
330
65EB
100
AcDbEntity
  8
6文字层
 62
   101
100
AcDbText
 10
-49.99999999999994
 20
1.5
 30
0.0
 40
4.0
  1

 50
0.0000000000000005
 41
2.665966386554614
  7
PC_TEXTSTYLE
 72
     5
 11
-26.5
 21
1.5
 31
0.0
100
AcDbAttributeDefinition
280
     0
  3
材料
  2
材料
 70
     8
280
     0
1001
TH_XDATA_ORDER
1070
     1
1000
3
1001
TH_XDATA_CODE
1070
     1
1000
Material
1001
TH_XDATA_VTYPE
1070
     1
1000
String
1070
     2
1000

1001
TH_XDATA_ALIGN
1070
     1
1000
CENTER
1001
TH_XDATA_ROWDOWITH
1070
     1
1000
自动压缩
1001
TH_XDATA_ORIENTION
1070
     1
1000
DEFAULT
1001
TH_XDATA_EDITABLE
1070
     1
1000
True
1001
TH_XDATA_EXPRE
1070
     1
1000

1001
TH_XDATA_ATTDEFHANDLE
1070
     1
1005
660E
  0
LINE
  5
660F
330
65EB
100
AcDbEntity
  8
1轮廓实线层
100
AcDbLine
 10
-179.9999999999999
 20
0.0
 30
0.0
 11
0.0
 21
0.0
 31
0.0
  0
LINE
  5
6610
330
65EB
100
AcDbEntity
  8
2细线层
 62
   101
100
AcDbLine
 10
-74.99999999999994
 20
8.5
 30
0.0
 11
0.0
 21
8.5
 31
0.0
  0
LINE
  5
6611
330
65EB
100
AcDbEntity
  8
1轮廓实线层
100
AcDbLine
 10
-74.99999999999994
 20
17.0
 30
0.0
 11
0.0
 21
17.0
 31
0.0
  0
LINE
  5
6612
330
65EB
100
AcDbEntity
  8
2细线层
 62
   101
100
AcDbLine
 10
-74.99999999999994
 20
25.0
 30
0.0
 11
0.0
 21
25.0
 31
0.0
  0
LINE
  5
6613
330
65EB
100
AcDbEntity
  8
1轮廓实线层
100
AcDbLine
 10
-179.9999999999999
 20
33.0
 30
0.0
 11
-74.99999999999994
 21
33.00000000000001
 31
0.0
  0
LINE
  5
6614
330
65EB
100
AcDbEntity
  8
1轮廓实线层
100
AcDbLine
 10
-74.99999999999994
 20
41.0
 30
0.0
 11
0.0
 21
41.0
 31
0.0
  0
LINE
  5
6615
330
65EB
100
AcDbEntity
  8
2细线层
 62
   101
100
AcDbLine
 10
-179.9999999999999
 20
49.0
 30
0.0
 11
-74.99999999999994
 21
49.0
 31
0.0
  0
LINE
  5
6616
330
65EB
100
AcDbEntity
  8
2细线层
 62
   101
100
AcDbLine
 10
-179.9999999999999
 20
57.0
 30
0.0
 11
-74.99999999999994
 21
57.0
 31
0.0
  0
LINE
  5
6617
330
65EB
100
AcDbEntity
  8
1轮廓实线层
100
AcDbLine
 10
-179.9999999999999
 20
65.0
 30
0.0
 11
0.0
 21
65.0
 31
0.0
  0
ATTDEF
  5
6618
330
65EB
100
AcDbEntity
  8
6文字层
 62
   101
100
AcDbText
 10
-154.9999999999999
 20
42.0
 30
0.0
 40
5.0
  1

 41
2.405042016806723
  7
PC_TEXTSTYLE
 72
     5
 11
-128.4999999999999
 21
42.0
 31
0.0
100
AcDbAttributeDefinition
280
     0
  3
审定
  2
审定
 70
     8
280
     0
1001
TH_XDATA_ORDER
1070
     1
1000
13
1001
TH_XDATA_CODE
1070
     1
1000
Technology
1001
TH_XDATA_VTYPE
1070
     1
1000
String
1070
     2
1000

1001
TH_XDATA_ALIGN
1070
     1
1000
CENTER
1001
TH_XDATA_ROWDOWITH
1070
     1
1000
自动压缩
1001
TH_XDATA_ORIENTION
1070
     1
1000
DEFAULT
1001
TH_XDATA_EDITABLE
1070
     1
1000
True
1001
TH_XDATA_EXPRE
1070
     1
1000

1001
TH_XDATA_ATTDEFHANDLE
1070
     1
1005
6618
  0
ATTDEF
  5
6619
330
65EB
100
AcDbEntity
  8
6文字层
 62
   101
100
AcDbText
 10
-154.9999999999999
 20
50.0
 30
0.0
 40
5.0
  1

 41
0.9492537313432837
  7
PC_TEXTSTYLE
 72
     5
 11
-128.4999999999999
 21
50.0
 31
0.0
100
AcDbAttributeDefinition
280
     0
  3
专业负责人
  2
专业负责人
 70
     8
280
     0
1001
TH_XDATA_ORDER
1070
     1
1000
6
1001
TH_XDATA_CODE
1070
     1
1000
Check
1001
TH_XDATA_VTYPE
1070
     1
1000
String
1070
     2
1000

1001
TH_XDATA_ALIGN
1070
     1
1000
CENTER
1001
TH_XDATA_ROWDOWITH
1070
     1
1000
自动压缩
1001
TH_XDATA_ORIENTION
1070
     1
1000
DEFAULT
1001
TH_XDATA_EDITABLE
1070
     1
1000
True
1001
TH_XDATA_EXPRE
1070
     1
1000

1001
TH_XDATA_ATTDEFHANDLE
1070
     1
1005
6619
  0
ATTDEF
  5
661A
330
65EB
100
AcDbEntity
  8
6文字层
 62
   101
100
AcDbText
 10
-154.9999999999999
 20
58.0
 30
0.0
 40
5.0
  1
 
 41
13.25
  7
PC_TEXTSTYLE
 72
     5
 11
-128.4999999999999
 21
58.0
 31
0.0
100
AcDbAttributeDefinition
280
     0
  3
项目主任工程师
  2
项目主任工程师
 70
     8
280
     0
1001
TH_XDATA_ORDER
1070
     1
1000
5
1001
TH_XDATA_CODE
1070
     1
1000
Designer
1001
TH_XDATA_VTYPE
1070
     1
1000
String
1070
     2
1000

1001
TH_XDATA_ALIGN
1070
     1
1000
CENTER
1001
TH_XDATA_ROWDOWITH
1070
     1
1000
自动压缩
1001
TH_XDATA_ORIENTION
1070
     1
1000
DEFAULT
1001
TH_XDATA_EDITABLE
1070
     1
1000
True
1001
TH_XDATA_EXPRE
1070
     1
1000

1001
TH_XDATA_ATTDEFHANDLE
1070
     1
1005
661A
  0
TEXT
  5
661B
330
65EB
100
AcDbEntity
  8
6文字层
 62
   101
100
AcDbText
 10
-176.68105418135
 20
60.74125
 30
0.0
 40
3.5
  1
项目主任工程师
 41
0.6669999957084656
  7
PC_TEXTSTYLE
 72
     4
 11
-167.9999999999999
 21
62.5
 31
0.0
100
AcDbText
  0
LINE
  5
661C
330
65EB
100
AcDbEntity
  8
1轮廓实线层
100
AcDbLine
 10
-179.9999999999999
 20
0.0
 30
0.0
 11
-179.9999999999999
 21
65.0
 31
0.0
  0
LINE
  5
661D
330
65EB
100
AcDbEntity
  8
2细线层
 62
   101
100
AcDbLine
 10
-127.4999999999999
 20
33.0
 30
0.0
 11
-127.4999999999999
 21
65.0
 31
0.0
  0
LINE
  5
661E
330
65EB
100
AcDbEntity
  8
2细线层
 62
   101
100
AcDbLine
 10
-103.4999999999999
 20
33.0
 30
0.0
 11
-103.4999999999999
 21
65.0
 31
0.0
  0
LINE
  5
661F
330
65EB
100
AcDbEntity
  8
2细线层
 62
   101
100
AcDbLine
 10
-155.9999999999999
 20
33.0
 30
0.0
 11
-155.9999999999999
 21
65.0
 31
0.0
  0
LINE
  5
6620
330
65EB
100
AcDbEntity
  8
1轮廓实线层
100
AcDbLine
 10
-74.99999999999994
 20
0.0
 30
0.0
 11
-74.99999999999994
 21
65.0
 31
0.0
  0
LINE
  5
6621
330
65EB
100
AcDbEntity
  8
2细线层
 62
   101
100
AcDbLine
 10
-50.99999999999994
 20
0.0
 30
0.0
 11
-50.99999999999994
 21
41.0
 31
0.0
  0
LINE
  5
6622
330
65EB
100
AcDbEntity
  8
2细线层
 62
   101
100
AcDbLine
 10
-25.5
 20
0.0
 30
0.0
 11
-25.5
 21
33.0
 31
0.0
  0
ATTDEF
  5
6623
330
65EB
100
AcDbEntity
  8
6文字层
 62
   101
100
AcDbText
 10
-17.32789223817599
 20
19.0
 30
0.0
 40
3.5
  1

 41
2.01265940635016
  7
PC_TEXTSTYLE
 72
     5
 11
-2.0
 21
19.0
 31
0.0
100
AcDbAttributeDefinition
280
     0
  3
日期
  2
日期
 70
     8
280
     0
1001
TH_XDATA_ORDER
1070
     1
1000
14
1001
TH_XDATA_CODE
1070
     1
1000
Date
1001
TH_XDATA_VTYPE
1070
     1
1000
String
1070
     2
1000

1001
TH_XDATA_ALIGN
1070
     1
1000
LEFT
1001
TH_XDATA_ROWDOWITH
1070
     1
1000
自动压缩
1001
TH_XDATA_ORIENTION
1070
     1
1000
DEFAULT
1001
TH_XDATA_EDITABLE
1070
     1
1000
True
1001
TH_XDATA_EXPRE
1070
     1
1000

1001
TH_XDATA_ATTDEFHANDLE
1070
     1
1005
6623
  0
ATTDEF
  5
6624
330
65EB
100
AcDbEntity
  8
6文字层
 62
   101
100
AcDbText
 10
-66.68686258218753
 20
28.5
 30
0.0
 40
3.5
  1

 41
0.6195879205215018
  7
PC_TEXTSTYLE
 72
     5
 11
-59.6591292244205
 21
28.5
 31
0.0
100
AcDbAttributeDefinition
280
     0
  3
共几页
  2
共几页
 70
     8
280
     0
1001
TH_XDATA_ORDER
1070
     1
1000
15
1001
TH_XDATA_CODE
1070
     1
1000
TotalPaper
1001
TH_XDATA_VTYPE
1070
     1
1000
String
1070
     2
1000

1001
TH_XDATA_ALIGN
1070
     1
1000
CENTER
1001
TH_XDATA_ROWDOWITH
1070
     1
1000
自动压缩
1001
TH_XDATA_ORIENTION
1070
     1
1000
DEFAULT
1001
TH_XDATA_EDITABLE
1070
     1
1000
True
1001
TH_XDATA_EXPRE
1070
     1
1000

1001
TH_XDATA_ATTDEFHANDLE
1070
     1
1005
6624
  0
ATTDEF
  5
6625
330
65EB
100
AcDbEntity
  8
6文字层
 62
   101
100
AcDbText
 10
-71.99999999999994
 20
49.0
 30
0.0
 40
5.0
  1

 41
3.11799163179916
  7
PC_TEXTSTYLE
 72
     5
 11
-3.0
 21
49.0
 31
0.0
100
AcDbAttributeDefinition
280
     0
  3
图样名称
  2
图样名称
 70
     8
280
     0
1001
TH_XDATA_ORDER
1070
     1
1000
2
1001
TH_XDATA_CODE
1070
     1
1000
Name
1001
TH_XDATA_VTYPE
1070
     1
1000
String
1070
     2
1000

1001
TH_XDATA_ALIGN
1070
     1
1000
CENTER
1001
TH_XDATA_ROWDOWITH
1070
     1
1000
自动压缩
1001
TH_XDATA_ORIENTION
1070
     1
1000
DEFAULT
1001
TH_XDATA_EDITABLE
1070
     1
1000
True
1001
TH_XDATA_EXPRE
1070
     1
1000

1001
TH_XDATA_ATTDEFHANDLE
1070
     1
1005
6625
  0
ATTDEF
  5
6626
330
65EB
100
AcDbEntity
  8
6文字层
 62
   101
100
AcDbText
 10
-47.99999999999994
 20
34.00000000000001
 30
0.0
 40
5.0
  1

 41
2.046315789473681
  7
PC_TEXTSTYLE
 72
     5
 11
-3.0
 21
34.00000000000001
 31
0.0
100
AcDbAttributeDefinition
280
     0
  3
图样代号
  2
图样代号
 70
     8
280
     0
1001
TH_XDATA_ORDER
1070
     1
1000
1
1001
TH_XDATA_CODE
1070
     1
1000
Code
1001
TH_XDATA_VTYPE
1070
     1
1000
String
1070
     2
1000

1001
TH_XDATA_ALIGN
1070
     1
1000
CENTER
1001
TH_XDATA_ROWDOWITH
1070
     1
1000
自动压缩
1001
TH_XDATA_ORIENTION
1070
     1
1000
DEFAULT
1001
TH_XDATA_EDITABLE
1070
     1
1000
True
1001
TH_XDATA_EXPRE
1070
     1
1000

1001
TH_XDATA_ATTDEFHANDLE
1070
     1
1005
6626
  0
ATTDEF
  5
6627
330
65EB
100
AcDbEntity
  8
6文字层
 62
   101
100
AcDbText
 10
-18.0
 20
27.0
 30
0.0
 40
3.5
  1

 41
2.137291280148422
  7
PC_TEXTSTYLE
 72
     5
 11
-2.0
 21
27.0
 31
0.0
100
AcDbAttributeDefinition
280
     0
  3
比例
  2
比例
 70
     8
280
     0
1001
TH_XDATA_ORDER
1070
     1
1000
17
1001
TH_XDATA_CODE
1070
     1
1000
Scale
1001
TH_XDATA_VTYPE
1070
     1
1000
String
1070
     2
1000

1001
TH_XDATA_ALIGN
1070
     1
1000
CENTER
1001
TH_XDATA_ROWDOWITH
1070
     1
1000
自动压缩
1001
TH_XDATA_ORIENTION
1070
     1
1000
DEFAULT
1001
TH_XDATA_EDITABLE
1070
     1
1000
True
1001
TH_XDATA_EXPRE
1070
     1
1000

1001
TH_XDATA_ATTDEFHANDLE
1070
     1
1005
6627
  0
ATTDEF
  5
6628
330
65EB
100
AcDbEntity
  8
6文字层
 62
   101
100
AcDbText
 10
-41.38357404124508
 20
28.5
 30
0.0
 40
3.5
  1

 41
0.6280574102939811
  7
PC_TEXTSTYLE
 72
     5
 11
-34.25977471152169
 21
28.5
 31
0.0
100
AcDbAttributeDefinition
280
     0
  3
第几页
  2
第几页
 70
     8
280
     0
1001
TH_XDATA_ORDER
1070
     1
1000
16
1001
TH_XDATA_CODE
1070
     1
1000
PageNo
1001
TH_XDATA_VTYPE
1070
     1
1000
String
1070
     2
1000

1001
TH_XDATA_ALIGN
1070
     1
1000
CENTER
1001
TH_XDATA_ROWDOWITH
1070
     1
1000
自动压缩
1001
TH_XDATA_ORIENTION
1070
     1
1000
DEFAULT
1001
TH_XDATA_EDITABLE
1070
     1
1000
True
1001
TH_XDATA_EXPRE
1070
     1
1000

1001
TH_XDATA_ATTDEFHANDLE
1070
     1
1005
6628
  0
LINE
  5
6629
330
65EB
100
AcDbEntity
  8
图框层
100
AcDbLine
 10
0.0
 20
0.0
 30
0.0
 11
0.0
 21
65.0
 31
0.0
  0
ATTDEF
  5
662A
330
65EB
100
AcDbEntity
  8
0
100
AcDbText
 10
0.0
 20
0.0
 30
0.0
 40
5.0
  1

  7
PC_TEXTSTYLE
100
AcDbAttributeDefinition
280
     0
  3

  2
图纸张数
 70
     1
280
     0
1001
TH_XDATA_ORDER
1070
     1
1000
18
1001
TH_XDATA_CODE
1070
     1
1000
Remark
1001
TH_XDATA_VTYPE
1070
     1
1000
String
1070
     2
1000

1001
TH_XDATA_ALIGN
1070
     1
1000
LEFT
1001
TH_XDATA_ROWDOWITH
1070
     1
1000
自动压缩
1001
TH_XDATA_ORIENTION
1070
     1
1000
DEFAULT
1001
TH_XDATA_EDITABLE
1070
     1
1000
True
1001
TH_XDATA_EXPRE
1070
     1
1000

1001
TH_XDATA_ATTDEFHANDLE
1070
     1
1005
662A
  0
LINE
  5
662B
330
65EB
100
AcDbEntity
  8
2细线层
 62
   101
100
AcDbLine
 10
-74.99999999999994
 20
33.00000000000001
 30
0.0
 11
0.0
 21
33.00000000000001
 31
0.0
  0
TEXT
  5
662C
330
65EB
100
AcDbEntity
  8
6文字层
 62
   101
100
AcDbText
 10
-172.5291444262396
 20
52.715
 30
0.0
 40
3.5
  1
专业负责人
 41
0.6669999957084656
  7
PC_TEXTSTYLE
 72
     4
 11
-167.9999999999999
 21
54.5
 31
0.0
100
AcDbText
  0
TEXT
  5
662D
330
65EB
100
AcDbEntity
  8
6文字层
 62
   101
100
AcDbText
 10
-171.4786194329987
 20
44.74124999999999
 30
0.0
 40
3.5
  1
审   定
 41
0.6669999957084656
  7
PC_TEXTSTYLE
 72
     4
 11
-167.9999999999999
 21
46.5
 31
0.0
100
AcDbText
  0
TEXT
  5
662E
330
65EB
100
AcDbEntity
  8
6文字层
 62
   101
100
AcDbText
 10
-171.4786194329987
 20
36.74125
 30
0.0
 40
3.5
  1
标准化
 41
0.6669999957084656
  7
PC_TEXTSTYLE
 72
     4
 11
-167.9999999999999
 21
38.5
 31
0.0
100
AcDbText
  0
TEXT
  5
662F
330
65EB
100
AcDbEntity
  8
6文字层
 62
   101
100
AcDbText
 10
-118.5117194360028
 20
60.74125
 30
0.0
 40
3.5
  1
审  核
 41
0.6669999957084656
  7
PC_TEXTSTYLE
 72
     4
 11
-115.4999999999999
 21
62.5
 31
0.0
100
AcDbText
  0
TEXT
  5
6630
330
65EB
100
AcDbEntity
  8
6文字层
 62
   101
100
AcDbText
 10
-118.5235680957035
 20
52.75
 30
0.0
 40
3.5
  1
校  对
 41
0.6669999957084656
  7
PC_TEXTSTYLE
 72
     4
 11
-115.4999999999999
 21
54.5
 31
0.0
100
AcDbText
  0
TEXT
  5
6631
330
65EB
100
AcDbEntity
  8
6文字层
 62
   101
100
AcDbText
 10
-118.8117042158969
 20
44.67100885826772
 30
0.0
 40
3.5
  1
设计绘图
 41
0.6669999957084656
  7
PC_TEXTSTYLE
 72
     4
 11
-115.4999999999999
 21
46.5
 31
0.0
100
AcDbText
  0
TEXT
  5
6632
330
65EB
100
AcDbEntity
  8
6文字层
 62
   101
100
AcDbText
 10
-118.0566680987076
 20
36.77600885826772
 30
0.0
 40
3.5
  1
工 艺
 41
0.6669999957084656
  7
PC_TEXTSTYLE
 72
     4
 11
-115.4999999999999
 21
38.5
 31
0.0
100
AcDbText
  0
TEXT
  5
6633
330
65EB
100
AcDbEntity
  8
6文字层
 62
   101
100
AcDbText
 10
-175.4703999519347
 20
57.5
 30
0.0
 40
2.0
  1
PROJECT ENGINEER
 41
0.6669999957084656
  7
PC_TEXTSTYLE
 72
     4
 11
-167.9999999999999
 21
58.5
 31
0.0
100
AcDbText
  0
TEXT
  5
6634
330
65EB
100
AcDbEntity
  8
6文字层
 62
   101
100
AcDbText
 10
-178.2717999339103
 20
49.5
 30
0.0
 40
2.0
  1
IN CHARGE OF SPECIALITY
 41
0.6669999957084656
  7
PC_TEXTSTYLE
 72
     4
 11
-167.9999999999999
 21
50.5
 31
0.0
100
AcDbText
  0
TEXT
  5
6635
330
65EB
100
AcDbEntity
  8
6文字层
 62
   101
100
AcDbText
 10
-172.3734885331997
 20
41.5
 30
0.0
 40
2.0
  1
APPROVED
 41
0.6669999957084656
  7
PC_TEXTSTYLE
 72
     4
 11
-167.9999999999999
 21
42.5
 31
0.0
100
AcDbText
  0
TEXT
  5
6636
330
65EB
100
AcDbEntity
  8
6文字层
 62
   101
100
AcDbText
 10
-174.1479711202077
 20
33.5
 30
0.0
 40
2.0
  1
STANDARDIZED
 41
0.6669999957084656
  7
PC_TEXTSTYLE
 72
     4
 11
-167.9999999999999
 21
34.5
 31
0.0
100
AcDbText
  0
TEXT
  5
6637
330
65EB
100
AcDbEntity
  8
6文字层
 62
   101
100
AcDbText
 10
-119.5399885353454
 20
57.5
 30
0.0
 40
2.0
  1
EXAMINED
 41
0.6669999957084656
  7
PC_TEXTSTYLE
 72
     4
 11
-115.4999999999999
 21
58.5
 31
0.0
100
AcDbText
  0
TEXT
  5
6638
330
65EB
100
AcDbEntity
  8
6文字层
 62
   101
100
AcDbText
 10
-118.9786419887706
 20
49.5
 30
0.0
 40
2.0
  1
CHECKED
 41
0.6669999957084656
  7
PC_TEXTSTYLE
 72
     4
 11
-115.4999999999999
 21
50.5
 31
0.0
100
AcDbText
  0
TEXT
  5
6639
330
65EB
100
AcDbEntity
  8
6文字层
 62
   101
100
AcDbText
 10
-121.8370994785806
 20
41.505
 30
0.0
 40
2.0
  1
DESIGN&DRAWN
 41
0.6669999957084656
  7
PC_TEXTSTYLE
 72
     4
 11
-115.4999999999999
 21
42.5
 31
0.0
100
AcDbText
  0
TEXT
  5
663A
330
65EB
100
AcDbEntity
  8
6文字层
 62
   101
100
AcDbText
 10
-119.1282173782305
 20
33.5
 30
0.0
 40
2.0
  1
PROCESS
 41
0.6669999957084656
  7
PC_TEXTSTYLE
 72
     4
 11
-115.4999999999999
 21
34.5
 31
0.0
100
AcDbText
  0
TEXT
  5
663B
330
65EB
100
AcDbEntity
  8
6文字层
 62
   101
100
AcDbText
 10
-66.01171943600286
 20
36.77163385826772
 30
0.0
 40
3.5
  1
图  号
 41
0.6669999957084656
  7
PC_TEXTSTYLE
 72
     4
 11
-62.99999999999994
 21
38.5
 31
0.0
100
AcDbText
  0
TEXT
  5
663C
330
65EB
100
AcDbEntity
  8
6文字层
 62
   101
100
AcDbText
 10
-68.20259996652598
 20
33.5
 30
0.0
 40
2.0
  1
DRAWING NO.
 41
0.6669999957084656
  7
PC_TEXTSTYLE
 72
     4
 11
-62.99999999999994
 21
34.5
 31
0.0
100
AcDbText
  0
TEXT
  5
663D
330
65EB
100
AcDbEntity
  8
6文字层
 62
   101
100
AcDbText
 10
-67.89116808368723
 20
28.75
 30
0.0
 40
3.5
  1
共      张
 41
0.6669999957084656
  7
PC_TEXTSTYLE
 72
     4
 11
-62.99999999999994
 21
30.5
 31
0.0
100
AcDbText
  0
TEXT
  5
663E
330
65EB
100
AcDbEntity
  8
6文字层
 62
   101
100
AcDbText
 10
-65.6679999828338
 20
25.5
 30
0.0
 40
2.0
  1
TOTAL
 41
0.6669999957084656
  7
PC_TEXTSTYLE
 72
     4
 11
-62.99999999999994
 21
26.5
 31
0.0
100
AcDbText
  0
TEXT
  5
663F
330
65EB
100
AcDbEntity
  8
6文字层
 62
   101
100
AcDbText
 10
-66.47861943299878
 20
12.74125
 30
0.0
 40
3.5
  1
总   重
 41
0.6669999957084656
  7
PC_TEXTSTYLE
 72
     4
 11
-62.99999999999994
 21
14.5
 31
0.0
100
AcDbText
  0
TEXT
  5
6640
330
65EB
100
AcDbEntity
  8
6文字层
 62
   101
100
AcDbText
 10
-68.93629996180528
 20
9.500000000000001
 30
0.0
 40
2.0
  1
TOTAL WEIGHT
 41
0.6669999957084656
  7
PC_TEXTSTYLE
 72
     4
 11
-62.99999999999994
 21
10.5
 31
0.0
100
AcDbText
  0
TEXT
  5
6641
330
65EB
100
AcDbEntity
  8
6文字层
 62
   101
100
AcDbText
 10
-41.57467767729425
 20
12.75
 30
0.0
 40
3.5
  1
材   料
 41
0.6669999957084656
  7
PC_TEXTSTYLE
 72
     4
 11
-37.68384436899487
 21
14.5
 31
0.0
100
AcDbText
  0
TEXT
  5
6642
330
65EB
100
AcDbEntity
  8
6文字层
 62
   101
100
AcDbText
 10
-41.68584434324566
 20
9.499999999999998
 30
0.0
 40
2.0
  1
MATERIAL
 41
0.6669999957084656
  7
PC_TEXTSTYLE
 72
     4
 11
-37.68384436899487
 21
10.5
 31
0.0
100
AcDbText
  0
TEXT
  5
6643
330
65EB
100
AcDbEntity
  8
6文字层
 62
   101
100
AcDbText
 10
-43.04191244967809
 20
28.75000000000001
 30
0.0
 40
3.5
  1
第       张
 41
0.6669999957084656
  7
PC_TEXTSTYLE
 72
     4
 11
-37.68384436899487
 21
30.50000000000001
 31
0.0
100
AcDbText
  0
TEXT
  5
6644
330
65EB
100
AcDbEntity
  8
6文字层
 62
   101
100
AcDbText
 10
-40.1920269512822
 20
25.50000000000001
 30
0.0
 40
2.0
  1
SHEET
 41
0.6669999957084656
  7
PC_TEXTSTYLE
 72
     4
 11
-37.68384436899487
 21
26.50000000000001
 31
0.0
100
AcDbText
  0
TEXT
  5
6645
330
65EB
100
AcDbEntity
  8
6文字层
 62
   101
100
AcDbText
 10
-16.07467767729425
 20
12.75
 30
0.0
 40
3.5
  1
数   量
 41
0.6669999957084656
  7
PC_TEXTSTYLE
 72
     4
 11
-12.18384436899487
 21
14.5
 31
0.0
100
AcDbText
  0
TEXT
  5
6646
330
65EB
100
AcDbEntity
  8
6文字层
 62
   101
100
AcDbText
 10
-14.11814435654942
 20
9.5
 30
0.0
 40
2.0
  1
QTY.
 41
0.6669999957084656
  7
PC_TEXTSTYLE
 72
     4
 11
-12.18384436899487
 21
10.5
 31
0.0
100
AcDbText
  0
TEXT
  5
6647
330
65EB
100
AcDbEntity
  8
6文字层
 62
   101
100
AcDbText
 10
-24.38213785686278
 20
28.75
 30
0.0
 40
3.5
  1
比例
 41
0.6669999957084656
  7
PC_TEXTSTYLE
 72
     4
 11
-21.89200453955118
 21
30.5
 31
0.0
100
AcDbText
  0
TEXT
  5
6648
330
65EB
100
AcDbEntity
  8
6文字层
 62
   101
100
AcDbText
 10
-24.40018712183852
 20
25.5
 30
0.0
 40
2.0
  1
SCALE
 41
0.6669999957084656
  7
PC_TEXTSTYLE
 72
     4
 11
-21.89200453955118
 21
26.5
 31
0.0
100
AcDbText
  0
ATTDEF
  5
6649
330
65EB
100
AcDbEntity
  8
6文字层
 62
   101
100
AcDbText
 10
-102.4999999999999
 20
58.0
 30
0.0
 40
5.0
  1

 41
2.415189873417721
  7
PC_TEXTSTYLE
 72
     5
 11
-75.99999999999994
 21
58.0
 31
0.0
100
AcDbAttributeDefinition
280
     0
  3
审核
  2
审核
 70
     8
280
     0
1001
TH_XDATA_ORDER
1070
     1
1000
7
1001
TH_XDATA_CODE
1070
     1
1000
Check
1001
TH_XDATA_VTYPE
1070
     1
1000
String
1070
     2
1000

1001
TH_XDATA_ALIGN
1070
     1
1000
CENTER
1001
TH_XDATA_ROWDOWITH
1070
     1
1000
自动压缩
1001
TH_XDATA_ORIENTION
1070
     1
1000
DEFAULT
1001
TH_XDATA_EDITABLE
1070
     1
1000
True
1001
TH_XDATA_EXPRE
1070
     1
1000

1001
TH_XDATA_ATTDEFHANDLE
1070
     1
1005
6649
  0
ATTDEF
  5
664A
330
65EB
100
AcDbEntity
  8
6文字层
 62
   101
100
AcDbText
 10
-102.4999999999999
 20
50.0
 30
0.0
 40
5.0
  1

 41
2.385
  7
PC_TEXTSTYLE
 72
     5
 11
-75.99999999999994
 21
50.0
 31
0.0
100
AcDbAttributeDefinition
280
     0
  3
校对
  2
校对
 70
     8
280
     0
1001
TH_XDATA_ORDER
1070
     1
1000
8
1001
TH_XDATA_CODE
1070
     1
1000
Check
1001
TH_XDATA_VTYPE
1070
     1
1000
String
1070
     2
1000

1001
TH_XDATA_ALIGN
1070
     1
1000
CENTER
1001
TH_XDATA_ROWDOWITH
1070
     1
1000
自动压缩
1001
TH_XDATA_ORIENTION
1070
     1
1000
DEFAULT
1001
TH_XDATA_EDITABLE
1070
     1
1000
True
1001
TH_XDATA_EXPRE
1070
     1
1000

1001
TH_XDATA_ATTDEFHANDLE
1070
     1
1005
664A
  0
ATTDEF
  5
664B
330
65EB
100
AcDbEntity
  8
6文字层
 62
   101
100
AcDbText
 10
-102.4999999999999
 20
42.0
 30
0.0
 40
5.0
  1

 41
1.22832618025751
  7
PC_TEXTSTYLE
 72
     5
 11
-75.99999999999994
 21
42.0
 31
0.0
100
AcDbAttributeDefinition
280
     0
  3
设计绘图
  2
设计绘图
 70
     8
280
     0
1001
TH_XDATA_ORDER
1070
     1
1000
9
1001
TH_XDATA_CODE
1070
     1
1000
Check
1001
TH_XDATA_VTYPE
1070
     1
1000
String
1070
     2
1000

1001
TH_XDATA_ALIGN
1070
     1
1000
CENTER
1001
TH_XDATA_ROWDOWITH
1070
     1
1000
自动压缩
1001
TH_XDATA_ORIENTION
1070
     1
1000
DEFAULT
1001
TH_XDATA_EDITABLE
1070
     1
1000
True
1001
TH_XDATA_EXPRE
1070
     1
1000

1001
TH_XDATA_ATTDEFHANDLE
1070
     1
1005
664B
  0
ATTDEF
  5
664C
330
65EB
100
AcDbEntity
  8
6文字层
 62
   101
100
AcDbText
 10
-102.4999999999999
 20
34.0
 30
0.0
 40
5.0
  1

 41
2.488695652173912
  7
PC_TEXTSTYLE
 72
     5
 11
-75.99999999999994
 21
34.0
 31
0.0
100
AcDbAttributeDefinition
280
     0
  3
工艺
  2
工艺
 70
     8
280
     0
1001
TH_XDATA_ORDER
1070
     1
1000
10
1001
TH_XDATA_CODE
1070
     1
1000
Check
1001
TH_XDATA_VTYPE
1070
     1
1000
String
1070
     2
1000

1001
TH_XDATA_ALIGN
1070
     1
1000
CENTER
1001
TH_XDATA_ROWDOWITH
1070
     1
1000
自动压缩
1001
TH_XDATA_ORIENTION
1070
     1
1000
DEFAULT
1001
TH_XDATA_EDITABLE
1070
     1
1000
True
1001
TH_XDATA_EXPRE
1070
     1
1000

1001
TH_XDATA_ATTDEFHANDLE
1070
     1
1005
664C
  0
ATTDEF
  5
664D
330
65EB
100
AcDbEntity
  8
6文字层
 62
   101
100
AcDbText
 10
-154.9999999999999
 20
34.0
 30
0.0
 40
5.0
  1

 41
1.202521008403361
  7
PC_TEXTSTYLE
 72
     5
 11
-128.4999999999999
 21
34.0
 31
0.0
100
AcDbAttributeDefinition
280
     0
  3
标准审查
  2
标准审查
 70
     8
280
     0
1001
TH_XDATA_ORDER
1070
     1
1000
11
1001
TH_XDATA_CODE
1070
     1
1000
Check
1001
TH_XDATA_VTYPE
1070
     1
1000
String
1070
     2
1000

1001
TH_XDATA_ALIGN
1070
     1
1000
CENTER
1001
TH_XDATA_ROWDOWITH
1070
     1
1000
自动压缩
1001
TH_XDATA_ORIENTION
1070
     1
1000
DEFAULT
1001
TH_XDATA_EDITABLE
1070
     1
1000
True
1001
TH_XDATA_EXPRE
1070
     1
1000

1001
TH_XDATA_ATTDEFHANDLE
1070
     1
1005
664D
  0
LINE
  5
664E
330
65EB
100
AcDbEntity
  8
2细线层
 62
   101
100
AcDbLine
 10
-74.99999999999994
 20
41.0
 30
0.0
 11
-179.9999999999999
 21
41.00000000000001
 31
0.0
  0
TEXT
  5
664F
330
65EB
100
AcDbEntity
  8
6文字层
 62
   101
100
AcDbText
 10
-24.45995452302878
 20
20.75
 30
0.0
 40
3.5
  1
日期
 41
0.6669999957084656
  7
PC_TEXTSTYLE
 72
     4
 11
-21.89200453955118
 21
22.5
 31
0.0
100
AcDbText
  0
TEXT
  5
6650
330
65EB
100
AcDbEntity
  8
6文字层
 62
   101
100
AcDbText
 10
-24.02640452581827
 20
17.5
 30
0.0
 40
2.0
  1
DATE
 41
0.6669999957084656
  7
PC_TEXTSTYLE
 72
     4
 11
-21.89200453955118
 21
18.5
 31
0.0
100
AcDbText
  0
TEXT
  5
6651
330
65EB
100
AcDbEntity
  8
6文字层
 62
   101
100
AcDbText
 10
-69.6144166241089
 20
20.74999999999999
 30
0.0
 40
3.5
  1
版本与日期
 41
0.6669999957084656
  7
PC_TEXTSTYLE
 72
     4
 11
-62.99999999999994
 21
22.49999999999999
 31
0.0
100
AcDbText
  0
TEXT
  5
6652
330
65EB
100
AcDbEntity
  8
6文字层
 62
   101
100
AcDbText
 10
-69.1369994798681
 20
17.50999999999999
 30
0.0
 40
2.0
  1
VERSION&DATE
 41
0.6669999957084656
  7
PC_TEXTSTYLE
 72
     4
 11
-62.99999999999994
 21
18.49999999999998
 31
0.0
100
AcDbText
  0
ATTDEF
  5
6653
330
65EB
100
AcDbEntity
  8
6文字层
 62
   101
100
AcDbText
 10
-49.99999999999994
 20
17.99999999999998
 30
0.0
 40
5.0
  1

 41
0.8349579831932752
  7
PC_TEXTSTYLE
 72
     5
 11
-27.0
 21
17.99999999999998
 31
0.0
100
AcDbAttributeDefinition
280
     0
  3
版本与日期
  2
版本与日期
 70
     8
280
     0
1001
TH_XDATA_ORDER
1070
     1
1000
12
1001
TH_XDATA_CODE
1070
     1
1000
Check
1001
TH_XDATA_VTYPE
1070
     1
1000
String
1070
     2
1000

1001
TH_XDATA_ALIGN
1070
     1
1000
CENTER
1001
TH_XDATA_ROWDOWITH
1070
     1
1000
自动压缩
1001
TH_XDATA_ORIENTION
1070
     1
1000
DEFAULT
1001
TH_XDATA_EDITABLE
1070
     1
1000
True
1001
TH_XDATA_EXPRE
1070
     1
1000

1001
TH_XDATA_ATTDEFHANDLE
1070
     1
1005
6653
  0
ATTDEF
  5
6654
330
65EB
100
AcDbEntity
  8
0
100
AcDbText
 10
0.0
 20
8.5
 30
0.0
 40
5.0
  1

  7
PC_TEXTSTYLE
100
AcDbAttributeDefinition
280
     0
  3
备注
  2
备注
 70
     1
280
     0
1001
TH_XDATA_ORDER
1070
     1
1000
19
1001
TH_XDATA_CODE
1070
     1
1000
Remark
1001
TH_XDATA_VTYPE
1070
     1
1000
String
1070
     2
1000

1001
TH_XDATA_ALIGN
1070
     1
1000
LEFT
1001
TH_XDATA_ROWDOWITH
1070
     1
1000
自动压缩
1001
TH_XDATA_ORIENTION
1070
     1
1000
DEFAULT
1001
TH_XDATA_EDITABLE
1070
     1
1000
True
1001
TH_XDATA_EXPRE
1070
     1
1000

1001
TH_XDATA_ATTDEFHANDLE
1070
     1
1005
6654
  0
ATTDEF
  5
6655
330
65EB
100
AcDbEntity
  8
0
100
AcDbText
 10
0.0
 20
17.0
 30
0.0
 40
5.0
  1

  7
PC_TEXTSTYLE
100
AcDbAttributeDefinition
280
     0
  3
产品名称或材料标记
  2
产品名称或材料标记
 70
     1
280
     0
1001
TH_XDATA_ORDER
1070
     1
1000
20
1001
TH_XDATA_CODE
1070
     1
1000
Remark
1001
TH_XDATA_VTYPE
1070
     1
1000
String
1070
     2
1000

1001
TH_XDATA_ALIGN
1070
     1
1000
LEFT
1001
TH_XDATA_ROWDOWITH
1070
     1
1000
自动压缩
1001
TH_XDATA_ORIENTION
1070
     1
1000
DEFAULT
1001
TH_XDATA_EDITABLE
1070
     1
1000
True
1001
TH_XDATA_EXPRE
1070
     1
1000

1001
TH_XDATA_ATTDEFHANDLE
1070
     1
1005
6655
  0
ENDBLK
  5
6657
330
65EB
100
AcDbEntity
  8
0
100
AcDbBlockEnd
  0
BLOCK
  5
6690
330
6670
100
AcDbEntity
  8
0
100
AcDbBlockBegin
  2
PC_FJL_BLOCK
 70
     2
 10
0.0
 20
0.0
 30
0.0
  3
PC_FJL_BLOCK
  1

  0
TEXT
  5
6671
330
6670
100
AcDbEntity
  8
6文字层
 62
     3
100
AcDbText
 10
-18.10279996395111
 20
47.57746594677465
 30
0.0
 40
3.5
  1
旧底图总号
 41
0.6669999957084656
  7
PC_TEXTSTYLE
 72
     4
 11
-12.5
 21
49.32746594677465
 31
0.0
100
AcDbText
  0
ATTDEF
  5
6672
330
6670
100
AcDbEntity
  8
6文字层
100
AcDbText
 10
-23.0
 20
40.0
 30
0.0
 40
5.0
  1
旧底图总号
 41
0.7623529411764708
  7
PC_TEXTSTYLE
 72
     5
 11
-2.0
 21
40.0
 31
0.0
100
AcDbAttributeDefinition
280
     0
  3
旧底图总号
  2
旧底图总号
 70
     0
280
     0
1001
TH_XDATA_ORDER
1070
     1
1000
7
1001
TH_XDATA_CODE
1070
     1
1000

1001
TH_XDATA_VTYPE
1070
     1
1000
String
1070
     2
1000

1001
TH_XDATA_ALIGN
1070
     1
1000
LEFT
1001
TH_XDATA_ROWDOWITH
1070
     1
1000
自动压缩
1001
TH_XDATA_ORIENTION
1070
     1
1000
DEFAULT
1001
TH_XDATA_EDITABLE
1070
     1
1000
True
1001
TH_XDATA_EXPRE
1070
     1
1000

1001
TH_XDATA_ATTDEFHANDLE
1070
     1
1005
6672
  0
LINE
  5
6673
330
6670
100
AcDbEntity
  8
2细线层
100
AcDbLine
 10
-25.0
 20
91.0
 30
0.0
 11
0.0000000000000036
 21
91.0
 31
0.0
  0
LINE
  5
6674
330
6670
100
AcDbEntity
  8
2细线层
100
AcDbLine
 10
-25.0
 20
86.0
 30
0.0
 11
0.0000000000000036
 21
86.0
 31
0.0
  0
LINE
  5
6675
330
6670
100
AcDbEntity
  8
2细线层
100
AcDbLine
 10
-25.0
 20
78.0
 30
0.0
 11
0.0000000000000036
 21
78.0
 31
0.0
  0
LINE
  5
6676
330
6670
100
AcDbEntity
  8
2细线层
100
AcDbLine
 10
-25.0
 20
73.0
 30
0.0
 11
0.0000000000000036
 21
73.0
 31
0.0
  0
LINE
  5
6677
330
6670
100
AcDbEntity
  8
2细线层
100
AcDbLine
 10
-25.0
 20
65.0
 30
0.0
 11
0.0000000000000036
 21
65.0
 31
0.0
  0
LINE
  5
6678
330
6670
100
AcDbEntity
  8
2细线层
100
AcDbLine
 10
-25.0
 20
60.0
 30
0.0
 11
0.0000000000000036
 21
60.0
 31
0.0
  0
LINE
  5
6679
330
6670
100
AcDbEntity
  8
2细线层
100
AcDbLine
 10
-25.0
 20
52.0
 30
0.0
 11
0.0000000000000036
 21
52.0
 31
0.0
  0
LINE
  5
667A
330
6670
100
AcDbEntity
  8
2细线层
100
AcDbLine
 10
-25.0
 20
47.0
 30
0.0
 11
0.0000000000000036
 21
47.0
 31
0.0
  0
LINE
  5
667B
330
6670
100
AcDbEntity
  8
2细线层
100
AcDbLine
 10
-25.0
 20
39.0
 30
0.0
 11
0.0
 21
39.0
 31
0.0
  0
LINE
  5
667C
330
6670
100
AcDbEntity
  8
2细线层
100
AcDbLine
 10
-25.0
 20
34.0
 30
0.0
 11
0.0
 21
34.0
 31
0.0
  0
LINE
  5
667D
330
6670
100
AcDbEntity
  8
2细线层
100
AcDbLine
 10
-25.0
 20
26.0
 30
0.0
 11
0.0
 21
26.0
 31
0.0
  0
LINE
  5
667E
330
6670
100
AcDbEntity
  8
2细线层
100
AcDbLine
 10
-25.0
 20
21.0
 30
0.0
 11
0.0
 21
21.0
 31
0.0
  0
TEXT
  5
667F
330
6670
100
AcDbEntity
  8
6文字层
 62
     3
100
AcDbText
 10
-20.19256806566285
 20
86.21996152669467
 30
0.0
 40
3.5
  1
借通用件登记
 41
0.6669999957084656
  7
PC_TEXTSTYLE
 72
     4
 11
-12.5
 21
87.96996152669468
 31
0.0
100
AcDbText
  0
ATTDEF
  5
6680
330
6670
100
AcDbEntity
  8
6文字层
100
AcDbText
 10
-23.0
 20
79.0
 30
0.0
 40
5.0
  1
借通用件登记
 41
0.6352941176470587
  7
PC_TEXTSTYLE
 72
     5
 11
-1.999999999999996
 21
79.0
 31
0.0
100
AcDbAttributeDefinition
280
     0
  3
借通用件登记
  2
借通用件登记
 70
     0
280
     0
1001
TH_XDATA_ORDER
1070
     1
1000
6
1001
TH_XDATA_CODE
1070
     1
1000

1001
TH_XDATA_VTYPE
1070
     1
1000
String
1070
     2
1000

1001
TH_XDATA_ALIGN
1070
     1
1000
LEFT
1001
TH_XDATA_ROWDOWITH
1070
     1
1000
自动压缩
1001
TH_XDATA_ORIENTION
1070
     1
1000
DEFAULT
1001
TH_XDATA_EDITABLE
1070
     1
1000
True
1001
TH_XDATA_EXPRE
1070
     1
1000

1001
TH_XDATA_ATTDEFHANDLE
1070
     1
1005
6680
  0
ATTDEF
  5
6681
330
6670
100
AcDbEntity
  8
6文字层
100
AcDbText
 10
-23.0
 20
66.0
 30
0.0
 40
5.0
  1
描图
 41
2.007079646017699
  7
PC_TEXTSTYLE
 72
     5
 11
-1.999999999999996
 21
66.0
 31
0.0
100
AcDbAttributeDefinition
280
     0
  3
描图
  2
描图
 70
     0
280
     0
1001
TH_XDATA_ORDER
1070
     1
1000
5
1001
TH_XDATA_CODE
1070
     1
1000

1001
TH_XDATA_VTYPE
1070
     1
1000
String
1070
     2
1000

1001
TH_XDATA_ALIGN
1070
     1
1000
LEFT
1001
TH_XDATA_ROWDOWITH
1070
     1
1000
自动压缩
1001
TH_XDATA_ORIENTION
1070
     1
1000
DEFAULT
1001
TH_XDATA_EDITABLE
1070
     1
1000
True
1001
TH_XDATA_EXPRE
1070
     1
1000

1001
TH_XDATA_ATTDEFHANDLE
1070
     1
1005
6681
  0
TEXT
  5
6682
330
6670
100
AcDbEntity
  8
6文字层
 62
     3
100
AcDbText
 10
-16.0127014258898
 20
73.71550074417396
 30
0.0
 40
3.5
  1
描   图
 41
0.6669999957084656
  7
PC_TEXTSTYLE
 72
     4
 11
-12.5
 21
75.46550074417396
 31
0.0
100
AcDbText
  0
TEXT
  5
6683
330
6670
100
AcDbEntity
  8
6文字层
 62
     3
100
AcDbText
 10
-15.92393331130345
 20
60.5627527981758
 30
0.0
 40
3.5
  1
校  描
 41
0.6669999957084656
  7
PC_TEXTSTYLE
 72
     4
 11
-12.5
 21
62.3127527981758
 31
0.0
100
AcDbText
  0
TEXT
  5
6684
330
6670
100
AcDbEntity
  8
6文字层
 62
     3
100
AcDbText
 10
-15.51171943600292
 20
22.04188386534619
 30
0.0
 40
3.5
  1
签  字
 41
0.6669999957084656
  7
PC_TEXTSTYLE
 72
     4
 11
-12.5
 21
23.80063386534619
 31
0.0
100
AcDbText
  0
TEXT
  5
6685
330
6670
100
AcDbEntity
  8
6文字层
 62
     3
100
AcDbText
 10
-15.99551483817161
 20
8.75
 30
0.0
 40
3.5
  1
日  期
 41
0.6669999957084656
  7
PC_TEXTSTYLE
 72
     4
 11
-12.49376486070217
 21
10.5
 31
0.0
100
AcDbText
  0
TEXT
  5
6686
330
6670
100
AcDbEntity
  8
6文字层
 62
     3
100
AcDbText
 10
-16.62428330679734
 20
34.57746594677465
 30
0.0
 40
3.5
  1
底图总号
 41
0.6669999957084656
  7
PC_TEXTSTYLE
 72
     4
 11
-12.5
 21
36.32746594677465
 31
0.0
100
AcDbText
  0
ATTDEF
  5
6687
330
6670
100
AcDbEntity
  8
6文字层
100
AcDbText
 10
-23.0
 20
53.0
 30
0.0
 40
5.0
  1
校图
 41
2.007079646017699
  7
PC_TEXTSTYLE
 72
     5
 11
-1.999999999999996
 21
53.0
 31
0.0
100
AcDbAttributeDefinition
280
     0
  3
校图
  2
校图
 70
     0
280
     0
1001
TH_XDATA_ORDER
1070
     1
1000
4
1001
TH_XDATA_CODE
1070
     1
1000

1001
TH_XDATA_VTYPE
1070
     1
1000
String
1070
     2
1000

1001
TH_XDATA_ALIGN
1070
     1
1000
LEFT
1001
TH_XDATA_ROWDOWITH
1070
     1
1000
自动压缩
1001
TH_XDATA_ORIENTION
1070
     1
1000
DEFAULT
1001
TH_XDATA_EDITABLE
1070
     1
1000
True
1001
TH_XDATA_EXPRE
1070
     1
1000

1001
TH_XDATA_ATTDEFHANDLE
1070
     1
1005
6687
  0
ATTDEF
  5
6688
330
6670
100
AcDbEntity
  8
6文字层
100
AcDbText
 10
-23.0
 20
14.0
 30
0.0
 40
5.0
  1
签字
 41
1.972173913043477
  7
PC_TEXTSTYLE
 72
     5
 11
-2.0
 21
14.0
 31
0.0
100
AcDbAttributeDefinition
280
     0
  3
签字
  2
签字
 70
     0
280
     0
1001
TH_XDATA_ORDER
1070
     1
1000
3
1001
TH_XDATA_CODE
1070
     1
1000
Signature
1001
TH_XDATA_VTYPE
1070
     1
1000
String
1070
     2
1000

1001
TH_XDATA_ALIGN
1070
     1
1000
LEFT
1001
TH_XDATA_ROWDOWITH
1070
     1
1000
自动压缩
1001
TH_XDATA_ORIENTION
1070
     1
1000
DEFAULT
1001
TH_XDATA_EDITABLE
1070
     1
1000
True
1001
TH_XDATA_EXPRE
1070
     1
1000

1001
TH_XDATA_ATTDEFHANDLE
1070
     1
1005
6688
  0
ATTDEF
  5
6689
330
6670
100
AcDbEntity
  8
6文字层
100
AcDbText
 10
-23.0
 20
1.0
 30
0.0
 40
5.0
  1
日期
 50
0.0000000000000006
 41
1.930212765957446
  7
PC_TEXTSTYLE
 72
     5
 11
-2.0
 21
1.0
 31
0.0
100
AcDbAttributeDefinition
280
     0
  3
日期
  2
日期
 70
     0
280
     0
1001
TH_XDATA_ORDER
1070
     1
1000
2
1001
TH_XDATA_CODE
1070
     1
1000
Date
1001
TH_XDATA_VTYPE
1070
     1
1000
String
1070
     2
1000

1001
TH_XDATA_ALIGN
1070
     1
1000
LEFT
1001
TH_XDATA_ROWDOWITH
1070
     1
1000
自动压缩
1001
TH_XDATA_ORIENTION
1070
     1
1000
DEFAULT
1001
TH_XDATA_EDITABLE
1070
     1
1000
True
1001
TH_XDATA_EXPRE
1070
     1
1000

1001
TH_XDATA_ATTDEFHANDLE
1070
     1
1005
6689
  0
ATTDEF
  5
668A
330
6670
100
AcDbEntity
  8
6文字层
100
AcDbText
 10
-23.0
 20
27.0
 30
0.0
 40
5.0
  1
底图总号
 41
0.9549473684210527
  7
PC_TEXTSTYLE
 72
     5
 11
-2.0
 21
27.0
 31
0.0
100
AcDbAttributeDefinition
280
     0
  3
底图总号
  2
底图总号
 70
     0
280
     0
1001
TH_XDATA_ORDER
1070
     1
1000
1
1001
TH_XDATA_CODE
1070
     1
1000

1001
TH_XDATA_VTYPE
1070
     1
1000
String
1070
     2
1000

1001
TH_XDATA_ALIGN
1070
     1
1000
LEFT
1001
TH_XDATA_ROWDOWITH
1070
     1
1000
自动压缩
1001
TH_XDATA_ORIENTION
1070
     1
1000
DEFAULT
1001
TH_XDATA_EDITABLE
1070
     1
1000
True
1001
TH_XDATA_EXPRE
1070
     1
1000

1001
TH_XDATA_ATTDEFHANDLE
1070
     1
1005
668A
  0
LINE
  5
668B
330
6670
100
AcDbEntity
  8
2细线层
100
AcDbLine
 10
-25.0
 20
13.0
 30
0.0
 11
0.0
 21
13.0
 31
0.0
  0
LINE
  5
668C
330
6670
100
AcDbEntity
  8
2细线层
100
AcDbLine
 10
-25.0
 20
8.0
 30
0.0
 11
0.0
 21
8.0
 31
0.0
  0
LINE
  5
668D
330
6670
100
AcDbEntity
  8
2细线层
100
AcDbLine
 10
-25.0
 20
0.0
 30
0.0
 11
0.0
 21
0.0
 31
0.0
  0
ENDBLK
  5
6691
330
6670
100
AcDbEntity
  8
0
100
AcDbBlockEnd
  0
BLOCK
  5
66A1
330
669B
100
AcDbEntity
  8
0
100
AcDbBlockBegin
  2
PC_TYDH_BLOCK
 70
     2
 10
0.0
 20
0.0
 30
0.0
  3
PC_TYDH_BLOCK
  1

  0
LINE
  5
669C
330
669B
100
AcDbEntity
  8
2细线层
  6
Continuous
100
AcDbLine
 10
0.0
 20
-12.0
 30
0.0
 11
50.0
 21
-12.0
 31
0.0
  0
ATTDEF
  5
669D
330
669B
100
AcDbEntity
  8
6文字层
100
AcDbText
 10
48.23961856626533
 20
-2.403184483947882
 30
0.0
 40
7.0
  1
图样代号
 50
180.0
 41
0.9709751296134431
  7
PC_TEXTSTYLE
 72
     5
 11
18.34617128881442
 21
-2.403184483947882
 31
0.0
100
AcDbAttributeDefinition
280
     0
  3
图样代号
  2
图样代号
 70
     0
280
     0
1001
TH_XDATA_ORDER
1070
     1
1000
1
1001
TH_XDATA_CODE
1070
     1
1000
Code
1001
TH_XDATA_VTYPE
1070
     1
1000
String
1070
     2
1000

1001
TH_XDATA_ALIGN
1070
     1
1000
CENTER
1001
TH_XDATA_ROWDOWITH
1070
     1
1000
自动压缩
1001
TH_XDATA_ORIENTION
1070
     1
1000
DEFAULT
1001
TH_XDATA_EDITABLE
1070
     1
1000
True
1001
TH_XDATA_EXPRE
1070
     1
1000

1001
TH_XDATA_ATTDEFHANDLE
1070
     1
1005
669D
  0
LINE
  5
669E
330
669B
100
AcDbEntity
  8
2细线层
  6
Continuous
100
AcDbLine
 10
50.0
 20
0.0
 30
0.0
 11
50.0
 21
-12.0
 31
0.0
  0
LINE
  5
669F
330
669B
100
AcDbEntity
  8
2细线层
  6
Continuous
100
AcDbLine
 10
16.0
 20
-12.0
 30
0.0
 11
15.99999999999998
 21
0.0
 31
0.0
  0
TEXT
  5
66A0
330
669B
100
AcDbEntity
  8
6文字层
100
AcDbText
 10
12.99999999999998
 20
-2.495340677606066
 30
0.0
 40
5.0
  1
图   号
 50
180.0
 41
0.6669999957084656
  7
PC_TEXTSTYLE
100
AcDbText
  0
ENDBLK
  5
66A2
330
669B
100
AcDbEntity
  8
0
100
AcDbBlockEnd
  0
BLOCK
  5
725F
330
7253
100
AcDbEntity
  8
0
100
AcDbBlockBegin
  2
A$C35884e63
 70
     0
 10
0.0
 20
0.0
 30
0.0
  3
A$C35884e63
  1

  0
LINE
  5
7254
330
7253
100
AcDbEntity
  8
1轮廓实线层
100
AcDbLine
 10
0.0
 20
13.14149382659957
 30
0.0
 11
2.600000000000022
 21
13.14149382659957
 31
0.0
  0
LINE
  5
7255
330
7253
100
AcDbEntity
  8
1轮廓实线层
100
AcDbLine
 10
2.600000000000022
 20
13.14149382659957
 30
0.0
 11
6.726710009777889
 21
1.277042774622032
 31
0.0
  0
LINE
  5
7256
330
7253
100
AcDbEntity
  8
1轮廓实线层
100
AcDbLine
 10
11.20733941415528
 20
0.0000000000000568
 30
0.0
 11
15.47726959634065
 21
13.14149382659963
 31
0.0
  0
LINE
  5
7257
330
7253
100
AcDbEntity
  8
1轮廓实线层
100
AcDbLine
 10
3.570588158625525
 20
10.35101529228132
 30
0.0
 11
14.57058815862552
 21
10.35101529228132
 31
0.0
  0
LINE
  5
7258
330
7253
100
AcDbEntity
  8
1轮廓实线层
100
AcDbLine
 10
2.600000000000022
 20
13.14149382659957
 30
0.0
 11
15.47726959634059
 21
13.14149382659957
 31
0.0
  0
LINE
  5
7259
330
7253
100
AcDbEntity
  8
1轮廓实线层
100
AcDbLine
 10
15.47726959634065
 20
13.14149382659963
 30
0.0
 11
18.07726959634067
 21
13.14149382659963
 31
0.0
  0
LINE
  5
725A
330
7253
100
AcDbEntity
  8
1轮廓实线层
100
AcDbLine
 10
6.726710009777889
 20
1.277042774622032
 30
0.0
 11
7.170892819236087
 21
0.0
 31
0.0
  0
LINE
  5
725B
330
7253
100
AcDbEntity
  8
1轮廓实线层
100
AcDbLine
 10
9.25782123675782
 20
0.0000000000000568
 30
0.0
 11
11.20733941415528
 21
0.0000000000000568
 31
0.0
  0
LINE
  5
725C
330
7253
100
AcDbEntity
  8
1轮廓实线层
100
AcDbLine
 10
9.25782123675782
 20
0.0000000000000568
 30
0.0
 11
7.170892819236087
 21
0.0
 31
0.0
  0
ENDBLK
  5
7260
330
7253
100
AcDbEntity
  8
0
100
AcDbBlockEnd
  0
BLOCK
  5
7419
330
7410
100
AcDbEntity
  8
0
100
AcDbBlockBegin
  2
A$Cab35f4d2
 70
     0
 10
0.0
 20
0.0
 30
0.0
  3
A$Cab35f4d2
  1

  0
ARC
  5
7411
330
7410
100
AcDbEntity
  8
1轮廓实线层
100
AcDbCircle
 10
0.0
 20
-148.7999999999999
 30
0.0
 40
160.25
100
AcDbArc
 50
89.06771686032644
 51
90.0
  0
LINE
  5
7412
330
7410
100
AcDbEntity
  8
1轮廓实线层
100
AcDbLine
 10
0.0
 20
11.45000000000004
 30
0.0
 11
2.600000000000022
 21
11.45000000000004
 31
0.0
  0
LINE
  5
7413
330
7410
100
AcDbEntity
  8
1轮廓实线层
100
AcDbLine
 10
2.600000000000022
 20
11.45000000000004
 30
0.0
 11
6.582555063437212
 21
0.0
 31
0.0
  0
LINE
  5
7414
330
7410
100
AcDbEntity
  8
1轮廓实线层
100
AcDbLine
 10
11.75693907447379
 20
0.0
 30
0.0
 11
15.47726959634065
 21
11.45000000000004
 31
0.0
  0
LINE
  5
7415
330
7410
100
AcDbEntity
  8
1轮廓实线层
100
AcDbLine
 10
2.600000000000022
 20
11.45000000000004
 30
0.0
 11
15.47726959634059
 21
11.45000000000004
 31
0.0
  0
LINE
  5
7416
330
7410
100
AcDbEntity
  8
1轮廓实线层
100
AcDbLine
 10
6.582555063437212
 20
0.0
 30
0.0
 11
11.75693907447379
 21
0.0
 31
0.0
  0
ENDBLK
  5
741A
330
7410
100
AcDbEntity
  8
0
100
AcDbBlockEnd
  0
BLOCK
  5
74F9
330
74F8
100
AcDbEntity
  8
0
100
AcDbBlockBegin
  2
*U17
 70
     1
 10
0.0
 20
0.0
 30
0.0
  3
*U17
  1

  0
CIRCLE
  5
74FF
330
74F8
100
AcDbEntity
  8
1轮廓实线层
100
AcDbCircle
 10
0.0
 20
0.0
 30
0.0
 40
40.0
  0
ENDBLK
  5
74FA
330
74F8
100
AcDbEntity
  8
0
100
AcDbBlockEnd
  0
BLOCK
  5
74FC
330
74FB
100
AcDbEntity
  8
0
100
AcDbBlockBegin
  2
*U18
 70
     1
 10
0.0
 20
0.0
 30
0.0
  3
*U18
  1

  0
INSERT
  5
750E
330
74FB
100
AcDbEntity
  8
1轮廓实线层
  6
ByBlock
347
ED
 62
     0
440
 16777216
370
    -2
380
     1
100
AcDbBlockReference
  2
*U17
 10
425.3875862789973
 20
298.684935940479
 30
0.0
  0
INSERT
  5
750F
330
74FB
100
AcDbEntity
  8
1轮廓实线层
  6
ByBlock
347
ED
 62
     0
440
 16777216
370
    -2
380
     1
100
AcDbBlockReference
  2
*U17
 10
346.2328643730996
 20
252.984935940479
 30
0.0
 50
59.99999999999999
  0
INSERT
  5
7510
330
74FB
100
AcDbEntity
  8
1轮廓实线层
  6
ByBlock
347
ED
 62
     0
440
 16777216
370
    -2
380
     1
100
AcDbBlockReference
  2
*U17
 10
346.2328643730996
 20
161.584935940479
 30
0.0
 50
120.0
  0
INSERT
  5
7511
330
74FB
100
AcDbEntity
  8
1轮廓实线层
  6
ByBlock
347
ED
 62
     0
440
 16777216
370
    -2
380
     1
100
AcDbBlockReference
  2
*U17
 10
425.3875862789973
 20
115.8849359404789
 30
0.0
 50
180.0
  0
INSERT
  5
7512
330
74FB
100
AcDbEntity
  8
1轮廓实线层
  6
ByBlock
347
ED
 62
     0
440
 16777216
370
    -2
380
     1
100
AcDbBlockReference
  2
*U17
 10
504.542308184895
 20
161.5849359404789
 30
0.0
 50
240.0
  0
INSERT
  5
7513
330
74FB
100
AcDbEntity
  8
1轮廓实线层
  6
ByBlock
347
ED
 62
     0
440
 16777216
370
    -2
380
     1
100
AcDbBlockReference
  2
*U17
 10
504.5423081848951
 20
252.9849359404789
 30
0.0
 41
0.9999999999999998
 42
0.9999999999999998
 43
0.9999999999999998
 50
300.0
  0
ENDBLK
  5
74FD
330
74FB
100
AcDbEntity
  8
0
100
AcDbBlockEnd
  0
BLOCK
  5
7517
330
7516
100
AcDbEntity
  8
0
100
AcDbBlockBegin
  2
*D19
 70
     1
 10
0.0
 20
0.0
 30
0.0
  3
*D19
  1

  0
LINE
  5
7519
330
7516
100
AcDbEntity
  8
1轮廓实线层
 62
   130
440
 16777216
100
AcDbLine
 10
53.7073981296906
 20
338.684935940479
 30
0.0
 11
104.3515180273694
 21
338.684935940479
 31
0.0
  0
LINE
  5
751A
330
7516
100
AcDbEntity
  8
1轮廓实线层
 62
   130
440
 16777216
100
AcDbLine
 10
53.7073981296906
 20
258.684935940479
 30
0.0
 11
104.3515180273694
 21
258.684935940479
 31
0.0
  0
LINE
  5
751B
330
7516
100
AcDbEntity
  8
1轮廓实线层
 62
   130
440
 16777216
100
AcDbLine
 10
102.3515180273694
 20
336.184935940479
 30
0.0
 11
102.3515180273694
 21
261.184935940479
 31
0.0
  0
SOLID
  5
751C
330
7516
100
AcDbEntity
  8
1轮廓实线层
 62
   130
440
 16777216
100
AcDbTrace
 10
101.9348513607027
 20
336.184935940479
 30
0.0
 11
102.7681846940361
 21
336.184935940479
 31
0.0
 12
102.3515180273694
 22
338.684935940479
 32
0.0
 13
102.3515180273694
 23
338.684935940479
 33
0.0
  0
SOLID
  5
751D
330
7516
100
AcDbEntity
  8
1轮廓实线层
 62
   130
440
 16777216
100
AcDbTrace
 10
101.9348513607027
 20
261.184935940479
 30
0.0
 11
102.7681846940361
 21
261.184935940479
 31
0.0
 12
102.3515180273694
 22
258.684935940479
 32
0.0
 13
102.3515180273694
 23
258.684935940479
 33
0.0
  0
MTEXT
  5
751E
330
7516
100
AcDbEntity
  8
1轮廓实线层
 62
     3
440
 16777216
100
AcDbMText
 10
99.10151802736947
 20
298.6849359404789
 30
0.0
 40
3.5
 41
0.0
 46
0.0
 71
     5
 72
     1
  1
80.0
  7
TH_GBDIM
 11
0.0000000000000001
 21
1.0
 31
0.0
 73
     1
 44
1.0
  0
POINT
  5
751F
330
7516
100
AcDbEntity
  8
Defpoints
 62
     0
440
 16777216
100
AcDbPoint
 10
53.7073981296906
 20
338.684935940479
 30
0.0
  0
POINT
  5
7520
330
7516
100
AcDbEntity
  8
Defpoints
 62
     0
440
 16777216
100
AcDbPoint
 10
53.7073981296906
 20
258.684935940479
 30
0.0
  0
POINT
  5
7521
330
7516
100
AcDbEntity
  8
Defpoints
 62
     0
440
 16777216
100
AcDbPoint
 10
102.3515180273694
 20
258.684935940479
 30
0.0
  0
ENDBLK
  5
7518
330
7516
100
AcDbEntity
  8
0
100
AcDbBlockEnd
  0
BLOCK
  5
7531
330
7530
100
AcDbEntity
  8
0
100
AcDbBlockBegin
  2
*D20
 70
     1
 10
0.0
 20
0.0
 30
0.0
  3
*D20
  1

  0
LINE
  5
753D
330
7530
100
AcDbEntity
  8
1轮廓实线层
 62
   130
440
 16777216
100
AcDbLine
 10
37.70739812969082
 20
338.6849359404788
 30
0.0
 11
37.70739812969082
 21
325.0724078097808
 31
0.0
  0
LINE
  5
753E
330
7530
100
AcDbEntity
  8
1轮廓实线层
 62
   130
440
 16777216
100
AcDbLine
 10
53.70739812969057
 20
338.6849359404788
 30
0.0
 11
53.70739812969057
 21
325.0724078097808
 31
0.0
  0
LINE
  5
753F
330
7530
100
AcDbEntity
  8
1轮廓实线层
 62
   130
440
 16777216
100
AcDbLine
 10
40.20739812969082
 20
327.0724078097808
 30
0.0
 11
51.20739812969057
 21
327.0724078097808
 31
0.0
  0
SOLID
  5
7540
330
7530
100
AcDbEntity
  8
1轮廓实线层
 62
   130
440
 16777216
100
AcDbTrace
 10
40.20739812969082
 20
327.4890744764475
 30
0.0
 11
40.20739812969082
 21
326.6557411431141
 31
0.0
 12
37.70739812969082
 22
327.0724078097808
 32
0.0
 13
37.70739812969082
 23
327.0724078097808
 33
0.0
  0
SOLID
  5
7541
330
7530
100
AcDbEntity
  8
1轮廓实线层
 62
   130
440
 16777216
100
AcDbTrace
 10
51.20739812969057
 20
327.4890744764475
 30
0.0
 11
51.20739812969057
 21
326.6557411431141
 31
0.0
 12
53.70739812969057
 22
327.0724078097808
 32
0.0
 13
53.70739812969057
 23
327.0724078097808
 33
0.0
  0
MTEXT
  5
7542
330
7530
100
AcDbEntity
  8
1轮廓实线层
 62
     3
440
 16777216
100
AcDbMText
 10
45.70739812969069
 20
330.3224078097808
 30
0.0
 40
3.5
 41
0.0
 46
0.0
 71
     5
 72
     1
  1
16.0
  7
TH_GBDIM
 73
     1
 44
1.0
  0
POINT
  5
7543
330
7530
100
AcDbEntity
  8
Defpoints
 62
     0
440
 16777216
100
AcDbPoint
 10
37.70739812969082
 20
338.6849359404788
 30
0.0
  0
POINT
  5
7544
330
7530
100
AcDbEntity
  8
Defpoints
 62
     0
440
 16777216
100
AcDbPoint
 10
53.70739812969057
 20
338.6849359404788
 30
0.0
  0
POINT
  5
7545
330
7530
100
AcDbEntity
  8
Defpoints
 62
     0
440
 16777216
100
AcDbPoint
 10
53.70739812969057
 20
327.0724078097808
 30
0.0
  0
ENDBLK
  5
7532
330
7530
100
AcDbEntity
  8
0
100
AcDbBlockEnd
  0
BLOCK
  5
7549
330
7548
100
AcDbEntity
  8
0
100
AcDbBlockBegin
  2
*D21
 70
     1
 10
0.0
 20
0.0
 30
0.0
  3
*D21
  1

  0
LINE
  5
7556
330
7548
100
AcDbEntity
  8
1轮廓实线层
 62
   130
440
 16777216
100
AcDbLine
 10
17.02344709563482
 20
364.7444574061607
 30
0.0
 11
17.02344709563482
 21
377.8240649073539
 31
0.0
  0
LINE
  5
7557
330
7548
100
AcDbEntity
  8
1轮廓实线层
 62
   130
440
 16777216
100
AcDbLine
 10
28.02344709563478
 20
364.7444574061607
 30
0.0
 11
28.02344709563478
 21
377.8240649073539
 31
0.0
  0
LINE
  5
7558
330
7548
100
AcDbEntity
  8
1轮廓实线层
 62
   130
440
 16777216
100
AcDbLine
 10
19.52344709563482
 20
375.8240649073539
 30
0.0
 11
25.52344709563478
 21
375.8240649073539
 31
0.0
  0
LINE
  5
7559
330
7548
100
AcDbEntity
  8
1轮廓实线层
 62
   130
440
 16777216
100
AcDbLine
 10
28.02344709563478
 20
375.8240649073539
 30
0.0
 11
41.65678042896811
 21
375.8240649073539
 31
0.0
  0
SOLID
  5
755A
330
7548
100
AcDbEntity
  8
1轮廓实线层
 62
   130
440
 16777216
100
AcDbTrace
 10
19.52344709563482
 20
376.2407315740206
 30
0.0
 11
19.52344709563482
 21
375.4073982406872
 31
0.0
 12
17.02344709563482
 22
375.8240649073539
 32
0.0
 13
17.02344709563482
 23
375.8240649073539
 33
0.0
  0
SOLID
  5
755B
330
7548
100
AcDbEntity
  8
1轮廓实线层
 62
   130
440
 16777216
100
AcDbTrace
 10
25.52344709563478
 20
376.2407315740206
 30
0.0
 11
25.52344709563478
 21
375.4073982406872
 31
0.0
 12
28.02344709563478
 22
375.8240649073539
 32
0.0
 13
28.02344709563478
 23
375.8240649073539
 33
0.0
  0
MTEXT
  5
755C
330
7548
100
AcDbEntity
  8
1轮廓实线层
 62
     3
440
 16777216
100
AcDbMText
 10
36.09011376230145
 20
379.0740649073539
 30
0.0
 40
3.5
 41
0.0
 46
0.0
 71
     5
 72
     1
  1
11.0
  7
TH_GBDIM
 73
     1
 44
1.0
  0
POINT
  5
755D
330
7548
100
AcDbEntity
  8
Defpoints
 62
     0
440
 16777216
100
AcDbPoint
 10
17.02344709563482
 20
364.7444574061607
 30
0.0
  0
POINT
  5
755E
330
7548
100
AcDbEntity
  8
Defpoints
 62
     0
440
 16777216
100
AcDbPoint
 10
28.02344709563478
 20
364.7444574061607
 30
0.0
  0
POINT
  5
755F
330
7548
100
AcDbEntity
  8
Defpoints
 62
     0
440
 16777216
100
AcDbPoint
 10
28.02344709563478
 20
375.8240649073539
 30
0.0
  0
ENDBLK
  5
754A
330
7548
100
AcDbEntity
  8
0
100
AcDbBlockEnd
  0
BLOCK
  5
7563
330
7562
100
AcDbEntity
  8
0
100
AcDbBlockBegin
  2
*D22
 70
     1
 10
0.0
 20
0.0
 30
0.0
  3
*D22
  1

  0
LINE
  5
7571
330
7562
100
AcDbEntity
  8
1轮廓实线层
 62
   130
440
 16777216
100
AcDbLine
 10
16.05285893700932
 20
367.534935940479
 30
0.0
 11
16.05285893700932
 21
373.7322137962976
 31
0.0
  0
LINE
  5
7572
330
7562
100
AcDbEntity
  8
1轮廓实线层
 62
   130
440
 16777216
100
AcDbLine
 10
13.45285893700929
 20
367.534935940479
 30
0.0
 11
13.45285893700929
 21
373.7322137962976
 31
0.0
  0
LINE
  5
7573
330
7562
100
AcDbEntity
  8
1轮廓实线层
 62
   130
440
 16777216
100
AcDbLine
 10
18.55285893700932
 20
371.7322137962976
 30
0.0
 11
21.05285893700932
 21
371.7322137962976
 31
0.0
  0
LINE
  5
7574
330
7562
100
AcDbEntity
  8
1轮廓实线层
 62
   130
440
 16777216
100
AcDbLine
 10
10.95285893700929
 20
371.7322137962976
 30
0.0
 11
-0.4138077296573713
 21
371.7322137962976
 31
0.0
  0
LINE
  5
7575
330
7562
100
AcDbEntity
  8
1轮廓实线层
 62
   130
440
 16777216
100
AcDbLine
 10
16.05285893700932
 20
371.7322137962976
 30
0.0
 11
13.45285893700929
 21
371.7322137962976
 31
0.0
  0
SOLID
  5
7576
330
7562
100
AcDbEntity
  8
1轮廓实线层
 62
   130
440
 16777216
100
AcDbTrace
 10
18.55285893700932
 20
372.1488804629643
 30
0.0
 11
18.55285893700932
 21
371.3155471296309
 31
0.0
 12
16.05285893700932
 22
371.7322137962976
 32
0.0
 13
16.05285893700932
 23
371.7322137962976
 33
0.0
  0
SOLID
  5
7577
330
7562
100
AcDbEntity
  8
1轮廓实线层
 62
   130
440
 16777216
100
AcDbTrace
 10
10.95285893700929
 20
372.1488804629643
 30
0.0
 11
10.95285893700929
 21
371.3155471296309
 31
0.0
 12
13.45285893700929
 22
371.7322137962976
 32
0.0
 13
13.45285893700929
 23
371.7322137962976
 33
0.0
  0
MTEXT
  5
7578
330
7562
100
AcDbEntity
  8
1轮廓实线层
 62
     3
440
 16777216
100
AcDbMText
 10
4.019525603675962
 20
374.9822137962976
 30
0.0
 40
3.5
 41
0.0
 46
0.0
 71
     5
 72
     1
  1
2.6
  7
TH_GBDIM
 73
     1
 44
1.0
  0
POINT
  5
7579
330
7562
100
AcDbEntity
  8
Defpoints
 62
     0
440
 16777216
100
AcDbPoint
 10
16.05285893700932
 20
367.534935940479
 30
0.0
  0
POINT
  5
757A
330
7562
100
AcDbEntity
  8
Defpoints
 62
     0
440
 16777216
100
AcDbPoint
 10
13.45285893700929
 20
367.534935940479
 30
0.0
  0
POINT
  5
757B
330
7562
100
AcDbEntity
  8
Defpoints
 62
     0
440
 16777216
100
AcDbPoint
 10
13.45285893700929
 20
371.7322137962976
 30
0.0
  0
ENDBLK
  5
7564
330
7562
100
AcDbEntity
  8
0
100
AcDbBlockEnd
  0
BLOCK
  5
757F
330
757E
100
AcDbEntity
  8
0
100
AcDbBlockBegin
  2
*D23
 70
     1
 10
0.0
 20
0.0
 30
0.0
  3
*D23
  1

  0
LINE
  5
758D
330
757E
100
AcDbEntity
  8
1轮廓实线层
 62
   130
440
 16777216
100
AcDbLine
 10
14.45205989573086
 20
247.3249039788279
 30
0.0
 11
14.45205989573086
 21
252.6341828153188
 31
0.0
  0
LINE
  5
758E
330
757E
100
AcDbEntity
  8
1轮廓实线层
 62
   130
440
 16777216
100
AcDbLine
 10
11.45285893700908
 20
244.2849359404791
 30
0.0
 11
11.45285893700908
 21
252.6341828153188
 31
0.0
  0
LINE
  5
758F
330
757E
100
AcDbEntity
  8
1轮廓实线层
 62
   130
440
 16777216
100
AcDbLine
 10
16.95205989573086
 20
250.6341828153188
 30
0.0
 11
19.45205989573086
 21
250.6341828153188
 31
0.0
  0
LINE
  5
7590
330
757E
100
AcDbEntity
  8
1轮廓实线层
 62
   130
440
 16777216
100
AcDbLine
 10
8.952858937009079
 20
250.6341828153188
 30
0.0
 11
-2.413807729657587
 21
250.6341828153188
 31
0.0
  0
LINE
  5
7591
330
757E
100
AcDbEntity
  8
1轮廓实线层
 62
   130
440
 16777216
100
AcDbLine
 10
14.45205989573086
 20
250.6341828153188
 30
0.0
 11
11.45285893700908
 21
250.6341828153188
 31
0.0
  0
SOLID
  5
7592
330
757E
100
AcDbEntity
  8
1轮廓实线层
 62
   130
440
 16777216
100
AcDbTrace
 10
16.95205989573086
 20
251.0508494819855
 30
0.0
 11
16.95205989573086
 21
250.2175161486522
 31
0.0
 12
14.45205989573086
 22
250.6341828153188
 32
0.0
 13
14.45205989573086
 23
250.6341828153188
 33
0.0
  0
SOLID
  5
7593
330
757E
100
AcDbEntity
  8
1轮廓实线层
 62
   130
440
 16777216
100
AcDbTrace
 10
8.952858937009079
 20
251.0508494819855
 30
0.0
 11
8.952858937009079
 21
250.2175161486522
 31
0.0
 12
11.45285893700908
 22
250.6341828153188
 32
0.0
 13
11.45285893700908
 23
250.6341828153188
 33
0.0
  0
MTEXT
  5
7594
330
757E
100
AcDbEntity
  8
1轮廓实线层
 62
     3
440
 16777216
100
AcDbMText
 10
2.019525603675745
 20
253.8841828153188
 30
0.0
 40
3.5
 41
0.0
 46
0.0
 71
     5
 72
     1
  1
3.0
  7
TH_GBDIM
 73
     1
 44
1.0
  0
POINT
  5
7595
330
757E
100
AcDbEntity
  8
Defpoints
 62
     0
440
 16777216
100
AcDbPoint
 10
14.45205989573086
 20
247.3249039788279
 30
0.0
  0
POINT
  5
7596
330
757E
100
AcDbEntity
  8
Defpoints
 62
     0
440
 16777216
100
AcDbPoint
 10
11.45285893700908
 20
244.2849359404791
 30
0.0
  0
POINT
  5
7597
330
757E
100
AcDbEntity
  8
Defpoints
 62
     0
440
 16777216
100
AcDbPoint
 10
11.45285893700908
 20
250.6341828153188
 30
0.0
  0
ENDBLK
  5
7580
330
757E
100
AcDbEntity
  8
0
100
AcDbBlockEnd
  0
BLOCK
  5
759B
330
759A
100
AcDbEntity
  8
0
100
AcDbBlockBegin
  2
*D24
 70
     1
 10
0.0
 20
0.0
 30
0.0
  3
*D24
  1

  0
LINE
  5
759D
330
759A
100
AcDbEntity
  8
1轮廓实线层
 62
   130
440
 16777216
100
AcDbLine
 10
77.96193732237185
 20
227.2849359404791
 30
0.0
 11
97.78980051160036
 21
227.2849359404791
 31
0.0
  0
LINE
  5
759E
330
759A
100
AcDbEntity
  8
1轮廓实线层
 62
   130
440
 16777216
100
AcDbLine
 10
77.96193732237185
 20
187.284935940479
 30
0.0
 11
97.78980051160038
 21
187.284935940479
 31
0.0
  0
LINE
  5
759F
330
759A
100
AcDbEntity
  8
1轮廓实线层
 62
   130
440
 16777216
100
AcDbLine
 10
95.78980051160035
 20
224.7849359404791
 30
0.0
 11
95.78980051160035
 21
189.784935940479
 31
0.0
  0
SOLID
  5
75A0
330
759A
100
AcDbEntity
  8
1轮廓实线层
 62
   130
440
 16777216
100
AcDbTrace
 10
95.37313384493367
 20
224.7849359404791
 30
0.0
 11
96.20646717826703
 21
224.7849359404791
 31
0.0
 12
95.78980051160035
 22
227.2849359404791
 32
0.0
 13
95.78980051160035
 23
227.2849359404791
 33
0.0
  0
SOLID
  5
75A1
330
759A
100
AcDbEntity
  8
1轮廓实线层
 62
   130
440
 16777216
100
AcDbTrace
 10
95.37313384493369
 20
189.784935940479
 30
0.0
 11
96.20646717826705
 21
189.784935940479
 31
0.0
 12
95.78980051160035
 22
187.284935940479
 32
0.0
 13
95.78980051160035
 23
187.284935940479
 33
0.0
  0
MTEXT
  5
75A2
330
759A
100
AcDbEntity
  8
1轮廓实线层
 62
     3
440
 16777216
100
AcDbMText
 10
92.5398005116004
 20
207.284935940479
 30
0.0
 40
3.5
 41
0.0
 46
0.0
 71
     5
 72
     1
  1
40.0
  7
TH_GBDIM
 11
0.0000000000000001
 21
1.0
 31
0.0
 73
     1
 44
1.0
  0
POINT
  5
75A3
330
759A
100
AcDbEntity
  8
Defpoints
 62
     0
440
 16777216
100
AcDbPoint
 10
77.96193732237185
 20
227.2849359404791
 30
0.0
  0
POINT
  5
75A4
330
759A
100
AcDbEntity
  8
Defpoints
 62
     0
440
 16777216
100
AcDbPoint
 10
77.96193732237185
 20
187.284935940479
 30
0.0
  0
POINT
  5
75A5
330
759A
100
AcDbEntity
  8
Defpoints
 62
     0
440
 16777216
100
AcDbPoint
 10
95.78980051160035
 20
187.284935940479
 30
0.0
  0
ENDBLK
  5
759C
330
759A
100
AcDbEntity
  8
0
100
AcDbBlockEnd
  0
BLOCK
  5
75B5
330
75B4
100
AcDbEntity
  8
0
100
AcDbBlockBegin
  2
*D25
 70
     1
 10
0.0
 20
0.0
 30
0.0
  3
*D25
  1

  0
LINE
  5
75C1
330
75B4
100
AcDbEntity
  8
1轮廓实线层
 62
   130
440
 16777216
100
AcDbLine
 10
76.96273636365031
 20
247.3249039788281
 30
0.0
 11
112.6313598881048
 21
247.3249039788281
 31
0.0
  0
LINE
  5
75C2
330
75B4
100
AcDbEntity
  8
1轮廓实线层
 62
   130
440
 16777216
100
AcDbLine
 10
76.96273636365031
 20
167.2449679021301
 30
0.0
 11
112.6313598881048
 21
167.2449679021301
 31
0.0
  0
LINE
  5
75C3
330
75B4
100
AcDbEntity
  8
1轮廓实线层
 62
   130
440
 16777216
100
AcDbLine
 10
110.6313598881048
 20
244.824903978828
 30
0.0
 11
110.6313598881048
 21
169.7449679021301
 31
0.0
  0
SOLID
  5
75C4
330
75B4
100
AcDbEntity
  8
1轮廓实线层
 62
   130
440
 16777216
100
AcDbTrace
 10
110.2146932214381
 20
244.824903978828
 30
0.0
 11
111.0480265547715
 21
244.824903978828
 31
0.0
 12
110.6313598881048
 22
247.3249039788281
 32
0.0
 13
110.6313598881048
 23
247.3249039788281
 33
0.0
  0
SOLID
  5
75C5
330
75B4
100
AcDbEntity
  8
1轮廓实线层
 62
   130
440
 16777216
100
AcDbTrace
 10
110.2146932214381
 20
169.7449679021301
 30
0.0
 11
111.0480265547715
 21
169.7449679021301
 31
0.0
 12
110.6313598881048
 22
167.2449679021301
 32
0.0
 13
110.6313598881048
 23
167.2449679021301
 33
0.0
  0
MTEXT
  5
75C6
330
75B4
100
AcDbEntity
  8
1轮廓实线层
 62
     3
440
 16777216
100
AcDbMText
 10
107.3813598881048
 20
207.284935940479
 30
0.0
 40
3.5
 41
0.0
 46
0.0
 71
     5
 72
     1
  1
80.1
  7
TH_GBDIM
 11
0.0000000000000001
 21
1.0
 31
0.0
 73
     1
 44
1.0
  0
POINT
  5
75C7
330
75B4
100
AcDbEntity
  8
Defpoints
 62
     0
440
 16777216
100
AcDbPoint
 10
76.96273636365031
 20
247.3249039788281
 30
0.0
  0
POINT
  5
75C8
330
75B4
100
AcDbEntity
  8
Defpoints
 62
     0
440
 16777216
100
AcDbPoint
 10
76.96273636365031
 20
167.2449679021301
 30
0.0
  0
POINT
  5
75C9
330
75B4
100
AcDbEntity
  8
Defpoints
 62
     0
440
 16777216
100
AcDbPoint
 10
110.6313598881048
 20
167.2449679021301
 30
0.0
  0
ENDBLK
  5
75B6
330
75B4
100
AcDbEntity
  8
0
100
AcDbBlockEnd
  0
BLOCK
  5
75CD
330
75CC
100
AcDbEntity
  8
0
100
AcDbBlockBegin
  2
*D26
 70
     1
 10
0.0
 20
0.0
 30
0.0
  3
*D26
  1

  0
LINE
  5
75CF
330
75CC
100
AcDbEntity
  8
1轮廓实线层
 62
   130
440
 16777216
100
AcDbLine
 10
88.13073787397391
 20
298.6849359404788
 30
0.0
 11
128.5078164747256
 21
298.6849359404788
 31
0.0
  0
LINE
  5
75D0
330
75CC
100
AcDbEntity
  8
1轮廓实线层
 62
   130
440
 16777216
100
AcDbLine
 10
88.13073787397391
 20
115.8849359404794
 30
0.0
 11
128.5078164747256
 21
115.8849359404794
 31
0.0
  0
LINE
  5
75D1
330
75CC
100
AcDbEntity
  8
1轮廓实线层
 62
   130
440
 16777216
100
AcDbLine
 10
126.5078164747256
 20
296.1849359404787
 30
0.0
 11
126.5078164747256
 21
118.3849359404794
 31
0.0
  0
SOLID
  5
75D2
330
75CC
100
AcDbEntity
  8
1轮廓实线层
 62
   130
440
 16777216
100
AcDbTrace
 10
126.0911498080589
 20
296.1849359404787
 30
0.0
 11
126.9244831413923
 21
296.1849359404787
 31
0.0
 12
126.5078164747256
 22
298.6849359404788
 32
0.0
 13
126.5078164747256
 23
298.6849359404788
 33
0.0
  0
SOLID
  5
75D3
330
75CC
100
AcDbEntity
  8
1轮廓实线层
 62
   130
440
 16777216
100
AcDbTrace
 10
126.091149808059
 20
118.3849359404794
 30
0.0
 11
126.9244831413923
 21
118.3849359404794
 31
0.0
 12
126.5078164747256
 22
115.8849359404794
 32
0.0
 13
126.5078164747256
 23
115.8849359404794
 33
0.0
  0
MTEXT
  5
75D4
330
75CC
100
AcDbEntity
  8
1轮廓实线层
 62
     3
440
 16777216
100
AcDbMText
 10
123.2578164747256
 20
207.284935940479
 30
0.0
 40
3.5
 41
0.0
 46
0.0
 71
     5
 72
     1
  1
182.8
  7
TH_GBDIM
 11
0.0000000000000001
 21
1.0
 31
0.0
 73
     1
 44
1.0
  0
POINT
  5
75D5
330
75CC
100
AcDbEntity
  8
Defpoints
 62
     0
440
 16777216
100
AcDbPoint
 10
88.13073787397391
 20
298.6849359404788
 30
0.0
  0
POINT
  5
75D6
330
75CC
100
AcDbEntity
  8
Defpoints
 62
     0
440
 16777216
100
AcDbPoint
 10
88.13073787397391
 20
115.8849359404794
 30
0.0
  0
POINT
  5
75D7
330
75CC
100
AcDbEntity
  8
Defpoints
 62
     0
440
 16777216
100
AcDbPoint
 10
126.5078164747256
 20
115.8849359404794
 30
0.0
  0
ENDBLK
  5
75CE
330
75CC
100
AcDbEntity
  8
0
100
AcDbBlockEnd
  0
BLOCK
  5
75E7
330
75E6
100
AcDbEntity
  8
0
100
AcDbBlockBegin
  2
*D27
 70
     1
 10
0.0
 20
0.0
 30
0.0
  3
*D27
  1

  0
LINE
  5
75F3
330
75E6
100
AcDbEntity
  8
1轮廓实线层
 62
   130
440
 16777216
100
AcDbLine
 10
77.96193732237188
 20
351.0849359404791
 30
0.0
 11
138.2374202658148
 21
351.0849359404792
 31
0.0
  0
LINE
  5
75F4
330
75E6
100
AcDbEntity
  8
1轮廓实线层
 62
   130
440
 16777216
100
AcDbLine
 10
77.96193732237185
 20
63.48493594047906
 30
0.0
 11
138.2374202658149
 21
63.48493594047907
 31
0.0
  0
LINE
  5
75F5
330
75E6
100
AcDbEntity
  8
1轮廓实线层
 62
   130
440
 16777216
100
AcDbLine
 10
136.2374202658148
 20
348.5849359404792
 30
0.0
 11
136.2374202658149
 21
65.98493594047908
 31
0.0
  0
SOLID
  5
75F6
330
75E6
100
AcDbEntity
  8
1轮廓实线层
 62
   130
440
 16777216
100
AcDbTrace
 10
135.8207535991482
 20
348.5849359404792
 30
0.0
 11
136.6540869324815
 21
348.5849359404792
 31
0.0
 12
136.2374202658148
 22
351.0849359404792
 32
0.0
 13
136.2374202658148
 23
351.0849359404792
 33
0.0
  0
SOLID
  5
75F7
330
75E6
100
AcDbEntity
  8
1轮廓实线层
 62
   130
440
 16777216
100
AcDbTrace
 10
135.8207535991482
 20
65.98493594047908
 30
0.0
 11
136.6540869324815
 21
65.98493594047908
 31
0.0
 12
136.2374202658149
 22
63.48493594047907
 32
0.0
 13
136.2374202658149
 23
63.48493594047907
 33
0.0
  0
MTEXT
  5
75F8
330
75E6
100
AcDbEntity
  8
1轮廓实线层
 62
     3
440
 16777216
100
AcDbMText
 10
132.9874202658149
 20
207.284935940479
 30
0.0
 40
3.5
 41
0.0
 46
0.0
 71
     5
 72
     1
  1
287.6
  7
TH_GBDIM
 11
0.0000000000000001
 21
1.0
 31
0.0
 73
     1
 44
1.0
  0
POINT
  5
75F9
330
75E6
100
AcDbEntity
  8
Defpoints
 62
     0
440
 16777216
100
AcDbPoint
 10
77.96193732237188
 20
351.0849359404791
 30
0.0
  0
POINT
  5
75FA
330
75E6
100
AcDbEntity
  8
Defpoints
 62
     0
440
 16777216
100
AcDbPoint
 10
77.96193732237185
 20
63.48493594047906
 30
0.0
  0
POINT
  5
75FB
330
75E6
100
AcDbEntity
  8
Defpoints
 62
     0
440
 16777216
100
AcDbPoint
 10
136.2374202658149
 20
63.48493594047907
 30
0.0
  0
ENDBLK
  5
75E8
330
75E6
100
AcDbEntity
  8
0
100
AcDbBlockEnd
  0
BLOCK
  5
75FF
330
75FE
100
AcDbEntity
  8
0
100
AcDbBlockBegin
  2
*D28
 70
     1
 10
0.0
 20
0.0
 30
0.0
  3
*D28
  1

  0
LINE
  5
761E
330
75FE
100
AcDbEntity
  8
1轮廓实线层
 62
   130
440
 16777216
100
AcDbLine
 10
77.96193732237185
 20
367.5349359404791
 30
0.0
 11
163.0172221992251
 21
367.5349359404791
 31
0.0
  0
LINE
  5
761F
330
75FE
100
AcDbEntity
  8
1轮廓实线层
 62
   130
440
 16777216
100
AcDbLine
 10
77.96193732237185
 20
47.034935940479
 30
0.0
 11
163.0172221992252
 21
47.03493594047901
 31
0.0
  0
LINE
  5
7620
330
75FE
100
AcDbEntity
  8
1轮廓实线层
 62
   130
440
 16777216
100
AcDbLine
 10
161.0172221992251
 20
365.0349359404791
 30
0.0
 11
161.0172221992252
 21
49.53493594047902
 31
0.0
  0
SOLID
  5
7621
330
75FE
100
AcDbEntity
  8
1轮廓实线层
 62
   130
440
 16777216
100
AcDbTrace
 10
160.6005555325585
 20
365.0349359404791
 30
0.0
 11
161.4338888658918
 21
365.0349359404791
 31
0.0
 12
161.0172221992251
 22
367.5349359404791
 32
0.0
 13
161.0172221992251
 23
367.5349359404791
 33
0.0
  0
SOLID
  5
7622
330
75FE
100
AcDbEntity
  8
1轮廓实线层
 62
   130
440
 16777216
100
AcDbTrace
 10
160.6005555325586
 20
49.53493594047902
 30
0.0
 11
161.4338888658919
 21
49.53493594047902
 31
0.0
 12
161.0172221992252
 22
47.03493594047901
 32
0.0
 13
161.0172221992252
 23
47.03493594047901
 33
0.0
  0
MTEXT
  5
7623
330
75FE
100
AcDbEntity
  8
1轮廓实线层
 62
     3
440
 16777216
100
AcDbMText
 10
157.7672221992252
 20
207.284935940479
 30
0.0
 40
3.5
 41
0.0
 46
0.0
 71
     5
 72
     1
  1
320.5
  7
TH_GBDIM
 11
0.0000000000000001
 21
1.0
 31
0.0
 73
     1
 44
1.0
  0
POINT
  5
7624
330
75FE
100
AcDbEntity
  8
Defpoints
 62
     0
440
 16777216
100
AcDbPoint
 10
77.96193732237185
 20
367.5349359404791
 30
0.0
  0
POINT
  5
7625
330
75FE
100
AcDbEntity
  8
Defpoints
 62
     0
440
 16777216
100
AcDbPoint
 10
77.96193732237185
 20
47.034935940479
 30
0.0
  0
POINT
  5
7626
330
75FE
100
AcDbEntity
  8
Defpoints
 62
     0
440
 16777216
100
AcDbPoint
 10
161.0172221992252
 20
47.03493594047901
 30
0.0
  0
ENDBLK
  5
7600
330
75FE
100
AcDbEntity
  8
0
100
AcDbBlockEnd
  0
BLOCK
  5
7629
330
7628
100
AcDbEntity
  8
0
100
AcDbBlockBegin
  2
*D29
 70
     1
 10
0.0
 20
0.0
 30
0.0
  3
*D29
  1

  0
ARC
  5
7637
330
7628
100
AcDbEntity
  8
1轮廓实线层
 62
   130
440
 16777216
100
AcDbCircle
 10
-136.5471410629458
 20
356.0849359404778
 30
0.0
 40
159.6552685314308
100
AcDbArc
 50
355.915012439514
 51
356.8122011984376
  0
ARC
  5
7638
330
7628
100
AcDbEntity
  8
1轮廓实线层
 62
   130
440
 16777216
100
AcDbCircle
 10
-136.5471410629458
 20
356.0849359404778
 30
0.0
 40
159.6552685314308
100
AcDbArc
 50
0.8971887589240525
 51
1.794377517847704
  0
ARC
  5
7639
330
7628
100
AcDbEntity
  8
1轮廓实线层
 62
   130
440
 16777216
100
AcDbCircle
 10
-136.5471410629458
 20
356.0849359404778
 30
0.0
 40
159.6552685314308
100
AcDbArc
 50
357.7093899573612
 51
0.0000000000004796
  0
SOLID
  5
763A
330
7628
100
AcDbEntity
  8
1轮廓实线层
 62
   130
440
 16777216
100
AcDbTrace
 10
22.44489091598722
 20
347.2265969927061
 30
0.0
 11
23.27727208991705
 21
347.1867720541419
 31
0.0
 12
22.98055631864454
 22
349.7038280452135
 32
0.0
 13
22.98055631864454
 23
349.7038280452135
 33
0.0
  0
SOLID
  5
763B
330
7628
100
AcDbEntity
  8
1轮廓实线层
 62
   130
440
 16777216
100
AcDbTrace
 10
23.50520794198573
 20
358.5881215525892
 30
0.0
 11
22.67190015030131
 21
358.5815970784754
 31
0.0
 12
23.10812746848497
 22
356.084935940479
 32
0.0
 13
23.10812746848497
 23
356.084935940479
 33
0.0
  0
MTEXT
  5
763C
330
7628
100
AcDbEntity
  8
1轮廓实线层
 62
     3
440
 16777216
100
AcDbMText
 10
19.82688078082751
 20
352.9587054959833
 30
0.0
 40
3.5
 41
0.0
 46
0.0
 71
     5
 72
     1
  1
2\U+00B0
  7
TH_GBDIM
 11
0.0199880123850619
 21
0.999800219724368
 31
0.0
 73
     1
 44
1.0
  0
POINT
  5
763D
330
7628
100
AcDbEntity
  8
Defpoints
 62
     0
440
 16777216
100
AcDbPoint
 10
23.05142498403219
 20
351.8302343538009
 30
0.0
  0
POINT
  5
763E
330
7628
100
AcDbEntity
  8
Defpoints
 62
     0
440
 16777216
100
AcDbPoint
 10
14.45205989573109
 20
350.0449679021301
 30
0.0
  0
POINT
  5
763F
330
7628
100
AcDbEntity
  8
Defpoints
 62
     0
440
 16777216
100
AcDbPoint
 10
20.03541400044651
 20
356.084935940479
 30
0.0
  0
POINT
  5
7640
330
7628
100
AcDbEntity
  8
Defpoints
 62
     0
440
 16777216
100
AcDbPoint
 10
25.20979801148309
 20
356.084935940479
 30
0.0
  0
POINT
  5
7641
330
7628
100
AcDbEntity
  8
Defpoints
 62
     0
440
 16777216
100
AcDbPoint
 10
35.78733420638834
 20
349.1915569297037
 30
0.0
  0
ENDBLK
  5
762A
330
7628
100
AcDbEntity
  8
0
100
AcDbBlockEnd
  0
ENDSEC
  0
SECTION
  2
ENTITIES
  0
ACAD_PROXY_ENTITY
  5
66F1
102
{ACAD_XDICTIONARY
360
6F0A
102
}
102
{ACAD_REACTORS
330
2EC
102
}
330
1F
100
AcDbEntity
  8
2细线层
 62
   111
100
AcDbProxyEntity
 90
      498
 91
      521
 95
   393245
 70
     0
160
              3244
310
AC0C00002B000000880000001D000000000000000000F03F0000000000000000000000000000000000000000000000000000000000000000000000000000F03F0000000000000000000000000000000000000000000000000000000000000000000000000000F03F0000000000000000000000000000000000000000000000
310
000000000000000000000000000000F03F880000001D000000000000000000F03F0000000000000000000000000000000000000000000000000000000000000000000000000000F03F0000000000000000000000000000000000000000000000000000000000000000000000000000F03F0000000000000000000000000000
310
000000000000000000000000000000000000000000000000F03F880000001D000000000000000000F03F0000000000000000000000000000000000000000000000000000000000000000000000000000F03F0000000000000000000000000000000000000000000000000000000000000000000000000000F03F0000000000
310
000000000000000000000000000000000000000000000000000000000000000000F03F880000001D000000000000000000F03F0000000000000000000000000000000000000000000000000000000000000000000000000000F03F000000000000000000000000000000000000000000000000000000000000000000000000
310
0000F03F0000000000000000000000000000000000000000000000000000000000000000000000000000F03F880000001D000000000000000000F03F0000000000000000000000000000000000000000000000000000000000000000000000000000F03F000000000000000000000000000000000000000000000000000000
310
0000000000000000000000F03F0000000000000000000000000000000000000000000000000000000000000000000000000000F03F880000001D000000000000000000F03F0000000000000000000000000000000000000000000000000000000000000000000000000000F03F000000000000000000000000000000000000
310
0000000000000000000000000000000000000000F03F0000000000000000000000000000000000000000000000000000000000000000000000000000F03F880000001D000000000000000000F03F0000000000000000000000000000000000000000000000000000000000000000000000000000F03F000000000000000000
310
0000000000000000000000000000000000000000000000000000000000F03F0000000000000000000000000000000000000000000000000000000000000000000000000000F03F880000001D000000000000000000F03F0000000000000000000000000000000000000000000000000000000000000000000000000000F03F
310
0000000000000000000000000000000000000000000000000000000000000000000000000000F03F0000000000000000000000000000000000000000000000000000000000000000000000000000F03F880000001D000000000000000000F03F00000000000000000000000000000000000000000000000000000000000000
310
00000000000000F03F0000000000000000000000000000000000000000000000000000000000000000000000000000F03F0000000000000000000000000000000000000000000000000000000000000000000000000000F03F880000001D000000000000000000F03F00000000000000000000000000000000000000000000
310
00000000000000000000000000000000F03F0000000000000000000000000000000000000000000000000000000000000000000000000000F03F0000000000000000000000000000000000000000000000000000000000000000000000000000F03F880000001D000000000000000000F03F00000000000000000000000000
310
00000000000000000000000000000000000000000000000000F03F0000000000000000000000000000000000000000000000000000000000000000000000000000F03F0000000000000000000000000000000000000000000000000000000000000000000000000000F03F880000001D000000000000000000F03F00000000
310
00000000000000000000000000000000000000000000000000000000000000000000F03F0000000000000000000000000000000000000000000000000000000000000000000000000000F03F0000000000000000000000000000000000000000000000000000000000000000000000000000F03F880000001D000000000000
310
000000F03F0000000000000000000000000000000000000000000000000000000000000000000000000000F03F0000000000000000000000000000000000000000000000000000000000000000000000000000F03F0000000000000000000000000000000000000000000000000000000000000000000000000000F03F8800
310
00001D000000000000000000F03F0000000000000000000000000000000000000000000000000000000000000000000000000000F03F0000000000000000000000000000000000000000000000000000000000000000000000000000F03F000000000000000000000000000000000000000000000000000000000000000000
310
0000000000F03F880000001D000000000000000000F03F0000000000000000000000000000000000000000000000000000000000000000000000000000F03F0000000000000000000000000000000000000000000000000000000000000000000000000000F03F000000000000000000000000000000000000000000000000
310
0000000000000000000000000000F03F880000001D000000000000000000F03F0000000000000000000000000000000000000000000000000000000000000000000000000000F03F0000000000000000000000000000000000000000000000000000000000000000000000000000F03F000000000000000000000000000000
310
0000000000000000000000000000000000000000000000F03F880000001D000000000000000000F03F0000000000000000000000000000000000000000000000000000000000000000000000000000F03F0000000000000000000000000000000000000000000000000000000000000000000000000000F03F000000000000
310
0000000000000000000000000000000000000000000000000000000000000000F03F880000001D000000000000000000F03F0000000000000000000000000000000000000000000000000000000000000000000000000000F03F00000000000000000000000000000000000000000000000000000000000000000000000000
310
00F03F0000000000000000000000000000000000000000000000000000000000000000000000000000F03F880000001D000000000000000000F03F0000000000000000000000000000000000000000000000000000000000000000000000000000F03F00000000000000000000000000000000000000000000000000000000
310
00000000000000000000F03F0000000000000000000000000000000000000000000000000000000000000000000000000000F03F880000001D000000000000000000F03F0000000000000000000000000000000000000000000000000000000000000000000000000000F03F00000000000000000000000000000000000000
310
00000000000000000000000000000000000000F03F0000000000000000000000000000000000000000000000000000000000000000000000000000F03F880000001D000000000000000000F03F0000000000000000000000000000000000000000000000000000000000000000000000000000F03F00000000000000000000
310
00000000000000000000000000000000000000000000000000000000F03F0000000000000000000000000000000000000000000000000000000000000000000000000000F03FD4000000260000000000000000606E400000000000F47A40000000000000000000000000000000000000000000000000000000000000F03F00
310
0000000000F03F0000000000000000000000000000000000009B14FFFFFFFF000000000000000000001840000000000000F03F0000000000000000000000000000F03F00000000000000000000000000000000000000000000000000000000010000000000000000006E0072006F006D0061006E0073002E00730068007800
310
0000CCD06700620063006200690067002E0073006800780000008800080000001F000000080000001F000000080000001F000000080000001F000000080000001F000000080000001F000000080000001F000000080000001F000000080000001F000000080000001F000000080000001F000000080000001F000000080000
310
001F000000080000001F000000080000001F000000080000001F000000080000001F000000080000001F000000080000001F000000080000001F000000080000001F000000
162
                 2
311
8C
161
               212
310
FF0000000000606E400000000000F47A40C000000000000610101C
340
2B3
 94
        0
  0
ACAD_PROXY_ENTITY
  5
66F2
102
{ACAD_XDICTIONARY
360
6F0C
102
}
102
{ACAD_REACTORS
330
2EC
102
}
330
1F
100
AcDbEntity
  8
2细线层
 62
   111
100
AcDbProxyEntity
 90
      498
 91
      521
 95
   393245
 70
     0
160
              1660
310
7C06000015000000880000001D000000000000000000F03F0000000000000000000000000000000000000000000000000000000000000000000000000000F03F0000000000000000000000000000000000000000000000000000000000000000000000000000F03F0000000000000000000000000000000000000000000000
310
000000000000000000000000000000F03F880000001D000000000000000000F03F0000000000000000000000000000000000000000000000000000000000000000000000000000F03F0000000000000000000000000000000000000000000000000000000000000000000000000000F03F0000000000000000000000000000
310
000000000000000000000000000000000000000000000000F03F880000001D000000000000000000F03F0000000000000000000000000000000000000000000000000000000000000000000000000000F03F0000000000000000000000000000000000000000000000000000000000000000000000000000F03F0000000000
310
000000000000000000000000000000000000000000000000000000000000000000F03F880000001D000000000000000000F03F0000000000000000000000000000000000000000000000000000000000000000000000000000F03F000000000000000000000000000000000000000000000000000000000000000000000000
310
0000F03F0000000000000000000000000000000000000000000000000000000000000000000000000000F03F880000001D000000000000000000F03F0000000000000000000000000000000000000000000000000000000000000000000000000000F03F000000000000000000000000000000000000000000000000000000
310
0000000000000000000000F03F0000000000000000000000000000000000000000000000000000000000000000000000000000F03F880000001D000000000000000000F03F0000000000000000000000000000000000000000000000000000000000000000000000000000F03F000000000000000000000000000000000000
310
0000000000000000000000000000000000000000F03F0000000000000000000000000000000000000000000000000000000000000000000000000000F03F880000001D000000000000000000F03F0000000000000000000000000000000000000000000000000000000000000000000000000000F03F000000000000000000
310
0000000000000000000000000000000000000000000000000000000000F03F0000000000000000000000000000000000000000000000000000000000000000000000000000F03F880000001D000000000000000000F03F0000000000000000000000000000000000000000000000000000000000000000000000000000F03F
310
0000000000000000000000000000000000000000000000000000000000000000000000000000F03F0000000000000000000000000000000000000000000000000000000000000000000000000000F03F880000001D000000000000000000F03F00000000000000000000000000000000000000000000000000000000000000
310
00000000000000F03F0000000000000000000000000000000000000000000000000000000000000000000000000000F03F0000000000000000000000000000000000000000000000000000000000000000000000000000F03F880000001D000000000000000000F03F00000000000000000000000000000000000000000000
310
00000000000000000000000000000000F03F0000000000000000000000000000000000000000000000000000000000000000000000000000F03F0000000000000000000000000000000000000000000000000000000000000000000000000000F03FD40000002600000000000000004E82400000000000386F400000000000
310
00000000000000000000000000000000000000000000000000F03F00D43B0063916DBF2B18F156F2FFEFBF000000000000000000000000FFFFFFFF000000000000000000001840000000000000F03F0000000000000000000000000000F03F0000000000000000000000000000000000000000000000000000000001000000
310
000000000000C4FA72006F006D0061006E0073002E00730068007800000039006700620063006200690067002E0073006800780000002E00080000001F000000080000001F000000080000001F000000080000001F000000080000001F000000080000001F000000080000001F000000080000001F000000080000001F0000
310
00080000001F000000
162
                 2
311
8C
161
               276
310
F700000000004E82400000000000386F40D61DD314B2B544900000000000000610101C
340
2B3
 94
        0
  0
ACAD_PROXY_ENTITY
  5
66F3
102
{ACAD_XDICTIONARY
360
6F0E
102
}
102
{ACAD_REACTORS
330
2EC
102
}
330
1F
100
AcDbEntity
  8
2细线层
 62
   111
100
AcDbProxyEntity
 90
      498
 91
      521
 95
   393245
 70
     0
160
              1660
310
7C06000015000000880000001D000000000000000000F03F0000000000000000000000000000000000000000000000000000000000000000000000000000F03F0000000000000000000000000000000000000000000000000000000000000000000000000000F03F0000000000000000000000000000000000000000000000
310
000000000000000000000000000000F03F880000001D000000000000000000F03F0000000000000000000000000000000000000000000000000000000000000000000000000000F03F0000000000000000000000000000000000000000000000000000000000000000000000000000F03F0000000000000000000000000000
310
000000000000000000000000000000000000000000000000F03F880000001D000000000000000000F03F0000000000000000000000000000000000000000000000000000000000000000000000000000F03F0000000000000000000000000000000000000000000000000000000000000000000000000000F03F0000000000
310
000000000000000000000000000000000000000000000000000000000000000000F03F880000001D000000000000000000F03F0000000000000000000000000000000000000000000000000000000000000000000000000000F03F000000000000000000000000000000000000000000000000000000000000000000000000
310
0000F03F0000000000000000000000000000000000000000000000000000000000000000000000000000F03F880000001D000000000000000000F03F0000000000000000000000000000000000000000000000000000000000000000000000000000F03F000000000000000000000000000000000000000000000000000000
310
0000000000000000000000F03F0000000000000000000000000000000000000000000000000000000000000000000000000000F03F880000001D000000000000000000F03F0000000000000000000000000000000000000000000000000000000000000000000000000000F03F000000000000000000000000000000000000
310
0000000000000000000000000000000000000000F03F0000000000000000000000000000000000000000000000000000000000000000000000000000F03F880000001D000000000000000000F03F0000000000000000000000000000000000000000000000000000000000000000000000000000F03F000000000000000000
310
0000000000000000000000000000000000000000000000000000000000F03F0000000000000000000000000000000000000000000000000000000000000000000000000000F03F880000001D000000000000000000F03F0000000000000000000000000000000000000000000000000000000000000000000000000000F03F
310
0000000000000000000000000000000000000000000000000000000000000000000000000000F03F0000000000000000000000000000000000000000000000000000000000000000000000000000F03F880000001D000000000000000000F03F00000000000000000000000000000000000000000000000000000000000000
310
00000000000000F03F0000000000000000000000000000000000000000000000000000000000000000000000000000F03F0000000000000000000000000000000000000000000000000000000000000000000000000000F03F880000001D000000000000000000F03F00000000000000000000000000000000000000000000
310
00000000000000000000000000000000F03F0000000000000000000000000000000000000000000000000000000000000000000000000000F03F0000000000000000000000000000000000000000000000000000000000000000000000000000F03FD4000000260000000000000000807340000000000000E8BF0000000000
310
00000000000000000000000000000000000000000000000000F03F30457845F3FFEFBF0D006280AE8A6CBF000000000000000000000000FFFFFFFF000000000000000000001840000000000000F03F0000000000000000000000000000F03F0000000000000000000000000000000000000000000000000000000001000000
310
000000000000000072006F006D0061006E0073002E00730068007800000000006700620063006200690067002E0073006800780000001913080000001F000000080000001F000000080000001F000000080000001F000000080000001F000000080000001F000000080000001F000000080000001F000000080000001F0000
310
00080000001F000000
162
                 2
311
8C
161
               276
310
F70000000000807340000000000000E8BFDD9E3580078A42500000000000000610101C
340
2B3
 94
        0
  0
LINE
  5
73E4
330
1F
100
AcDbEntity
  8
1轮廓实线层
100
AcDbLine
 10
13.45285893700929
 20
351.0849359404789
 30
0.0
 11
13.45285893700929
 21
367.534935940479
 31
0.0
  0
LINE
  5
73E5
330
1F
100
AcDbEntity
  8
1轮廓实线层
  6
CENTER
100
AcDbLine
 10
2.546099978378606
 20
207.284935940479
 30
0.0
 11
112.4928982902065
 21
207.284935940479
 31
0.0
  0
LINE
  5
73E7
102
{ACAD_REACTORS
330
7560
102
}
330
1F
100
AcDbEntity
  8
1轮廓实线层
100
AcDbLine
 10
16.05285893700932
 20
367.534935940479
 30
0.0
 11
20.03541400044651
 21
356.084935940479
 31
0.0
  0
LINE
  5
73E8
102
{ACAD_REACTORS
330
7560
102
}
330
1F
100
AcDbEntity
  8
1轮廓实线层
100
AcDbLine
 10
25.20979801148309
 20
356.084935940479
 30
0.0
 11
28.93012853334994
 21
367.534935940479
 31
0.0
  0
LINE
  5
73E9
330
1F
100
AcDbEntity
  8
1轮廓实线层
100
AcDbLine
 10
16.05285893700932
 20
367.534935940479
 30
0.0
 11
28.93012853334989
 21
367.534935940479
 31
0.0
  0
LINE
  5
73FC
102
{ACAD_REACTORS
330
7560
102
}
330
1F
100
AcDbEntity
  8
1轮廓实线层
  6
CENTER2
100
AcDbLine
 10
89.51495238681173
 20
364.7444574061605
 30
0.0
 11
10.04256605467526
 21
364.7444574061607
 31
0.0
  0
LINE
  5
73FF
102
{ACAD_REACTORS
330
75AA
330
75B0
102
}
330
1F
100
AcDbEntity
  8
1轮廓实线层
100
AcDbLine
 10
13.45285893700929
 20
227.284935940479
 30
0.0
 11
77.96193732237182
 21
227.284935940479
 31
0.0
  0
LINE
  5
7400
102
{ACAD_REACTORS
330
7642
102
}
330
1F
100
AcDbEntity
  8
1轮廓实线层
100
AcDbLine
 10
20.03541400044651
 20
356.084935940479
 30
0.0
 11
25.20979801148309
 21
356.084935940479
 31
0.0
  0
LINE
  5
7406
102
{ACAD_REACTORS
330
75DC
330
75E2
102
}
330
1F
100
AcDbEntity
  8
1轮廓实线层
  6
CENTER
100
AcDbLine
 10
88.13073787397389
 20
298.6849359404786
 30
0.0
 11
6.311706804915047
 21
298.684935940479
 31
0.0
  0
LINE
  5
7409
102
{ACAD_REACTORS
330
7642
102
}
330
1F
100
AcDbEntity
  8
1轮廓实线层
100
AcDbLine
 10
14.45205989573108
 20
350.04496790213
 30
0.0
 11
35.78733420638833
 21
349.1915569297036
 31
0.0
  0
CIRCLE
  5
740F
330
1F
100
AcDbEntity
  8
1轮廓实线层
100
AcDbCircle
 10
425.3875862789973
 20
207.284935940479
 30
0.0
 40
160.2499999999999
  0
LINE
  5
741B
102
{ACAD_REACTORS
330
757C
102
}
330
1F
100
AcDbEntity
  8
1轮廓实线层
100
AcDbLine
 10
16.05285893700932
 20
367.534935940479
 30
0.0
 11
14.75285893700932
 21
367.534935940479
 31
0.0
  0
LINE
  5
741C
102
{ACAD_REACTORS
330
757C
102
}
330
1F
100
AcDbEntity
  8
1轮廓实线层
100
AcDbLine
 10
13.45285893700929
 20
367.534935940479
 30
0.0
 11
14.75285893700932
 21
367.534935940479
 31
0.0
  0
LINE
  5
741D
330
1F
100
AcDbEntity
  8
1轮廓实线层
100
AcDbLine
 10
28.93012853334994
 20
367.534935940479
 30
0.0
 11
30.23012853334995
 21
367.534935940479
 31
0.0
  0
LINE
  5
743C
330
1F
100
AcDbEntity
  8
1轮廓实线层
100
AcDbLine
 10
44.40739812969057
 20
367.534935940479
 30
0.0
 11
40.42484306625338
 21
356.084935940479
 31
0.0
  0
LINE
  5
743D
330
1F
100
AcDbEntity
  8
1轮廓实线层
100
AcDbLine
 10
35.2504590552168
 20
356.084935940479
 30
0.0
 11
31.53012853334995
 21
367.534935940479
 31
0.0
  0
LINE
  5
743E
330
1F
100
AcDbEntity
  8
1轮廓实线层
100
AcDbLine
 10
44.40739812969057
 20
367.534935940479
 30
0.0
 11
31.53012853335
 21
367.534935940479
 31
0.0
  0
LINE
  5
743F
330
1F
100
AcDbEntity
  8
1轮廓实线层
100
AcDbLine
 10
40.42484306625338
 20
356.084935940479
 30
0.0
 11
35.2504590552168
 21
356.084935940479
 31
0.0
  0
LINE
  5
7440
330
1F
100
AcDbEntity
  8
1轮廓实线层
100
AcDbLine
 10
44.40739812969057
 20
367.534935940479
 30
0.0
 11
45.70739812969057
 21
367.534935940479
 31
0.0
  0
LINE
  5
7441
330
1F
100
AcDbEntity
  8
1轮廓实线层
100
AcDbLine
 10
31.53012853334995
 20
367.534935940479
 30
0.0
 11
30.23012853334995
 21
367.534935940479
 31
0.0
  0
LINE
  5
7470
330
1F
100
AcDbEntity
  8
1轮廓实线层
100
AcDbLine
 10
75.36193732237183
 20
367.534935940479
 30
0.0
 11
71.37938225893464
 21
356.084935940479
 31
0.0
  0
LINE
  5
7471
330
1F
100
AcDbEntity
  8
1轮廓实线层
100
AcDbLine
 10
66.20499824789806
 20
356.084935940479
 30
0.0
 11
62.4846677260312
 21
367.534935940479
 31
0.0
  0
LINE
  5
7472
330
1F
100
AcDbEntity
  8
1轮廓实线层
100
AcDbLine
 10
75.36193732237183
 20
367.534935940479
 30
0.0
 11
62.48466772603126
 21
367.534935940479
 31
0.0
  0
LINE
  5
7473
330
1F
100
AcDbEntity
  8
1轮廓实线层
100
AcDbLine
 10
71.37938225893464
 20
356.084935940479
 30
0.0
 11
66.20499824789806
 21
356.084935940479
 31
0.0
  0
LINE
  5
7474
330
1F
100
AcDbEntity
  8
1轮廓实线层
100
AcDbLine
 10
75.36193732237183
 20
367.534935940479
 30
0.0
 11
76.66193732237182
 21
367.534935940479
 31
0.0
  0
LINE
  5
7475
330
1F
100
AcDbEntity
  8
1轮廓实线层
100
AcDbLine
 10
62.4846677260312
 20
367.534935940479
 30
0.0
 11
61.1846677260312
 21
367.534935940479
 31
0.0
  0
LINE
  5
7476
330
1F
100
AcDbEntity
  8
1轮廓实线层
100
AcDbLine
 10
47.00739812969057
 20
367.534935940479
 30
0.0
 11
50.98995319312777
 21
356.084935940479
 31
0.0
  0
LINE
  5
7477
330
1F
100
AcDbEntity
  8
1轮廓实线层
100
AcDbLine
 10
56.16433720416434
 20
356.084935940479
 30
0.0
 11
59.8846677260312
 21
367.534935940479
 31
0.0
  0
LINE
  5
7478
330
1F
100
AcDbEntity
  8
1轮廓实线层
100
AcDbLine
 10
47.00739812969057
 20
367.534935940479
 30
0.0
 11
59.88466772603114
 21
367.534935940479
 31
0.0
  0
LINE
  5
7479
330
1F
100
AcDbEntity
  8
1轮廓实线层
100
AcDbLine
 10
50.98995319312777
 20
356.084935940479
 30
0.0
 11
56.16433720416434
 21
356.084935940479
 31
0.0
  0
LINE
  5
747A
330
1F
100
AcDbEntity
  8
1轮廓实线层
100
AcDbLine
 10
47.00739812969057
 20
367.534935940479
 30
0.0
 11
45.70739812969057
 21
367.534935940479
 31
0.0
  0
LINE
  5
747B
330
1F
100
AcDbEntity
  8
1轮廓实线层
100
AcDbLine
 10
59.8846677260312
 20
367.534935940479
 30
0.0
 11
61.1846677260312
 21
367.534935940479
 31
0.0
  0
LINE
  5
7482
330
1F
100
AcDbEntity
  8
1轮廓实线层
100
AcDbLine
 10
76.66193732237182
 20
367.534935940479
 30
0.0
 11
77.96193732237182
 21
367.534935940479
 31
0.0
  0
LINE
  5
7483
102
{ACAD_REACTORS
330
7614
102
}
330
1F
100
AcDbEntity
  8
1轮廓实线层
100
AcDbLine
 10
77.96193732237182
 20
367.534935940479
 30
0.0
 11
77.96193732237182
 21
351.0849359404789
 31
0.0
  0
LINE
  5
7487
330
1F
100
AcDbEntity
  8
1轮廓实线层
100
AcDbLine
 10
37.70739812969058
 20
304.5676622035037
 30
0.0
 11
37.70739812969058
 21
347.19315501226
 31
0.0
  0
ARC
  5
7488
330
1F
100
AcDbEntity
  8
1轮廓实线层
100
AcDbCircle
 10
35.70739812969057
 20
347.19315501226
 30
0.0
 40
2.0
100
AcDbArc
 50
0.0
 51
87.70938995736107
  0
LINE
  5
7489
330
1F
100
AcDbEntity
  8
1轮廓实线层
100
AcDbLine
 10
37.70739812969058
 20
304.5676622035037
 30
0.0
 11
37.70739812969058
 21
298.6849359404788
 31
0.0
  0
LINE
  5
748B
330
1F
100
AcDbEntity
  8
1轮廓实线层
100
AcDbLine
 10
76.96273636365003
 20
350.0449679021301
 30
0.0
 11
55.62746205299282
 21
349.1915569297036
 31
0.0
  0
LINE
  5
748C
330
1F
100
AcDbEntity
  8
1轮廓实线层
100
AcDbLine
 10
53.70739812969057
 20
304.5676622035037
 30
0.0
 11
53.70739812969057
 21
347.19315501226
 31
0.0
  0
ARC
  5
748D
330
1F
100
AcDbEntity
  8
1轮廓实线层
100
AcDbCircle
 10
55.70739812969057
 20
347.19315501226
 30
0.0
 40
2.0
100
AcDbArc
 50
92.29061004263867
 51
180.0
  0
LINE
  5
748E
330
1F
100
AcDbEntity
  8
1轮廓实线层
100
AcDbLine
 10
53.70739812969057
 20
304.5676622035037
 30
0.0
 11
53.70739812969057
 21
298.6849359404788
 31
0.0
  0
LINE
  5
7490
330
1F
100
AcDbEntity
  8
1轮廓实线层
100
AcDbLine
 10
14.45205989573086
 20
247.3249039788279
 30
0.0
 11
35.78733420638806
 21
248.1783149512543
 31
0.0
  0
LINE
  5
7491
330
1F
100
AcDbEntity
  8
1轮廓实线层
100
AcDbLine
 10
37.70739812969054
 20
292.8022096774541
 30
0.0
 11
37.70739812969032
 21
250.1767168686978
 31
0.0
  0
ARC
  5
7492
330
1F
100
AcDbEntity
  8
1轮廓实线层
100
AcDbCircle
 10
35.70739812969032
 20
250.1767168686978
 30
0.0
 40
2.0
100
AcDbArc
 50
272.2906100426387
 51
0.0
  0
LINE
  5
7493
330
1F
100
AcDbEntity
  8
1轮廓实线层
100
AcDbLine
 10
37.70739812969054
 20
292.8022096774541
 30
0.0
 11
37.70739812969058
 21
298.684935940479
 31
0.0
  0
LINE
  5
7494
330
1F
100
AcDbEntity
  8
1轮廓实线层
100
AcDbLine
 10
76.96273636365027
 20
247.3249039788276
 30
0.0
 11
55.62746205299255
 21
248.1783149512541
 31
0.0
  0
LINE
  5
7495
330
1F
100
AcDbEntity
  8
1轮廓实线层
100
AcDbLine
 10
53.70739812969054
 20
292.8022096774541
 30
0.0
 11
53.70739812969032
 21
250.1767168686977
 31
0.0
  0
ARC
  5
7496
330
1F
100
AcDbEntity
  8
1轮廓实线层
100
AcDbCircle
 10
55.70739812969032
 20
250.1767168686977
 30
0.0
 40
2.0
100
AcDbArc
 50
180.0
 51
267.7093899573609
  0
LINE
  5
7497
330
1F
100
AcDbEntity
  8
1轮廓实线层
100
AcDbLine
 10
53.70739812969054
 20
292.8022096774541
 30
0.0
 11
53.70739812969057
 21
298.6849359404789
 31
0.0
  0
LINE
  5
7498
330
1F
100
AcDbEntity
  8
1轮廓实线层
100
AcDbLine
 10
14.45205989573108
 20
350.04496790213
 30
0.0
 11
13.45285893700929
 21
351.0849359404789
 31
0.0
  0
LINE
  5
749A
330
1F
100
AcDbEntity
  8
1轮廓实线层
100
AcDbLine
 10
14.45205989573086
 20
247.3249039788279
 30
0.0
 11
13.45285893700908
 21
246.2849359404791
 31
0.0
  0
LINE
  5
749B
102
{ACAD_REACTORS
330
7598
102
}
330
1F
100
AcDbEntity
  8
1轮廓实线层
100
AcDbLine
 10
14.45205989573108
 20
350.04496790213
 30
0.0
 11
14.45205989573086
 21
247.3249039788279
 31
0.0
  0
LINE
  5
749C
330
1F
100
AcDbEntity
  8
1轮廓实线层
100
AcDbLine
 10
13.45285893700929
 20
351.0849359404789
 30
0.0
 11
13.45285893700908
 21
246.2849359404791
 31
0.0
  0
LINE
  5
749D
102
{ACAD_REACTORS
330
75CA
102
}
330
1F
100
AcDbEntity
  8
1轮廓实线层
100
AcDbLine
 10
76.96273636365006
 20
350.04496790213
 30
0.0
 11
76.96273636365027
 21
247.3249039788279
 31
0.0
  0
LINE
  5
749E
102
{ACAD_REACTORS
330
75FC
102
}
330
1F
100
AcDbEntity
  8
1轮廓实线层
100
AcDbLine
 10
77.96193732237185
 20
351.0849359404789
 30
0.0
 11
77.96193732237206
 21
246.2849359404791
 31
0.0
  0
LINE
  5
749F
102
{ACAD_REACTORS
330
75FC
102
}
330
1F
100
AcDbEntity
  8
1轮廓实线层
100
AcDbLine
 10
77.96193732237182
 20
351.0849359404789
 30
0.0
 11
76.96273636365003
 21
350.0449679021301
 31
0.0
  0
LINE
  5
74A1
330
1F
100
AcDbEntity
  8
1轮廓实线层
100
AcDbLine
 10
76.96273636365027
 20
247.3249039788276
 30
0.0
 11
77.96193732237205
 21
246.2849359404787
 31
0.0
  0
LINE
  5
74A5
330
1F
100
AcDbEntity
  8
1轮廓实线层
100
AcDbLine
 10
11.45285893700908
 20
244.2849359404791
 30
0.0
 11
13.45285893700908
 21
246.2849359404791
 31
0.0
  0
LINE
  5
74A6
102
{ACAD_REACTORS
330
7598
102
}
330
1F
100
AcDbEntity
  8
1轮廓实线层
100
AcDbLine
 10
11.45285893700908
 20
244.2849359404791
 30
0.0
 11
11.45285893700908
 21
207.284935940479
 31
0.0
  0
LINE
  5
74A7
330
1F
100
AcDbEntity
  8
1轮廓实线层
100
AcDbLine
 10
11.45285893700908
 20
207.284935940479
 30
0.0
 11
13.45285893700929
 21
207.284935940479
 31
0.0
  0
LINE
  5
74A8
330
1F
100
AcDbEntity
  8
1轮廓实线层
100
AcDbLine
 10
13.45285893700918
 20
227.284935940479
 30
0.0
 11
11.45285893700908
 21
227.284935940479
 31
0.0
  0
LINE
  5
74A9
330
1F
100
AcDbEntity
  8
1轮廓实线层
100
AcDbLine
 10
79.96193732237206
 20
244.2849359404791
 30
0.0
 11
77.96193732237206
 21
246.2849359404791
 31
0.0
  0
LINE
  5
74AA
330
1F
100
AcDbEntity
  8
1轮廓实线层
100
AcDbLine
 10
79.96193732237206
 20
244.2849359404791
 30
0.0
 11
79.96193732237206
 21
207.284935940479
 31
0.0
  0
LINE
  5
74AB
330
1F
100
AcDbEntity
  8
1轮廓实线层
100
AcDbLine
 10
77.96193732237182
 20
227.284935940479
 30
0.0
 11
79.96193732237206
 21
227.284935940479
 31
0.0
  0
LINE
  5
74AC
330
1F
100
AcDbEntity
  8
1轮廓实线层
100
AcDbLine
 10
13.45285893700929
 20
63.48493594047909
 30
0.0
 11
13.45285893700929
 21
47.03493594047898
 31
0.0
  0
LINE
  5
74AD
330
1F
100
AcDbEntity
  8
1轮廓实线层
100
AcDbLine
 10
14.45205989573108
 20
64.52490397882797
 30
0.0
 11
13.45285893700929
 21
63.48493594047909
 31
0.0
  0
LINE
  5
74AE
330
1F
100
AcDbEntity
  8
1轮廓实线层
100
AcDbLine
 10
16.05285893700932
 20
47.03493594047898
 30
0.0
 11
20.03541400044651
 21
58.48493594047903
 31
0.0
  0
LINE
  5
74AF
330
1F
100
AcDbEntity
  8
1轮廓实线层
100
AcDbLine
 10
25.20979801148309
 20
58.48493594047903
 30
0.0
 11
28.93012853334994
 21
47.03493594047898
 31
0.0
  0
LINE
  5
74B0
330
1F
100
AcDbEntity
  8
1轮廓实线层
100
AcDbLine
 10
16.05285893700932
 20
47.03493594047898
 30
0.0
 11
28.93012853334989
 21
47.03493594047898
 31
0.0
  0
LINE
  5
74B1
330
1F
100
AcDbEntity
  8
1轮廓实线层
  6
CENTER2
100
AcDbLine
 10
89.51495238681173
 20
49.82541447479746
 30
0.0
 11
10.04256605467526
 21
49.82541447479724
 31
0.0
  0
LINE
  5
74B2
102
{ACAD_REACTORS
330
75AD
330
75B2
102
}
330
1F
100
AcDbEntity
  8
1轮廓实线层
100
AcDbLine
 10
13.45285893700929
 20
187.284935940479
 30
0.0
 11
77.96193732237182
 21
187.284935940479
 31
0.0
  0
LINE
  5
74B3
330
1F
100
AcDbEntity
  8
1轮廓实线层
100
AcDbLine
 10
20.03541400044651
 20
58.48493594047903
 30
0.0
 11
25.20979801148309
 21
58.48493594047903
 31
0.0
  0
LINE
  5
74B4
102
{ACAD_REACTORS
330
75DF
330
75E4
102
}
330
1F
100
AcDbEntity
  8
1轮廓实线层
  6
CENTER
100
AcDbLine
 10
88.13073787397389
 20
115.8849359404793
 30
0.0
 11
6.311706804915047
 21
115.884935940479
 31
0.0
  0
LINE
  5
74B5
330
1F
100
AcDbEntity
  8
1轮廓实线层
100
AcDbLine
 10
14.45205989573108
 20
64.52490397882797
 30
0.0
 11
35.78733420638833
 21
65.37831495125437
 31
0.0
  0
LINE
  5
74B6
330
1F
100
AcDbEntity
  8
1轮廓实线层
100
AcDbLine
 10
16.05285893700932
 20
47.03493594047898
 30
0.0
 11
14.75285893700932
 21
47.03493594047898
 31
0.0
  0
LINE
  5
74B7
330
1F
100
AcDbEntity
  8
1轮廓实线层
100
AcDbLine
 10
13.45285893700929
 20
47.03493594047898
 30
0.0
 11
14.75285893700932
 21
47.03493594047898
 31
0.0
  0
LINE
  5
74B8
330
1F
100
AcDbEntity
  8
1轮廓实线层
100
AcDbLine
 10
28.93012853334994
 20
47.03493594047898
 30
0.0
 11
30.23012853334995
 21
47.03493594047898
 31
0.0
  0
LINE
  5
74B9
330
1F
100
AcDbEntity
  8
1轮廓实线层
100
AcDbLine
 10
44.40739812969057
 20
47.03493594047898
 30
0.0
 11
40.42484306625338
 21
58.48493594047903
 31
0.0
  0
LINE
  5
74BA
330
1F
100
AcDbEntity
  8
1轮廓实线层
100
AcDbLine
 10
35.2504590552168
 20
58.48493594047903
 30
0.0
 11
31.53012853334995
 21
47.03493594047898
 31
0.0
  0
LINE
  5
74BB
330
1F
100
AcDbEntity
  8
1轮廓实线层
100
AcDbLine
 10
44.40739812969057
 20
47.03493594047898
 30
0.0
 11
31.53012853335
 21
47.03493594047898
 31
0.0
  0
LINE
  5
74BC
330
1F
100
AcDbEntity
  8
1轮廓实线层
100
AcDbLine
 10
40.42484306625338
 20
58.48493594047903
 30
0.0
 11
35.2504590552168
 21
58.48493594047903
 31
0.0
  0
LINE
  5
74BD
330
1F
100
AcDbEntity
  8
1轮廓实线层
100
AcDbLine
 10
44.40739812969057
 20
47.03493594047898
 30
0.0
 11
45.70739812969057
 21
47.03493594047898
 31
0.0
  0
LINE
  5
74BE
330
1F
100
AcDbEntity
  8
1轮廓实线层
100
AcDbLine
 10
31.53012853334995
 20
47.03493594047898
 30
0.0
 11
30.23012853334995
 21
47.03493594047898
 31
0.0
  0
LINE
  5
74BF
330
1F
100
AcDbEntity
  8
1轮廓实线层
100
AcDbLine
 10
75.36193732237183
 20
47.03493594047898
 30
0.0
 11
71.37938225893464
 21
58.48493594047903
 31
0.0
  0
LINE
  5
74C0
330
1F
100
AcDbEntity
  8
1轮廓实线层
100
AcDbLine
 10
66.20499824789806
 20
58.48493594047903
 30
0.0
 11
62.4846677260312
 21
47.03493594047898
 31
0.0
  0
LINE
  5
74C1
330
1F
100
AcDbEntity
  8
1轮廓实线层
100
AcDbLine
 10
75.36193732237183
 20
47.03493594047898
 30
0.0
 11
62.48466772603126
 21
47.03493594047898
 31
0.0
  0
LINE
  5
74C2
330
1F
100
AcDbEntity
  8
1轮廓实线层
100
AcDbLine
 10
71.37938225893464
 20
58.48493594047903
 30
0.0
 11
66.20499824789806
 21
58.48493594047903
 31
0.0
  0
LINE
  5
74C3
330
1F
100
AcDbEntity
  8
1轮廓实线层
100
AcDbLine
 10
75.36193732237183
 20
47.03493594047898
 30
0.0
 11
76.66193732237182
 21
47.03493594047898
 31
0.0
  0
LINE
  5
74C4
330
1F
100
AcDbEntity
  8
1轮廓实线层
100
AcDbLine
 10
62.4846677260312
 20
47.03493594047898
 30
0.0
 11
61.1846677260312
 21
47.03493594047898
 31
0.0
  0
LINE
  5
74C5
330
1F
100
AcDbEntity
  8
1轮廓实线层
100
AcDbLine
 10
47.00739812969057
 20
47.03493594047898
 30
0.0
 11
50.98995319312777
 21
58.48493594047903
 31
0.0
  0
LINE
  5
74C6
330
1F
100
AcDbEntity
  8
1轮廓实线层
100
AcDbLine
 10
56.16433720416434
 20
58.48493594047903
 30
0.0
 11
59.8846677260312
 21
47.03493594047898
 31
0.0
  0
LINE
  5
74C7
330
1F
100
AcDbEntity
  8
1轮廓实线层
100
AcDbLine
 10
47.00739812969057
 20
47.03493594047898
 30
0.0
 11
59.88466772603114
 21
47.03493594047898
 31
0.0
  0
LINE
  5
74C8
330
1F
100
AcDbEntity
  8
1轮廓实线层
100
AcDbLine
 10
50.98995319312777
 20
58.48493594047903
 30
0.0
 11
56.16433720416434
 21
58.48493594047903
 31
0.0
  0
LINE
  5
74C9
330
1F
100
AcDbEntity
  8
1轮廓实线层
100
AcDbLine
 10
47.00739812969057
 20
47.03493594047898
 30
0.0
 11
45.70739812969057
 21
47.03493594047898
 31
0.0
  0
LINE
  5
74CA
330
1F
100
AcDbEntity
  8
1轮廓实线层
100
AcDbLine
 10
59.8846677260312
 20
47.03493594047898
 30
0.0
 11
61.1846677260312
 21
47.03493594047898
 31
0.0
  0
LINE
  5
74CB
330
1F
100
AcDbEntity
  8
1轮廓实线层
100
AcDbLine
 10
76.66193732237182
 20
47.03493594047898
 30
0.0
 11
77.96193732237182
 21
47.03493594047898
 31
0.0
  0
LINE
  5
74CC
102
{ACAD_REACTORS
330
7614
102
}
330
1F
100
AcDbEntity
  8
1轮廓实线层
100
AcDbLine
 10
77.96193732237182
 20
47.03493594047898
 30
0.0
 11
77.96193732237182
 21
63.48493594047903
 31
0.0
  0
LINE
  5
74CD
330
1F
100
AcDbEntity
  8
1轮廓实线层
100
AcDbLine
 10
37.70739812969058
 20
110.0022096774543
 30
0.0
 11
37.70739812969058
 21
67.37671686869794
 31
0.0
  0
ARC
  5
74CE
330
1F
100
AcDbEntity
  8
1轮廓实线层
100
AcDbCircle
 10
35.70739812969057
 20
67.37671686869794
 30
0.0
 40
2.0
100
AcDbArc
 50
272.2906100426389
 51
0.0
  0
LINE
  5
74CF
330
1F
100
AcDbEntity
  8
1轮廓实线层
100
AcDbLine
 10
37.70739812969058
 20
110.0022096774543
 30
0.0
 11
37.70739812969058
 21
115.8849359404791
 31
0.0
  0
LINE
  5
74D0
330
1F
100
AcDbEntity
  8
1轮廓实线层
100
AcDbLine
 10
76.96273636365003
 20
64.52490397882792
 30
0.0
 11
55.62746205299282
 21
65.37831495125437
 31
0.0
  0
LINE
  5
74D1
102
{ACAD_REACTORS
330
75FC
102
}
330
1F
100
AcDbEntity
  8
1轮廓实线层
100
AcDbLine
 10
77.96193732237182
 20
63.48493594047903
 30
0.0
 11
76.96273636365003
 21
64.52490397882792
 31
0.0
  0
LINE
  5
74D2
330
1F
100
AcDbEntity
  8
1轮廓实线层
100
AcDbLine
 10
53.70739812969057
 20
110.0022096774543
 30
0.0
 11
53.70739812969057
 21
67.37671686869794
 31
0.0
  0
ARC
  5
74D3
330
1F
100
AcDbEntity
  8
1轮廓实线层
100
AcDbCircle
 10
55.70739812969057
 20
67.37671686869794
 30
0.0
 40
2.0
100
AcDbArc
 50
180.0
 51
267.7093899573614
  0
LINE
  5
74D4
330
1F
100
AcDbEntity
  8
1轮廓实线层
100
AcDbLine
 10
53.70739812969057
 20
110.0022096774543
 30
0.0
 11
53.70739812969057
 21
115.8849359404791
 31
0.0
  0
LINE
  5
74D5
330
1F
100
AcDbEntity
  8
1轮廓实线层
100
AcDbLine
 10
14.45205989573086
 20
167.24496790213
 30
0.0
 11
35.78733420638806
 21
166.3915569297037
 31
0.0
  0
LINE
  5
74D6
330
1F
100
AcDbEntity
  8
1轮廓实线层
100
AcDbLine
 10
37.70739812969054
 20
121.7676622035038
 30
0.0
 11
37.70739812969032
 21
164.3931550122602
 31
0.0
  0
ARC
  5
74D7
330
1F
100
AcDbEntity
  8
1轮廓实线层
100
AcDbCircle
 10
35.70739812969032
 20
164.3931550122601
 30
0.0
 40
2.0
100
AcDbArc
 50
0.0
 51
87.70938995736138
  0
LINE
  5
74D8
330
1F
100
AcDbEntity
  8
1轮廓实线层
100
AcDbLine
 10
37.70739812969054
 20
121.7676622035038
 30
0.0
 11
37.70739812969058
 21
115.884935940479
 31
0.0
  0
LINE
  5
74D9
330
1F
100
AcDbEntity
  8
1轮廓实线层
100
AcDbLine
 10
76.96273636365027
 20
167.2449679021304
 30
0.0
 11
55.62746205299255
 21
166.3915569297038
 31
0.0
  0
LINE
  5
74DA
330
1F
100
AcDbEntity
  8
1轮廓实线层
100
AcDbLine
 10
53.70739812969054
 20
121.7676622035039
 30
0.0
 11
53.70739812969032
 21
164.3931550122602
 31
0.0
  0
ARC
  5
74DB
330
1F
100
AcDbEntity
  8
1轮廓实线层
100
AcDbCircle
 10
55.70739812969032
 20
164.3931550122602
 30
0.0
 40
2.0
100
AcDbArc
 50
92.290610042639
 51
180.0
  0
LINE
  5
74DC
330
1F
100
AcDbEntity
  8
1轮廓实线层
100
AcDbLine
 10
53.70739812969054
 20
121.7676622035039
 30
0.0
 11
53.70739812969057
 21
115.884935940479
 31
0.0
  0
LINE
  5
74DD
330
1F
100
AcDbEntity
  8
1轮廓实线层
100
AcDbLine
 10
14.45205989573086
 20
167.24496790213
 30
0.0
 11
13.45285893700908
 21
168.2849359404789
 31
0.0
  0
LINE
  5
74DE
330
1F
100
AcDbEntity
  8
1轮廓实线层
100
AcDbLine
 10
14.45205989573108
 20
64.52490397882797
 30
0.0
 11
14.45205989573086
 21
167.24496790213
 31
0.0
  0
LINE
  5
74DF
330
1F
100
AcDbEntity
  8
1轮廓实线层
100
AcDbLine
 10
13.45285893700929
 20
63.48493594047909
 30
0.0
 11
13.45285893700908
 21
168.2849359404789
 31
0.0
  0
LINE
  5
74E0
102
{ACAD_REACTORS
330
75CA
102
}
330
1F
100
AcDbEntity
  8
1轮廓实线层
100
AcDbLine
 10
76.96273636365006
 20
64.52490397882797
 30
0.0
 11
76.96273636365027
 21
167.24496790213
 31
0.0
  0
LINE
  5
74E1
330
1F
100
AcDbEntity
  8
1轮廓实线层
100
AcDbLine
 10
77.96193732237185
 20
63.48493594047909
 30
0.0
 11
77.96193732237206
 21
168.2849359404789
 31
0.0
  0
LINE
  5
74E2
330
1F
100
AcDbEntity
  8
1轮廓实线层
100
AcDbLine
 10
76.96273636365027
 20
167.2449679021304
 30
0.0
 11
77.96193732237205
 21
168.2849359404793
 31
0.0
  0
LINE
  5
74E3
330
1F
100
AcDbEntity
  8
1轮廓实线层
100
AcDbLine
 10
11.45285893700908
 20
170.2849359404789
 30
0.0
 11
13.45285893700908
 21
168.2849359404789
 31
0.0
  0
LINE
  5
74E4
330
1F
100
AcDbEntity
  8
1轮廓实线层
100
AcDbLine
 10
11.45285893700908
 20
170.2849359404789
 30
0.0
 11
11.45285893700908
 21
207.284935940479
 31
0.0
  0
LINE
  5
74E5
330
1F
100
AcDbEntity
  8
1轮廓实线层
100
AcDbLine
 10
11.45285893700908
 20
207.284935940479
 30
0.0
 11
13.45285893700929
 21
207.284935940479
 31
0.0
  0
LINE
  5
74E6
330
1F
100
AcDbEntity
  8
1轮廓实线层
100
AcDbLine
 10
13.45285893700918
 20
187.284935940479
 30
0.0
 11
11.45285893700908
 21
187.284935940479
 31
0.0
  0
LINE
  5
74E7
330
1F
100
AcDbEntity
  8
1轮廓实线层
100
AcDbLine
 10
79.96193732237206
 20
170.2849359404789
 30
0.0
 11
77.96193732237206
 21
168.2849359404789
 31
0.0
  0
LINE
  5
74E8
330
1F
100
AcDbEntity
  8
1轮廓实线层
100
AcDbLine
 10
79.96193732237206
 20
170.2849359404789
 30
0.0
 11
79.96193732237206
 21
207.284935940479
 31
0.0
  0
LINE
  5
74E9
330
1F
100
AcDbEntity
  8
1轮廓实线层
100
AcDbLine
 10
77.96193732237182
 20
187.284935940479
 30
0.0
 11
79.96193732237206
 21
187.2849359404789
 31
0.0
  0
CIRCLE
  5
74EA
330
1F
100
AcDbEntity
  8
1轮廓实线层
100
AcDbCircle
 10
425.3875862789973
 20
207.284935940479
 30
0.0
 40
143.8
  0
CIRCLE
  5
74EB
330
1F
100
AcDbEntity
  8
1轮廓实线层
100
AcDbCircle
 10
425.3875862789973
 20
207.284935940479
 30
0.0
 40
142.76
  0
CIRCLE
  5
74EC
330
1F
100
AcDbEntity
  8
1轮廓实线层
100
AcDbCircle
 10
425.3875862789973
 20
207.284935940479
 30
0.0
 40
20.0
  0
CIRCLE
  5
74ED
330
1F
100
AcDbEntity
  8
1轮廓实线层
100
AcDbCircle
 10
425.3875862789973
 20
207.284935940479
 30
0.0
 40
37.0
  0
CIRCLE
  5
74EF
330
1F
100
AcDbEntity
  8
1轮廓实线层
100
AcDbCircle
 10
425.3875862789973
 20
207.284935940479
 30
0.0
 40
40.0
  0
LINE
  5
74F0
330
1F
100
AcDbEntity
  8
1轮廓实线层
100
AcDbLine
 10
37.70739812969058
 20
298.6849359404788
 30
0.0
 11
37.70739812969082
 21
338.6849359404788
 31
0.0
  0
LINE
  5
74F1
102
{ACAD_REACTORS
330
7526
330
752C
330
7546
102
}
330
1F
100
AcDbEntity
  8
1轮廓实线层
100
AcDbLine
 10
37.70739812969082
 20
338.6849359404788
 30
0.0
 11
53.70739812969057
 21
338.6849359404788
 31
0.0
  0
LINE
  5
74F2
330
1F
100
AcDbEntity
  8
1轮廓实线层
100
AcDbLine
 10
53.70739812969057
 20
298.6849359404789
 30
0.0
 11
53.70739812969057
 21
258.6849359404789
 31
0.0
  0
LINE
  5
74F3
102
{ACAD_REACTORS
330
7529
330
752E
102
}
330
1F
100
AcDbEntity
  8
1轮廓实线层
100
AcDbLine
 10
53.70739812969057
 20
258.6849359404789
 30
0.0
 11
37.70739812969035
 21
258.684935940479
 31
0.0
  0
CIRCLE
  5
74F4
330
1F
100
AcDbEntity
  8
1轮廓实线层
  6
CENTER
100
AcDbCircle
 10
425.3875862789973
 20
207.284935940479
 30
0.0
 40
91.4
  0
LINE
  5
74F5
330
1F
100
AcDbEntity
  8
1轮廓实线层
  6
CENTER
100
AcDbLine
 10
425.3875862789973
 20
36.66610758779461
 30
0.0
 11
425.3875862789973
 21
383.6386944773506
 31
0.0
  0
INSERT
  5
74FE
102
{ACAD_REACTORS
330
750B
102
}
330
1F
100
AcDbEntity
  8
1轮廓实线层
100
AcDbBlockReference
  2
*U18
 10
0.0
 20
0.0
 30
0.0
  0
LINE
  5
7514
330
1F
100
AcDbEntity
  8
1轮廓实线层
  6
CENTER
100
AcDbLine
 10
112.4928982902065
 20
207.284935940479
 30
0.0
 11
636.309967054115
 21
207.284935940479
 31
0.0
  0
DIMENSION
  5
7515
102
{ACAD_REACTORS
330
752A
102
}
330
1F
100
AcDbEntity
  8
1轮廓实线层
100
AcDbDimension
280
     0
  2
*D19
 10
102.3515180273694
 20
258.684935940479
 30
0.0
 11
99.10151802736947
 21
298.6849359404789
 31
0.0
 70
    32
 71
     5
 42
79.99999999999994
 73
     0
 74
     0
 75
     0
  3
BS2024_1.0
100
AcDbAlignedDimension
 13
53.70739812969057
 23
338.6849359404788
 33
0.0
 14
53.70739812969057
 24
258.6849359404789
 34
0.0
 50
90.0
100
AcDbRotatedDimension
  0
DIMENSION
  5
752F
102
{ACAD_XDICTIONARY
360
753C
102
}
102
{ACAD_REACTORS
330
7546
102
}
330
1F
100
AcDbEntity
  8
1轮廓实线层
100
AcDbDimension
280
     0
  2
*D20
 10
53.70739812969057
 20
327.0724078097808
 30
0.0
 11
45.70739812969069
 21
330.3224078097808
 31
0.0
 70
    32
 71
     5
 42
15.99999999999976
 73
     0
 74
     0
 75
     0
  3
BS2024_1.0
100
AcDbAlignedDimension
 13
37.70739812969082
 23
338.6849359404788
 33
0.0
 14
53.70739812969057
 24
338.6849359404788
 34
0.0
100
AcDbRotatedDimension
  0
DIMENSION
  5
7547
102
{ACAD_XDICTIONARY
360
7555
102
}
102
{ACAD_REACTORS
330
7560
102
}
330
1F
100
AcDbEntity
  8
1轮廓实线层
100
AcDbDimension
280
     0
  2
*D21
 10
28.02344709563478
 20
375.8240649073539
 30
0.0
 11
36.09011376230145
 21
379.0740649073539
 31
0.0
 70
    32
 71
     5
 42
10.99999999999996
 73
     0
 74
     0
 75
     0
  3
BS2024_1.0
100
AcDbAlignedDimension
 13
17.02344709563482
 23
364.7444574061607
 33
0.0
 14
28.02344709563478
 24
364.7444574061607
 34
0.0
100
AcDbRotatedDimension
  0
DIMENSION
  5
7561
102
{ACAD_XDICTIONARY
360
7570
102
}
102
{ACAD_REACTORS
330
757C
102
}
330
1F
100
AcDbEntity
  8
1轮廓实线层
100
AcDbDimension
280
     0
  2
*D22
 10
13.45285893700929
 20
371.7322137962976
 30
0.0
 11
4.019525603675962
 21
374.9822137962976
 31
0.0
 70
    32
 71
     5
 42
2.600000000000022
 73
     0
 74
     0
 75
     0
  3
BS2024_1.0
100
AcDbAlignedDimension
 13
16.05285893700932
 23
367.534935940479
 33
0.0
 14
13.45285893700929
 24
367.534935940479
 34
0.0
100
AcDbRotatedDimension
  0
DIMENSION
  5
757D
102
{ACAD_XDICTIONARY
360
758C
102
}
102
{ACAD_REACTORS
330
7598
102
}
330
1F
100
AcDbEntity
  8
1轮廓实线层
100
AcDbDimension
280
     0
  2
*D23
 10
11.45285893700908
 20
250.6341828153188
 30
0.0
 11
2.019525603675745
 21
253.8841828153188
 31
0.0
 70
    32
 71
     5
 42
2.999200958721784
 73
     0
 74
     0
 75
     0
  3
BS2024_1.0
100
AcDbAlignedDimension
 13
14.45205989573086
 23
247.3249039788279
 33
0.0
 14
11.45285893700908
 24
244.2849359404791
 34
0.0
100
AcDbRotatedDimension
  0
DIMENSION
  5
7599
102
{ACAD_REACTORS
330
75AE
102
}
330
1F
100
AcDbEntity
  8
1轮廓实线层
100
AcDbDimension
280
     0
  2
*D24
 10
95.78980051160035
 20
187.284935940479
 30
0.0
 11
92.5398005116004
 21
207.284935940479
 31
0.0
 70
    32
 71
     5
 42
40.00000000000002
 73
     0
 74
     0
 75
     0
  3
BS2024_1.0
100
AcDbAlignedDimension
 13
77.96193732237182
 23
227.284935940479
 33
0.0
 14
77.96193732237182
 24
187.284935940479
 34
0.0
 50
90.0
100
AcDbRotatedDimension
  0
DIMENSION
  5
75B3
102
{ACAD_XDICTIONARY
360
75C0
102
}
102
{ACAD_REACTORS
330
75CA
102
}
330
1F
100
AcDbEntity
  8
1轮廓实线层
100
AcDbDimension
280
     0
  2
*D25
 10
110.6313598881048
 20
167.2449679021301
 30
0.0
 11
107.3813598881048
 21
207.284935940479
 31
0.0
 70
    32
 71
     5
 42
80.07993607669792
 73
     0
 74
     0
 75
     0
  3
BS2024_1.0
100
AcDbAlignedDimension
 13
76.96273636365027
 23
247.3249039788279
 33
0.0
 14
76.96273636365027
 24
167.24496790213
 34
0.0
 50
90.0
100
AcDbRotatedDimension
  0
DIMENSION
  5
75CB
102
{ACAD_REACTORS
330
75E0
102
}
330
1F
100
AcDbEntity
  8
1轮廓实线层
100
AcDbDimension
280
     0
  2
*D26
 10
126.5078164747256
 20
115.8849359404794
 30
0.0
 11
123.2578164747256
 21
207.284935940479
 31
0.0
 70
    32
 71
     5
 42
182.7999999999993
 73
     0
 74
     0
 75
     0
  3
BS2024_1.0
100
AcDbAlignedDimension
 13
88.13073787397389
 23
298.6849359404786
 33
0.0
 14
88.13073787397389
 24
115.8849359404793
 34
0.0
 50
269.9999999999998
100
AcDbRotatedDimension
  0
DIMENSION
  5
75E5
102
{ACAD_XDICTIONARY
360
75F2
102
}
102
{ACAD_REACTORS
330
75FC
102
}
330
1F
100
AcDbEntity
  8
1轮廓实线层
100
AcDbDimension
280
     0
  2
*D27
 10
136.2374202658149
 20
63.48493594047907
 30
0.0
 11
132.9874202658149
 21
207.284935940479
 31
0.0
 70
    32
 71
     5
 42
287.6
 73
     0
 74
     0
 75
     0
  3
BS2024_1.0
100
AcDbAlignedDimension
 13
77.96193732237185
 23
351.084935940479
 33
0.0
 14
77.96193732237182
 24
63.48493594047903
 34
0.0
 50
90.0
100
AcDbRotatedDimension
  0
DIMENSION
  5
75FD
102
{ACAD_XDICTIONARY
360
760A
102
}
102
{ACAD_REACTORS
330
7614
102
}
330
1F
100
AcDbEntity
  8
1轮廓实线层
100
AcDbDimension
280
     0
  2
*D28
 10
161.0172221992252
 20
47.03493594047901
 30
0.0
 11
161.0172221992252
 21
207.284935940479
 31
0.0
 70
   160
 71
     5
 42
320.5
 73
     0
 74
     0
 75
     0
  3
BS2024_1.0
100
AcDbAlignedDimension
 13
77.96193732237182
 23
367.534935940479
 33
0.0
 14
77.96193732237182
 24
47.03493594047898
 34
0.0
 50
90.0
100
AcDbRotatedDimension
  0
DIMENSION
  5
7627
102
{ACAD_XDICTIONARY
360
7636
102
}
102
{ACAD_REACTORS
330
7642
102
}
330
1F
100
AcDbEntity
  8
1轮廓实线层
100
AcDbDimension
280
     0
  2
*D29
 10
35.78733420638833
 20
349.1915569297036
 30
0.0
 11
19.82688078082748
 21
352.9587054959833
 31
0.0
 70
    34
 71
     5
 42
0.0399786871233019
 73
     0
 74
     0
 75
     0
  3
BS2024_1.0
100
AcDb2LineAngularDimension
 13
20.03541400044651
 23
356.084935940479
 33
0.0
 14
25.20979801148309
 24
356.084935940479
 34
0.0
 15
14.45205989573108
 25
350.04496790213
 35
0.0
 16
23.05142498403219
 26
351.8302343538009
 36
0.0
  0
VIEWPORT
  5
633
102
{ACAD_XDICTIONARY
360
634
102
}
330
D6
100
AcDbEntity
 67
     1
  8
0
100
AcDbViewport
 10
128.5
 20
97.5
 30
0.0
 40
552.150297029703
 41
222.18
 68
     1
 69
     1
 12
128.5
 22
97.5
 13
0.0
 23
0.0
 14
10.0
 24
10.0
 15
10.0
 25
10.0
 16
0.0
 26
0.0
 36
1.0
 17
0.0
 27
0.0
 37
0.0
 42
50.0
 43
0.0
 44
0.0
 45
222.18
 50
0.0
 51
0.0
 72
  1000
 90
   819232
  1

281
     0
 71
     1
 74
     0
110
0.0
120
0.0
130
0.0
111
1.0
121
0.0
131
0.0
112
0.0
122
1.0
132
0.0
 79
     0
146
0.0
170
     0
 61
     5
348
F5
292
     1
282
     1
141
0.0
142
0.0
 63
   250
421
  3355443
  0
VIEWPORT
  5
637
102
{ACAD_XDICTIONARY
360
638
102
}
330
D6
100
AcDbEntity
 67
     1
  8
0
100
AcDbViewport
 10
128.5
 20
97.5
 30
0.0
 40
205.6
 41
156.0
 68
     2
 69
     2
 12
925.0
 22
717.4999999999999
 13
0.0
 23
0.0
 14
10.0
 24
10.0
 15
10.0
 25
10.0
 16
0.0
 26
0.0
 36
1.0
 17
0.0
 27
0.0
 37
0.0
 42
50.0
 43
0.0
 44
0.0
 45
1613.900903458526
 50
0.0
 51
0.0
 72
  1000
 90
   557152
  1

281
     0
 71
     1
 74
     0
110
0.0
120
0.0
130
0.0
111
1.0
121
0.0
131
0.0
112
0.0
122
1.0
132
0.0
 79
     0
146
0.0
170
     0
 61
     5
348
F5
292
     1
282
     1
141
0.0
142
0.0
 63
   250
421
  3355443
  0
ENDSEC
  0
SECTION
  2
OBJECTS
  0
DICTIONARY
  5
C
330
0
100
AcDbDictionary
281
     1
  3
ACAD_ASSOCNETWORK
350
7503
  3
ACAD_CIP_PREVIOUS_PRODUCT_INFO
350
6B5D
  3
ACAD_COLOR
350
6B
  3
ACAD_DETAILVIEWSTYLE
350
6B4C
  3
ACAD_GROUP
350
D
  3
ACAD_IMAGE_DICT
350
540
  3
ACAD_LAST_SAVED_VERSION_INFO
350
72AB
  3
ACAD_LAYOUT
350
1A
  3
ACAD_MATERIAL
350
6A
  3
ACAD_MLEADERSTYLE
350
12D
  3
ACAD_MLINESTYLE
350
17
  3
ACAD_PLOTSETTINGS
350
19
  3
ACAD_PLOTSTYLENAME
350
E
  3
ACAD_SCALELIST
350
10C
  3
ACAD_SECTIONVIEWSTYLE
350
6B4A
  3
ACAD_TABLESTYLE
350
7E
  3
ACAD_VISUALSTYLE
350
EF
  3
AcadDim
350
2848
  3
ACDB_RECOMPOSE_DATA
350
768F
  3
AcDbVariableDictionary
350
5E
  3
AcDsDecomposeData
350
7695
  3
AEC_PROPERTY_SET_DEFS
350
2EA
  3
PC_BOM_DIC
350
5D3
  3
PC_PAPER_DIC
350
1F4
  0
DICTIONARY
  5
5D6
330
8
100
AcDbDictionary
280
     1
281
     1
  0
DICTIONARY
  5
4AA
330
2
100
AcDbDictionary
280
     1
281
     1
  3
ACAD_LAYERSTATES
360
4AB
  0
DICTIONARY
  5
13C
330
10
100
AcDbDictionary
280
     1
281
     1
  0
DICTIONARY
  5
661
330
660
100
AcDbDictionary
280
     1
281
     1
  0
DICTIONARY
  5
1CE
330
1F
100
AcDbDictionary
280
     1
281
     1
  3
ACAD_ASSOCNETWORK
360
7501
  3
ACAD_SORTENTS
360
AFC
  0
DICTIONARY
  5
2E5
330
2E4
100
AcDbDictionary
280
     1
281
     1
  0
DICTIONARY
  5
2F1
330
2F0
100
AcDbDictionary
280
     1
281
     1
  3
ACAD_SORTENTS
360
53B
  0
DICTIONARY
  5
3AA
330
3A9
100
AcDbDictionary
280
     1
281
     1
  3
ACAD_SORTENTS
360
53C
  0
DICTIONARY
  5
668E
330
6670
100
AcDbDictionary
280
     1
281
     1
  3
ACAD_SORTENTS
360
668F
  0
DICTIONARY
  5
725D
330
7253
100
AcDbDictionary
280
     1
281
     1
  3
ACAD_SORTENTS
360
725E
  0
DICTIONARY
  5
7417
330
7410
100
AcDbDictionary
280
     1
281
     1
  3
ACAD_SORTENTS
360
7418
  0
DICTIONARY
  5
621
330
620
100
AcDbDictionary
280
     1
281
     1
  3
ASDK_XREC_ANNOTATION_SCALE_INFO
360
622
  0
DICTIONARY
  5
625
330
624
100
AcDbDictionary
280
     1
281
     1
  3
ASDK_XREC_ANNOTATION_SCALE_INFO
360
626
  0
DICTIONARY
  5
6F0A
330
66F1
100
AcDbDictionary
280
     1
281
     1
  3
ACAD_PROXY_DATA
360
6F0B
  0
DICTIONARY
  5
6F0C
330
66F2
100
AcDbDictionary
280
     1
281
     1
  3
ACAD_PROXY_DATA
360
6F0D
  0
DICTIONARY
  5
6F0E
330
66F3
100
AcDbDictionary
280
     1
281
     1
  3
ACAD_PROXY_DATA
360
6F0F
  0
DICTIONARY
  5
753C
330
752F
100
AcDbDictionary
280
     1
281
     1
  3
ACAD_DIMASSOC
360
7546
  0
DICTIONARY
  5
7555
330
7547
100
AcDbDictionary
280
     1
281
     1
  3
ACAD_DIMASSOC
360
7560
  0
DICTIONARY
  5
7570
330
7561
100
AcDbDictionary
280
     1
281
     1
  3
ACAD_DIMASSOC
360
757C
  0
DICTIONARY
  5
758C
330
757D
100
AcDbDictionary
280
     1
281
     1
  3
ACAD_DIMASSOC
360
7598
  0
DICTIONARY
  5
75C0
330
75B3
100
AcDbDictionary
280
     1
281
     1
  3
ACAD_DIMASSOC
360
75CA
  0
DICTIONARY
  5
75F2
330
75E5
100
AcDbDictionary
280
     1
281
     1
  3
ACAD_DIMASSOC
360
75FC
  0
DICTIONARY
  5
760A
330
75FD
100
AcDbDictionary
280
     1
281
     1
  3
ACAD_DIMASSOC
360
7614
  0
DICTIONARY
  5
7636
330
7627
100
AcDbDictionary
280
     1
281
     1
  3
ACAD_DIMASSOC
360
7642
  0
DICTIONARY
  5
634
330
633
100
AcDbDictionary
280
     1
281
     1
  3
ASDK_XREC_ANNOTATION_SCALE_INFO
360
635
  0
DICTIONARY
  5
638
330
637
100
AcDbDictionary
280
     1
281
     1
  3
ASDK_XREC_ANNOTATION_SCALE_INFO
360
639
  0
DICTIONARY
  5
7503
102
{ACAD_REACTORS
330
C
102
}
330
C
100
AcDbDictionary
281
     1
  3
ACAD_ASSOCNETWORK
350
7504
  0
XRECORD
  5
6B5D
102
{ACAD_REACTORS
330
C
102
}
330
C
100
AcDbXrecord
280
     1
300
ACD
300
2025
300

  0
DICTIONARY
  5
6B
102
{ACAD_REACTORS
330
C
102
}
330
C
100
AcDbDictionary
281
     1
  0
DICTIONARY
  5
6B4C
102
{ACAD_REACTORS
330
C
102
}
330
C
100
AcDbDictionary
281
     1
  3
Metric50
350
6B4D
  0
DICTIONARY
  5
D
102
{ACAD_REACTORS
330
C
102
}
330
C
100
AcDbDictionary
281
     1
  3
PC_JSTJ_DIC
350
3F13
  3
PC_PAPER_DIC
350
2EC
  0
DICTIONARY
  5
540
102
{ACAD_REACTORS
330
C
102
}
330
C
100
AcDbDictionary
281
     1
  3
logo
350
541
  0
XRECORD
  5
72AB
102
{ACAD_REACTORS
330
C
102
}
330
C
100
AcDbXrecord
280
     1
300
{842363BD-4EE8-CD4E-A9E6-B50A367BC350}
301
{D57C0CBA-B9F5-D04A-9901-11A09B3DEFE5}
302
{842363BD-4EE8-CD4E-A9E6-B50A367BC350}
303

301
{435C9F7F-8A2C-0D41-906E-7E2BCFA64A53}
302
{7985150D-05C7-8E48-97D5-B709EEB0C48F}
303
C:\Users\202509007D\OneDrive\2-第五学期\机械设计作业\带轮.dwg
  0
DICTIONARY
  5
1A
102
{ACAD_REACTORS
330
C
102
}
330
C
100
AcDbDictionary
281
     1
  3
Model
350
22
  3
布局1
350
D3
  3
布局2
350
D7
  0
DICTIONARY
  5
6A
102
{ACAD_REACTORS
330
C
102
}
330
C
100
AcDbDictionary
281
     1
  3
ByBlock
350
ED
  3
ByLayer
350
EC
  3
Global
350
EE
  0
DICTIONARY
  5
12D
102
{ACAD_REACTORS
330
C
102
}
330
C
100
AcDbDictionary
281
     1
  3
Annotative
350
13B
  3
Standard
350
12E
  0
DICTIONARY
  5
17
102
{ACAD_REACTORS
330
C
102
}
330
C
100
AcDbDictionary
281
     1
  3
Standard
350
18
  0
DICTIONARY
  5
19
102
{ACAD_REACTORS
330
C
102
}
330
C
100
AcDbDictionary
281
     1
  0
ACDBDICTIONARYWDFLT
  5
E
102
{ACAD_REACTORS
330
C
102
}
330
C
100
AcDbDictionary
281
     1
  3
Normal
350
F
100
AcDbDictionaryWithDefault
340
F
  0
DICTIONARY
  5
10C
102
{ACAD_REACTORS
330
C
102
}
330
C
100
AcDbDictionary
281
     1
  3
A0
350
10D
  3
A1
350
1BE
  3
A2
350
1BF
  3
A3
350
1C0
  3
A4
350
1C1
  3
A5
350
1C2
  3
A6
350
1C3
  3
A7
350
1C4
  3
A8
350
1C5
  3
A9
350
1C6
  3
B0
350
1C7
  3
B1
350
1C8
  3
B2
350
1C9
  3
B3
350
1CA
  3
B4
350
1CB
  3
B5
350
1CC
  3
B6
350
1CD
  0
DICTIONARY
  5
6B4A
102
{ACAD_REACTORS
330
C
102
}
330
C
100
AcDbDictionary
281
     1
  3
Metric50
350
6B4B
  0
DICTIONARY
  5
7E
102
{ACAD_REACTORS
330
C
102
}
330
C
100
AcDbDictionary
281
     1
  3
Standard
350
7F
  0
DICTIONARY
  5
EF
102
{ACAD_REACTORS
330
C
102
}
330
C
100
AcDbDictionary
281
     1
  3
2dWireframe
350
F5
  3
3D Hidden
350
F7
  3
3dWireframe
350
F6
  3
Basic
350
F4
  3
Brighten
350
FB
  3
ColorChange
350
FF
  3
Conceptual
350
F8
  3
Dim
350
FA
  3
EdgeColorOff
350
1E6
  3
Facepattern
350
FE
  3
Flat
350
F0
  3
FlatWithEdges
350
F1
  3
Gouraud
350
F2
  3
GouraudWithEdges
350
F3
  3
Hidden
350
6B44
  3
JitterOff
350
1E4
  3
Linepattern
350
FD
  3
OverhangOff
350
1E5
  3
Realistic
350
F9
  3
Shaded
350
6B49
  3
Shaded with edges
350
6B48
  3
Shades of Gray
350
6B45
  3
Sketchy
350
6B46
  3
Thicken
350
FC
  3
Wireframe
350
6B43
  3
X-Ray
350
6B47
  0
XRECORD
  5
2848
102
{ACAD_REACTORS
330
C
102
}
330
C
100
AcDbXrecord
280
     1
 90
   990106
  3

 60
     0
 61
     0
 62
     1
 63
     3
 64
     0
 65
     0
 66
     0
 67
     3
 68
     1
 69
     0
 70
     0
 71
     0
 72
     0
 40
1.562258113678061
170
     0
  0
XRECORD
  5
768F
102
{ACAD_REACTORS
330
C
102
}
330
C
100
AcDbXrecord
280
     1
 90
        1
330
7F
  0
DICTIONARY
  5
5E
102
{ACAD_REACTORS
330
C
102
}
330
C
100
AcDbDictionary
281
     1
  3
CANNOSCALE
350
146
  3
CMLEADERSTYLE
350
145
  3
CTABLESTYLE
350
84
  3
CVIEWDETAILSTYLE
350
6B71
  3
CVIEWSECTIONSTYLE
350
6B72
  3
DIMASSOC
350
5F
  3
HIDETEXT
350
63
  3
HPCOLOR
350
6C77
  3
HPTRANSPARENCY
350
6C76
  3
LAYEREVAL
350
1AE
  3
LAYERNOTIFY
350
1AF
  3
LIGHTINGUNITS
350
605
  3
MSLTSCALE
350
604
  0
DICTIONARY
  5
7695
102
{ACAD_REACTORS
330
C
102
}
330
C
100
AcDbDictionary
281
     1
  3
AcDsRecords
350
7697
  3
AcDsSchemas
350
7696
1001
ACAD
1070
     2
  0
DICTIONARY
  5
2EA
102
{ACAD_REACTORS
330
C
102
}
330
C
100
AcDbDictionary
281
     1
  0
DICTIONARY
  5
5D3
102
{ACAD_REACTORS
330
C
102
}
330
C
100
AcDbDictionary
281
     1
  0
DICTIONARY
  5
1F4
102
{ACAD_REACTORS
330
C
102
}
330
C
100
AcDbDictionary
281
     1
  3
PC_CSL_REC
350
1F7
  3
PC_PAPER_REC
350
1F5
  3
PC_PAPERSIZERECORD
350
1F6
  0
DICTIONARY
  5
4AB
102
{ACAD_REACTORS
330
4AA
102
}
330
4AA
100
AcDbDictionary
281
     1
  0
DICTIONARY
  5
7501
102
{ACAD_REACTORS
330
1CE
102
}
330
1CE
100
AcDbDictionary
281
     1
  3
ACAD_ASSOCNETWORK
350
7502
  0
SORTENTSTABLE
  5
AFC
102
{ACAD_REACTORS
330
1CE
102
}
330
1CE
100
AcDbSortentsTable
330
1F
331
73E5
  5
73E7
331
73E7
  5
73E8
331
73E8
  5
73E9
331
73E9
  5
73FB
331
73FC
  5
7400
331
73FF
  5
7406
331
7400
  5
7407
331
7406
  5
740B
331
7409
  5
740E
331
740F
  5
741C
331
741B
  5
741D
331
741C
  5
743C
331
741D
  5
743D
331
743C
  5
743E
331
743D
  5
743F
331
743E
  5
7440
331
743F
  5
7441
331
7440
  5
7470
331
7441
  5
7471
331
7470
  5
7472
331
7471
  5
7473
331
7472
  5
7474
331
7473
  5
7475
331
7474
  5
7476
331
7475
  5
7477
331
7476
  5
7478
331
7477
  5
7479
331
7478
  5
747A
331
7479
  5
747B
331
747A
  5
7482
331
747B
  5
7483
331
7482
  5
7487
331
7483
  5
7488
331
7487
  5
7489
331
7488
  5
748B
331
7489
  5
748C
331
748B
  5
748D
331
748C
  5
748F
331
748D
  5
7490
331
748E
  5
7491
331
7490
  5
7492
331
7491
  5
7493
331
7492
  5
7494
331
7493
  5
7495
331
7494
  5
7496
331
7495
  5
7497
331
7496
  5
7498
331
7497
  5
7499
331
7498
  5
73E5
331
749A
  5
749B
331
749B
  5
749C
331
749C
  5
749D
331
749D
  5
749E
331
749E
  5
749F
331
749F
  5
748E
  0
SORTENTSTABLE
  5
53B
102
{ACAD_REACTORS
330
2F1
102
}
330
2F1
100
AcDbSortentsTable
330
2F0
  0
SORTENTSTABLE
  5
53C
102
{ACAD_REACTORS
330
3AA
102
}
330
3AA
100
AcDbSortentsTable
330
3A9
  0
SORTENTSTABLE
  5
668F
102
{ACAD_REACTORS
330
668E
102
}
330
668E
100
AcDbSortentsTable
330
6670
331
6671
  5
668D
331
6672
  5
668C
331
6673
  5
668B
331
6674
  5
668A
331
6675
  5
6689
331
6676
  5
6688
331
6677
  5
6687
331
6678
  5
6686
331
6679
  5
6685
331
667A
  5
6684
331
667B
  5
6683
331
667C
  5
6682
331
667D
  5
6681
331
667E
  5
6680
331
6680
  5
667E
331
6681
  5
667D
331
6682
  5
667C
331
6683
  5
667B
331
6684
  5
667A
331
6685
  5
6679
331
6686
  5
6678
331
6687
  5
6677
331
6688
  5
6676
331
6689
  5
6675
331
668A
  5
6674
331
668B
  5
6673
331
668C
  5
6672
331
668D
  5
6671
  0
SORTENTSTABLE
  5
725E
102
{ACAD_REACTORS
330
725D
102
}
330
725D
100
AcDbSortentsTable
330
7253
  0
SORTENTSTABLE
  5
7418
102
{ACAD_REACTORS
330
7417
102
}
330
7417
100
AcDbSortentsTable
330
7410
  0
XRECORD
  5
622
102
{ACAD_REACTORS
330
621
102
}
330
621
100
AcDbXrecord
280
     1
 90
        1
340
10D
  0
XRECORD
  5
626
102
{ACAD_REACTORS
330
625
102
}
330
625
100
AcDbXrecord
280
     1
 90
        1
340
10D
  0
ACDB_PROXY_ENTITY_DATA
  5
6F0B
102
{ACAD_REACTORS
330
6F0A
102
}
330
6F0A
100
AcDbProxyEntityData
 41
1.0
 42
0.0
 43
0.0
 44
482.7864166918166
 45
0.0
 46
1.0
 47
0.0
 48
29.44233321125364
 49
0.0
 50
0.0
 51
57.29577951308232
 52
0.0
 53
0.0
 54
0.0
 55
0.0
 56
57.29577951308232
  0
ACDB_PROXY_ENTITY_DATA
  5
6F0D
102
{ACAD_REACTORS
330
6F0C
102
}
330
6F0C
100
AcDbProxyEntityData
 41
1.0
 42
0.0
 43
0.0
 44
482.7864166918166
 45
0.0
 46
1.0
 47
0.0
 48
29.44233321125364
 49
0.0
 50
0.0
 51
57.29577951308232
 52
0.0
 53
0.0
 54
0.0
 55
0.0
 56
57.29577951308232
  0
ACDB_PROXY_ENTITY_DATA
  5
6F0F
102
{ACAD_REACTORS
330
6F0E
102
}
330
6F0E
100
AcDbProxyEntityData
 41
1.0
 42
0.0
 43
0.0
 44
482.7864166918166
 45
0.0
 46
1.0
 47
0.0
 48
29.44233321125364
 49
0.0
 50
0.0
 51
57.29577951308232
 52
0.0
 53
0.0
 54
0.0
 55
0.0
 56
57.29577951308232
  0
DIMASSOC
  5
7546
102
{ACAD_REACTORS
330
753C
102
}
330
753C
100
AcDbDimAssoc
330
752F
 90
        3
 70
     0
 71
     0
  1
AcDbOsnapPointRef
 72
    13
331
74F1
 73
     2
 91
        0
 40
0.0
 10
37.70739812969082
 20
338.6849359404788
 30
0.0
 75
     0
  1
AcDbOsnapPointRef
 72
     1
331
74F1
 73
     2
 91
        0
 40
1.0
 10
53.70739812969057
 20
338.6849359404788
 30
0.0
 75
     0
  0
DIMASSOC
  5
7560
102
{ACAD_REACTORS
330
7555
102
}
330
7555
100
AcDbDimAssoc
330
7547
 90
        3
 70
     0
 71
     0
  1
AcDbOsnapPointRef
 72
     6
331
73FC
 73
     2
 91
        0
 40
0.9121596649711186
 10
17.02344709563482
 20
364.7444574061607
 30
0.0
332
73E7
 74
     2
 92
        0
 75
     0
  1
AcDbOsnapPointRef
 72
     6
331
73FC
 73
     2
 91
        0
 40
0.7737468085353248
 10
28.02344709563478
 20
364.7444574061607
 30
0.0
332
73E8
 74
     2
 92
        0
 75
     0
  0
DIMASSOC
  5
757C
102
{ACAD_REACTORS
330
7570
102
}
330
7570
100
AcDbDimAssoc
330
7561
 90
        3
 70
     0
 71
     0
  1
AcDbOsnapPointRef
 72
    13
331
741B
 73
     2
 91
        0
 40
0.0
 10
16.05285893700932
 20
367.534935940479
 30
0.0
 75
     0
  1
AcDbOsnapPointRef
 72
    13
331
741C
 73
     2
 91
        0
 40
0.0
 10
13.45285893700929
 20
367.534935940479
 30
0.0
 75
     0
  0
DIMASSOC
  5
7598
102
{ACAD_REACTORS
330
758C
102
}
330
758C
100
AcDbDimAssoc
330
757D
 90
        3
 70
     0
 71
     0
  1
AcDbOsnapPointRef
 72
     1
331
749B
 73
     2
 91
        0
 40
1.0
 10
14.45205989573086
 20
247.3249039788279
 30
0.0
 75
     0
  1
AcDbOsnapPointRef
 72
    13
331
74A6
 73
     2
 91
        0
 40
0.0
 10
11.45285893700908
 20
244.2849359404791
 30
0.0
 75
     0
  0
DIMASSOC
  5
75CA
102
{ACAD_REACTORS
330
75C0
102
}
330
75C0
100
AcDbDimAssoc
330
75B3
 90
        3
 70
     0
 71
     0
  1
AcDbOsnapPointRef
 72
     1
331
749D
 73
     2
 91
        0
 40
1.0
 10
76.96273636365027
 20
247.3249039788279
 30
0.0
 75
     0
  1
AcDbOsnapPointRef
 72
     1
331
74E0
 73
     2
 91
        0
 40
1.0
 10
76.96273636365027
 20
167.24496790213
 30
0.0
 75
     0
  0
DIMASSOC
  5
75FC
102
{ACAD_REACTORS
330
75F2
102
}
330
75F2
100
AcDbDimAssoc
330
75E5
 90
        3
 70
     0
 71
     0
  1
AcDbOsnapPointRef
 72
     6
331
749E
 73
     2
 91
        0
 40
-0.0000000000000011
 10
77.96193732237185
 20
351.084935940479
 30
0.0
332
749F
 74
     2
 92
        0
 75
     0
  1
AcDbOsnapPointRef
 72
    13
331
74D1
 73
     2
 91
        0
 40
0.0
 10
77.96193732237182
 20
63.48493594047903
 30
0.0
 75
     0
  0
DIMASSOC
  5
7614
102
{ACAD_REACTORS
330
760A
102
}
330
760A
100
AcDbDimAssoc
330
75FD
 90
        3
 70
     0
 71
     0
  1
AcDbOsnapPointRef
 72
    13
331
7483
 73
     2
 91
        0
 40
0.0
 10
77.96193732237182
 20
367.534935940479
 30
0.0
 75
     0
  1
AcDbOsnapPointRef
 72
    13
331
74CC
 73
     2
 91
        0
 40
0.0
 10
77.96193732237182
 20
47.03493594047898
 30
0.0
 75
     0
  0
DIMASSOC
  5
7642
102
{ACAD_REACTORS
330
7636
102
}
330
7636
100
AcDbDimAssoc
330
7627
 90
       15
 70
     0
 71
     0
  1
AcDbOsnapPointRef
 72
    13
331
7400
 73
     2
 91
        0
 40
0.0
 10
20.03541400044651
 20
356.084935940479
 30
0.0
 75
     0
  1
AcDbOsnapPointRef
 72
     1
331
7400
 73
     2
 91
        0
 40
1.0
 10
25.20979801148309
 20
356.084935940479
 30
0.0
 75
     0
  1
AcDbOsnapPointRef
 72
    13
331
7409
 73
     2
 91
        0
 40
0.0
 10
14.45205989573108
 20
350.04496790213
 30
0.0
 75
     0
  1
AcDbOsnapPointRef
 72
     1
331
7409
 73
     2
 91
        0
 40
0.9999999999999998
 10
35.78733420638833
 20
349.1915569297036
 30
0.0
 75
     0
  0
XRECORD
  5
635
102
{ACAD_REACTORS
330
634
102
}
330
634
100
AcDbXrecord
280
     1
 90
        1
340
10D
  0
XRECORD
  5
639
102
{ACAD_REACTORS
330
638
102
}
330
638
100
AcDbXrecord
280
     1
 90
        1
340
10D
  0
ACDBASSOCNETWORK
  5
7504
102
{ACAD_REACTORS
330
7503
102
}
330
7503
100
AcDbAssocAction
 90
        2
 90
        1
330
0
360
0
 90
        0
 90
        0
 90
        0
 90
        0
 90
        0
 90
        0
 90
        0
100
AcDbAssocNetwork
 90
        0
 90
        1
 90
        1
330
7502
 90
        1
330
7502
  0
ACDBDETAILVIEWSTYLE
  5
6B4D
102
{ACAD_XDICTIONARY
360
769A
102
}
102
{ACAD_REACTORS
330
6B4C
102
}
330
6B4C
100
AcDbModelDocViewStyle
 70
     0
  3
Metric50
290
     0
100
AcDbDetailViewStyle
 70
     0
 71
     0
 90
        3
 71
     1
340
11
 62
   256
 40
5.0
340
0
 62
   256
 40
5.0
300

 40
0.0
280
     1
 71
     2
340
16
 90
       25
 62
   256
 71
     3
340
11
 62
   256
 40
5.0
 90
        0
 40
15.0
 90
        1
300
%<\AcVar ViewDetailId>% (%<\AcVar ViewScale \f "%sn">%)
 71
     4
340
16
 90
       25
 62
   256
340
16
 90
       25
 62
   256
280
     0
  0
GROUP
  5
3F13
102
{ACAD_REACTORS
330
D
102
}
330
D
100
AcDbGroup
300

 70
     0
 71
     1
  0
GROUP
  5
2EC
102
{ACAD_REACTORS
330
D
102
}
330
D
100
AcDbGroup
300
PC_PAPER_REC
 70
     0
 71
     1
340
66F1
340
66F2
340
66F3
  0
IMAGEDEF
  5
541
102
{ACAD_REACTORS
330
540
102
}
330
540
100
AcDbRasterImageDef
 90
        0
  1
C:\Documents and Settings\XU\My Documents\My Pictures\logo.jpg
 10
399.0
 20
98.0
 11
0.01
 21
0.01
280
     1
281
     0
  0
LAYOUT
  5
22
102
{ACAD_XDICTIONARY
360
61C
102
}
102
{ACAD_REACTORS
330
1A
102
}
330
1A
100
AcDbPlotSettings
  1

  2
none_device
  4
ISO_A4_(210.00_x_297.00_MM)
  6

 40
7.5
 41
20.0
 42
7.5
 43
20.0
 44
210.0
 45
297.0
 46
11.54999923706054
 47
-13.65000009536743
 48
0.0
 49
0.0
140
0.0
141
0.0
142
1.0
143
8.704084754739808
 70
 11952
 72
     1
 73
     0
 74
     0
  7
monochrome.ctb
 75
     0
147
0.1148885871608098
 76
     0
 77
     2
 78
   300
148
0.0
149
0.0
100
AcDbLayout
  1
Model
 70
     1
 71
     0
 10
0.0
 20
0.0
 11
12.0
 21
9.0
 12
0.0
 22
0.0
 32
0.0
 14
0.0
 24
0.0
 34
0.0
 15
0.0
 25
0.0
 35
0.0
146
0.0
 13
0.0
 23
0.0
 33
0.0
 16
1.0
 26
0.0
 36
0.0
 17
0.0
 27
1.0
 37
0.0
 76
     0
330
1F
331
EA
1001
ACAD_PSEXT
1000
None
1000
None
1000
Not applicable
1000
The layout will not be plotted unless a new plotter configuration name is selected.
1070
     0
  0
LAYOUT
  5
D3
102
{ACAD_XDICTIONARY
360
62E
102
}
102
{ACAD_REACTORS
330
1A
102
}
330
1A
100
AcDbPlotSettings
  1

  2
none_device
  4
ISO_A4_(210.00_x_297.00_MM)
  6

 40
7.5
 41
20.0
 42
7.5
 43
20.0
 44
210.0
 45
297.0
 46
0.0
 47
0.0
 48
0.0
 49
0.0
140
0.0
141
0.0
142
1.0
143
1.0
 70
   688
 72
     1
 73
     1
 74
     5
  7
monochrome.ctb
 75
    16
147
1.0
 76
     0
 77
     2
 78
   300
148
0.0
149
0.0
100
AcDbLayout
  1
布局1
 70
     1
 71
     1
 10
-20.0
 20
-7.5
 11
277.0
 21
202.5
 12
0.0
 22
0.0
 32
0.0
 14
25.69999999999999
 24
19.5
 34
0.0
 15
231.3
 25
175.5
 35
0.0
146
0.0
 13
0.0
 23
0.0
 33
0.0
 16
1.0
 26
0.0
 36
0.0
 17
0.0
 27
1.0
 37
0.0
 76
     0
330
D2
331
620
1001
ACAD_PSEXT
1000
无
1000
无
1000
不可用
1000
在选择新的绘图仪配置名称之前，不能打印该布局。
1070
     0
  0
LAYOUT
  5
D7
102
{ACAD_XDICTIONARY
360
641
102
}
102
{ACAD_REACTORS
330
1A
102
}
330
1A
100
AcDbPlotSettings
  1

  2
none_device
  4
ISO_A4_(210.00_x_297.00_MM)
  6

 40
7.5
 41
20.0
 42
7.5
 43
20.0
 44
210.0
 45
297.0
 46
0.0
 47
0.0
 48
0.0
 49
0.0
140
0.0
141
0.0
142
1.0
143
1.0
 70
   688
 72
     1
 73
     1
 74
     5
  7
monochrome.ctb
 75
    16
147
1.0
 76
     0
 77
     2
 78
   300
148
0.0
149
0.0
100
AcDbLayout
  1
布局2
 70
     1
 71
     2
 10
-20.0
 20
-7.5
 11
277.0
 21
202.5
 12
0.0
 22
0.0
 32
0.0
 14
25.69999999999999
 24
19.5
 34
0.0
 15
231.3
 25
175.5
 35
0.0
146
0.0
 13
0.0
 23
0.0
 33
0.0
 16
1.0
 26
0.0
 36
0.0
 17
0.0
 27
1.0
 37
0.0
 76
     0
330
D6
331
633
1001
ACAD_PSEXT
1000
无
1000
无
1000
不可用
1000
在选择新的绘图仪配置名称之前，不能打印该布局。
1070
     0
  0
MATERIAL
  5
ED
102
{ACAD_REACTORS
330
6A
102
}
330
6A
100
AcDbMaterial
  1
ByBlock
 94
       63
  0
MATERIAL
  5
EC
102
{ACAD_REACTORS
330
6A
102
}
330
6A
100
AcDbMaterial
  1
ByLayer
 94
       63
  0
MATERIAL
  5
EE
102
{ACAD_XDICTIONARY
360
173
102
}
102
{ACAD_REACTORS
330
6A
102
}
330
6A
100
AcDbMaterial
  1
Global
 43
0.0007999999797903
 43
0.0
 43
0.0
 43
0.0
 43
0.0
 43
0.0007999999797903
 43
0.0
 43
0.0
 43
0.0
 43
0.0
 43
1.0
 43
0.0
 43
0.0
 43
0.0
 43
0.0
 43
1.0
 49
0.0007999999797903
 49
0.0
 49
0.0
 49
0.0
 49
0.0
 49
0.0007999999797903
 49
0.0
 49
0.0
 49
0.0
 49
0.0
 49
1.0
 49
0.0
 49
0.0
 49
0.0
 49
0.0
 49
1.0
142
0.0007999999797903
142
0.0
142
0.0
142
0.0
142
0.0
142
0.0007999999797903
142
0.0
142
0.0
142
0.0
142
0.0
142
1.0
142
0.0
142
0.0
142
0.0
142
0.0
142
1.0
144
0.0007999999797903
144
0.0
144
0.0
144
0.0
144
0.0
144
0.0007999999797903
144
0.0
144
0.0
144
0.0
144
0.0
144
1.0
144
0.0
144
0.0
144
0.0
144
0.0
144
1.0
 94
       63
1001
ACAD
1070
    -1
1070
     3
1070
     0
1000

1071
        0
1070
     0
  0
MLEADERSTYLE
  5
13B
102
{ACAD_REACTORS
330
12D
102
}
330
12D
100
AcDbMLeaderStyle
179
     2
170
     2
171
     1
172
     0
 90
        2
 40
0.0
 41
0.0
173
     1
 91
-1056964608
340
14
 92
       -2
290
     1
 42
2.0
291
     1
 43
8.0
  3
Standard
 44
4.0
300

342
11
174
     1
178
     1
175
     1
176
     0
 93
-1056964608
 45
4.0
292
     0
297
     0
 46
4.0
 94
-1056964608
 47
1.0
 49
1.0
140
1.0
293
     1
141
0.0
294
     1
177
     0
142
1.0
295
     0
296
     1
143
3.75
271
     0
272
     9
273
     9
298
     0
  0
MLEADERSTYLE
  5
12E
102
{ACAD_REACTORS
330
12D
102
}
330
12D
100
AcDbMLeaderStyle
179
     2
170
     2
171
     1
172
     0
 90
        2
 40
0.0
 41
0.0
173
     1
 91
-1056964608
340
14
 92
       -2
290
     1
 42
2.0
291
     1
 43
8.0
  3
Standard
 44
4.0
300

342
11
174
     1
178
     1
175
     1
176
     0
 93
-1056964608
 45
4.0
292
     0
297
     0
 46
4.0
 94
-1056964608
 47
1.0
 49
1.0
140
1.0
293
     1
141
0.0
294
     1
177
     0
142
1.0
295
     0
296
     0
143
3.75
271
     0
272
     9
273
     9
298
     0
  0
MLINESTYLE
  5
18
102
{ACAD_REACTORS
330
17
102
}
330
17
100
AcDbMlineStyle
  2
STANDARD
 70
     0
  3

 62
   256
 51
90.0
 52
90.0
 71
     2
 49
0.5
 62
   256
  6
BYLAYER
 49
-0.5
 62
   256
  6
BYLAYER
  0
ACDBPLACEHOLDER
  5
F
102
{ACAD_REACTORS
330
E
102
}
330
E
  0
SCALE
  5
10D
102
{ACAD_REACTORS
330
10C
102
}
330
10C
100
AcDbScale
 70
     0
300
1:1
140
1.0
141
1.0
290
     1
  0
SCALE
  5
1BE
102
{ACAD_REACTORS
330
10C
102
}
330
10C
100
AcDbScale
 70
     0
300
1:2
140
1.0
141
2.0
290
     0
  0
SCALE
  5
1BF
102
{ACAD_REACTORS
330
10C
102
}
330
10C
100
AcDbScale
 70
     0
300
1:4
140
1.0
141
4.0
290
     0
  0
SCALE
  5
1C0
102
{ACAD_REACTORS
330
10C
102
}
330
10C
100
AcDbScale
 70
     0
300
1:5
140
1.0
141
5.0
290
     0
  0
SCALE
  5
1C1
102
{ACAD_REACTORS
330
10C
102
}
330
10C
100
AcDbScale
 70
     0
300
1:8
140
1.0
141
8.0
290
     0
  0
SCALE
  5
1C2
102
{ACAD_REACTORS
330
10C
102
}
330
10C
100
AcDbScale
 70
     0
300
1:10
140
1.0
141
10.0
290
     0
  0
SCALE
  5
1C3
102
{ACAD_REACTORS
330
10C
102
}
330
10C
100
AcDbScale
 70
     0
300
1:16
140
1.0
141
16.0
290
     0
  0
SCALE
  5
1C4
102
{ACAD_REACTORS
330
10C
102
}
330
10C
100
AcDbScale
 70
     0
300
1:20
140
1.0
141
20.0
290
     0
  0
SCALE
  5
1C5
102
{ACAD_REACTORS
330
10C
102
}
330
10C
100
AcDbScale
 70
     0
300
1:30
140
1.0
141
30.0
290
     0
  0
SCALE
  5
1C6
102
{ACAD_REACTORS
330
10C
102
}
330
10C
100
AcDbScale
 70
     0
300
1:40
140
1.0
141
40.0
290
     0
  0
SCALE
  5
1C7
102
{ACAD_REACTORS
330
10C
102
}
330
10C
100
AcDbScale
 70
     0
300
1:50
140
1.0
141
50.0
290
     0
  0
SCALE
  5
1C8
102
{ACAD_REACTORS
330
10C
102
}
330
10C
100
AcDbScale
 70
     0
300
1:100
140
1.0
141
100.0
290
     0
  0
SCALE
  5
1C9
102
{ACAD_REACTORS
330
10C
102
}
330
10C
100
AcDbScale
 70
     0
300
2:1
140
2.0
141
1.0
290
     0
  0
SCALE
  5
1CA
102
{ACAD_REACTORS
330
10C
102
}
330
10C
100
AcDbScale
 70
     0
300
4:1
140
4.0
141
1.0
290
     0
  0
SCALE
  5
1CB
102
{ACAD_REACTORS
330
10C
102
}
330
10C
100
AcDbScale
 70
     0
300
8:1
140
8.0
141
1.0
290
     0
  0
SCALE
  5
1CC
102
{ACAD_REACTORS
330
10C
102
}
330
10C
100
AcDbScale
 70
     0
300
10:1
140
10.0
141
1.0
290
     0
  0
SCALE
  5
1CD
102
{ACAD_REACTORS
330
10C
102
}
330
10C
100
AcDbScale
 70
     0
300
100:1
140
100.0
141
1.0
290
     0
  0
ACDBSECTIONVIEWSTYLE
  5
6B4B
102
{ACAD_XDICTIONARY
360
7698
102
}
102
{ACAD_REACTORS
330
6B4A
102
}
330
6B4A
100
AcDbModelDocViewStyle
 70
     0
  3
Metric50
290
     0
100
AcDbSectionViewStyle
 70
     0
 71
     0
 90
      102
 71
     1
340
11
 62
   256
 40
5.0
340
0
340
0
 62
   256
 40
5.0
300
I, O, Q, S, X, Z
 40
10.0
 90
        0
 40
2.5
 90
        0
 71
     2
340
16
 90
       25
 62
   256
340
16
 90
       50
 62
   256
 40
5.0
 40
2.5
 40
5.0
 71
     3
340
11
 62
   256
 40
5.0
 90
        0
 40
15.0
 90
        1
300
%<\AcVar ViewSectionStartId>%-%<\AcVar ViewSectionEndId>% (%<\AcVar ViewScale \f "%sn">%)
 71
     4
 62
   256
 62
   257
300
ANSI31
 40
1.0
 90
        0
290
     0
290
     0
 90
        6
 40
0.0
 40
1.570796326794896
 40
0.2617993877991494
 40
1.308996938995747
 40
-0.2617993877991494
 40
1.832595714594046
  0
TABLESTYLE
  5
7F
102
{ACAD_XDICTIONARY
360
162
102
}
102
{ACAD_REACTORS
330
7E
102
}
330
7E
100
AcDbTableStyle
280
     0
  3
Standard
 70
     0
 71
     0
 40
1.5
 41
1.5
280
     0
281
     0
  7
Standard
140
4.5
170
     2
 62
     0
 63
     7
283
     0
 90
      512
 91
        0
  1

274
    -2
284
     1
 64
     0
275
    -2
285
     1
 65
     0
276
    -2
286
     1
 66
     0
277
    -2
287
     1
 67
     0
278
    -2
288
     1
 68
     0
279
    -2
289
     1
 69
     0
  7
Standard
140
6.0
170
     5
 62
     0
 63
     7
283
     0
 90
      512
 91
        0
  1

274
    -2
284
     1
 64
     0
275
    -2
285
     1
 65
     0
276
    -2
286
     1
 66
     0
277
    -2
287
     1
 67
     0
278
    -2
288
     1
 68
     0
279
    -2
289
     1
 69
     0
  7
Standard
140
4.5
170
     5
 62
     0
 63
     7
283
     0
 90
      512
 91
        0
  1

274
    -2
284
     1
 64
     0
275
    -2
285
     1
 65
     0
276
    -2
286
     1
 66
     0
277
    -2
287
     1
 67
     0
278
    -2
288
     1
 68
     0
279
    -2
289
     1
 69
     0
  0
VISUALSTYLE
  5
F5
102
{ACAD_REACTORS
330
EF
102
}
330
EF
100
AcDbVisualStyle
  2
2dWireframe
 70
     4
177
     3
291
     0
 70
    58
 90
        0
176
     1
 90
        2
176
     1
 90
        1
176
     1
 90
        0
176
     1
 40
0.6
176
     1
 40
30.0
176
     1
 62
     7
420
 16777215
176
     1
 90
        1
176
     1
 90
        4
176
     1
 62
     7
176
     1
 62
   257
176
     1
 90
        1
176
     1
 90
        1
176
     1
 40
1.0
176
     1
 90
        0
176
     1
 62
   257
176
     1
 40
1.0
176
     1
 90
        1
176
     1
 90
        6
176
     1
 90
        2
176
     1
 62
     7
176
     1
 90
        5
176
     1
 90
        0
176
     1
 90
        0
176
     1
290
     0
176
     1
 90
        1
176
     1
 40
0.0
176
     1
 90
        0
176
     1
290
     1
176
     1
290
     1
176
     1
290
     0
176
     1
290
     0
176
     1
290
     0
176
     1
290
     0
176
     1
290
     0
176
     1
290
     0
176
     1
290
     0
176
     1
 90
       50
176
     1
 40
0.0
176
     1
 40
1.0
176
     1
 90
        0
176
     1
 62
    18
420
        0
176
     1
 90
       50
176
     1
 90
        3
176
     1
 62
     5
420
      255
176
     1
290
     0
176
     1
 90
       50
176
     1
 90
       50
176
     1
 90
       50
176
     1
290
     0
176
     1
 90
       50
176
     1
 62
   256
176
     0
 40
1.0
176
     0
 90
        2
176
     1
  1
strokes_ogs.tif
176
     1
290
     0
176
     1
 40
1.0
176
     1
 40
1.0
176
     1
1001
ACAD
1000
AcDbSavedByObjectVersion
1070
     0
  0
VISUALSTYLE
  5
F7
102
{ACAD_REACTORS
330
EF
102
}
330
EF
100
AcDbVisualStyle
  2
3D Hidden
 70
     6
177
     3
291
     0
 70
    58
 90
        1
176
     1
 90
        2
176
     1
 90
        2
176
     1
 90
        0
176
     1
 40
0.6
176
     1
 40
30.0
176
     1
 62
     7
420
 16777215
176
     1
 90
        2
176
     1
 90
        2
176
     1
 62
     7
176
     1
 62
   257
176
     1
 90
        2
176
     1
 90
        1
176
     1
 40
40.0
176
     1
 90
        0
176
     1
 62
   257
176
     1
 40
1.0
176
     1
 90
        1
176
     1
 90
        6
176
     1
 90
        2
176
     1
 62
     7
176
     1
 90
        3
176
     1
 90
        0
176
     1
 90
        0
176
     1
290
     0
176
     1
 90
        1
176
     1
 40
0.0
176
     1
 90
        0
176
     1
290
     0
176
     1
290
     1
176
     1
290
     1
176
     1
290
     0
176
     1
290
     0
176
     1
290
     0
176
     1
290
     0
176
     1
290
     0
176
     1
290
     0
176
     1
 90
       50
176
     1
 40
0.0
176
     1
 40
1.0
176
     1
 90
        0
176
     1
 62
    18
420
        0
176
     1
 90
       50
176
     1
 90
        3
176
     1
 62
     5
420
      255
176
     1
290
     0
176
     1
 90
       50
176
     1
 90
       50
176
     1
 90
       50
176
     1
290
     0
176
     1
 90
       50
176
     1
 62
   256
176
     0
 40
1.0
176
     0
 90
        2
176
     1
  1
strokes_ogs.tif
176
     1
290
     0
176
     1
 40
1.0
176
     1
 40
1.0
176
     1
1001
ACAD
1000
AcDbSavedByObjectVersion
1070
     0
  0
VISUALSTYLE
  5
F6
102
{ACAD_REACTORS
330
EF
102
}
330
EF
100
AcDbVisualStyle
  2
3dWireframe
 70
     5
177
     3
291
     0
 70
    58
 90
        0
176
     1
 90
        2
176
     1
 90
        1
176
     1
 90
        0
176
     1
 40
0.6
176
     1
 40
30.0
176
     1
 62
     7
420
 16777215
176
     1
 90
        1
176
     1
 90
        4
176
     1
 62
     7
176
     1
 62
   257
176
     1
 90
        1
176
     1
 90
        1
176
     1
 40
1.0
176
     1
 90
        0
176
     1
 62
   257
176
     1
 40
1.0
176
     1
 90
        1
176
     1
 90
        6
176
     1
 90
        2
176
     1
 62
     7
176
     1
 90
        5
176
     1
 90
        0
176
     1
 90
        0
176
     1
290
     0
176
     1
 90
        1
176
     1
 40
0.0
176
     1
 90
        0
176
     1
290
     0
176
     1
290
     1
176
     1
290
     1
176
     1
290
     0
176
     1
290
     0
176
     1
290
     0
176
     1
290
     0
176
     1
290
     0
176
     1
290
     0
176
     1
 90
       50
176
     1
 40
0.0
176
     1
 40
1.0
176
     1
 90
        0
176
     1
 62
    18
420
        0
176
     1
 90
       50
176
     1
 90
        3
176
     1
 62
     5
420
      255
176
     1
290
     0
176
     1
 90
       50
176
     1
 90
       50
176
     1
 90
       50
176
     1
290
     0
176
     1
 90
       50
176
     1
 62
   256
176
     0
 40
1.0
176
     0
 90
        2
176
     1
  1
strokes_ogs.tif
176
     1
290
     0
176
     1
 40
1.0
176
     1
 40
1.0
176
     1
1001
ACAD
1000
AcDbSavedByObjectVersion
1070
     0
  0
VISUALSTYLE
  5
F4
102
{ACAD_REACTORS
330
EF
102
}
330
EF
100
AcDbVisualStyle
  2
Basic
 70
     7
177
     3
291
     1
 70
    58
 90
        1
176
     1
 90
        0
176
     1
 90
        1
176
     1
 90
        0
176
     1
 40
0.6
176
     1
 40
30.0
176
     1
 62
     7
420
 16777215
176
     1
 90
        0
176
     1
 90
        4
176
     1
 62
     7
176
     1
 62
   257
176
     1
 90
        1
176
     1
 90
        1
176
     1
 40
1.0
176
     1
 90
        8
176
     1
 62
     7
176
     1
 40
1.0
176
     1
 90
        1
176
     1
 90
        6
176
     1
 90
        2
176
     1
 62
     7
176
     1
 90
        5
176
     1
 90
        0
176
     1
 90
        0
176
     1
290
     0
176
     1
 90
        1
176
     1
 40
0.0
176
     1
 90
        0
176
     1
290
     0
176
     1
290
     1
176
     1
290
     1
176
     1
290
     0
176
     1
290
     0
176
     1
290
     0
176
     1
290
     0
176
     1
290
     0
176
     1
290
     0
176
     1
 90
       50
176
     1
 40
0.0
176
     1
 40
1.0
176
     1
 90
        0
176
     1
 62
    18
420
        0
176
     1
 90
       50
176
     1
 90
        3
176
     1
 62
     5
420
      255
176
     1
290
     0
176
     1
 90
       50
176
     1
 90
       50
176
     1
 90
       50
176
     1
290
     0
176
     1
 90
       50
176
     1
 62
   256
176
     0
 40
1.0
176
     0
 90
        2
176
     1
  1
strokes_ogs.tif
176
     1
290
     0
176
     1
 40
1.0
176
     1
 40
1.0
176
     1
1001
ACAD
1000
AcDbSavedByObjectVersion
1070
     0
  0
VISUALSTYLE
  5
FB
102
{ACAD_REACTORS
330
EF
102
}
330
EF
100
AcDbVisualStyle
  2
Brighten
 70
    12
177
     3
291
     1
 70
    58
 90
        2
176
     1
 90
        2
176
     1
 90
        1
176
     1
 90
        0
176
     1
 40
0.6
176
     1
 40
30.0
176
     1
 62
     7
420
 16777215
176
     1
 90
        1
176
     1
 90
        4
176
     1
 62
     7
176
     1
 62
   257
176
     1
 90
        1
176
     1
 90
        1
176
     1
 40
1.0
176
     1
 90
        8
176
     1
 62
     7
176
     1
 40
1.0
176
     1
 90
        1
176
     1
 90
        6
176
     1
 90
        2
176
     1
 62
     7
176
     1
 90
        5
176
     1
 90
        0
176
     1
 90
        0
176
     1
290
     0
176
     1
 90
        1
176
     1
 40
50.0
176
     1
 90
        0
176
     1
290
     0
176
     1
290
     1
176
     1
290
     1
176
     1
290
     0
176
     1
290
     0
176
     1
290
     0
176
     1
290
     0
176
     1
290
     0
176
     1
290
     0
176
     1
 90
       50
176
     1
 40
0.0
176
     1
 40
1.0
176
     1
 90
        0
176
     1
 62
    18
420
        0
176
     1
 90
       50
176
     1
 90
        3
176
     1
 62
     5
420
      255
176
     1
290
     0
176
     1
 90
       50
176
     1
 90
       50
176
     1
 90
       50
176
     1
290
     0
176
     1
 90
       50
176
     1
 62
   256
176
     0
 40
1.0
176
     0
 90
        2
176
     1
  1
strokes_ogs.tif
176
     1
290
     0
176
     1
 40
1.0
176
     1
 40
1.0
176
     1
1001
ACAD
1000
AcDbSavedByObjectVersion
1070
     0
  0
VISUALSTYLE
  5
FF
102
{ACAD_REACTORS
330
EF
102
}
330
EF
100
AcDbVisualStyle
  2
ColorChange
 70
    16
177
     3
291
     1
 70
    58
 90
        2
176
     1
 90
        2
176
     1
 90
        3
176
     1
 90
        0
176
     1
 40
0.6
176
     1
 40
30.0
176
     1
 62
     8
420
  8421504
176
     1
 90
        1
176
     1
 90
        4
176
     1
 62
     7
176
     1
 62
   257
176
     1
 90
        1
176
     1
 90
        1
176
     1
 40
1.0
176
     1
 90
        8
176
     1
 62
     8
420
  8421504
176
     1
 40
1.0
176
     1
 90
        1
176
     1
 90
        6
176
     1
 90
        2
176
     1
 62
     7
176
     1
 90
        5
176
     1
 90
        0
176
     1
 90
        0
176
     1
290
     0
176
     1
 90
        1
176
     1
 40
0.0
176
     1
 90
        0
176
     1
290
     0
176
     1
290
     1
176
     1
290
     1
176
     1
290
     0
176
     1
290
     0
176
     1
290
     0
176
     1
290
     0
176
     1
290
     0
176
     1
290
     0
176
     1
 90
       50
176
     1
 40
0.0
176
     1
 40
1.0
176
     1
 90
        0
176
     1
 62
    18
420
        0
176
     1
 90
       50
176
     1
 90
        3
176
     1
 62
     5
420
      255
176
     1
290
     0
176
     1
 90
       50
176
     1
 90
       50
176
     1
 90
       50
176
     1
290
     0
176
     1
 90
       50
176
     1
 62
   256
176
     0
 40
1.0
176
     0
 90
        2
176
     1
  1
strokes_ogs.tif
176
     1
290
     0
176
     1
 40
1.0
176
     1
 40
1.0
176
     1
1001
ACAD
1000
AcDbSavedByObjectVersion
1070
     0
  0
VISUALSTYLE
  5
F8
102
{ACAD_REACTORS
330
EF
102
}
330
EF
100
AcDbVisualStyle
  2
Conceptual
 70
     9
177
     3
291
     0
 70
    58
 90
        3
176
     1
 90
        2
176
     1
 90
        1
176
     1
 90
        0
176
     1
 40
0.6
176
     1
 40
30.0
176
     1
 62
     7
420
 16777215
176
     1
 90
        2
176
     1
 90
        2
176
     1
 62
     7
176
     1
 62
   257
176
     1
 90
        1
176
     1
 90
        1
176
     1
 40
40.0
176
     1
 90
        8
176
     1
 62
     7
176
     1
 40
1.0
176
     1
 90
        1
176
     1
 90
        6
176
     1
 90
        2
176
     1
 62
     7
176
     1
 90
        3
176
     1
 90
        0
176
     1
 90
        0
176
     1
290
     0
176
     1
 90
        1
176
     1
 40
0.0
176
     1
 90
        0
176
     1
290
     0
176
     1
290
     1
176
     1
290
     1
176
     1
290
     0
176
     1
290
     0
176
     1
290
     0
176
     1
290
     0
176
     1
290
     0
176
     1
290
     0
176
     1
 90
       50
176
     1
 40
0.0
176
     1
 40
1.0
176
     1
 90
        0
176
     1
 62
    18
420
        0
176
     1
 90
       50
176
     1
 90
        3
176
     1
 62
     5
420
      255
176
     1
290
     0
176
     1
 90
       50
176
     1
 90
       50
176
     1
 90
       50
176
     1
290
     0
176
     1
 90
       50
176
     1
 62
   256
176
     0
 40
1.0
176
     0
 90
        2
176
     1
  1
strokes_ogs.tif
176
     1
290
     0
176
     1
 40
1.0
176
     1
 40
1.0
176
     1
1001
ACAD
1000
AcDbSavedByObjectVersion
1070
     0
  0
VISUALSTYLE
  5
FA
102
{ACAD_REACTORS
330
EF
102
}
330
EF
100
AcDbVisualStyle
  2
Dim
 70
    11
177
     3
291
     1
 70
    58
 90
        2
176
     1
 90
        2
176
     1
 90
        1
176
     1
 90
        0
176
     1
 40
0.6
176
     1
 40
30.0
176
     1
 62
     7
420
 16777215
176
     1
 90
        1
176
     1
 90
        4
176
     1
 62
     7
176
     1
 62
   257
176
     1
 90
        1
176
     1
 90
        1
176
     1
 40
1.0
176
     1
 90
        8
176
     1
 62
     7
176
     1
 40
1.0
176
     1
 90
        1
176
     1
 90
        6
176
     1
 90
        2
176
     1
 62
     7
176
     1
 90
        5
176
     1
 90
        0
176
     1
 90
        0
176
     1
290
     0
176
     1
 90
        1
176
     1
 40
-50.0
176
     1
 90
        0
176
     1
290
     0
176
     1
290
     1
176
     1
290
     1
176
     1
290
     0
176
     1
290
     0
176
     1
290
     0
176
     1
290
     0
176
     1
290
     0
176
     1
290
     0
176
     1
 90
       50
176
     1
 40
0.0
176
     1
 40
1.0
176
     1
 90
        0
176
     1
 62
    18
420
        0
176
     1
 90
       50
176
     1
 90
        3
176
     1
 62
     5
420
      255
176
     1
290
     0
176
     1
 90
       50
176
     1
 90
       50
176
     1
 90
       50
176
     1
290
     0
176
     1
 90
       50
176
     1
 62
   256
176
     0
 40
1.0
176
     0
 90
        2
176
     1
  1
strokes_ogs.tif
176
     1
290
     0
176
     1
 40
1.0
176
     1
 40
1.0
176
     1
1001
ACAD
1000
AcDbSavedByObjectVersion
1070
     0
  0
VISUALSTYLE
  5
1E6
102
{ACAD_REACTORS
330
EF
102
}
330
EF
100
AcDbVisualStyle
  2
EdgeColorOff
 70
    22
177
     3
291
     1
 70
    58
 90
        2
176
     0
 90
        2
176
     0
 90
        0
176
     0
 90
        0
176
     0
 40
0.6
176
     0
 40
30.0
176
     0
 62
     7
420
 16777215
176
     0
 90
        1
176
     0
 90
        4
176
     0
 62
     7
176
     0
 62
   257
176
     0
 90
        1
176
     0
 90
        1
176
     0
 40
1.0
176
     0
 90
        8
176
     2
 62
     7
176
     0
 40
1.0
176
     0
 90
        1
176
     0
 90
        6
176
     0
 90
        2
176
     0
 62
     7
176
     0
 90
        5
176
     0
 90
        0
176
     0
 90
        0
176
     0
290
     0
176
     0
 90
        1
176
     0
 40
0.0
176
     0
 90
        0
176
     0
290
     0
176
     1
290
     1
176
     1
290
     1
176
     1
290
     0
176
     1
290
     0
176
     1
290
     0
176
     1
290
     0
176
     1
290
     0
176
     1
290
     0
176
     1
 90
       50
176
     1
 40
0.0
176
     1
 40
1.0
176
     1
 90
        0
176
     1
 62
    18
420
        0
176
     1
 90
       50
176
     1
 90
        3
176
     1
 62
     5
420
      255
176
     1
290
     0
176
     1
 90
       50
176
     1
 90
       50
176
     1
 90
       50
176
     1
290
     0
176
     1
 90
       50
176
     1
 62
   256
176
     0
 40
1.0
176
     0
 90
        2
176
     1
  1
strokes_ogs.tif
176
     1
290
     0
176
     1
 40
1.0
176
     1
 40
1.0
176
     1
1001
ACAD
1000
AcDbSavedByObjectVersion
1070
     0
  0
VISUALSTYLE
  5
FE
102
{ACAD_REACTORS
330
EF
102
}
330
EF
100
AcDbVisualStyle
  2
Facepattern
 70
    15
177
     3
291
     1
 70
    58
 90
        2
176
     1
 90
        2
176
     1
 90
        1
176
     1
 90
        0
176
     1
 40
0.6
176
     1
 40
30.0
176
     1
 62
     7
420
 16777215
176
     1
 90
        1
176
     1
 90
        4
176
     1
 62
     7
176
     1
 62
   257
176
     1
 90
        1
176
     1
 90
        1
176
     1
 40
1.0
176
     1
 90
        8
176
     1
 62
     7
176
     1
 40
1.0
176
     1
 90
        1
176
     1
 90
        6
176
     1
 90
        2
176
     1
 62
     7
176
     1
 90
        5
176
     1
 90
        0
176
     1
 90
        0
176
     1
290
     0
176
     1
 90
        1
176
     1
 40
0.0
176
     1
 90
        0
176
     1
290
     0
176
     1
290
     1
176
     1
290
     1
176
     1
290
     0
176
     1
290
     0
176
     1
290
     0
176
     1
290
     0
176
     1
290
     0
176
     1
290
     0
176
     1
 90
       50
176
     1
 40
0.0
176
     1
 40
1.0
176
     1
 90
        0
176
     1
 62
    18
420
        0
176
     1
 90
       50
176
     1
 90
        3
176
     1
 62
     5
420
      255
176
     1
290
     0
176
     1
 90
       50
176
     1
 90
       50
176
     1
 90
       50
176
     1
290
     0
176
     1
 90
       50
176
     1
 62
   256
176
     0
 40
1.0
176
     0
 90
        2
176
     1
  1
strokes_ogs.tif
176
     1
290
     0
176
     1
 40
1.0
176
     1
 40
1.0
176
     1
1001
ACAD
1000
AcDbSavedByObjectVersion
1070
     0
  0
VISUALSTYLE
  5
F0
102
{ACAD_REACTORS
330
EF
102
}
330
EF
100
AcDbVisualStyle
  2
Flat
 70
     0
177
     3
291
     1
 70
    58
 90
        2
176
     1
 90
        1
176
     1
 90
        1
176
     1
 90
        2
176
     1
 40
0.6
176
     1
 40
30.0
176
     1
 62
     7
420
 16777215
176
     1
 90
        0
176
     1
 90
        4
176
     1
 62
     7
176
     1
 62
   257
176
     1
 90
        1
176
     1
 90
        1
176
     1
 40
1.0
176
     1
 90
        8
176
     1
 62
     7
176
     1
 40
1.0
176
     1
 90
        1
176
     1
 90
        6
176
     1
 90
        2
176
     1
 62
     7
176
     1
 90
        5
176
     1
 90
        0
176
     1
 90
        0
176
     1
290
     0
176
     1
 90
        1
176
     1
 40
0.0
176
     1
 90
        0
176
     1
290
     0
176
     1
290
     1
176
     1
290
     1
176
     1
290
     0
176
     1
290
     0
176
     1
290
     0
176
     1
290
     0
176
     1
290
     0
176
     1
290
     0
176
     1
 90
       50
176
     1
 40
0.0
176
     1
 40
1.0
176
     1
 90
        0
176
     1
 62
    18
420
        0
176
     1
 90
       50
176
     1
 90
        3
176
     1
 62
     5
420
      255
176
     1
290
     0
176
     1
 90
       50
176
     1
 90
       50
176
     1
 90
       50
176
     1
290
     0
176
     1
 90
       50
176
     1
 62
   256
176
     0
 40
1.0
176
     0
 90
        2
176
     1
  1
strokes_ogs.tif
176
     1
290
     0
176
     1
 40
1.0
176
     1
 40
1.0
176
     1
1001
ACAD
1000
AcDbSavedByObjectVersion
1070
     0
  0
VISUALSTYLE
  5
F1
102
{ACAD_REACTORS
330
EF
102
}
330
EF
100
AcDbVisualStyle
  2
FlatWithEdges
 70
     1
177
     3
291
     1
 70
    58
 90
        2
176
     1
 90
        1
176
     1
 90
        1
176
     1
 90
        2
176
     1
 40
0.6
176
     1
 40
30.0
176
     1
 62
     7
420
 16777215
176
     1
 90
        1
176
     1
 90
        4
176
     1
 62
     7
176
     1
 62
   257
176
     1
 90
        1
176
     1
 90
        1
176
     1
 40
1.0
176
     1
 90
        0
176
     1
 62
   257
176
     1
 40
1.0
176
     1
 90
        1
176
     1
 90
        6
176
     1
 90
        2
176
     1
 62
     7
176
     1
 90
        5
176
     1
 90
        0
176
     1
 90
        0
176
     1
290
     0
176
     1
 90
        1
176
     1
 40
0.0
176
     1
 90
        0
176
     1
290
     0
176
     1
290
     1
176
     1
290
     1
176
     1
290
     0
176
     1
290
     0
176
     1
290
     0
176
     1
290
     0
176
     1
290
     0
176
     1
290
     0
176
     1
 90
       50
176
     1
 40
0.0
176
     1
 40
1.0
176
     1
 90
        0
176
     1
 62
    18
420
        0
176
     1
 90
       50
176
     1
 90
        3
176
     1
 62
     5
420
      255
176
     1
290
     0
176
     1
 90
       50
176
     1
 90
       50
176
     1
 90
       50
176
     1
290
     0
176
     1
 90
       50
176
     1
 62
   256
176
     0
 40
1.0
176
     0
 90
        2
176
     1
  1
strokes_ogs.tif
176
     1
290
     0
176
     1
 40
1.0
176
     1
 40
1.0
176
     1
1001
ACAD
1000
AcDbSavedByObjectVersion
1070
     0
  0
VISUALSTYLE
  5
F2
102
{ACAD_REACTORS
330
EF
102
}
330
EF
100
AcDbVisualStyle
  2
Gouraud
 70
     2
177
     3
291
     1
 70
    58
 90
        2
176
     1
 90
        2
176
     1
 90
        1
176
     1
 90
        2
176
     1
 40
0.6
176
     1
 40
30.0
176
     1
 62
     7
420
 16777215
176
     1
 90
        0
176
     1
 90
        4
176
     1
 62
     7
176
     1
 62
   257
176
     1
 90
        1
176
     1
 90
        1
176
     1
 40
1.0
176
     1
 90
        0
176
     1
 62
     7
176
     1
 40
1.0
176
     1
 90
        1
176
     1
 90
        6
176
     1
 90
        2
176
     1
 62
     7
176
     1
 90
        5
176
     1
 90
        0
176
     1
 90
        0
176
     1
290
     0
176
     1
 90
        1
176
     1
 40
0.0
176
     1
 90
        0
176
     1
290
     0
176
     1
290
     1
176
     1
290
     1
176
     1
290
     0
176
     1
290
     0
176
     1
290
     0
176
     1
290
     0
176
     1
290
     0
176
     1
290
     0
176
     1
 90
       50
176
     1
 40
0.0
176
     1
 40
1.0
176
     1
 90
        0
176
     1
 62
    18
420
        0
176
     1
 90
       50
176
     1
 90
        3
176
     1
 62
     5
420
      255
176
     1
290
     0
176
     1
 90
       50
176
     1
 90
       50
176
     1
 90
       50
176
     1
290
     0
176
     1
 90
       50
176
     1
 62
   256
176
     0
 40
1.0
176
     0
 90
        2
176
     1
  1
strokes_ogs.tif
176
     1
290
     0
176
     1
 40
1.0
176
     1
 40
1.0
176
     1
1001
ACAD
1000
AcDbSavedByObjectVersion
1070
     0
  0
VISUALSTYLE
  5
F3
102
{ACAD_REACTORS
330
EF
102
}
330
EF
100
AcDbVisualStyle
  2
GouraudWithEdges
 70
     3
177
     3
291
     1
 70
    58
 90
        2
176
     1
 90
        2
176
     1
 90
        1
176
     1
 90
        2
176
     1
 40
0.6
176
     1
 40
30.0
176
     1
 62
     7
420
 16777215
176
     1
 90
        1
176
     1
 90
        4
176
     1
 62
     7
176
     1
 62
   257
176
     1
 90
        1
176
     1
 90
        1
176
     1
 40
1.0
176
     1
 90
        0
176
     1
 62
   257
176
     1
 40
1.0
176
     1
 90
        1
176
     1
 90
        6
176
     1
 90
        2
176
     1
 62
     7
176
     1
 90
        5
176
     1
 90
        0
176
     1
 90
        0
176
     1
290
     0
176
     1
 90
        1
176
     1
 40
0.0
176
     1
 90
        0
176
     1
290
     0
176
     1
290
     1
176
     1
290
     1
176
     1
290
     0
176
     1
290
     0
176
     1
290
     0
176
     1
290
     0
176
     1
290
     0
176
     1
290
     0
176
     1
 90
       50
176
     1
 40
0.0
176
     1
 40
1.0
176
     1
 90
        0
176
     1
 62
    18
420
        0
176
     1
 90
       50
176
     1
 90
        3
176
     1
 62
     5
420
      255
176
     1
290
     0
176
     1
 90
       50
176
     1
 90
       50
176
     1
 90
       50
176
     1
290
     0
176
     1
 90
       50
176
     1
 62
   256
176
     0
 40
1.0
176
     0
 90
        2
176
     1
  1
strokes_ogs.tif
176
     1
290
     0
176
     1
 40
1.0
176
     1
 40
1.0
176
     1
1001
ACAD
1000
AcDbSavedByObjectVersion
1070
     0
  0
VISUALSTYLE
  5
6B44
102
{ACAD_REACTORS
330
EF
102
}
330
EF
100
AcDbVisualStyle
  2
Hidden
 70
     6
177
     3
291
     0
 70
    58
 90
        1
176
     1
 90
        2
176
     1
 90
        2
176
     1
 90
        0
176
     1
 40
0.6
176
     1
 40
30.0
176
     1
 62
     7
420
 16777215
176
     1
 90
        2
176
     1
 90
        2
176
     1
 62
     7
176
     1
 62
   257
176
     1
 90
        2
176
     1
 90
        1
176
     1
 40
40.0
176
     1
 90
        0
176
     1
 62
   257
176
     1
 40
1.0
176
     1
 90
        1
176
     1
 90
        6
176
     1
 90
        2
176
     1
 62
     7
176
     1
 90
        3
176
     1
 90
        0
176
     1
 90
        0
176
     1
290
     0
176
     1
 90
        1
176
     1
 40
0.0
176
     1
 90
        0
176
     1
290
     0
176
     1
290
     1
176
     1
290
     1
176
     1
290
     0
176
     1
290
     0
176
     1
290
     0
176
     1
290
     0
176
     1
290
     0
176
     1
290
     0
176
     1
 90
       50
176
     1
 40
0.0
176
     1
 40
1.0
176
     1
 90
        0
176
     1
 62
    18
420
        0
176
     1
 90
       50
176
     1
 90
        3
176
     1
 62
     5
420
      255
176
     1
290
     0
176
     1
 90
       50
176
     1
 90
       50
176
     1
 90
       50
176
     1
290
     0
176
     1
 90
       50
176
     1
 62
   256
176
     0
 40
1.0
176
     0
 90
        2
176
     1
  1
strokes_ogs.tif
176
     1
290
     0
176
     1
 40
1.0
176
     1
 40
1.0
176
     1
1001
ACAD
1000
AcDbSavedByObjectVersion
1070
     0
  0
VISUALSTYLE
  5
1E4
102
{ACAD_REACTORS
330
EF
102
}
330
EF
100
AcDbVisualStyle
  2
JitterOff
 70
    20
177
     3
291
     1
 70
    58
 90
        2
176
     0
 90
        2
176
     0
 90
        0
176
     0
 90
        0
176
     0
 40
0.6
176
     0
 40
30.0
176
     0
 62
     7
420
 16777215
176
     0
 90
        1
176
     0
 90
        4
176
     0
 62
     7
176
     0
 62
   257
176
     0
 90
        1
176
     0
 90
        1
176
     0
 40
1.0
176
     0
 90
       10
176
     2
 62
     7
176
     0
 40
1.0
176
     0
 90
        1
176
     0
 90
        6
176
     0
 90
        2
176
     0
 62
     7
176
     0
 90
        5
176
     0
 90
        0
176
     0
 90
        0
176
     0
290
     0
176
     0
 90
        1
176
     0
 40
0.0
176
     0
 90
        0
176
     0
290
     0
176
     1
290
     1
176
     1
290
     1
176
     1
290
     0
176
     1
290
     0
176
     1
290
     0
176
     1
290
     0
176
     1
290
     0
176
     1
290
     0
176
     1
 90
       50
176
     1
 40
0.0
176
     1
 40
1.0
176
     1
 90
        0
176
     1
 62
    18
420
        0
176
     1
 90
       50
176
     1
 90
        3
176
     1
 62
     5
420
      255
176
     1
290
     0
176
     1
 90
       50
176
     1
 90
       50
176
     1
 90
       50
176
     1
290
     0
176
     1
 90
       50
176
     1
 62
   256
176
     0
 40
1.0
176
     0
 90
        2
176
     1
  1
strokes_ogs.tif
176
     1
290
     0
176
     1
 40
1.0
176
     1
 40
1.0
176
     1
1001
ACAD
1000
AcDbSavedByObjectVersion
1070
     0
  0
VISUALSTYLE
  5
FD
102
{ACAD_REACTORS
330
EF
102
}
330
EF
100
AcDbVisualStyle
  2
Linepattern
 70
    14
177
     3
291
     1
 70
    58
 90
        2
176
     1
 90
        2
176
     1
 90
        1
176
     1
 90
        0
176
     1
 40
0.6
176
     1
 40
30.0
176
     1
 62
     7
420
 16777215
176
     1
 90
        1
176
     1
 90
        4
176
     1
 62
     7
176
     1
 62
   257
176
     1
 90
        7
176
     1
 90
        7
176
     1
 40
1.0
176
     1
 90
        8
176
     1
 62
     7
176
     1
 40
1.0
176
     1
 90
        1
176
     1
 90
        6
176
     1
 90
        2
176
     1
 62
     7
176
     1
 90
        5
176
     1
 90
        0
176
     1
 90
        0
176
     1
290
     0
176
     1
 90
        1
176
     1
 40
0.0
176
     1
 90
        0
176
     1
290
     0
176
     1
290
     1
176
     1
290
     1
176
     1
290
     0
176
     1
290
     0
176
     1
290
     0
176
     1
290
     0
176
     1
290
     0
176
     1
290
     0
176
     1
 90
       50
176
     1
 40
0.0
176
     1
 40
1.0
176
     1
 90
        0
176
     1
 62
    18
420
        0
176
     1
 90
       50
176
     1
 90
        3
176
     1
 62
     5
420
      255
176
     1
290
     0
176
     1
 90
       50
176
     1
 90
       50
176
     1
 90
       50
176
     1
290
     0
176
     1
 90
       50
176
     1
 62
   256
176
     0
 40
1.0
176
     0
 90
        2
176
     1
  1
strokes_ogs.tif
176
     1
290
     0
176
     1
 40
1.0
176
     1
 40
1.0
176
     1
1001
ACAD
1000
AcDbSavedByObjectVersion
1070
     0
  0
VISUALSTYLE
  5
1E5
102
{ACAD_REACTORS
330
EF
102
}
330
EF
100
AcDbVisualStyle
  2
OverhangOff
 70
    21
177
     3
291
     1
 70
    58
 90
        2
176
     0
 90
        2
176
     0
 90
        0
176
     0
 90
        0
176
     0
 40
0.6
176
     0
 40
30.0
176
     0
 62
     7
420
 16777215
176
     0
 90
        1
176
     0
 90
        4
176
     0
 62
     7
176
     0
 62
   257
176
     0
 90
        1
176
     0
 90
        1
176
     0
 40
1.0
176
     0
 90
        9
176
     2
 62
     7
176
     0
 40
1.0
176
     0
 90
        1
176
     0
 90
        6
176
     0
 90
        2
176
     0
 62
     7
176
     0
 90
        5
176
     0
 90
        0
176
     0
 90
        0
176
     0
290
     0
176
     0
 90
        1
176
     0
 40
0.0
176
     0
 90
        0
176
     0
290
     0
176
     1
290
     1
176
     1
290
     1
176
     1
290
     0
176
     1
290
     0
176
     1
290
     0
176
     1
290
     0
176
     1
290
     0
176
     1
290
     0
176
     1
 90
       50
176
     1
 40
0.0
176
     1
 40
1.0
176
     1
 90
        0
176
     1
 62
    18
420
        0
176
     1
 90
       50
176
     1
 90
        3
176
     1
 62
     5
420
      255
176
     1
290
     0
176
     1
 90
       50
176
     1
 90
       50
176
     1
 90
       50
176
     1
290
     0
176
     1
 90
       50
176
     1
 62
   256
176
     0
 40
1.0
176
     0
 90
        2
176
     1
  1
strokes_ogs.tif
176
     1
290
     0
176
     1
 40
1.0
176
     1
 40
1.0
176
     1
1001
ACAD
1000
AcDbSavedByObjectVersion
1070
     0
  0
VISUALSTYLE
  5
F9
102
{ACAD_REACTORS
330
EF
102
}
330
EF
100
AcDbVisualStyle
  2
Realistic
 70
     8
177
     3
291
     0
 70
    58
 90
        2
176
     1
 90
        2
176
     1
 90
        1
176
     1
 90
        0
176
     1
 40
0.6
176
     1
 40
30.0
176
     1
 62
     7
420
 16777215
176
     1
 90
        1
176
     1
 90
        0
176
     1
 62
     7
176
     1
 62
   257
176
     1
 90
        1
176
     1
 90
        1
176
     1
 40
1.0
176
     1
 90
        8
176
     1
 62
     8
420
  7895160
176
     1
 40
1.0
176
     1
 90
        1
176
     1
 90
        6
176
     1
 90
        2
176
     1
 62
     7
176
     1
 90
        5
176
     1
 90
        0
176
     1
 90
        0
176
     1
290
     0
176
     1
 90
       13
176
     1
 40
0.0
176
     1
 90
        0
176
     1
290
     0
176
     1
290
     1
176
     1
290
     1
176
     1
290
     0
176
     1
290
     0
176
     1
290
     0
176
     1
290
     0
176
     1
290
     0
176
     1
290
     0
176
     1
 90
       50
176
     1
 40
0.0
176
     1
 40
1.0
176
     1
 90
        0
176
     1
 62
    18
420
        0
176
     1
 90
       50
176
     1
 90
        3
176
     1
 62
     5
420
      255
176
     1
290
     0
176
     1
 90
       50
176
     1
 90
       50
176
     1
 90
       50
176
     1
290
     0
176
     1
 90
       50
176
     1
 62
   256
176
     0
 40
1.0
176
     0
 90
        2
176
     1
  1
strokes_ogs.tif
176
     1
290
     0
176
     1
 40
1.0
176
     1
 40
1.0
176
     1
1001
ACAD
1000
AcDbSavedByObjectVersion
1070
     0
  0
VISUALSTYLE
  5
6B49
102
{ACAD_REACTORS
330
EF
102
}
330
EF
100
AcDbVisualStyle
  2
Shaded
 70
    27
177
     3
291
     0
 70
    58
 90
        2
176
     1
 90
        2
176
     1
 90
        1
176
     1
 90
        2
176
     1
 40
0.6
176
     1
 40
30.0
176
     1
 62
     7
420
 16777215
176
     1
 90
        0
176
     1
 90
        4
176
     1
 62
     7
176
     1
 62
   257
176
     1
 90
        1
176
     1
 90
        1
176
     1
 40
1.0
176
     1
 90
        8
176
     1
 62
   257
176
     1
 40
1.0
176
     1
 90
        1
176
     1
 90
        6
176
     1
 90
        2
176
     1
 62
     8
420
  7895160
176
     1
 90
        3
176
     1
 90
        0
176
     1
 90
        0
176
     1
290
     0
176
     1
 90
        5
176
     1
 40
0.0
176
     1
 90
        0
176
     1
290
     0
176
     1
290
     1
176
     1
290
     1
176
     1
290
     0
176
     1
290
     0
176
     1
290
     0
176
     1
290
     0
176
     1
290
     0
176
     1
290
     0
176
     1
 90
       50
176
     1
 40
0.0
176
     1
 40
1.0
176
     1
 90
        0
176
     1
 62
    18
420
        0
176
     1
 90
       50
176
     1
 90
        3
176
     1
 62
     5
420
      255
176
     1
290
     0
176
     1
 90
       50
176
     1
 90
       50
176
     1
 90
       50
176
     1
290
     0
176
     1
 90
       50
176
     1
 62
   256
176
     0
 40
1.0
176
     0
 90
        2
176
     1
  1
strokes_ogs.tif
176
     1
290
     0
176
     1
 40
1.0
176
     1
 40
1.0
176
     1
1001
ACAD
1000
AcDbSavedByObjectVersion
1070
     0
  0
VISUALSTYLE
  5
6B48
102
{ACAD_REACTORS
330
EF
102
}
330
EF
100
AcDbVisualStyle
  2
Shaded with edges
 70
    26
177
     3
291
     0
 70
    58
 90
        2
176
     1
 90
        2
176
     1
 90
        1
176
     1
 90
        2
176
     1
 40
0.6
176
     1
 40
30.0
176
     1
 62
     7
420
 16777215
176
     1
 90
        1
176
     1
 90
        2
176
     1
 62
     7
176
     1
 62
   257
176
     1
 90
        2
176
     1
 90
        1
176
     1
 40
1.0
176
     1
 90
        8
176
     1
 62
   257
176
     1
 40
1.0
176
     1
 90
        1
176
     1
 90
        6
176
     1
 90
        2
176
     1
 62
     7
176
     1
 90
        3
176
     1
 90
        0
176
     1
 90
        0
176
     1
290
     0
176
     1
 90
        5
176
     1
 40
0.0
176
     1
 90
        0
176
     1
290
     0
176
     1
290
     1
176
     1
290
     1
176
     1
290
     0
176
     1
290
     0
176
     1
290
     0
176
     1
290
     0
176
     1
290
     0
176
     1
290
     0
176
     1
 90
       50
176
     1
 40
0.0
176
     1
 40
1.0
176
     1
 90
        0
176
     1
 62
    18
420
        0
176
     1
 90
       50
176
     1
 90
        3
176
     1
 62
     5
420
      255
176
     1
290
     0
176
     1
 90
       50
176
     1
 90
       50
176
     1
 90
       50
176
     1
290
     0
176
     1
 90
       50
176
     1
 62
   256
176
     0
 40
1.0
176
     0
 90
        2
176
     1
  1
strokes_ogs.tif
176
     1
290
     0
176
     1
 40
1.0
176
     1
 40
1.0
176
     1
1001
ACAD
1000
AcDbSavedByObjectVersion
1070
     0
  0
VISUALSTYLE
  5
6B45
102
{ACAD_REACTORS
330
EF
102
}
330
EF
100
AcDbVisualStyle
  2
Shades of Gray
 70
    23
177
     3
291
     0
 70
    58
 90
        2
176
     1
 90
        2
176
     1
 90
        3
176
     1
 90
        0
176
     1
 40
0.6
176
     1
 40
30.0
176
     1
 62
     7
420
 16777215
176
     1
 90
        2
176
     1
 90
        2
176
     1
 62
     7
176
     1
 62
     7
176
     1
 90
        1
176
     1
 90
        1
176
     1
 40
40.0
176
     1
 90
        8
176
     1
 62
     7
176
     1
 40
1.0
176
     1
 90
        1
176
     1
 90
        6
176
     1
 90
        2
176
     1
 62
     7
176
     1
 90
        3
176
     1
 90
        0
176
     1
 90
        0
176
     1
290
     0
176
     1
 90
        1
176
     1
 40
0.0
176
     1
 90
        0
176
     1
290
     0
176
     1
290
     1
176
     1
290
     1
176
     1
290
     0
176
     1
290
     0
176
     1
290
     0
176
     1
290
     0
176
     1
290
     0
176
     1
290
     0
176
     1
 90
       50
176
     1
 40
0.0
176
     1
 40
1.0
176
     1
 90
        0
176
     1
 62
    18
420
        0
176
     1
 90
       50
176
     1
 90
        3
176
     1
 62
     5
420
      255
176
     1
290
     0
176
     1
 90
       50
176
     1
 90
       50
176
     1
 90
       50
176
     1
290
     0
176
     1
 90
       50
176
     1
 62
   256
176
     0
 40
1.0
176
     0
 90
        2
176
     1
  1
strokes_ogs.tif
176
     1
290
     0
176
     1
 40
1.0
176
     1
 40
1.0
176
     1
1001
ACAD
1000
AcDbSavedByObjectVersion
1070
     0
  0
VISUALSTYLE
  5
6B46
102
{ACAD_REACTORS
330
EF
102
}
330
EF
100
AcDbVisualStyle
  2
Sketchy
 70
    24
177
     3
291
     0
 70
    58
 90
        1
176
     1
 90
        2
176
     1
 90
        2
176
     1
 90
        0
176
     1
 40
0.6
176
     1
 40
30.0
176
     1
 62
     7
420
 16777215
176
     1
 90
        2
176
     1
 90
        2
176
     1
 62
     7
176
     1
 62
     7
176
     1
 90
        1
176
     1
 90
        1
176
     1
 40
40.0
176
     1
 90
       11
176
     1
 62
     7
176
     1
 40
1.0
176
     1
 90
        1
176
     1
 90
        6
176
     1
 90
        2
176
     1
 62
     7
176
     1
 90
        6
176
     1
 90
        0
176
     1
 90
        0
176
     1
290
     0
176
     1
 90
        1
176
     1
 40
0.0
176
     1
 90
        0
176
     1
290
     0
176
     1
290
     1
176
     1
290
     1
176
     1
290
     0
176
     1
290
     0
176
     1
290
     0
176
     1
290
     0
176
     1
290
     0
176
     1
290
     0
176
     1
 90
       50
176
     1
 40
0.0
176
     1
 40
1.0
176
     1
 90
        0
176
     1
 62
    18
420
        0
176
     1
 90
       50
176
     1
 90
        3
176
     1
 62
     5
420
      255
176
     1
290
     0
176
     1
 90
       50
176
     1
 90
       50
176
     1
 90
       50
176
     1
290
     0
176
     1
 90
       50
176
     1
 62
   256
176
     0
 40
1.0
176
     0
 90
        2
176
     1
  1
strokes_ogs.tif
176
     1
290
     0
176
     1
 40
1.0
176
     1
 40
1.0
176
     1
1001
ACAD
1000
AcDbSavedByObjectVersion
1070
     0
  0
VISUALSTYLE
  5
FC
102
{ACAD_REACTORS
330
EF
102
}
330
EF
100
AcDbVisualStyle
  2
Thicken
 70
    13
177
     3
291
     1
 70
    58
 90
        2
176
     1
 90
        2
176
     1
 90
        1
176
     1
 90
        0
176
     1
 40
0.6
176
     1
 40
30.0
176
     1
 62
     7
420
 16777215
176
     1
 90
        1
176
     1
 90
        4
176
     1
 62
     7
176
     1
 62
   257
176
     1
 90
        1
176
     1
 90
        1
176
     1
 40
1.0
176
     1
 90
       12
176
     1
 62
     7
176
     1
 40
1.0
176
     1
 90
        1
176
     1
 90
        6
176
     1
 90
        2
176
     1
 62
     7
176
     1
 90
        5
176
     1
 90
        0
176
     1
 90
        0
176
     1
290
     0
176
     1
 90
        1
176
     1
 40
0.0
176
     1
 90
        0
176
     1
290
     0
176
     1
290
     1
176
     1
290
     1
176
     1
290
     0
176
     1
290
     0
176
     1
290
     0
176
     1
290
     0
176
     1
290
     0
176
     1
290
     0
176
     1
 90
       50
176
     1
 40
0.0
176
     1
 40
1.0
176
     1
 90
        0
176
     1
 62
    18
420
        0
176
     1
 90
       50
176
     1
 90
        3
176
     1
 62
     5
420
      255
176
     1
290
     0
176
     1
 90
       50
176
     1
 90
       50
176
     1
 90
       50
176
     1
290
     0
176
     1
 90
       50
176
     1
 62
   256
176
     0
 40
1.0
176
     0
 90
        2
176
     1
  1
strokes_ogs.tif
176
     1
290
     0
176
     1
 40
1.0
176
     1
 40
1.0
176
     1
1001
ACAD
1000
AcDbSavedByObjectVersion
1070
     0
  0
VISUALSTYLE
  5
6B43
102
{ACAD_REACTORS
330
EF
102
}
330
EF
100
AcDbVisualStyle
  2
Wireframe
 70
     5
177
     3
291
     0
 70
    58
 90
        0
176
     1
 90
        2
176
     1
 90
        0
176
     1
 90
        0
176
     1
 40
0.6
176
     1
 40
30.0
176
     1
 62
     7
420
 16777215
176
     1
 90
        1
176
     1
 90
        4
176
     1
 62
     7
176
     1
 62
   257
176
     1
 90
        1
176
     1
 90
        1
176
     1
 40
1.0
176
     1
 90
        0
176
     1
 62
   257
176
     1
 40
1.0
176
     1
 90
        1
176
     1
 90
        6
176
     1
 90
        2
176
     1
 62
     7
176
     1
 90
        3
176
     1
 90
        0
176
     1
 90
        0
176
     1
290
     0
176
     1
 90
        1
176
     1
 40
0.0
176
     1
 90
        0
176
     1
290
     0
176
     1
290
     1
176
     1
290
     1
176
     1
290
     0
176
     1
290
     0
176
     1
290
     0
176
     1
290
     0
176
     1
290
     0
176
     1
290
     0
176
     1
 90
       50
176
     1
 40
0.0
176
     1
 40
1.0
176
     1
 90
        0
176
     1
 62
    18
420
        0
176
     1
 90
       50
176
     1
 90
        3
176
     1
 62
     5
420
      255
176
     1
290
     0
176
     1
 90
       50
176
     1
 90
       50
176
     1
 90
       50
176
     1
290
     0
176
     1
 90
       50
176
     1
 62
   256
176
     0
 40
1.0
176
     0
 90
        2
176
     1
  1
strokes_ogs.tif
176
     1
290
     0
176
     1
 40
1.0
176
     1
 40
1.0
176
     1
1001
ACAD
1000
AcDbSavedByObjectVersion
1070
     0
  0
VISUALSTYLE
  5
6B47
102
{ACAD_REACTORS
330
EF
102
}
330
EF
100
AcDbVisualStyle
  2
X-Ray
 70
    25
177
     3
291
     0
 70
    58
 90
        2
176
     1
 90
        2
176
     1
 90
        1
176
     1
 90
        1
176
     1
 40
0.5
176
     1
 40
30.0
176
     1
 62
     7
420
 16777215
176
     1
 90
        1
176
     1
 90
        0
176
     1
 62
     7
176
     1
 62
   257
176
     1
 90
        1
176
     1
 90
        1
176
     1
 40
1.0
176
     1
 90
        8
176
     1
 62
     7
176
     1
 40
1.0
176
     1
 90
        1
176
     1
 90
        6
176
     1
 90
        2
176
     1
 62
     7
176
     1
 90
        3
176
     1
 90
        0
176
     1
 90
        0
176
     1
290
     0
176
     1
 90
       13
176
     1
 40
0.0
176
     1
 90
        0
176
     1
290
     0
176
     1
290
     1
176
     1
290
     1
176
     1
290
     0
176
     1
290
     0
176
     1
290
     0
176
     1
290
     0
176
     1
290
     0
176
     1
290
     0
176
     1
 90
       50
176
     1
 40
0.0
176
     1
 40
1.0
176
     1
 90
        0
176
     1
 62
    18
420
        0
176
     1
 90
       50
176
     1
 90
        3
176
     1
 62
     5
420
      255
176
     1
290
     0
176
     1
 90
       50
176
     1
 90
       50
176
     1
 90
       50
176
     1
290
     0
176
     1
 90
       50
176
     1
 62
   256
176
     0
 40
1.0
176
     0
 90
        2
176
     1
  1
strokes_ogs.tif
176
     1
290
     0
176
     1
 40
1.0
176
     1
 40
1.0
176
     1
1001
ACAD
1000
AcDbSavedByObjectVersion
1070
     0
  0
DICTIONARYVAR
  5
146
102
{ACAD_REACTORS
330
5E
102
}
330
5E
100
DictionaryVariables
280
     0
  1
1:1
  0
DICTIONARYVAR
  5
145
102
{ACAD_REACTORS
330
5E
102
}
330
5E
100
DictionaryVariables
280
     0
  1
STANDARD
  0
DICTIONARYVAR
  5
84
102
{ACAD_REACTORS
330
5E
102
}
330
5E
100
DictionaryVariables
280
     0
  1
STANDARD
  0
DICTIONARYVAR
  5
6B71
102
{ACAD_REACTORS
330
5E
102
}
330
5E
100
DictionaryVariables
280
     0
  1
Metric50
  0
DICTIONARYVAR
  5
6B72
102
{ACAD_REACTORS
330
5E
102
}
330
5E
100
DictionaryVariables
280
     0
  1
Metric50
  0
DICTIONARYVAR
  5
5F
102
{ACAD_REACTORS
330
5E
102
}
330
5E
100
DictionaryVariables
280
     0
  1
2
  0
DICTIONARYVAR
  5
63
102
{ACAD_REACTORS
330
5E
102
}
330
5E
100
DictionaryVariables
280
     0
  1
1
  0
DICTIONARYVAR
  5
6C77
102
{ACAD_REACTORS
330
5E
102
}
330
5E
100
DictionaryVariables
280
     0
  1
BYLAYER
  0
DICTIONARYVAR
  5
6C76
102
{ACAD_REACTORS
330
5E
102
}
330
5E
100
DictionaryVariables
280
     0
  1
ByLayer
  0
DICTIONARYVAR
  5
1AE
102
{ACAD_REACTORS
330
5E
102
}
330
5E
100
DictionaryVariables
280
     0
  1
0
  0
DICTIONARYVAR
  5
1AF
102
{ACAD_REACTORS
330
5E
102
}
330
5E
100
DictionaryVariables
280
     0
  1
0
  0
DICTIONARYVAR
  5
605
102
{ACAD_REACTORS
330
5E
102
}
330
5E
100
DictionaryVariables
280
     0
  1
2
  0
DICTIONARYVAR
  5
604
102
{ACAD_REACTORS
330
5E
102
}
330
5E
100
DictionaryVariables
280
     0
  1
1
  0
DICTIONARY
  5
7697
102
{ACAD_REACTORS
330
7695
102
}
330
7695
100
AcDbDictionary
281
     1
  0
DICTIONARY
  5
7696
102
{ACAD_REACTORS
330
7695
102
}
330
7695
100
AcDbDictionary
281
     1
  3
2203553478912
350
7690
  3
2203553478928
350
7691
  3
2203553478944
350
7692
  3
2203553478960
350
7693
  3
2203553478976
350
7694
  0
ACAD_PROXY_OBJECT
  5
1F7
102
{ACAD_REACTORS
330
1F4
102
}
330
1F4
100
AcDbProxyObject
 90
      499
 91
      517
 95
   393245
 70
     0
162
                74
311
411419E6594116419D0C
161
                 1
310
4C
 94
        0
1001
TH_CSLRecorder
1070
     1
1070
     0
1070
     2
1000
材料处理
  0
ACAD_PROXY_OBJECT
  5
1F5
102
{ACAD_REACTORS
330
1F4
102
}
330
1F4
100
AcDbProxyObject
 90
      499
 91
      515
 95
   393245
 70
     0
162
              2728
311
4269D3B05503553C1E45989419E65941DA2C22E408D94BF95A4104D38693A856CE1A240B51AE2D3D0531003A0031002E00350040B36473E46409419E65950551003300340035004100412FA2E862F61FBF95A412FA2E862CDA5AD5AE40DC5478145D662413F95AE1F8817DC19501310040AFA2E862E40C1DA31944594E4081
311
D67A1B24129D3B05503553C1E640B95947D9E411E663B9DA856CE1A240A856E696E40A856CE1A240BF959157902410033004139575EA0A856F959E4101DA31946856F959E4144D3869387E348E36E93A40CB1EF8145D66240D21C8B19FDD4E41521C8B19C393B95947D9E413F958DDA38D3BDD4D095A005A0043002D004C00
311
42002D0030003100413F958DDA03553C1E5023E5CD67640B9575EA0A40B61FBF95A41DE663B9D8ED3BED3B95742DE8217A410053C69383553C1E640885A3E56E409500160010254004A0040950016001036D007800620000
161
               116
310
48103A409027C555555555555E53FC
 94
        0
1001
TH_PaperRecorder
1070
     1
1070
    32
1070
     2
1000
产品名称或材料标记
1070
     3
1000

1070
     4
1000
制图
1070
     5
1000

1070
     6
1000
专业审核
1070
     7
1000

1070
     8
1000
比例
1070
     9
1000
1:1.5
1070
    10
1000
重量
1070
    11
1000

1070
    12
1000
材料
1070
    13
1000
Q345A
1070
    14
1000
设计绘图
1070
    15
1000

1070
    16
1000
设计阶段
1070
    17
1000

1070
    18
1000
共几页
1070
    19
1000

1070
    20
1000
图纸张数
1070
    21
1000
1
1070
    22
1000
设计
1070
    23
1000

1070
    24
1000
标准化
1070
    25
1000

1070
    26
1000
备注
1070
    27
1000

1070
    28
1000
产品名称
1070
    29
1000

1070
    30
1000
日期
1070
    31
1000

1070
    32
1000
项目审核
1070
    33
1000

1070
    34
1000
审定
1070
    35
1000

1070
    36
1000
审核
1070
    37
1000

1070
    38
1000
图幅
1070
    39
1000
A3
1070
    40
1000
工艺审查
1070
    41
1000

1070
    42
1000
标准审查
1070
    43
1000

1070
    44
1000
专业负责人
1070
    45
1000

1070
    46
1000
第几页
1070
    47
1000

1070
    48
1000
版本号
1070
    49
1000

1070
    50
1000
版本与日期
1070
    51
1000

1070
    52
1000
图样代号
1070
    53
1000
ZZC-LB-01
1070
    54
1000
图样名称
1070
    55
1000
尾盖
1070
    56
1000
工艺
1070
    57
1000

1070
    58
1000
绘图
1070
    59
1000

1070
    60
1000
项目主任工程师
1070
    61
1000

1070
    62
1000
企业名称
1070
    63
1000

1070
    64
1000
校对
1070
    65
1000

1070
    66
1070
     3
1070
    67
1070
     0
1070
    68
1070
     0
1070
    69
1070
     2
1070
    70
1070
     2
1070
    71
1070
     0
1070
    72
1070
     1
1070
    73
1070
     3
1070
    74
1070
     1
1070
    75
1070
     1
1070
    76
1070
     1
1070
    77
1040
0.6666666666666666
1070
    78
1000
TX
1070
    79
1000
TJ
1070
    80
1000
TX
1070
    81
1000
mxb
  0
ACAD_PROXY_OBJECT
  5
1F6
102
{ACAD_REACTORS
330
1F4
102
}
330
1F4
100
AcDbProxyObject
 90
      499
 91
      516
 95
   393245
 70
     0
162
                42
311
4090400CC00C
161
                98
310
2900400002901000046505428C
 94
        0
1001
TH_PaperSizeRecorder
1070
     1
1000
图幅规格
1070
     2
1000
A3
1070
     3
1000
图幅长度
1070
     4
1000
420
1070
     5
1000
图幅宽度
1070
     6
1000
297
1070
     7
1000
图幅_A
1070
     8
1000
25
1070
     9
1000
图幅_C
1070
    10
1000
5
1070
    11
1000
图幅_E
1070
    12
1000
10
  0
ACDBASSOCNETWORK
  5
7502
102
{ACAD_REACTORS
330
7501
102
}
330
7501
100
AcDbAssocAction
 90
        2
 90
        1
330
7504
360
0
 90
        1
 90
        0
 90
        0
 90
        0
 90
        0
 90
        0
 90
        0
100
AcDbAssocNetwork
 90
        0
 90
        4
 90
        4
360
7505
360
7522
360
75A6
360
75D8
 90
        1
330
7505
  0
DICTIONARY
  5
769A
330
6B4D
100
AcDbDictionary
280
     1
281
     1
  3
ACAD_XREC_ROUNDTRIP
360
769B
  0
DICTIONARY
  5
61C
330
22
100
AcDbDictionary
280
     1
281
     1
  0
DICTIONARY
  5
62E
330
D3
100
AcDbDictionary
280
     1
281
     1
  0
DICTIONARY
  5
641
330
D7
100
AcDbDictionary
280
     1
281
     1
  0
DICTIONARY
  5
173
330
EE
100
AcDbDictionary
280
     1
281
     1
  3
BUMPTILE
360
175
  3
DIFFUSETILE
360
174
  3
FBXASSET
360
6B69
  3
OPACITYTILE
360
176
  3
REFLECTIONTILE
360
177
  0
DICTIONARY
  5
7698
330
6B4B
100
AcDbDictionary
280
     1
281
     1
  3
ACAD_XREC_ROUNDTRIP
360
7699
  0
DICTIONARY
  5
162
330
7F
100
AcDbDictionary
280
     1
281
     1
  3
ACAD_ROUNDTRIP_2008_TABLESTYLE_CELLSTYLEMAP
360
768E
  0
XRECORD
  5
7690
102
{ACAD_REACTORS
330
7696
102
}
330
7696
100
AcDbXrecord
280
     1
  1
AcDb_Thumbnail_Schema
102
{ATTRRECORD
341
7691
  2
AcDbDs::TreatedAsObjectData
280
     1
291
     1
102
ATTRRECORD}
102
{ATTRRECORD
341
7692
  2
AcDbDs::Legacy
280
     1
291
     1
102
ATTRRECORD}
  2
AcDbDs::ID
280
    10
 91
        8
102
{ATTRRECORD
341
7693
  2
AcDs:Indexable
280
     1
291
     1
102
ATTRRECORD}
102
{ATTRRECORD
341
7694
  2
AcDbDs::HandleAttribute
280
     7
282
     1
102
ATTRRECORD}
  2
Thumbnail_Data
280
    15
 91
        0
  0
XRECORD
  5
7691
102
{ACAD_REACTORS
330
7696
102
}
330
7696
100
AcDbXrecord
280
     1
  1
AcDbDs::TreatedAsObjectDataSchema
  2
AcDbDs::TreatedAsObjectData
280
     1
 91
        0
  0
XRECORD
  5
7692
102
{ACAD_REACTORS
330
7696
102
}
330
7696
100
AcDbXrecord
280
     1
  1
AcDbDs::LegacySchema
  2
AcDbDs::Legacy
280
     1
 91
        0
  0
XRECORD
  5
7693
102
{ACAD_REACTORS
330
7696
102
}
330
7696
100
AcDbXrecord
280
     1
  1
AcDbDs::IndexedPropertySchema
  2
AcDs:Indexable
280
     1
 91
        0
  0
XRECORD
  5
7694
102
{ACAD_REACTORS
330
7696
102
}
330
7696
100
AcDbXrecord
280
     1
  1
AcDbDs::HandleAttributeSchema
  2
AcDbDs::HandleAttribute
280
     7
 91
        1
284
     1
  0
ACDBASSOCACTION
  5
7505
330
7502
100
AcDbAssocAction
 90
        2
 90
        1
330
7502
360
7506
 90
        1
 90
        3
 90
        3
360
7509
360
750A
360
750B
 90
        0
 90
        3
360
7507
360
7508
360
750C
 90
        0
 90
       10
 90
        0
  1
FillAngle
 90
        2
 90
        1
 40
6.283185307179586
330
0
330
0
 90
        0
  1
ItemSpacing
 90
        2
 90
        1
 40
1.047197551196597
330
0
330
0
 90
        0
  1
Items
 90
        0
 90
        1
 90
        6
330
0
330
0
 90
        0
  1
LevelSpacing
 90
        1
 90
        1
 40
1.0
330
0
330
0
 90
        0
  1
Levels
 90
        0
 90
        1
 90
        1
330
0
330
0
 90
        0
  1
RowElevation
 90
        1
 90
        1
 40
0.0
330
0
330
0
 90
        0
  1
RowSpacing
 90
        1
 90
        1
 40
120.0
330
0
330
0
 90
        0
  1
Rows
 90
        0
 90
        1
 90
        1
330
0
330
0
 90
        0
  1
Radius
 90
        1
 90
        1
 40
91.40000000000004
330
0
330
0
 90
        0
  1
StartAngle
 90
        2
 90
        1
 40
1.570796326794896
330
0
330
0
  0
ACDBASSOCACTION
  5
7522
330
7502
100
AcDbAssocAction
 90
        2
 90
        0
330
7502
360
7523
 90
        2
 90
        5
 90
        5
360
7526
360
7529
360
752A
360
752C
360
752E
 90
        0
 90
        4
360
7524
360
7527
360
752B
360
752D
 90
        0
 90
        2
 90
        0
  1
RotAng0
 90
        2
 90
        1
 40
1.570796326794896
330
0
330
0
 90
        0
  1
RotAng1
 90
        2
 90
        1
 40
4.712388980384693
330
0
330
0
  0
ACDBASSOCACTION
  5
75A6
330
7502
100
AcDbAssocAction
 90
        2
 90
        0
330
7502
360
75A7
 90
        3
 90
        5
 90
        5
360
75AA
360
75AD
360
75AE
360
75B0
360
75B2
 90
        0
 90
        4
360
75A8
360
75AB
360
75AF
360
75B1
 90
        0
 90
        2
 90
        0
  1
RotAng0
 90
        2
 90
        1
 40
1.570796326794896
330
0
330
0
 90
        0
  1
RotAng1
 90
        2
 90
        1
 40
1.570796326794896
330
0
330
0
  0
ACDBASSOCACTION
  5
75D8
330
7502
100
AcDbAssocAction
 90
        2
 90
        0
330
7502
360
75D9
 90
        4
 90
        5
 90
        5
360
75DC
360
75DF
360
75E0
360
75E2
360
75E4
 90
        0
 90
        4
360
75DA
360
75DD
360
75E1
360
75E3
 90
        0
 90
        2
 90
        0
  1
RotAng0
 90
        2
 90
        1
 40
1.570796326794897
330
0
330
0
 90
        0
  1
RotAng1
 90
        2
 90
        1
 40
1.570796326794888
330
0
330
0
  0
XRECORD
  5
769B
102
{ACAD_REACTORS
330
769A
102
}
330
769A
100
AcDbXrecord
280
     1
102
DISPLAYNAME
  1
Metric50
102
FLAGS
 90
        0
  0
XRECORD
  5
175
102
{ACAD_REACTORS
330
173
102
}
330
173
100
AcDbXrecord
280
     1
270
     1
271
     1
  0
XRECORD
  5
174
102
{ACAD_REACTORS
330
173
102
}
330
173
100
AcDbXrecord
280
     1
270
     1
271
     1
  0
XRECORD
  5
6B69
102
{ACAD_REACTORS
330
173
102
}
330
173
100
AcDbXrecord
280
     1
 70
     1
 90
1673772943
 71
     1
  1
CB21AA3D-DF5C-4C5A-94EE-8D5AAA2AE53D
311
504B0304140006080800194E3A57A883DAA660010000A80100004F00000030444635334645412D424646362D343837362D414445382D3534334537363338364642312F4173736574446174612F446566696E6974696F6E4974657261746F7250726F706572746965732E62696E3550BB4EC330140D20153130801811626061
311
30499A47930A8C6E621B06A052FB01C82DA6AD9A3ED4A462EDC8C20852C7BED6EE7C00BFC02700034508092126B04BB1747CAFEF3DF7DC235F6B9AF6333F32D51624BAF25E95F1483444BB5A2A942AA2CEB594AA44CD228F7664669AB6691B9421C74D336407BE8B3C97306486BEE3A7994F49602C4ADEB2041197BC13254A
311
F2B41A974414F1866876E2355998EFD8AEF344EEE2D19E1A5AD13415BA12DA7F23564AE53F47CAE49504BF68650F791C8BE4403708732C4601058CB9C8F6322E02423DE4D816CDB896E7B2C0D4F3226E76DA2511EB619036012C82E45888ECD001E4DB94228F38009006EA58444F2A1DF5351BCA46B1C1AB916EE8730BE7AD
311
46F93324D07F1DE1DB3702A9AD11EE927D488EC7F899B8703F1960BB4761F23098D5EF96C6B3B7E22BDEE6FB10EF12805A6E883F7A5958FFEAE36FB9FB293FC02FD33328DC8CF1E33437D3AB8527F00B504B0304140006080800194E3A570FB056DC30010000300200004500000030444635334645412D424646362D343837
311
362D414445382D3534334537363338364642312F4173736574446174612F496E7374616E636550726F706572746965732E62696EEB606060F80F0540260323103700495E20ED9E9A975A94991C9C9C919A9BA802147076323274743476D175713375D635713675D4B5347175D5B57031757474347274353576614768046931
311
363471713532B5D435353131D635313332D475727372D13534373670367376B67474B5042A03DBCBA019D37FE8ABC6157B20CD04146B0062181F4C03F940F0C11EA29A8141C08141002C0426541C106CAC2CA046088033B02A030AC2157C6006F21A8018AAF50194E6010A610250382264E08660284CD9E98021862280A915
311
64B406929A0FF62C401E28B6F88038B83CB1243943D7A928312F2535052403045B7F3E63706428652861C867486148652866C8068A4A3024311882E5DBC2D82D04181C4343FC9D1DEB80425E0C9C0C2C0CEFF781C4ADC2D773EB0155E5DB810C1301AB071300504B0304140006080800194E3A57B5A795FFE3790000DE7900
311
006B00000030444635334645412D424646362D343837362D414445382D3534334537363338364642312F5265736F75726365732F43423231414133442D444635432D344335412D393445452D3844354141413241453533442F7468756D626E61696C2F302F67656E657269635F706E6701DE79218689504E470D0A1A0A0000
311
000D49484452000001000000010008030000006BAC58540000000467414D410000B18F0BFC6105000000017352474200AECE1CE900000192504C5445818181B3B3B35A5A5A4848486060605C5C5C6464648383835E5E5E6262624E4E4EAFAFAF4A4A4AB5B5B54C4C4CB1B1B1858585B7B7B7585858ADADAD7C7C7C46464678
311
7878ABABAB747474A7A7A7686868707070B9B9B96E6E6E6A6A6A8B8B8B666666545454565656A5A5A5505050A1A1A1BBBBBB8F8F8F9F9F9F4242425252527676764040403E3E3E9B9B9B7A7A7A8989897E7E7E9393939797974444448787873C3C3C727272BDBDBD3A3A3A6C6C6CA9A9A9A3A3A32020209D9D9DBFBFBF8D8D
311
8D9595959191912626269999992222222424241E1E1EC1C1C1282828C3C3C32C2C2C2A2A2A2E2E2E303030C5C5C53232321C1C1C363636383838343434C7C7C71A1A1A0E0E0E121212484A484C4E4C1616160A0A0A4A4C4A787A781414147C7E7C9193915E605E464846838583878987B1B3B18587856668665A5C5A626462
311
818381A7A7A5A3A3A1B1B1AFADAFAD7072705C5E5C9D9D9BABADAB7E817EB7B9B7585A58BBBDBB4C4C4A8D8F8D747674B5B5B3B7B7B59FA19F606260ABABA9A5A5A39B9B99A9A9A78F8F8D6C6C6AC7C7C5451AD12700002000494441547801DCBD89771BD7B5A70B8EE04C702641712605CE034890E220088028C932454512
311
15B713AF388E7DFD9EEDB8DDCE6ABFF4B57D97137BE50FEFEFDBA74049B6AEED74869B7E87404D2814EBB7F76F0F67A8835CEEBFA0E42B854AA5B2BB5B6BCC951A8D52A93657A914FE0BEEE39FFE2FF395B9B9C6CAD2D4C4606F4B7FFF8D1B37EEDCB97587F7CD9B4343BD134BABE7DB48E3FFA7A228ECD6F6574E4786C0FC
311
8B5FFCE2CD5FFCE297BF7CF3CD5FFC92B52FFE58BFF9E69B776E0EF5F79E55CBBBF9FC3F5D3DFFB07F5898ABAF7CDA3B74E74EC0CE20230561BF096E97E05712BFFCC59BC80539DCE83DDD6E54FE61B7747DE17FB8980BBBFB2BBD4337DF487881AAE6C5ACC6AF25207877B2B527BFF1CB3B77FA47561ABBD7F7FA7FE146A5
311
B6BD74E3164C7F51449AE95DB412200EC539418717E7F2F11B376FF62E95FEAF1442BED0581DBCA1BD2780D23F506AFA16E1A7AD974EF17876F00DD7BCB187A1A97AE51FCED5BF2BC1F2BBE5B3C19BE27B43CF26DE00933658FE129B109C2FFF922CC22C4260FA01BEFB462A77DEBC35F42F600C3F5B0795D2E9E02DAD5E65
311
0B4438A92801B65C35CBAB7B1EE5041CE69D3B6F1822DFB873EBD6AD3B6FBC71EBC6C86AE967DFC2DFA4CEBFF1BF54F6276EBC114E2F43FEC60B01A0D440A868B2920E5C4BC10D60931ADCB871F3268B21D3851B08E1D6AD9BFD4BF57F7577909FAB86F29B982571136AF01DF5FE32AC3BD9406CAAF2440A54CF176EDD01FB
311
ADA1FEFEFE21FE4C9858DFF4183458A9FD2B6708A5A5A137E0EE1D11A9EC0C7C58B2C73C0AD6B479BD76B7790CF899E287FA5B06FB7B07C9195B7851FA8794031EF1FC5F9406BBFB23375420286399B631E93B08022A785C4DBF9996EC3551874094D71B6F487E80F6837E50F483BDBDBD83232323AC420A18C68DA196EDDA
311
DF68A77F938F78FD972BABBDB7B87FB164AC6FC2CB760365821ACB74AED44FFAD7E7431ECD7E08AC421F391D199998989A383D9D98E8E56F84A318C58D9BFD2DAB73FF5222C8EFAEF4DE7AF30D756E5108683DA471E70D0502099A7240F19E4089D3FD203E620F1B47BF43501E85031AE44B4B9F2E4D2D9D4D51D8970983FA
311
861B3706FF950CA170DE82F6B312CC4F42C8966295F7D725ED29882415DC055F36DEA1FE96FEC141493F05FAA9A9A5A595B333DED5B3D5A533F62183323032F46EFF13EA0AAFA5FBF7C8976F8C10F7280A014832593B90004D52341980D907EAEB73411EB2F1EBC9F507F92746C40E7AE0AFAE54292BAB2BAB67CAE0746264
311
A277B06508168C94BF772BE9765F7BF0B548FE1E07F3B5A521340A5CB5297C4B12811B89E82191ECF3E41B3259C529F135E23CF4C7F961FB13537F5A02ECCAEA76B5BA5D3D3FDF3F2FEFEFB3AA22053E5008833428DC6C59FA2F770595F311F235D427F379BB8A121BD901B96076A388DC4C3C61C7933CCCD770FF375A6E0C
311
E9F535FE2534BF5ADD3E3FAFD71BF57AA951B6D4CFEBFB8864758A26154430080B06ABFF557610ECC93726224F155D1471041E0D42F82F4891C926C1355B0831649FF365F46FF05300A7A790BD8ADEEB0D4AA9569A9BDBADCCD56AA55AE377F5F3F3EA2A34983A1DE91D810543138D7F28E57FF4E2B5335A3928B76EA1CB9B
311
00BF158C8F63A2E788826896D0B5E7C461949ECE089144F8EBEFC7FB4D8C9C4E9DAD60F7FBE572B416C2F2423ECF8B86C439E450DA970634ACFDA977629098D0B2FAF313A36B3869E37AF7853378CDA1171FBEBA95DF1E44FD5144A420588641B0055A79ED91CC0DC41E27064512FB33F1F04D09D0D2DF0203A646A6CECE80
311
DF28356A348CED8C4F1EF137B9319E1BCD29867CA556AA97F7B757567006A447FD375A26CAAFDED9CFDCFB2BB0BEEE8AA5911BC2C7F85DF88A3775389990AA72219D582409210F85A4E66F2987D875C30848023088FDF77E87F96FD7CBA5B9DCCEF4F4C9FC7C676777577B7B7B67E7ECCCE4E8DEE85E81A6D55AA3BC7FBEB2
311
42589CE8ED4770E785D7DDE23FF2587EBF57F50B9E820527316488E5C32D50F979BCA58207297E2B6D658702FFCD211840FE43FC9F3A5BAD9E97E6F21B9FCF16BBBB3A3A5A175B5B1787875B5B3B86DFEFFC687A72674F19D46A8DFDF3EACA59E405375ACE76FFA922C817CE86A89BDD92F400F2C55B7462F610459837D3A6
311
1ACF50C7471C8F2F2A9D38C3DA2F068007F80EFCDBFBE5DCC674B1D83EBCBEB8BCBCBC3ED0D3D333D0B3DE33BCBEB0D8DA35FBF9F8CECE68AE020BCE61C112A4C1138CD47F9AD13F7DC6AB9CF9CFCFAF9D0E01FFE6CD503F5B91C5218E2899CA15098714848B04FCE5654884ABF0E554F11F6C21D73D5D5AADD64B7B9327DD
311
AD8B0B7D7D6D6D07070763BC0F3E38E8EB4310EBEB8BC3DDB347E3E37B5842B97C4E44A0C630427E5CFDFB71E03F471E12CA9FF70E055AE141042DD81234B879EB4606361D9328149037D7D76A571A7E974FA20AD0323832713AB5BA7ABE3B3E3D3FBC30307070B0B9B645D93C3CDC3CDCA41CFC6AAC2D64D0D579B4B1B397
311
A7C1BDBEBD7D36657A3CD4B2F44F4909F2B9CA597F4245C59DEC354316F0587020D0C661742BC02869435FD12CF195C422DB3C5A3E2305C000CE6B7B27ED8B7D63079B5B5B878787C787C7C7C757C76C51B60ED60EDAFA06D67B965B3B672677080BB5329E60E9B477847AE2E9EB53E35779FD37EFCD2D0DDD68AA355B6B0D
311
81860502B8B68C801F5C697E9AD62F4B406244CB975560BAC756AAA577675B07C6D03778C17E7C95CAF1B3ABABE3E3ADADE3CDB1B1B6B681014470343EBA979F8B90383545727C63E43549D14FD0F927E5F1FDEFD7263058FE02EBCD1BDCBCA053496BD58E69BC44F9F854D4D979AE9ADB908824382AC1D4014E9756EAF9CE
311
85B6B54DB01F02F8EA5908E0D9D5F1B3E72188C3C3AB67879B07C8A0A767B8B831FE5E7EB754DEAE5261460243FFF07858D8EF0D658BDC563A2C5EF5833C13C90B69248C4DD97842B61DFA7F210A2F6108A0F96B62E2D3B3F3DD939EA47E30ABF5AB2B903F4BE5F9B36757CF65021E616DAC6F60A1FB647274B4B05B2E5341
311
B082D43278F67D8DFDA48AFF9A13F22B34C7586C9992BA6E66CABC190E313E7C811AA57304B421A75B289B9D174CC868C24548823E230B9A5A2DCD2CAFE1F98E61C015CA7E96B083FC59F3ED06EE60F360B3AD6F79787ED278D0A86FAFE00BA9220EAEFE1D5DE1F7855939C3FCC1332426B377F692406E022C010DB437EF00
311
9803F0DCFD3B7C94440571D8F2C328F115F47FD324802070BAB43FBA80EFDB92FCA1F7E7CF9FA875CBB327CF9EB08C4DE4815BC4210E2CB7CF1CEDECEDCED5B757490968286899FAF95583BF46F9393CEE6A86D6F618CAAD9BFF0BE22B042412C5CFB50556815CC5BBE33E9F61ECEC26A9BCB8145FD10590078F9C9E953B51
311
3FAE1FE387FAC246E14F9E3CE7F5F8194BD6594140876B6B84C5D6799C61A16434201E5237582AFD75C07EEED9863F463284E2E13425A036BD41061259289B6BDC1ED656FC8B8592C9D00701E27CEA749F0D8EF44EAD8C1F80FFF8F8F9D513191F6803384C800097F24069C407CFAE88136B7DCB3D5D4A60B711F19070D832
311
35F77331FD35E715966889038E2E0B346EAB7936C4162043E1A1F144093695443A570144898BC4079CEF1912809A3035A1D3F361235F90FFF1E3E0FB93C7E2750719F88E7D8E68123883ADB5B18185AE99F1D11C1238A792DC4BEDE8EC6FF503DF377E0445F68FAF4E08D43082D02170F30131A154206CC559A8D9CFDD762B
311
31273E4947A581E0D9BB71E33FFA07CD02CE2A6BE1EC80167497F2A81CFA3F7EFE58D0CF5D5D170DE4F89070B0BC4040CC17BEAC6B0586C3D3FF0309BC06F44B04A1E13729929B4DF73C44070692C810B08AC3012E8EE9EAE22067796288C193B2139B970B86F47FAD0F98382B1E035D9C32FD318A4FAFCB274F2E1FA772F9
311
4411B0CD42493C23393A685B5FEF3E1ACF554AF5F3552A478383374E6B2FDDFC4F6DFE38F4F4ED7A7FE838F488EA852482F412D3CB07E293D02C9F074F12E84C5AAC423271450572A385449844706475FD38DC3C22486A0639E5F1E38B0CFE93CB4B25910EF309A2224BD8DAD40C682C28341AD69047E8539A6AFC14EC573F
311
7FAD10AE0FE6EB13E87B28E093B513B5803514DE408809BC12A14876DE0A25F643009E9176D9F0C330164285A7444DC8CAF0E9FE41429EE0A2F6A6DE91C0856C501272404A8468822E24C807030B1D33D40D4AFBDBABB411D093D88C86D7205E05FC57EDD1F805FA4CED5920F0CED39157E007CE21757C5DE440ECBCB46CD2
311
83E378029B43FB077B4F47E60E9F61E8D01BE017D7E843EB49F50A2028F1E442FCC90C9EE308E4C0C2C94EAE30B75FAD3A0EAFA57FE9EF960F14BE15638840EAF3BA490BB6850EDB38EECAFD21A0C746D0C4234DBD035EFC7EDD121FA585FAB73DB89FE6A03CF833AB0730E5E2F1A36CE3F202A128934B44E396961121E1F2
311
C9F32BFCC0C140CFE22C1CA8E109B182919696BFB98120234F61B59F7BF46EC30CF067B21A33B0FB3E402448EE266CCD93135A8E823DB31F85E677434E608F53F8100BC0098EA2FD6BC01770E0F2F2D1E5452A711C4BB8486248FAD756D852026B6DC90A2AA5C6B69E9068B8F27AFABFFEE8AB36F1D23985D5960014FD7119
311
40800B560250D2272CC54FF1D3A660B275AC3881E349689C1616E1E9044129D032313509DE4700BC867C71F128C400159407C761022BA8A040F40A244788808C60B3AD67A17576279F6F946923191921B0545FC2F12AC0EFEFBD7262B6935679FC7F80629160ABFAEC88E8430E76D82A8DE62ACE50BD4A42FBF03B387B37FD
311
321B37E31C3F063D99703F5160E6C9E5A300CF32A91E0A085A29C0FC507F6C21012303C6104B82C1F1E156DB3229D1A855A32A8352C9077AF733A0AFE0FB3EF81FDF2F0F82C21B0EB06998866878B103305E31EC17F4FD43831E570A2118D1667632D4FFFFB125782F96168A833DBE78C3F11F8383A79D49F58F1E3DBC7804
311
17AE6581381E8610604888E2913E12492881274822C221AD04CB0B1D273B8542837460898C686864FF6F801E8269F40AD0481DFAF5E6E9C1F3BE391C325004DF0746A4E4448F7B52C0D5EAD39EC46896B888C4210D68E99DFA2820DF7FF850EC407EB55C3EBC5028611409BFCB8889C90F1C52355AEF98B18100094C9D0EF6
311
F64FD47E5CBF3FF5293DDFB4B50DDD54F351446FA1F14580DC3902C085F593CB24ACC917B213BBC11B3F0A61042FD8B24F4FB9C4556D0CB9E1A880DE89934CE9607F18F81FDD950DD0E1D143F41D56110E227C250621FF098838042BC85B5B6BCBCBC31DD37B34966E9FFD9936A2FEFEA9EBA4182E5CD3E17AE35501FCE070
311
7E5525A7DBC64DFD077825BE37CE0BBE1BBEC061410C660B6E49912665E2B3749C7C9F93834022F74CDE6CA5EB501D9CBC04B768292C5CCB84478F3CA83074092C6082169015E5800D5839DC6C1B58EFE83ECA513BDE3EFB8EF1242D2D4B3FD55AFE03D42F8492AF8A3F21444FA2FA9ABBF525EAF84C09F0168527B0138A85
311
D1EC0443C467B28BF844EAF76323BE13D7C11F72FED783837B970FEFDE7D7817E077C17EF7E2A1C2C0FE851FE4C008388C15E818958746129E1009D054B67530D6B3D8DA3D59D82D9D57CF70039FF50FFE0DE94089DB269C3655A4F25B38C49D0BD48E59F1526887C18FC5272197F85CA72862A593A4843CD25F920487DDF7
311
AA0441A2C0600D062001F103FCEEA3D8560CEC3EBACB01CAE5A51E420349F602191E5F901893142381351CE17047E764BE50DEAF9E4D8C38B6ECFFACEB141E54A6865A88A60133EE9CBB4C256930B0B168C1C3AB59FE1743FB422C7166082E934AFA5EFA3E4BCE0B69362FA7041818B7FDECE1DDFB4D022007CA23E521F070
311
0AAEB5888BBBF08023E128B4045381542FA256B0D04E28A0C3804E233A1BFB476A2F48FD135BAF9843BEDA3264EB42BA499601F16B566E72C7EA35908ABCB9176BBED43204C696AFD3D7B24B08D3AFA44BE243D88A6D9D0B6562B52F741E1610C0EFBBAF2B0829289A640EC4C8A4FF66A24430786CEBE1E1E61AF9507BFB49
311
6EAEB64F8F49B4129EBDEC065EC1F8A3F228A3CD0950883B41BEC6D1944AE06147289600A7726313AC69A3F91197F1438BCB743E76F01F6EF1D1C854071670FFFE43FF1EDED702EE5A14C85D0C42DF90B86068800659AC88981855E3E774A71C0CAC2F76754EE7CC87C808D1E1E0F6CF47FD4224731337BE1E39C5010823EE
311
997B1491BBD99FC8D8EF77482BEB5EB2CF66499A8E0F7511B19B3EFBDACB6507BC78731B1B383D02FFDD7BE8DD9256F7D0BA7B46015941097B80018F700FFA024CC08078F51806100ADBFA163ABA8A3B95B9D2F92AC30BC908ED31FABE0CBEBFFF0279B675868F9AA24E9530B08C174055B7F48E4F58002F3E82F0BDFA003E
311
8B431EB6C4A91E4D9B5FFB791265BA8827BBE5F1BCFA7F789F72F75EC800F8AE43FFAEC42F13009FB905A9A0132015D0068ED7682AC608BA6771038DEDB3B33082891FAB1ABF5614F93238079726B833958796B845B731FCB86316713C1DC581B1E19B424EE32674093F80776F7E27C6FBFAC85C536CD955B96EDA2A3FBF77
311
0FF4BE11845470EB3E42D022000E0FE07D161811020742162444668308801E133A4C163BE68F6826A5523071CA78B2FED51F28F8C70FE4190073A3E5D3259D7A288CD19BDE623F10021BAB0C6E327FD507B2741627727EA00D31856492F9F009D7F152D930704E642795C1C1B336E0DEBB7F0FDCB79318543B25341F36802D
311
64A981A690B94259607DE0B19D466BF8C1C5E1CEF9A3FC5C639FD6117B4BAEAB453F8EFBDA500A67E8BAF76C8A06566E36EE1184E8329419161F83D843D5DE7D8221163E145F56921C3EE383978072129E290A9B7166E63D26BAB1FCDBF710009E4051842390031845F20077CD079407C575F20364C4910ED2A574BC357630
311
B0BCD8DE39335EB175646A698458F6A346F003A93002E846FFE0C459B8006E506D79BF902908A0AA05CB5E73530E33BA1D3C2EF99C712B7C8B41DF4D2A7830BE8707485FCFAEEB85A09AB6D39BBF7B4F23E00509C20DB04E240822A4B810E04D8D53D10D504C059ED86BB8697F514777717A8F8144D48A4C89077F7EDB00E2
311
D89DC02A7B975640A282C49A4AA84B70B12BFED8EA6584860DFB7EE23FCB00C6BAF7332FF259FA3C9346508813E372F1DDE425065BB61FDF8300F7EEDDBE8D0C6EDF46F7D8823478590AE23759D60DA6B7A9F125EDE8F4A5D2B37470D0B63C30DCDE3D3D59A8D1501EB1B0A5377517BDD6E301F995E3F955F0F58FAC2E81CE
311
172A8344AC03DC6781939D2484B8FFC15E8F3ACCD3954CE19576B942D0A029188EC7013FE59AE90B71292DE774F1F63D60230180B30A2EDC65291B6211B4081128856001A680015CE000708254891851D4B3BED0FA4D7166B466BFF1D2A924885AD12B387FC0FCE6819AC3AE06A7AA4B715F0927B74D119D4A668FB54B8A8C
311
268D8B038A207D10A7B1E95E42195B695BE0240F7408B311257C23F581E987C180140C584A02B1670CB817CEC0A080F259F1360E58452013200E3EC107AC1DF4FD7B0F6D23F33347F9527D9F51E6138E31AF35F1BDAAEEEBA3D71BB402E2FB47CECEE96B4DB85536772B07C82A34F3E66D0BCEC207FEB9E70643761276F7B5
311
0D5EE963CFF80C7AF4A2130F5BF8C4EBFB5F07B709840480DBD8007FB7EF3F90104908BA457D43AA2A6A02C91422285E5AAC143F3313A0CB74D9D164933B86C25587134E8D342B453FC982860D09FD13ABE72055ED020E85D3E312F74C25CB0293D978A1C4001927C80B86FD06349126EC219F0C735C8053D8F5F310817EA0
311
1F1B7851F406144C211C6362C27DD51F1E310C0102280ADB891E9B085CC528A2B1369A46BA195B9A2B351862CE43174BA73FB7CBB430A5798F4C54B7333B96C3224A9863AD02B9FBD8E63092191924E77C199D92887DA594B6DCF0112857162FD0949FE6A441F5E62E42FB2105BC405A2301A3424601DC807912CB2C39C604
311
A27908021CDA30C4C8C2019A883B3A8BD393BB3546136EAF561980FB63E9E035FF73B96D09A905ACB2C11D79571C5159026227DDBDB81396EB03F14100BEB66DE1FA9EF82C3ECCBE318119C4269FD014E66361FC8BB0B4EA9A98EF3D8848A01360430284335004C183CC25BCA82D2302EB03B8419241C64DF4F5ADAF77B533
311
BE786334BFCBB8DA72BDBEFFC36103AFB30608A0B39B58D93F0BF42180841DD26BDC22CF0A770E90240006BAC65197D90920131C7B2EB3CFD3C71C6378A305EE8488FC1FF8D391E2BDDB0F6E3F45E7C8207C419800DB410073A3173942CA8D5242642A74496FF115832A6314D9FA4257577BF7FCF8F8E8CEE8DEDE5EBE76DD
311
3CF892BA7FB8B90F629431B5525E92A15A3A4A6FEA3FDD73136172060959206591F4C927196CF645AA285CF3014630121754261C0D31E1A7E3DA2DBDB54B04703BDE3A4209F02045C4BB0F529A14BED07098A2A1CD47513DA64B512F409BC01663090796D787173B5AA141B1B39BB470EEBCF1E30F9D263ACC4D05110797CE
311
F7B923B027F089F74D1D06F0A4D8C0CDA6604023FCA45B76C5CDE0BF3845ECBE13E0C0ED73700A8A753C1AC8AEFFF1B407FC8A20F42F0D94019121DE304077A027D4112283BB8FF0072444D68AAD111D6F591BC0061854BBC048EBBE9E81F6A33A95C21BFD13AF3C7E7DCDFFEB0DE8903F77B41DF178E99C289895B0EA8CD6
311
40549D68935BA7C5294E0A1D66DA0CC419BD398E6265789CA1241441AC94532A3C19C95340BEFC68703077EFC1D307B71F3C500859C11494838E902203A2BE90EACC5135B80B078804340C920C2300BCC06F7A1C71B875DC572C9BD1D84BD5FB9363CA6BA7D03E5C40FDFC54FC23C9B4B9DDD028787D89219038523BF64E63
311
8BB37CC25335937A00DFD32869C5B390C8C32FF25C8C47A7181B4A599A224A9DADB0E0406FEFF9F183B7448F081E3C55024FB33828784AB61704482CD0160C04174F9E33BA9291D58C2F1F1B1B3B5863B0D9F3E51C35C253D54A23E560E2C0CB3A6F7A81382601C2079CAE96B7B1560D20A341E85A928A4E01083256420576
311
C2ED477E2E565FD9223BCC691CF394D3D8E281501E0EE5C1C8159E92585D255CF30CC854C75318006EA4A01028EC853F9407C6053910BE105348324002260254886C156260F9189EE0F8C9A3CBAE9D5A992184568A69D5183A7DB97DB089FDC57AEE54F858FE54F577DBA85309640290F2D220952620750C5811FB772A7876
311
D1E4040FBFC6474D51246D8B3FB378283FB514F8AB3C20B8BF7DBE5DE541C9A5D3D38DDB30E00151E02523081BC89C2214103E0BC1B3D0199A08E002681A2613A2616CEDF0F0F9C5DDC75DA395C25C0309C03DEC8091A4AFD3FEB504AAC6633930556DAC86EE3561941E862C4A75DD6B6BB3A0C59BE153DFA73EDFCBC3CE21
311
88D3D378FC976D0EF9A95B7C8532F527CE3CF539581E0FE501291E9139FFB65EFF5DBD8E0C18DE3077170A64E033FD278F18068028802F156C3809FDEB11B1019C208D020C9BA2870457F0F8E1FDC7EDD393E3B9FC9C4308E9315704233F960E554802C14716B0B45DAB5EAB5E25AB7830EBB8D25E6CA94E4AA01794FB1EE1
311
64FE9F040FE82C940A4BCEF913075D087E85A7237D3CF29C47E4E676777779528C4781761F0BFBC1D3A77880E40C9A2E5109180D5255317890394229F0F082010354082D574F1E3FBAB7D6553C2113DACB97BEB5526C7C6F69F9310A94C46CD89FF8F379AD1AA035FD00FF3F320180F01417A6F255A3A8D86319FE0C0B0E06
311
A0DCD33F79841339C01E5BBE1911AFCFF7C1E0A540BFBDBFCF2372352686D863F83F59CB6865F43104007EE06F52406F680341102048A01BB048823082CBCB0B6AC48C313F3E7CFEF8F2D1FDC3D6F6F9F9D9E98D9D7CAE5EADE2A6512FAD7AB526E17F600C85550DDE9ACFE9D97E694513103BC69F8A2813176032C890C1E9
311
C49FC09C61670FF8705B1D7386260E7C8E7122C7F8208A55139E8C8D4763F7EBF5728DF9C34677364E3A3F9AEFDEC9CD95470788834F9FBEC512379890B38C94205B2557987C4186DF5C0837608DF0F9F3CB87B7EF6E920475752A01460E556919B2B64296FB9FB70DD5F47232A0F77465BF140CD001F00ADCA175090E2665
311
A14E6329B62660E02A1CB50C6025E3DA252A670B3F0FFAA5EAD94A509FE7036B159E0D1D9F2E76B7AE1FD5A606198D3A747AF450023CBDFD162278B9446688111009B4029B0F2180AE20A542D40610C073B47FEFE1416B2B12200F3C991C2F54EC2491027A816B0A34A9D05C6F437AC23462385DADD75642EDDA738AF1600D
311
BE07EE8437804D2D011A94DF71C2085EDD40266A407FFA1D1C00B0C03927E60338E3B9D8C47D1F8CAED578E06F7CFAA4BB63B175FA7C301B747CB377F45192003CB8FD34B12009224543D8604494011A80C1903CE0518C986208E1C5FDDB8FDA161686873BBABABAE74FA637BEA894A44078C19696F326E057D7F95D061A6B
311
0394A9D5F2DCAAFE4C2388D8A6E9AB7695CB0BDD0A332430F1A9333DA41D1FFB97FA09AE84E738C75C407C260408F8DBD5EDED7DE1570A7BE333C54F16963B46AB0C2B71208EA3D16EF4EEDCD7005241166C005A73C03164792151205C007288AE337B4D7103741BDE7B7AC913350B348B2D767515674EC6F72A0402BBCB41
311
C81305AFCF05F2758D3ECAC8D26AB97606DB9581A4B7A8FFB068CD5C0604E6849046B70C2B60FF0CDDF93C13822B4E82FA0479A68220E66D9FD775FB3C1A9CDBDB9829B6AF2F77EC9E0678FB20ED8D1B1A1A39D10F9812E20D6281F5673121AACAA9C53424000DAC173F7E18C3052EEE3E78E7F1160F5AAEAFB70E0F7775CF
311
CE4EF384DDEEBEB9C0889D5243BDF557559FEDE5F17AB21E118C4C31A3DF6A96B56AC62180293910ECD6B721047664BCFCC6B2DD3C65CA0F0C823DFEF84083C7ECCDF05898EEF158F4FEF97EB9C123F1B9D1D1A3D9F9AEC5F5CEDA84A3C96C14A55584D62893D6A54D8D2028D05C8B1F124884543F3223B29D208B04910D3F
311
C43F5C52196AEB5B5F5E58E8E82610F08C21BD443801233C0CE8BD1E40F84A1CA86001990048031ABBAB11EF83F9283EA89F181F2A0D9A9F62D94B7F625FD727E6A93F63F200F614F7CF100D4511C07DB45FC5F0CB4CA359ABE4774631FDAE85E599EA0878A3C33D5AD6430CF4C055EE5FDB80629000D7855DED3F436F3B61
311
B3DC7FFACEFD2B1BC6FB0696312CFA477CE87A87070C7998E04FBA78AE3F915A065E819FCF35B410321D9ABB308146A11AD5196CDDD7C477A171C8AFC74B45CBC6F641AB53C8D4ADA5870C02379BC0470CF83DB55F073E29CF5CE5F7A3F8FD62EB7AEB1774C2C6780B9523F9287193FD23DDB79FBEA513B45200E2E0C1B513
311
50163AC19043C600F2C1DBF7DEBA7BB9B5457BC0D840CF325EB0BBABBB786D301437000020004944415472B491ABCCEDAFC0591201CAC8EBFACBF367FE7B6E40E69F551BBBE7123E3C00AC560CE20C62436E8C3C54CC225EE08C0D74CE26148877689EDD004FB2BFBFFFBB984035373A7954EC5EE8591FE531348654514DB1
311
D1C56411DFA2A7C212BE5ED91278F2851A432244C6822C29C85A8B320ADCBDFDD63BF71FD32648E7D098CD018BC35D7FE89E250EF2AC75F96C15271602687965C844B8807C6E7729D93F22E81D39ABD62A0820C1FE9F11CFA7208125D33E96FD69E83AF6052DD32D49FF0802CD9F9DFD39260389A950887A647CCC99BAB171
311
32DFB5DED35138FB3A060F6295AA5E195BF0BB56495A5A4A8FA440026E46A047D40ED2520A441C302D240F201FB8F7E0EDDB0E12A04D8816215A0579E8FE1B1281E9F19C9900DE79842E2A7CCD48E9876EB01C75DBA0E0C8D44AB5512947A00BE7CF5DE9E1A6A6BE43CF1A78783DFD5A404E4477336C1ED8B18908B2A847B2
311
AFE9839E891137A6673BBB96FBBA2A4B8E9373B001F08369BA11BE8ABC4302FD2345FD6014A127068427D007BE28B41D9B0D40FFB7EE531FA673C8870A69135B1CEEE8D009C08042A5B4EDA314920B635BF941E7487E45256439DFE9D276295F87E698389CD49FB394FE19720412DEDDC40E9CE9C6DD605E0B719FADC416CB
311
15AB3A61F9B5B9B9426E54F81D8B03DD950946D432B40CEDAB7BB5AF11213CBA73C9BCCCDAFBCF06127C7980FE6D1DC9B4DF14832D6568FEAEEBA76FBF438300B541064ED33F3AC0B0D10505306FD370AED02859234402F6C3FED006766DDED2034D90D119057225EEE3DAF787EBF30EC51ACB4F551678BD6728E1944730C0
311
95F13E4D81A4DFFBF67C5BEE37E62A85FCCEC6CC6C7BC77A5B477E22223ECA4FCC0F87E2A5E3EB782BDB25B8CFC6736A044DE5A7CDA604526361D650484FE283B77EFBD65D52C1C73C4F48E7D0D81ACF572F2E2280F98FB230508FA906B42DE240ED651B301CEC83DE1790C9FD96B6CBF986BECF3BD332C18EF627A0B6EECD
311
5B152E02088D03D828AFFAD26B05BF671B4F9A09A8CE0CD2707F67F2A4B3BB75B9ADA331C1305BBAC182FB4A79820B7EEAF73199B8404C0B81231CDCBB871B80FC41FF5860E8E108222A1A076C29E6E03B6F3FBD4F1F295DC457573C7ADED636D6B7B8C88413DDF3B327E1046AA51040B40CB50C7E3F1D2E44DAD34CFA6040
311
29BFFBE714DF0C069908027EB275F1F366C132E1A7450B04011CF82B2B647CE754F650FF6E25BF37AAF65B7BDA16CAA791F1D09F6CAB989EC5AB7809BE145FA459E8D3E4B0FB47DAEF093B946FED585B80FE1A0305FD5330FEDB4FDF79FBF6BDE81D8300CF6815E5F9896552412A03F31FCDCC7CB5E32365550CD9365FDCCE
311
C8752E943161D78047336F8AF6539840A1F2E764FDA2970999F205CD2BD1F5CF496571F76EAEFA0E1CF8FD2A55FD06391F9EEF8B9DC9994E72BEBEE1FC928E2F223EBA0FBFBFB4F2DF137BC894B8087643D64ADE6EDED67F7680FAC9060239E845FC94AE93D880F994FBF71FBCF5F66F9F32C292EA900F9C1E6F1105E81C5B
311
5F58A067A448143842008D7275EA3BBA3D2516FDF02FF79260020D6B3C714711F3CFB61BFF56A826E627E82256F7400FB387FEF23C1C1E77FD6A21EBB1B2B35F2F95E7760BE1FA3ABB3A981423477517EEE36FF96F122B942F6FB64D9502BD1B9089162532A2FEFED255028FE653C9F46FA321E0B588B7DE79FBED07C44106
311
CC85133CA65190543004D01D02D8181DDDA5A9C91A7110805B7875B689FC3902200FB192E7DFD936B37B57D9C338BD49E99E181F4E5FCAB2ABC1CA7AAB382CBC7D515457CFABE6FBC63D525E5CDF74B16378B9AD6774A58531912D232DF01BAA913DFB7D3AAFF912984302B84D0500077800D26C60A4742101DE420C610C2E
311
92FA93056022EFBCFD5BB6B38651470CD33BD87630C05831BA864C85997B8754B05167F0706499DC442FCD22592AEC2ABF3FF13F950039BF159FA9B36ABDB2778EFF83F70972B83BFD3F4899E64DD8346AA495CB155A7499F2CE39B0AAE755125EB84FD8CF8D8E4F4E9FB4B72E8F1DBCCB98B31BC4607C2CFF21C8145FB48E
311
A0F2159F86A3098415609554DEFA7B27EF1301033DD06D274BAF6821D220DEF96FA4CBB60B3CA241C021D38E1AA76B4406B4767576166766A6C7F77273F5F395291BBA19F64F2E3095C14F3E60371827741CB27E89543857D6D96BF9A47C6A9A26057840332EB843717AAD171880217B71FCCC0355AED3D4819911F79D0EA8
311
AD6DA31A83E36C5DC2D470295C011302387069158F6C9966022367ECF1D00BA9BB95C389AE7B6105A1FB640689033A7FCCFFEDB762189103A61C3A4FEFE0D6A6B5A19EC5755A443AE78BC5E9235B047890A65919A0D2F96AA3C01CEE913BB3ED239C3E0CD8DDAB99E4348BF3F8B977B6C43DEBEFBD7721A839A63B94C06A10
311
DB87FCBFA3C2932F8C26F88B6D6BB30C3C4E09AFE40FAB52EFAA1EC0316920E031A46D65A0FFE45A673432E907FBCF86717AC04F2CD0EF512D665FF53F05BFCDC43489F150890C60A8E0314E70A06F619D30D841189CA15D3417F3CD50191AE4396543F0C42BCFD696C58DF163F5B46D708BD5FDDA5E5E5FDF9401BC4F7E00
311
E8A17520833D1CBFF495B5D1CE037C664123EEE74737268B5D1D3DBFDA6AAD8C08DF2C0BC7A737E10AAB2A7B958990CEBF556CDBEE823CB09FB344143463C630CFFF585D330CF0320E921744A7918280FEEF981161008E9FBC78C830217A07B7D6985E83F9A79884ABB5AB383B4D7D788F9FB3D867A2112A43F19042B33A10
311
8690CF6F472F8661CFAC971478757F6E6F2F7AEB82FEA85E5715941778B278281F28C268AB24BDB470EF3303E09C359E9DF1CF990D8A096106E6A66C8620DDE7D281DF0B2831F20439A30D68386CE13E002F7EDA8D7806162B205D6A19AA1FABFD6B1B400EC2BFFDD66FDF7E8755B4883C043F43046C1326136680404F1F93
311
4EBDDFDD39CB58A98DF1BD7880E0532E671FA1435E9D6EA5E9071000BE8F262E7C4044FD95D5FD526EB40A05A634775F32205C3D779FDC168CD5E56BF982508BF572BDA4F6F57D3304BE9EB18149461B12F760D7485891CA47CFC44909136FBF4931716A2E100123FC6CCAA6A644F25EDF4AC980B14039009BECE8B798BF69
311
A05DC5B6885CD23F8E13A46FF0C0A986D617F001C52241801E87C2974C31411DA3A5D7B6175472763D637D3E57C33B908F867F4A59CFCA7923375E5F027A983E18BD7BD4E6FDDBB2250C1529F4202EFAAF979DFFB1F2612E87EBEFEC58581EDB9AA95AD1D7C1905F7305BF8182D5BBB524D47C4E3B81CD843220DE1E653649
311
7C0962C225F75A2D6A998303B23FC501F0B3F736EE1FF01200FC8C99F5515207C9C40081DF304C0A17D06E26CCBC5B3C47459308178301FA8057C2C0AE9D99B05F038828B08400F2E3251254DD7EB8BC4853B101F99AB48E387457C96951E5DB670648BAB70A7B04FE93EEC5F5B183F9739C98952C6845C380D401B8FC86E7
311
0A20744EC720E09D35955D96A9041720196D183AC2CFE6AEA816652D0234883D788BEC8F5DF2615261DB031C2381092401B48D8D2D870FECEA9C3D99DDB036C8A051058030E32190976718C89F031DFBFF2EEA3D88606A8A19BD0AE305BDFD12BA4FF46F1A0002B07137989C748936E9DB2C91F43B07E4E4D16C3779CF5A4F
311
FE8CC981F07C29E34B7C012AF0054FAEA4A6A3D49D3A16D2B3CF220A029003366663053C89B3FB1827080DEC2780076FBFFD8E39810CB0593CC68B5D9009F2D400418028B0BC6CC74067E7C9CC0C2690FBB084AA5254A12AF63543B35EB40D17B693F7E3464D5094C00AA9E04E0E0524F5C35C5EC6BA94B21AAF2440725E2A
311
9FF94FE7A8F0E769EB83FDEB039B631B18BF396F5C13CF89ACC02C387DA56DC3B1CD84B96CFAAA37B55FE723B611062258257D331F186AC93D8AD600B4FEF4AD777E4BF68F2168FF08C081A37AC13446C859964803961928476D78F68419390D830C1935B5C2A0A22A3AB17D3D6428BF12DC373B8D464E04C0A496BB3B3B75
311
639DCC2500E0F0B15FB6F47B5A7ED0183A87CAE8D535F2EDBD4B3B7FC762DFE65A07C30B2851DB890082ADC07131EEEFA3DB7DD5CD32C0860CA83CD4B7993A175F422A8149B1C1D94C1145059D9C78A8A572A90B7C8B1E3392FF77A80C50220880FF3669004E90F101740D2B808181455A044904674E7482CC3EC85C4BCE33
311
9404C0B0BF6A5611E4F9B8157BAB6DE327EC9BFBA1B4557ECB609C1F45326499EFB90EE78F18227F09E563C9E63D847EDB3B68EB9C39E95AC4F7ADCF7D87F6752BB6912040281E4A0D8A8314E80D60470999B8A51FB1488A66A9F3F81FFA61C83F4FA6969E472288FADFD61B005E0EA4284822E018911828E868614DA0C36E
311
11F3A051070BF2F0840E35F200E2C0C80A776CC9E7E6841C0503D0EDF15ED9AFE527E798D23BEE5F0604E58DFB7099D739BF0BA5D332EF29F1535995BDBD0DE681C4F71DFE6A7AC5A13554AE6910963E9ABC9A0DB5B202225545F5CFACC942B5B93C207352B6E5310BF349AF200175D7DFDF78F6D683B7C87E087FA9B35812
311
C4F8F13452CED610A2207541E6D659A739441F3833CD0C9C3C3DC2B0712F62333C4FA9327C9CA1124904B4FDE0FE21C119776CB0C212AAFBA5CAF80EB43772ADFE77CD9FA8A4144C54C2FB2304C65F62FC3678E4F6C68F30FEE1BE8383CE7DB86F58B1AE0C51F0F055E188D02F00911DDB0991832228B3172B3E623E513FF1
311
734FF414A611A603163F401BEA790FC9FF7FC3FD3DB02DC00184145B850D01D120424DC03C00FCEB7880EEEE939399F1F18DBD4AA54C939899304D913CC2D5CFBC55E50C7FBE4C0E14AEEF53D6843DFF56BE2D554637EA047D3C210E2C61077875FB5B40E19F43AB7470CAFE1C0D3ED3B3B4778D1DF6D4F837C08747180FE8
311
394F2CA1E0A46B6DA62CE2B2DABEDE0B1924098580FC16B369730E9E90541D3730D47FDE16EE1FFAD3419CDA05ED1F2715C607F2E81893AFC5936303F40EB776F1D808BDE393A3FA401E1C706E154C892860AD74A2949C409E28A8FB3349C764D13E4D1D3468952B7B1B35001BF41142CAD58D6011C8B78961EACAB66E9AFB
311
C627673B61FFDA4167950A274145BF11EA17BA9AA60815C2C43AE1F648E3772E53C94E6364AF826019E723069A8AA353A3BF7FB5359281700061FF64C28C10B9AF0B70B0B0D30A31CD1CFD22F68C76DA1E44558869257892363C091D313EFA46B57C3BEB252E9C6BF5B4799EC58F1910F469E25AA17B343799DB3E33CF4100
311
61F96C6D63FA91B1000CEBB7D2971BDD39A2A76361E000F5DBC1688D47CB812DD60F8001AF25B328D173A9E4BAC18CE9F1F628704330741B2649B92E9714447C68559C6CD2F681919367E4811100750058809D0230C087A89FF3C80C23C4C60882E481F48D531764BABD5CCECA308DE2F63D3BB50373D630796126803C2D1F
311
BAC148F7592881B395ED7D26B7DD38D7096AF98841CB37592561D9C6565317AFBE9FC4AF7371E060736C7635E0CBA1809FC80F544DBAA1F2F9393D970D44C0615A0C6930E758B9E63AE690F73045F0C8C0731DE9CD80F718E94652383458799E02C06D328010011C7090D8C5E5336A83D4059953877EA1E1D66FBE994F0460
311
8C4C991917230FB61F9AEE183A40AB9108D032449FD1A7283DD25ED15360EF7EA9303EDDC0043403531EDEAB10DFF87F5E2FD56DF0F1B701A9F614DB17FA0E0EDF6FD0B1622A81FA3D1DE5A33F551930335C353A87F9AB05C60455193448246944A232C5D07636D864CDD7A50D0B4440CDCC465D1C418321F50E1648D50029
311
4065D869559EF3C40C8FCC6C323E989AD0F0C73142480B200842802C061008B480A9954AF282052B3AF67350FD0DD30D1F4075AC303A5D490250F5400ACF479656861E4C77AFF327F3EBECA4B57B6B6C8FF62602BF150744656A87DABD7BC6BED50527B2120C001A0B3718C74F0C65CD34F275164D7968148DDF259AB8AD6C
311
A81CDA4E8819509B996A7F642D987A401A2B04018C01E6C169A8700F9DE3B489DB2BC49C9B7B858A4F50D22AE15428FCA4A1EDB20C83492690CFE361CC7F8C8066FFD0D77AEE797977F468A36E0B0DFC87F90EE6348BC748F7CB73B5B9DD5C6EE7AB19ADBF6DF359F1DC2A0F9E44F213F8041F64274C0859A2AB7C37440FED
311
DD2F95BE44065F22067E3EA0CC3BD8C0D8194EAB291CCEE20B9CD8E02950AD806080047A279F19024C837C848816719AC4A34DF8F0706CED904E8185753A458A27E4C1E37B5F30A104932BE140E0BF4E400160F320B054A8705042FFC47B4940810173F9C9E97240C7FCC3F3813EA239B745DE9F1B1F3FC2F9330374DBD1A7
311
B475923F9A2ED81716D18D1B577DAAB9D1A0458655AD3CA7E211867AE7C702DCACCD291E0F798013DC01BC326087775C0833E04EA3778FBCB8DA4687A0255CA0AD210C15661E4E92001A4449031D1DD27D327334BE830B64DAD90CBF537A45FBD4E94A7A88888E715B7E74FCD040E818BDC1BF5AC609CCCC015DED23877080
311
FCDC47BD8EF3A7B783A17D33F3ADEB6D6BC7AD75EA7C7852C5B6FDADA6AFEFC2D181C03F8C40DD8A4AB5024F0B72E34B57BC1182472DC80946789AFB711DB7F1193C03C893B0345F420246114D3EA71D04FBA731C0DAB0D3CD311B218F0D5A15ECC105D02F3AC32F13600084731A83220040019B03180634B5923D438300B0
311
5BAC80881F061095FED5D572A3323ABD83F1D37A2301A8C930AB3F66ADF7CBEFED30BAAD7D78A06DEB6A87F15491F5AB7E25842B6B34BEFC12C8A159F187C64B3CBD2356DE5FBAB98BBE9583F0E3280C0076DA15BF34C15238145742B07080B1EFB83382F9FEF2239D003541041083C5AF9EF3C8944DC2030BC3ADEDDD9D27
311
475800693049E05413BFB3FEB4308731512F13400D06F813368A0101D8D863EB3E75FCCADED124F532AD3F123F131AB46A93DF1ECE7F96CE9EB6C365C6D6A07EEC461FC919FE288AF7AE1A7D012D291EB073735FF26BBB1C99FB706E972192819B7A34BF22424BEA1CC7958AC2E04BFC8E02DB90A4A1DD04811ACDBC181037
311
864672C78F6C0EC3073A40CC49D5E813593B7002763BC6A909D31AC86F3F6E335C9E1C309BC58F16418642E2AF6B290A34FEDC0CFEE08FCA0F56700699CB73B9C99302AA17BD516D7F1FD755A2B32B3FBE7134D3BEC813195BD355020A7DBB541539CD2C06E45F46FC0EE08293E6C0E1972176D9B678340AA1A4823404EF79
311
B1E2347E47C35D0A2260730E0B513025DC0BD1C07E3366E9B9D17F767405FB531070700035618606F0B40C73C974CFD321B0C174A80C0F3AA54945FFEF348F5488895713E89B5C98DA501E06D8D24FF04FF0CD7ECD7BAA755A854EC6A180AD13BE094E8D5D63BFD6DFA5F5D3E4DB1BA18FD8473DC6E17FFC9832B71A2A94D9
311
6E808BB53F9192955D62C82E282B05168AA0927D54AB20A20A74800B7CC9655C8B15F62377CA4C91641F9F4D0478F4FEFDCE273A002CC0A725EC165CE3A149F0333E8E9600B2C05A7D15FD831F0938DBE5D0FF13E3C0F0765965A0961C3FA86DEEB0E28304747BFBA5FCDEE44C23544F7BB7BF7A132DDE34F99E44EC3FEEAE
311
92F667A10F7E90B0E8C6442DF5A5318B0F816311DB2E6DC6F172C363FC800EE09186BB9EC82A24C0117700CD884AA42023B81EA6E0CF8B3056411110D78606EBC5AD5417B45BCC8E61EA01C4006AC233933E35D860BC1B6CB9C9CCCE7840D2E0C1C1FFC11CCE54D59300F2B47D66A10F09D8E24B71B9BDDF98FB62A3B897C5
311
3EC88D16D1FFE8C649B17BB8E760EB20B784F52F992544753F2CBF642CD3C9C70D8722C197142C567E74FB431EE248A8F3FC00377F5142144A82FFC28AC2970A780C85A7EE9146FA4B2981F3C93BCB0F3FBCB6DD3DE69C72B6073B99140DE28B8E919D9D9E7C2F5FA99FC1FFD07E9AC0965CDAEA0A945FADE52C791EA989E8
311
E7A21A355FB37E44405D171B98A6E946DB26AE71DBD01FEF07FD378F5B4B518724481820890E7486E3FCE61A60E096D577701890EE07CA5D7F2B086040749FCEF3F81972E510A86359C9BB579883035887542090614E5C4461705D7CA1CF84DB564838606CF1597E8119790D021080C935A908324EDE9F60A04B7830A33F06
311
70CB08605B8D01BF9A3D435693FAB4FD84EF6754930640C1F9D74B052A7ABBA9F502B39DA3BF6BC7514EA4BEC71D752BFDC198EDA8DFE8F32B3EF811E4576B0A2074B99B070A069F60173E7427BDF285024E35A4418B7A412914F2800F1965C4F1120A2D5D2C64400563D5942044807BE7C738EBF3034C4A6F4D70C04ED1F9
311
7673C039FABC4CFF18866E08200BB66BDC9CCDCC3FFD1E43BEFC52C317F0F5E64900FBFCDA4DEE68768FFF46350E0EDADB7B34DBBEDE3776BC55599AF84E312229F931E700D04478D66A0D88D09B2276141AF0F8811C5F8067DC04C0F90929F7F1AC9CCD368488AFB965C97B855A3E2E93AE5B4866502E55991B82D4388614
311
F2C36B8484A5FA06E3EFFA984A6AF17D5C2073299D9F12FD63826F67FC460E54030981684E9FBFC22009A3006962285FDF4FC84B699FB5BEF3736C6072F6844C15EDF25883037DE6BB7AFAD6AE164B367812FA8CFCA6FA25725D99AEC5C6EDEEC64ADDA2BE0056002032E1D7A20A54CF444E360D520A5B69816C0A953CE043
311
4A8A898BF18E2B704588C01BDB2133342F5404FEE698957C200EF54E31BE6DF4E888C9C67F5F3F1B41F922777E7FA6332677C20098C59F762F5DFE4A23F9801A3BB6F8A4F66E0D40EC867E92DEFCE84C714FC7CE8DD3DD3BDBF9C781B1C3B549FAD2C89D711808CAB100E09700BB85240374A7209212F320CA577222A7020E
311
7824500179FC7096C714884BDFD9499E027ABEB3CB0226CD293CAE6E0C41A6788F396606A073E28CBE5CC67D584D36CA39D37974FE1023253E3FFB007A26F657FFC901D851130DDC2BF54884F20D5D40A0B7E5C7BCC7CC87B84F2ED820192CCE1AABA1FF24ADBE1D03635B5B3B53D4A5F84120125FADC36A0E792D3AD7E255
311
792CD5241A4C84171F1104090017DA493D0A7790A7BDE6DF326180398E4B0DEADA5C2763825E43E05C388E184678C88CE6422606C017F030366981353DF03A753DBF6370879F79889DD0BF75408724DB53C5B0063AB6568D02DC47AE4627B58D7E367A6000267E7840C23A0940B992DB98ED1C4731B4FB4DCFB6D3EAFB6CAC
311
7646F0335C5031888CD74E2103380260AD47176D703960230370FBBF28813524C17FFFBD6288BB28E4F905ADB4A788B40B4A6201C1878BED224DE9906C4C79EF32EE679B9F5D3B5DFA137327320643909A823F62106CB8F9BFE4BFEAFF0FC7A6393EC7F64A698EFF8ACE31BA05ECE6DAB6DF124118D1D13F892F3D3530602E
311
3F3ED3D59DFB821ECFA3D9AE85B1ADAB9E328DE738BF55D5DFD039445AE76D0194180F57B15BEE5F09C07F952F9A10372BC894CF7DA12CF6507E2A8916E0DF430C519485C55D61EFE209912D8C32866214E121611E22A0B1238DB18E86636A3BFAFD5B4EE02FF1E505F902BDF424D0516907BFC95EF3A76B6B3872769D67E2
311
5B548F0DA46E2B93DFDFD5F2B9E9EEE1EE1DCC7FBE6380DFBF38A165CAC73DF912AD76A4690D2B766A3EB4AFA2D05BE543EA20B095FB17AE3F1928D84482049B659E671A4763CFA567C08824913D37F2F92F841FC244085C1681225C04AD6DE1684831682CE0D6096B56101C0D4FB3A1BD3F11FC1105AECF5660BD3FEEDF16
311
2B0D9DEC6DB55AF27FC98050BDDEDFF63ED14B01336053A19DE9AEF5F5D9E9D9F9E19ECDADCD497BCC57681922F327EB41FF681E17C1921B04FBAE371AC69E53F98183E91B84897A5DB164158BD1D12FF6F6BEF0E02847727BF2628F9FD48B6FB11DF6928C868B29590A0606F92140D0C08850DAA7DD8A5FE8A50389F61288
311
AEB743E9C801BB67DBE0A7F64F63BC87770FDF57AA73FE1F5A84F8DD3AADDFC32087FBC0A7D645C327B97D65E7A8BBA76DFD9BCEE1B1CDE3F5F7CE4E6DF4013ECD7CB60BD1239E8A4E9A5722AD9C4FAC8F7FF17B214AF8801950430639A08E3ABD05A0D94E253BD5951C885B0CE750309070555FF21F2EF83FF53F4E15038B
311
8D8A244740A5C9CBC120043DA0B323FB1DA0A4EDA268C05A304619505000BE10415DE898809DB6B66896E60AE347ED3D6DC707CB7D5B5BC374A158EDC343D0EA61C217D4878CBBDC1D85686782C3CF4272E7DCFB5E9EF628F5A95AC1AC0C6848F5771329EF8DF2BB79EFEDEC8DBEC72EB7F245287FD4B31008AB38EA4D52F2
311
BF57167159E3004CD8950E217DDD6F699FC763E9D1A0AECC701F7BD4430A3E030374066938F883C01DE40E7DAFD609345E33570F4CE6BE467FBD7F793B5AF2A9D331D86DBA7BF98067918F9FCDD609A0384B523F4413B574B818C6889FAEFC5E7B8F90CEFD62BC2C85B2478D54DD076635BE434FCADE68B3ECF1C8708E2786
311
3DBEC352D87BCC7A92A8E135700CDE65BC114026DE5DB68275E656D2C0D4087293D43BB4C9C14EA83C0D806783B40DD7CD4F19EE9F33801F55A3F1FD600017A6CD5DE607783D5F74E34680E7DAB98D99F6E5B5ABC7F7DF19D8278322F6A97FDB2FADE1539BD945DDF868EE2B8B70D9EDAA45D1BB0A5801198CF1DA89154047
311
4745BF0317F8A3703E02510AE94B084221F887FE950272D62D4232781054A87C58D015CD45EBF9B70E60820A2056E9D4D619E8494BBFA68B61EBDD8CF52CCBA124BACD4A4077E8420A7F36FCDAF661E577B792A7E1B7E337C7CF1FDEBB3B49F501F3C7366C1730E793F51FA20A9C3D2E9F18E63DC277449054CEADA36DA080
311
7467D45F8A744E1BDED725A033868703F1392BBE221158220588F30574A0B0893D0515B0B7C404AD0E7F40C11D504C49BD7DA39A85A19CD7357DFC966E5D92272FF06D59CA5A6A1C8AE30E52F1247C1F1D78F81887F9F3E387075B170F9F5EEE4A7F5BFC69DF02FD8795FCFFAB472E7C88D563DA514861B85BD41594A75F5E
311
866BE69471110A9F75C8609C7E6BF6C7C727431EE3E9E3773D2378C25226E82C08104A57ED273FE0921D6990E02B006BD038263BA360355E8DC446A380F0BA35FA9945A80CF60DFD54054202F91897C241C147D59F8E0FC67CD0F2BF377A3463F8BBBABCFBD6833C57E214AC3F5AE9C2FDE88852968F20337972C7E04EE565
311
8223008AE82D93BC37D8DDD900BD6B16EF221F0D4149045D740A8A215D4FC186C658E01994B8CCD317465828704BB630DA2243B3B4ADD3EA554A97408454148C04A1A0CAAC2E04033C04073851F54380E0BF2DFFA43FAD3D6B574F2E1E5EF6E5F4FEFBD1CA87C161FCBCF5C7AAE2F726F814027BAE10F79BC3D765D61D1803
311
952210A9AA07F8C6BB2105B61145B324F96014EF223D4A9261080239F03FF6F4DD4975C183B887E081F7A467A25EAA0C94028FEB808637768B07400A8235D4EF33143253198900E079E3FACB0C59B00F827A5785A6FFE2FCF0C0E6F1714F11CDE5140D931D707950631F3DE877F300002000494441540ADFB08704E252AADE
311
1BD4E8DF55796A32B9B6F17737C67702E5C638682737286CB0E0A89B624D5BF28222432848C9AB8C07170C97B814FF492A61072407D638006F7C8400860444C01B1930A522788045633DFA9507267A3A42BA05925BAD705CDD3792FA23C1075C6EE768A673919EB6C3FCFE7629B7310AA794CC9C0D14A1FB88F95C845BF225
311
43F57996E0B26C9E4C2ADF187F979F8A55F11B47BC26594C52588518D25E6C2B1CCED231EA1B748F093E5726A21A54C91EF95789041030C20FD5AD68613432E19A4D0DA2505B6BD843516E10BB00AF9AC315EE9FDB39CC1F9EA59CD88F9CD071D470C86C4647FDEDDBB1CDAB81DA94034747A779F4CED497CFF817348F69F5
311
2E55490840E48840BA72DB71F3E84F6DA2F4717AA928F153DA6E4C7E8E00363CEC9A2E1C8E65F298FC4A52F087FCDEE5CBA38A80CBE11FF7BC2AFF249203FFAB77A128A001B1987BD334AD9B901890A8C2005B6B248196AD09C0025ED841325B31845032E327C531C839E66DBAB39566B631C2FF0A1DA5A3CC47E665AD8751
311
B47CFE33899DF047C9F3C365E3B11278D49DF939298E09002F6430F9958803309827A7C791048CA070061B7E9A64C557D235F83EE24822E5EAB805F9862F20FC58F483DC0EF02181F572930205107E00E523861895A2811309808F2B6C14B2AA579E893753C155D2F54302007E9FF36AC5FEDBCAD47E182D91A73920CFA5C1
311
8E01F8FFF4C3F1FF553BCAD0E58DEF85DD63B91BE38ECE1A9FFC4AD4A1FBA30D462C328C5A0340DFD393D3D3D3C0659195C96990F391EFF4175213BC74C020922D4830FE215E76940962BC0713A3B82784C0CB6623DC40D6E1485BAD454F6892200B225096127FBD82D2B12006BAE2E329C771E25FEBC0DAB3B5395289D56D
311
7A8A89081B34EE06F80F819EFE75C67DEEE95D227E283FE98A7B9F1C97D2D05B4D07A469153C3DA3048EA68FA667A6D90E291C7D7E2D063E4D044964D055F2DBF3E31BB851AE9F78A0A7314F0AD24901F581D74A6929142039C65AF5830D1C809536CDC05E4BA51038F79D713DA930CF18BA3010E385351CF47F74D439BCBC
311
793556A1F99814926AF12835E251C59BEA3C083EC2B2760FEBDF4304C9EB87B35769E1EB24B648542CFA4EBA9EF93CD42F03C08F249A2C98897D8E2225E90077823F4A52171A61219998CED6FA050992B6B0A74A2220ED12123004FB977084208F8E2AFC80F456CB110BCA647A3A0F854085D84FE0052BE31FFE7F925610BA
311
FEC06FC33F9931BF063F39DB3D1BB20EE357F594045F4226131578582CB055A59A073AE0413989D215019B6EB8A21CF154D71164E0D8F4E730C2CD382D098DA5261456A425643686BC8301710F2C50665881399156AA2B4C3191BC555728384800CE10040F746A3D8A80A5F0E500A93456FEC52833BBB45203DACCA37FE1D3
311
EE4B9BF0EC27ED47D89B8266F11EA2DB8B5A8BB93EAEDF0C06B7AD0402B9EAC6E787365535AF19F15158308A9D9785C1BC1C01377F8C6B4D07B50DAD25649764A91DC9812C7B34CA98184084F7C01055466B48058CD44085AF26648520C85C41C67805462D8425680425559F4440F3ABBE1F3F81B1EC72708767DDC8FFB646
311
5796C8FE310FEABE0C9B242A74137EC3E0427091967023299BE5D6D4D0C6D15747DC2AEA4ECC57C72856E827D33CBD319D70FF854369EB841282F84B7CA4881447ACFCB257E252E00FBB3272120A75B99119840858486615636E0E0334031AAA8C08A62E080053A0AAA4158431EC727A084021D41CF5D630C94184F6FE7432
311
E8F5F9A4FCDF3EA7CF136FC2988093F98ED622E38E4976E1BF0CF49D2889E6DF3566719FE1F9B47A2D3BF89C69155DCF24F88C609EE551160F0415900B4C48FB013D8900A9192A700748002924771A3686A0A580FE4009E00ACC090253E280B90AC15048E047020483A038A60ED232831F2CC90498648690D960C48E439F18
311
F4DDBEB0B6F5AC7B7B89F6230243B4FA160A7B9327F3AD5D937C8BFFE5FF8B3A5E64283BEF8EAB9F71159514CFED62DBC880614AA1F7994CCFAE7D8C87057F451733699B8DF87056E1F0654B5021E38097E4E23221B810DE20559AD183A61C2C88A648DB096081E9801CA00BC1DA0124E08DAAC15FD2936905CA8DA1C40E42
311
B13F1764E0C4015EAD7F8BFEC99A310B1B7C0BCC7746D3C0702759C89EAD57122092122D1F857067684A578F1DAB7EAC400841F493A468113282FFE42316CC74C756B1C880FE78795C692813CF4644480EE9B02991BCA257A71861F00666D9410288487618D120D0E80D7773E2B7DD180E100EC98B221C94BFC4FF531A09B9
311
86230F1CD08378A8E4D0FDD7D9B1BC75F5C12EAD7FF83F3ED19EB018620303C217A6A35D826E72ABF2D8E2BB1B783F6E48D2E3F360806E1D192085D022103473A10375B63853EC54F500B5B064DBC20945B88160DCF7E4F83A0200BF6FAEAC88E9F54D22D898E43F378D20B51B5D6B1457000922202800DD401A9266483029
311
C0D6D57ED80D42A0E6E08835F0F3AC73D7FAE6D56185F04FC44472B854EB7D9CBF7134DF3DDC35A9F6B38417DD6F508B37C1A718B0D054124176F7222F62DFB327F34D451799D56216880193254FF782D7DDE26C271BF38C6E422E271CE4AB8823C9510F021126A7A944E00DB4031D013C88EA0746C96D4574069BD5439C41
311
10403B40020C30B07A604F1E41D19C21A93FD9002DFC35F23B1E7B98E95E38387E3603FE7393680410D702FF9ED5A3C5E5CE68B5827D721FA78F3A9A0C08A79722D9C9B418F46C0057BB1640C70AA4A03D29CECF33987596D53CFB27B32C3BE304C540E14BF8464E080918268D254838C91A01F0FFB99154FD8A9C0495EAA6
311
534A6C464440B4A71E16100E7405088122A35F7A511DC003D002E6C8E7E15F6D1D2FD09014139EC11FDC89394621F77B9F88EB5A583C41E2FEDBC8F82334494C0BFA97FF3C3A34ADE60385B60E5A30CF036E5E75370BE3B83AE73B3B7DC0BB337DA0045299ED0C66681E4AE223D01B1BC3BD4C921E2005FEB5114739040758
311
189BA8A320067B62A3995E4720055065AC2B4A8006BF8CFCC907C0063EACE41813C5F017065AD46CFDC6FF1BFEE052932CA3478C8E5A6F25DC8503D40F61FC1B047E4DFFE8E84407C81F1AC7B5C79DA358551CD0D13785A9AEB38D6EB68A0A8087FC6543E7471082873CDCE5CBEA1EFC5CC0579469E225428E9A43D6A6000B
311
4219DE52E8DF00A55F4BF5035960661C2DB88AC1F67C2890A93FC420193C8326409E7B595FBBBA9AE1D1511B3F6D65B09AC10A71C2317201A603E88C56CC68C91279E83F5C147787EFE6C675F00941D23EF092920330982DF38C65EDFCA89DA98E8ADDECCD77CB86D85118F3DD9884820B1128010D02F1060F582871CC8FF4
311
2024C02239273A1CC3BF71E770DFB7E96081682803188118B50310BD620234F230B12711B063E0F0490FCDA9248B580D3D3DE944A30CFCF2A1E0F6E59E8FBEA289CCCC943785BB8880ADA9C2FD70F6A13F5418444E3A669273C006C4B4EEEC067827539FFBEA9CFF04D84E7F170480037005AAC8829084329899F90B5E0139
311
27F8E646514B4824B01D11F72C012CEACD163B6358A4454A4221D06E68A71062520649BF9E9127D0772D6E5EADED52FF216BC2FC513C7D3C5CC4C8AF009811826AE20203B076A2AA66D8D32E317DEE0EFC000FCE16D9E0BEB17C74AB009256C5D8AD1CBABBDA61402612C675FBD72D07E633B1A42F2421208CE01397560811
311
204306617A5141706105C9F4984C459F2D0F6C392FA05BED808512B0B9A8A9FC6CED89640EA347D31F0DF76D3D9E61E800FE9F7601BE4C9614A1C58E6C839F13A12D0EB426DE6386B82369A9E6A7F1F9146EB578A2EF4289AA109B4F6CEFEC0463E0072A05CC9DEDEDFE08407B173B8AA65399C80B2911252E6290C82CC1B8
311
909140C11B7AE161B42B93905045D017E00CED6D27AAA15F2C2179F1E83D411A7020B9408D202381E7E5DEE5A9E7E5CDE3B186433F488AC81554BEC09BC579018ADD1DCB3D9D70F02B14BF9159A4DA376225FE43DA224FED327941705DA582B2FD1BB5DC0540667B650BECDD1D5DDFB0C7F36DEE2B94F6EE2EE4E426F20A11
311
74C31DF153321A24114C4FFF25E505475F6906D4149B21F1BD9D9DF7B059F8E0FD83323CB97991FE80EE131A9003B81C491B218B1D42C0C0D593D9D548003839DC29A740298B0C23F0CE14BB167BD61989AEF0B985C8FAC8F923A73F31953989F0F6C96CA6C4D0A9A88184BEDBBBDA3BBADE77CD8E2FFEDEEF46184A86671D
311
7DDC51417477BE9F04804F305AC82C2D018A21EA903866A0F959FBD4139916D036635EE03DDB7408BCF0627A03027AD314C09B0A27F0A79490D53839D0DAF1416995CAB24101FA63F75029D57A4CBBA9FB4D120ADB17FB5A999FC9420DFE04FA670430B90FE7F589F7FE8D50A4B5F004CE5F07EB4EA007F8AEAE8E8EF7DB3B
311
E2F81F42166C7246FA9E62D02C8209BA1024414C483498B50229FD923F2414040B2081390AAC353B5283EADA12A30B1080866D746B9ABF5BC107F33C2A015B275480759334B83AB02175EFD0DEC785DFC505E0064F4EBA5A97073A74C5C9FEC97BD25D819E28AEE661FD2732B8BBFB1BF13441B3C1F45E8AC1752BBF80C113
311
DE960E0AC7D9D02C58C80505A19BA0E84B14402601A590A4AE00A825E98C3212342302EE10FC5100681F86834A2804BC409D70270A2091DCE874B16BE0706C974EB3D26EFEDFFCA6C4579AA4DB781708469F055532A7046C6BEB0CF39F3ED2EC4FBCA3D00EA91CA68FD2B87B5C191E0EB2C300F00A1C9881F263571C6CFD83
311
D079D09F176FAD839340CF030F70458F81F09AEE1329505150CA0A00576B56C06D58070B23086F685E44232D9D53DE3FC3731044F286D19F459351863F749F1104198D6E14BBC68E17CAE70D7AFD958E350BEBBC70C9C4DFBA075240DA27D40AD7DB063A097DD3F041EDB3E4B682A7A12A548F3393DB019455471758799893
311
02521EEB1431B08759B632B174E0F700E774FCA1BB83F95029ED1A084288C8893520E49415E00DA080AE8027C34206D35491D050A4C6B080F6A20889A2FF82379AB6234F6710C05F9080ADF002B9C9F9C583AB220F45D618D7E7F7547FB27CED8A8B7A7D24EDA4988B0C1C2A1AFB53FDC61BF3DE50D63C560F0120B0372F08
311
39DDDAF13E583B868717C1CB8CC71D1D7F440CC82184803144196EFD58BBE00B7EE77DE8C015942357FB06FC906A5E2B8882CCF9FFE184B0035A5CF186A962A63F84B3AAEE3D5A2C830008807568B6A9F424086D2095A3E262DBF124350082C4B5DF4704A9D2C93553DE47BD6766B69349610716999FA25854F759CA979259
311
9D3837ACF6247CE8597B0F960FA3EC45B61715050260C5844FCCFEC9666BC71F875B17E3BCB4CB151405D7D08F846B4CB952248B4603CC402B609E90F0044A007FA800EC46D07A51232B00E5683C55D5096E1374DA4FCBBDE2C25A5B8D26008227CA7758033D7D70DF12CAF7F247939F93F1CC63047D63ADA0B7CC8771B234
311
D8095FCDB577B586D1834062035670E204B245EC093FCBE15626C10D210CB38A13F50E10A0D5C0814B0C4B30AA9858516001669002229618F100767AA3D6D2528595FE7A398C2D2300ED0013A0AE60B91644A057327BD3C36BEBF48C91279B45F8BD145494674AFB211A91977CB838DF35DCB3D6D6AA2FB2784B591ED785DF
311
D7DB77747DAC9D2F7674810EFC2895F9ED8007EC7885101679C06F21E4B1C8A6120956F80518D1DAF1717BEBFB5803E20C6F2A11B2E48AFF4AD2810A70054623E341B3D1ACD92DA91150DE631EEB2C28882D092049C0DD38E262A7BD6F98549930C9D44B7C37028AEA9F8C5628A2BEF5704C0DCB2B428181B1BE766F430144
311
98D2E57791E4C8DA6BD2ABF5003F0C40202E2E32EDFB02852D16C30B7F646B98FDF86C7891690043128B0A0DE6B4EA27F08C30CA34C9D0AA0852A5997F8D11A6EE84E040B20472020256F4AFEBBB74E6705A12083B249089218E6452C8E5A69717E904A3F5EF3D5D08EC1F4D4E85086B238CFFC11AB9AE972CB775616C6D1D
311
E04DDF073B4DE3747C41FBAE6072901CAD0237100670C5A00C2C3CE063610ED824826C1F6650700E88C00B62468903A0D71D3A390255AD7040048348C56C4647413C2C2561216E0C469203EF06A5B101AD40D0E207F78B124747DB5B4BBB4E88B1C373C114E0470B345156EDDBCE1B4DBDF81DBC400746B0B54E05F693707B
311
89A5E430982C2AC7D10DFF11D5B102B9505034B35D07E8E5F585757F088B390F2D4C85CF7218E8418BB4F25B885053D07D5A908326809F31D6CC6B77CC948413B28664484439D118DBAC27DB5AC40C1AD166F25E6A2F0AE82100C0BF220405323E1FF80DFC518CACA8DE1003F3C9FAE9C7B2D60703A0004F8EAEAD2DE0F548
311
5452D15B77B4B67F4C2403B8D8F9C533558ADE058A9E177A1698F75DC0EB4C800F74C0270178C8579C1FACD025F0560844502D2BBC01E620030CB93636C1041636A693949CD80139FD15BE107F905590A292840F8860706D07E2970A2F15E5B13B87C3143CB2930374CC46A6F9B9D7A5CCCC14E11B9E879A49FBE27ADBD6DA
311
82410FBB94FAA8487D61B51F4BE0A03FD08743C31020D6628ED20305A22C2C2FAFA7ED1E7881C438AA5B9035F20759E243C51F34D0D5F02F11403B9E204CC1686C0B6C9000470561519CBE1B0E4FBEAB37A39EE4B84C05F023858779341991F36D9D9F351E7BB3B5ADF00148D9D05784F9AD8B037D48C01BFA83D4247F03BB
311
768BEEF973A14E610090D4B96B1EEC5C5E66928F28EBEB6CF578B067DD83086081579848E60DFC7684044D8174993C39F886043481F6A2B743B18749E52447CD4D230513032D20D20206E536E15BCF7B7D211634F98FF9986287F33F9A94615A5A0A7CACF8DF5DCC1AC6EF9AF1945EB78E0A2FED1DA2ACC00EF983F9A01226
311
0BD722EF61C9DBCDD8719703ECF839029010CA0B9F100B1D2842153E01A1A3837AB579516A31982FD2908A09100DAE591016CBCD4B011A2F4DE299E1338CE065DC4841BF9895D8C81714800CD08F5AD39601BC929B55D291F6CDCEF2AB40DD5D98F4E6F107C47AEE4A09A079C05316F479DAF4C2BAB83221BCC0CE23FE3D3D
311
4C7BC9AB673D89A3677D6020F6E182332028012FA0FBE0B2668FB85485902A8E7FA0BA2105C213E20BC2169211A4BABA7D693C3F1DA961F203694853137073AD5CD25F1C017DE0477626D7BA55B88F83B5EE513C41D814639FD1BF759171F4577D3CAB0C3DFF68B2D3B1F8478C18F67BEBB2598FA76A4545E9E961BACF657E
311
0791D2373030E0EC9FAEDD17BEA7703A738185D08236C407448A4CB504CBF01FF43859D3115488EA01B55078000DF085911805790DE1B41B6F8CB2889C3834FE02AFE07D85143C6C008438A944EA63E047023A7EF37E13B0903AFEA7BBAB9579330FAFDAACD540022980B65A75FBA17D388F1E6576405CCE7032D95BDA420E
311
7DC0EFA320879E5F8B3B04C1D2D9C1114210C19FCC49DC6A855E12010184DB8968109ED016E4683CD552A36B3AFA13BFC2114068935A7E774CD2C7225642B73325938052D8634ABC18DC9442BF9E0402E85B42F9F3273672DA8E8F1070405D1DC3248487574CD98092B8B956E6AFE1566530B78FAE05B4A0DE51FBAF85DD07
311
5C7E11939F80E015A58D1F87E400CFFD2306C4D1D3C634380A201545A92BE01F445800BE12302AB477BD6F62600D211232EB061448A0D2B877BB940D63D059C37E0569A83DE93E214F4BD86209FF6F479C640AFF8AF6D1BFD987D029A94DB7C329B4184D4BB013BF912FB88FEEF913071A8D82B651BC10DB067A7EC52FE1B4
311
21883144C00F64FA23A11CF708BF16CA59F18D4C04B8085964B2D8DA4A855187000BE440BC816FFB13374640B0EB1D0998AF38A1AEF503F14302E2811081FC12EA6CD38A63B33035125F40F170C0B0AA45E9FCA38FC6D688D48563B5C4B4B7C359D3C7AE0EFB16ACD5E2FAA47EF8307044B4EBE1C71E84E742D81431FB06B9
311
0B600B9C239E277A57C94C427EE10E7826980C0136600D916A06058CBE8604DB4D314FBC014EDAACD0820F14BF75449B70339490FE5A0491221BF95F949DF1235380E969AABDBE2D32EB4403D3FDF17F42F9A0A7C28ED75BE86BDB7C7EC80C76F86B8800F77B305EB88F00A4352E0F8089EF811EA02A3DF08F7DA008F803BE
311
4B4EF5F41E56087099E920708C3D720916444440FDFA013D4E1201414123A09290F5BD7AB729298209C4306D007BB0829FD4EC3A6D7E4F00B67DF38CA0764F832F0448E58439B952CB4F70DF964AFA74CCFDBABBDF273E2FF4F56D3DBFF2A78D42FFF2755DF307066497F44062AADFC0CC546F6DCCFECECFA232E14F408F05
311
477D311B683A35BC245FCF8A5CD2AF20022C21022266905A5BCC8B20235D6FF04019CC04058AC80023662E25F342063165956320BE50370F2A657BACC817DDA3DDD3EFE04028645780A768FE38DBA88BF2EF3ADADFC7FEACA952E5A77568ECF0C971DF32BF1D24F8486B22A649EC81B1B60315CBEFC026091CA45F858D7D04
311
C1B437079431E63E38F880758842E780A9E03791C0FAAFE10012588C3C592FE35461A6047802BA18686887023A422A49599399893103942CF6DA53A8E387825FA0678B261F139F801E2B17C901D0F5217E07AC2401A87D0480F753FBED44FE949C93A1D042B879FCE499B3D861AEB23F9C1F372F0C24D0B7D6E70FE1AAF60F
311
84BAE642D82F0A9F53E22783915518494FDBC0AFAE7DA282E5050B703570E06319A015E00D693A6BEFFAE493941C3B08C13B96BD20D0115A9565701DC58568A3009DA13E965765C03091F0FF339F7309D44F6E61F837F1B1FF920450EB8FC48F9B40158BE89C81A597CFB0DAF5F5755D3886DC13D4479599B583758CBF3566
311
3AA234F133F91D3BCCFCE0A794367F385C59B19431780F1C099131384056616E15A1563B50021D369C593FB292685A68A8B2A50A0A2085CF05434617E05FC24A6B077B990014421A68401AC4D65788EE25F737EB780D08A6E38F060F2ABD889E1B889C44852C2FF368C1E3E710D73B6589EA83F7417B341ADA1F639A23D152
311
98F087AD0326410E116C3A1B325218433C71AE62C07C1480F1C045629724A076A4BB8D622D24690486727F56108D07046DAB065000678E04C4F8C342DE27F4AC102D854F2D08D59B4ED0E4F697B0FF62F113646BC5B7F3131D4EA8BF8B265EA3F2026E7061B96F6DF3D993276B2180B8E57067587428579460551049049B07
311
4CF8B1066C7E14C705F0B39298C0997C17F701097023BAC31081390196801FB0C2A12380042927503D5A01CA127F9841B460310639C674BC8CDF1A320501448E0068905B07F6E5602F8C1F07786253438CEC51AE61FDB25FF71B09893AC026A9EAE3F30F369F5D5EAEA5801FBAD3C98B38C13EE017B054F81A56F05259DBDA
311
64FE270B1FC4C77200FE276FE814B916E222575ED717A62A92956504605268408CFE13FD61F84252228376060206802B9550F00B9D47E6AF1022538A752CF4FFF1F5931384A9FF8700EDD4FFA2B93FCBFABB3EA6C607FF714B0B8B04EBBE83B52B246092AB018C0D0002FC490849F1E214AE6FC42009D6D86616C835B65DB9
311
862EFC4480C14137603C3089D0A5588FA27E693DD184131BA4E88C35045ACEF1CDE1A82323C20B842F2419604821196EE8185BC834AD44F8E9B7549A32900196E9ECBBE20FFB4706861AACADBBFD9B56A23FFD3AB8BFACC18B1B5AC0ECD7B6AE2E2E9CCD2BE8AF1B1BC3A813B94107E82DE67A42E7CC7D4A6116700B5B2EE3
311
C338A09B840F07C40A64800D7C605AC42B72227C4C7020AB1F20056E26F542717F56534261DE3766AC10A6ED2D006DD03BA9DBA507AE0510A8B385C92363B9154167F1230C40D76AF6F3BE0CA08F8BA2FFBBCEFB09D0986550E0F0EAE2F2780CDF850CB0F88CFC2815FE87BD83909F474F45DD47F1C821DB2107A8817FD453
311
84F57891B65F2543D0C1E20A89B4A8DF806862AC27C60F6A054627FD344250718AC0FA21CDC4E28DBF2650D1B39D8B8A420C348A4F846E2BE824BF8C45E1DB8EEB52F576F47A75FF95F90FCE0FD3A7A08D48D5B9AFBE3EA658E1676FE3372FB57F0AD8D70ED4AEBA3D4C2BE0AAF1C3AD63A6004D12900CFC481A47430C9EAC
311
B390038642C8C41B13303166614210592736B8603AD4FAB17189DBB32F3915F0C380795A089A15228460BDE8E52203527D41B5470901B088D84FF8B3FE2BA7F4FD30ACAB3DE0B7E2FF95807AB0010FFDE3A048F7360F9F3FB9380EE537F16F8673131325D3351A3F664022020811A0FE8C019CA17370725CBFF64132025DA1
311
BE2555102212E80A907FB43ED80A991A8AAC183932C19AE17524B06590B6AD286EB99BAD18FF4BD64BAB519202F992A963648ED30E7521F909F090C0213E367A77D8836BEB6F34D92EDA624183070248351F1A079E5D3E7A9EE81F2CE6678F92E299EE312B6C0572C0A7B5EEE07853612403813152C7125E2022A20C18F855
311
DBAFA399817FC97FB6E1CDCA31D348434ACD0012F0D32A5456B4007E6E92D72B1A4E9971223A42C1042819E4049C0C5801300C0013FA48F8944FBAE71DAFC27F1826FA2304ECDF3F6C10FF47D5C7E49748DDD687DE8E91C09394EE0682A4F84CFD6067EEDF43E67EA46CB2F4070160439245F00343D03BF25D7E2F26FC400A
311
896DBF19FB8D4D0A66DA669C3D608F9CD048A0533621B25690EE19D5D15248E390F042B12C682511B02BFE3E5700E4C9A9B2107A8F45248FA48234FD23005ED1F4EFE80D1320836F04003BF42856D478D1DCA3ABEEE3C68F9F30C3A16E5C238EA5DE3FF37DACC2F8B7980033F47FAC34421EF0418A045394802CE032D61C70
311
023D788136788613887C0011A4EA316E005718AE191F8D0D841B9C679CD2FC478442D005429166F5A24403B1E6ACF3298F388B6D0BA933D92339D48969A5C11F09B4FF017A9900A4F887010C474717E10F36468032FF33F4AD610517777104CD920C3CD15FC5F3B3A0C75BBCA3B00F2724863C10BCD4A0E00736C7981F2F72
311
E4B001438B99714FCFAF713A2603BC710376A1715FC602022202E06FDEBBC680A3DF1C4C095A12C50B554FE7623B50374FB2129DDEA4C392C9188077658C87F55FF92FFA507FF03FC8DFD3F31BDAB46DD51AEB03F7E1B38B8B87CFF47EA1479C3EBAD5C6B382C221C0F1B358B39D76D9D3142C4A20935F541E492E0EF081BA
311
41B3620A8E172B584EA1485632E22A8221CEDAC6110AFA4B6D43E2B76A18AB240BB24337721C9321D2C033B2D3E2641A55A400A28403C12D1DADE39AD23FC5FC08C47A64DC3FF6DFF76B5235124022D7E6D6D5F3CB870F9F31C96FE477FAFE54100068A3A87FA5908A2C08011CF31309C10025B089FEF9C510522B8DC07C30
311
AA469841723A10C08E27F00F7FBC181C083F2809EC3B2B328E294AEAD5A071B3A95C81D2DE3F930372D022C9C793535B92FDAD5426E90490C3C81D000017C6494441544698C416520C1C40C71FC204B22448FD9303782FBA67089A1A7D4CE38E89050FEF5F1E078A4DCCFADA058032C34C1CBC2E1202B1F8962B1A8024F0EB
311
7A11F209E96FB369D4B64202FE7BA230AD24C46413536EAE955B341B726C593B5D4630C0BE822480908522B0D85430230352618DCD4F7BA6D568BF4343801480006658EA3EDCBFFA9702B4FDE9022163C43F9B72B58001A23FCE6F0B3FF0E4E1DDFB9801A6FC42FD0132CC1F2224F89933107AD30B6C9131A53818AE944BE2
311
5A70810821C38F098411980E46D108F483DC63F49B91B852351604091D60546702F58A3872A1716411B642C7629C267E64E77719F46B0548FD6BFFFC86A38DBFADFCDF700228C124C8664FAA02BFB1F92B09800876FCE4F2D1C3FB4FD0A44E0106A8DB8079751CBF0BD9340066C3D52BC64706467C05B5A54401BE4A1B0132
311
A55EAC1CCCB10D378A3DFEB9812022327745EF2102886A9142C812A1A2C9708027BB55B7006357459F9C2080E0BC34489FC629510F3017B62D5073E2A2C64048A0A42580E413BA9E08274091A398EA80B5BF31C87BF5ECF8F1C5DDFB4F22AAC181F070AAFDDAE5650C4000516440D8806786D874215149E69ABEC43FF0EFC8
311
20FEA112B0522003C84BE03FB76623513B6D840820358B084119B0CEC8C00AE888826339A54091F5FCA513AFE147975BB1A86FC50618D9D74502F0C7C8815AA306602FEE3A5E79E0D7DED1B221001118B73182CD439A092FF801105D1AA14E1918EC282F6260869D55108065988BD67F68E5581720A708051F7C8070F58238
311
9C682BE53F2AFD85853F2A013D21564028E06E79B7A71E43212180A81541EBC88F451E02385100491AB0C4A3BC5309A95911E66D04C0B448366988ECD204C2FC930F8CEE8FA410EE4C25B58DD1B6EBAD83F6196670F7DE635282C0A56A851AB035831725F0471A10FE52097089C80495804100318405F0DFC2136004B4C407
311
05EC9154315129205EC357930035688F61AC02188250CFA9A980233925F16A117A48CA54DAB6400221976B75D863330942E20EE3B00B08FBB71AA813B0E502FD2B023DF70114E0D7DF2E2EEEDE7B789504200112075478F2FBD6897835C91F0C20782401E801A2F9142700B74805703426023A81CC0BE88B537D0003E0C518
311
1D29EB8D83050964DD2580910A1E7A8138F76253DC01DC2F3824391AD748276C0B0CDF12366625D038603D0003E0266CB42704C8CE7FA7F11B4D59C0BF454A78F8FCF1E50513715D469607031272358F04E0003C90107223A581218F10008B10247CD20D860FF0BF48801040B361808148714764028EAC137E871501EFDD97
311
C89B52107FF1235B0928C562530082573CE137840EFEF82A0BDC602736C595912FBEC69E6A3A26903B3A300C5A098A9E3F1810CDFFBA019D97B4E7A7A075850F2E92569BD960CA7B8304995FD006FC4213BB1448A6F4BFBB3A9F9FC4962D0A1369129B10073771FEDA38B1737B663A71C088D8848027FC3008DAC4E4397A6F
311
76271DFFFCF77D6BD7F1F67DA51E0E08875A6BAFBD6BD7AE52CC04A0B4A2206F650EC412841A48258258E8662C3838FBE21E25172C2A15A4F78D82DCF68A005DCF07047C183E1CE47731BBCCB5469D9169E0D588945BEB637E87802A03D88FB82486210D28FB3B858D13DC7CE75F5E6F3B03C1744D30CC58C7C7A256146853
311
A05243060B850072A7010CA47CFBF9A1E24F414037B8781E8E9F219A774B36481CB43E48A79819D638C8760D672FAC19FB9D3FC5EA9158DBD0159C27860409682E8FF2595652FE189D2CC2D7C023E944158355806FC320087CC74116030CC376C559C098B93A041C5DDA48AF33827D2327DC761D19C17CC62780D82A170E6C
311
E7415A5E7FE825E053048F88D2AC2A561CA4D4C60098DA28EF1A01382772484698F60C8DD24BF396EA76260542810A625978C03580A9CAB91D10249BE579B0377A3DD15749A45F24C4D81FF3D7D7996F6A1690288008C0FF6CC186DA9D5FC95BB09B1301004B016E707FDFED306A1BE8FA208828F00BF342186839839F1F6F
311
A338DC5A0200FF383DE92614C03A4508DA18F4D85F9354F7E867AA77A42FF49BBE6757A1A7454448D0BFC3C220714FE43A3D8F1547BE10F0BC5A05985AC3C28829A06FE24CD062700601F4AF12AF99099B08E7071DC4626A97C920C3FF96E190C9D1FD7CB6163E800D79E5F3F10A9306C02B799E80F1AB380E0571A584C037
311
0A220C3125000B500900D96FEA40409F980E2083E4EDF4D8D2480AE5667222E020BCDAD4EF19682120818FE18EC7FD6AAD67C03F7DF1955E697456F517AC4F24700C30171C67E9168B109A4F60AFA60F98BE30941BF776DBC7C70792A2FBE98AAA97224F8BEA39B47BFD14A8CD03320DA2B676E3AA397E652E30A42CE2987B
311
7DA1EF7F75242413800A04C0270C62A13372400B435ACD84B8B5009208F5AC73EB149FFF3508E21C2201E0338BE07E50EB47E7FF6D97724A601028C5519073E7978EC88834410450E074DD58AD13A4900103A6444A9CB99103229F0EF8C0C78161EBC68137240734CDCFC349807851E0EB46CE864D2E405ED341B71A390CF2
311
DE20CF5193189E1901E866D0230409684B193D17E2928534D04240937D3C84477494FC5E0FE0B448E35AFC19007926C1C6A6E622FDB8A12E30993C6710E070397C4B26304C0AE38218D19F01FFB15BAE1C0E7E74DF75F2406E373C414E848FF8E500EFAF3C1029C9C0ADAB2313A7426CA9B2C1B9E30032C84EF31A09A88A38
311
6F136E8C2F1D582EA0459207015F10F1F001F0B1B7DF7222011EA2001F00BFD36BAEE0850928B08C077030FE3806C880EAA74BCE0863A952812E6008B3A89199C1EE918AF96AF583F1A073B0A355B9D861AF1460DCFB3BFC6B7EFDC834B09700CBED3510E48DC7129041C991F06BA5006CA6B5B34EE21501374E8DFC910042
311
036111EC9C7CFA1C05D48A7270F7F835BF04A4194DA4CF76CEC66718C84CD020D04C412AC848F03E3C61A1C8D50D0EA6838A00376054D3DF61A0E393E1F8B058A6C994093476D601A4A06F0CFD3C0A6BFA910E75CC10400A80FDA93AC9B5EA4303F6C0D188B559086091CC5910137772E14F2376D03181B5CFE74C0EA38440
311
D0AC256D6C4D104CE05302FCC00B60B9CD4D71E08BD40C144A025E60D4C1F45FE846A2105D717EEA84808A5DD90A168E133640311CF05DD870768683F5D2F1800F485AEBE5CABD8FFA3C0BEB33702493AEB551B1EB035EF5C8E5757FA7832141F88E8578A363802B560007AF93D7D470B478C4D00B412D634C9140C4F9275C
311
00DCE8DFE3C7F8C0AFBC5B2CE82E3C3BDF393D4375D50C43CD1C17E3777CD2C170725B7B42B41DF15BFC344DAD089C1E9118522B4A2C60B794E4E8F33081BB7C8CFCEEA0B2015E49D586429C6C78646180B7710E06018A3082243C275F077FBE412C17DE80D3E6B9462C5204C5D980D1DF84A864401C483CD01B143F4A4868
311
087A0F780F37230200A4FBF6AED325114C367C22512750A5C7C3E32D545CE20A0904183BA10015DCAD89864B3E1EE97EBAE8B204266A48E010511838E2FE413FB116E60880C2D8440AC3880DDA6DF6618C138CF1CB2A09637E18D00F80CB0DC05322E31EADB8081C29410903F06BFCDF5AB46024E4A75828056440503C7078
311
56EF0C037623DD4922A400E8A6BD75E4D2800905F18450A00CEE88860C8964C7B3F90F56528BA18F71CFBBBCD2D05797E168FC37DB26DBE0DD2EAEF39686C18440820013C1444055402A541400DD362A0A402F1FE51246404E098249FEE30708C10CA0B54601053159480C00BAA9B1223A773234FE72FD5C3BD81804D8D196
311
FE3D5315A0C981D88D04FA01DFC185CA93F9120E1F480B08063364A0A318F08DF95056E4C91F1150D31B011200383502E079EE43CC18603AE2F88FD139C802A739F208E88D06DC78267C448C27C4113C19B0F51B0E9C1C021CF8F9167C6B1F2E10E461002910105D1042792D1CA303F469714C018C23D72179E165049C40E8
311
01CB96CF334562E5807291D1E0C70FE6CAD91656715F0E5C5E70F8D7F83290549B1BAA6F781D25180EBCA93EC84E72A74081CE3020789B3790E1A9E478E658C099BECFF01E530E80EC5FE31204ACFF70AF8177A03059240CD074978A002A878BF883FEEC81DD684E406CA630ACFDE87292822A11953710F000885D6F68A67E
311
D40CD772B0828359B753F7CE23D9479AB9845771B389D6A77130F8C134EFC83947392029B10E4425440A84AF0E54825228FC1634D369874739C837A9DDC83C20D320C36042610ECDFA750303710224D01202488012CA847424F8D53F78AB6BECE9B3B35A7F32396AC6B7444566327DBB4DF06FD9616744F4D3A397EB3B0A3F
311
BA8D763702883ED742FE5CD24146D8E353ACCF811C806AE09914D8446E93840FF4D6C963FF32BFB6AB015D1D3B0C9A0968776F021F21404B6260CF84A14F35180CE20B5E85BDA2EC91FD5A7DBA7E5705F4F0F97AF26CE18E3BA078138202400A62930FA6CC7882F911A92F33E547E64990B0F27323D73B6222863F86425153
311
FA8009361C675554C25382CE148420C8DCC47A20122806CA178A0918C14CBD33440289078A00EC6070184CA9907FD0A1270478E0B325B67C2193694EDB7DD0F3C238447C8A11485562FB4902134E6AC952FD5320A4F7C780882DA9684285CD81D278C0E8FF8DEC9F45D22DC3C2CA99C2728110888799575B6834BF22B0F01E
311
DE72D7F21B672C40F0A972999E2200B7C91403F9BB3D09C01990819238CBAE5E7510D7D57450507E3DB04AAA0A3C280064E0775380C8C16EEA4834346A04BF0CE847B4B3AF760D06D24BBB267C32E2C9257DE5EB748AD101AF1FD33265E2B674EED8C01A0AC901392211011AC810560F77778E85B13BAFE3E25C95B70919A4
311
862C15928BD8989664AD8638101D009A80F00BDC41AF27602A4BDA0C077E550048E7F1011410F01405045E1C140B4D0E70E0F6E034171C3D6FD12004FCC1FA304312518910356628A4A326EC9ADF5DFFD1B2C0399503F14B4F8E3E0E4E39A06ABCB56A8014687E86E462BDDE5124615ECDB412B7314F62E6E0C76ADEC0F717
311
B360E741960104CF1706CFA18E0605004B01AE007869B095ED92144A807841EFF2811C047889A04901C809062057192688C92346F97F279449F89B113500BAD282D1DA80A55C27EFFE02C8D4F395003F285B617BBF0831F49B055342DDDD414378E8888E92C16789F269A27C9A221FAA4A0DFDDB9F935B2ECC04DC51481558
311
A69301E0460B02665AC4DD30C03D480866C3409400051811876014C0F294C542821AB045011A3E3F09001FF304E3A0BED05CC11A811B865001769507FC01ADC611F400CF68C7B093606E30F3C7E0F00C1D10C31951C1E2D7252181DA00345842A19130715C736EC9ECE686A712FDB31E4D3E50AB336E5666D7B212C0113C4A
311
4406029709B43D0228F3FBAF49921B19CA0C82A2D5BC4A2079809240F37D3E10F9637607C3983F0458508A98B8B4EFC92AC13530180CF55359500080061DF59B98BB3FEACEE881DC8127F182A885A86FB12B43C590A4380504E32305E3148BBEEB2D2782029765428092545BA5C2C681FC5F8E869C0EE1034A822FF09A12C9
311
4084505AA868080303473F8161F7AA0A6610745E280BE4427FB770106F8800EADABA19F453210435BDB2348471B13B65F2FCB554827632C4C44467333E4127095D22092ED492009930413251B5408345065065E415266E20279A40B3F520370BE2050C8360E6BB4601C1673B9BFE007EF5200B6483CD195400A783E6DEA065
311
3515B0FCE8E86D1618FC1EFC15C2E727F24F2A2DAB57326D8D0877D4E298894E7A0C3C7D9CE8A0E2D17AA2020FA1097D6372F2A9F955060FDD467AD0426368C24A8340FD0D6687A76316DEF5179ED9042005A2BF02A5DD810A4DEFA4A8F700EFC50FF4FB8C06410F0303C106ADF8852ACC6A2CA9046E9ED070739339857222
311
CC009E206479886EA26227BF7A341A15C351A8404A6C10080A2140FA4B4E8D9B9A11645899332363FD69887F436A660566964250FD752E787B64BCF8E6C8190DF8EA0C854C062D8A5A1346F810414313E606ECA0AC3A01D6928544029D5F42E202C0CB386F880F7842A31287061F32F3CBE09F2950783394F2F2B23D85386C
311
6F51943E99DD10C8A0000BA9569A14805693274BD0E4F4DC3F28E331EEA91C4F33ABE057889BFB92819187840A08E57A276A8BFCB75B0342668C70C565C8059996D209C2800941A21FB82B2F520BC2E6FE6F1A8827043DE17000DACC8193E78BBB8DF1467978C06F6AFE986123E3A95272CAC122046F4C65C4B88FED2F1CD1
311
D918F7CDBF8903BF1A90057D42F4DC133AF804ACBB58446A0DB78806FC053FA1E45D0AF1112613CC0DD976C5E70AD3282F42725C0D02AC8588DE451B1C01ABF063E7748A3882F0DD484BB78D037F9812240EB88B6034C0AD53E5116D4C6D920C6A89F084E6D0598AD7EB6930CC7B293E27A666E5CDFE9A3FA52FEB3C97976F
311
DAAE9A60008FCA6B33099CF9880D35D419FC687D424378E3099441E110C5B3C6DC311E6653514A67A530D863326C4D8430E0C28024803B5B069B0E60C10EDB6DF087034171DF01F1F3404B27B1056D8C0E56E7CA6056E7798147BE4C2F01CED5987E413AC6A724876DE3F599E0601CE7B9CEF3BEB3671E12DCE8AF9631B803
311
1D3F360B6955DC2342B2A0E4632A00264C0DA002220CFEC3E10D9BADC8904D88DC51928593AA16C91DF6FFF82B3234404C7214D0F8608E0052283EFB2B0563F1D072936C4017706010BCF1B16CDE0C1FA9C777E44E1F5259B0C9BBC8794A82A6C182A3AF56B16921405351FDDC91B5BAAA617860E8D76C97C377FE701A4EB4
311
378FA97C2C8E3CC8950886C6FD93AF70A1F5F676B7ED16CBC56AF5D09110EEB8607CC08A795882358280DDB98AFFE7087C6EB593D62F041CDB4018935238E73F1098100D0C8769818F777057F64C703C6530E142FDF5C837AE1CF66C94C4887D3A3726AB990DEA248F73B5D32C8E04F6714B1E67C53FC52040252E605B3224
311
07CBF8C7F05453462A295ABF4D95592DDD76AC23512E9A2DF964715C80DD752CA8E263AC36F02C3C28A133EB22AC8D099BDEFDE28C3E8FFEE3815D5D00C17C00511058354D62443C1A546280E43572A9C661A34FA5891F8E7570608C8DF21DF51DF9D2A84D4501F41B8CD4F4C9DEB2F901E810C0E4CEB6EC08DFB06341C864
311
CF8D0EEE779A606545E1E64AAF30A4324C20FDD3BD558BD966BA994FA915CD162B1978642AD01694E533EC190368A68234657085B5F88E27A0805E04B8BB6A00A51646EE3C10A50FF007FF410F1963CA69BE2002F0F902E701AEC995FD41F83A3F0C3809A3288A083003A6CC2A20E6D703EE48E3777AC07ADD51EB6101603A
311
9FCF17B3D5928F6D742EE7E4CF38AE2B03C5FB39C81D7B2978FAFE85AF3D2710B0582C970F0FEB0E4D1103B8BE2B4D560CA10002FC8F334C891C07B44FE06B2E3ACE5E1E2D1FC32203110ABF9CA0E8381F68EC3C06701328E5A38278A5FCD944CEA5283DA933DF2A2448BD23F1C5D8BE04CC2DC3B43B3EEC29F8B5FF926D11
311
D3E97EBF7FA1BD1E5E5F5FE6D3D972F548547783146ECD84873F377C5820F7F9FCE5E07378D6CBCB7E036DF7F7104079A05B77C6942D1BA95D47424BFC3DB6411009A42E207871B7EE9B06614BBD20F22F7523FB985F3F7068E37600273A3ED0C1CCC380F6EC4AF01CC1CF95E4848B7BF950AD14C44F10460221E02D21D01D
311
AE800F323704C00035DFE97CB37F797D3D1C0E4FBF35EE1E5E9E0E879FBF3DF6F474780A01FB3DAF01FE0C0798218007C2090A3008BA7682A338F4A8804A06CBFE6A80CEC766F49853F15B2F45FCEA3F8250012841315016E75E797EFEEC4ACA6C79F515CF1738F7C36E2406071051043817C9E8C5888D49D0332E800062FF
311
54FA562BF7446CC0BFDFBF8603D1FEFCC9F7FFB5A7F000430755C2D3F72F2D02A022820897ABDD44594475BDCCA4A10AF34C06B08B4AB58BBFAE30999DC66C7CE903A83CF8EB006EEEAA063430F84B05F0ECF644825F5E95073870E72A0771AB89B080022A0C5A9FAF34C89286257FB7BEA000EC65B59750C68E0815B0D983
311
4B15606328F80709DE09018AC2A7817F83F96DB3D562C10A0A31300230CD4200B87F85808BAF64D04600254047F9C14DE93464009E7F5AABB4FDD6D55142A2C0BF1541FCE19C20C899BF4F76AB54B84CB97F88F48ECC029FD253F0C70DF4816B9AC94BCBD653B1A283C4001A0337955E4AFED3FB790B6B1F5EA0B551407410
311
3A38D84280EE0F5F9BE974EAB2D16AB1EA969684B6E4166CA28264B300474C7308D20013B204A65F82970718D05678B3315D442E1C0A327E2F56556040C005D2FAB1326A68A07507C9E46A3648555A7080F5F50219A00E6222E3E0862CE95B5680930530742F1D041805E69B788161F015944D041182B861A2C17F3AF01CF5
311
BFDF6C343F9171F5B004BF59C016719164B888EA206A02AD05E8464D06B48E4381A0E9345FD171625AC22198F57C003BEA5510F81FF78D31C9B033D0030000000049454E44AE426082504B0304140006080800194E3A5728BB58AF800100009E0500003D00000030444635334645412D424646362D343837362D414445382D
311
3534334537363338364642312F536368656D61732F436F6D6D6F6E536368656D612E786D6CBD544D4FC23018BEFB2B96DE15493C78601010A34B880709DEDFB52FD0D8B54BD70DF6EFED3AC0B12E6442E2716BFB3CEFF3D18E26FB440405EA8C2B1992E1C323095052C5B8DC842437EBFB673219DF8DA659866649B798C078
311
B48AE6410122242F2A4994AC7F93815DF85C049C8564CA0A901499DD886B2EB9B1E02448F358701A9235880C49A0119892A20C89D1B9FD768815CAD268CB5E0355B40B1E47F3E37A2020464BED06AA57CE8FCC20C3C3446D46761A2632A8C1283D07031EFF2AE7CCB1BFEEE916E406DFAC8E36FFD99A9D60A6944090EEDC3B
311
670C7DC13DE86B6B2C5C240D6E503BB85ACD579D513F1B9F9A69DC9CC22AFA80C426D40AF0B21EA168559156B6276F0F726A6BFF04DCD513A87A62CAD41FB24FCB2858B3952E3D852084DA25B9303C15687973CC8E8AAE11DF2836C38C6A9E765E8C1BA1BFB1DC29CDFE518C8B5A7655A4ED7E77291ABEB80DBD82EC866ADE
311
1B8D05AF9E35CF09D7A061F38A986D9EC412B8F0F65E5D81534D9B231D1E5A8FE577A241F3A5FD01504B0304140006080800194E3A57670136ADA9040000B41400003E00000030444635334645412D424646362D343837362D414445382D3534334537363338364642312F536368656D61732F47656E65726963536368656D
311
612E786D6CDD586D6FE3360CFEBE5F21F87BD3245B0E2D90F4905CD12E1F8A0CCDF5BE0A8AAC24DAE417C872DAECD78FD48BE3D44EE3B5C3E16E010EE75A34C5877C48911A7F7E4914D9095DC82C9D44835E3F2222E5592CD3CD242ACDFAE22AFA7CF3CB785A14C22CF95624EC66FC34BF253BA626D1BD488596DCBD8F2E6F
311
C6335608B7F428D258E807664080A98384D9E75E22F16B2CCF05D32CE502359492C878124DE31DBE89612BB196A934605E44F272A5249F446BA60A11112D589CA56A3F898C2EE16F6B136C595C7AC3C2FF076D3D808BDBC824572211A961A8D96E393F7AF5806BEA91EDDFB1ABFB769EB08DE8BCDFE27EF98E9DE0ABCE3BFC
311
A1C54E8AE777ECE2BFFC92A94C87EDE6A9111BA1ADE75C74BF391275D33FAAC5FABF89F1D33C9836CB3225980B2A479BE96A4FB3D59F821BCF11CF1FC55602586C7191D99E2C9C0CF2B8A662E3484E59466361985485D7E248E7953C01F19DA23B9D256461B6E09C40FF02D1DEA98C19EBAFBA4659184B7D47DEDF22E2F53D
311
B017721B164F5B845961697F0C699AAC2410982C385725A6361A500F59CD848221F103A8C1A7CA84A55F407794695C905C688E69B111550ACA946B9B4785FC1BDE0E229240B62665328986D5B32C400CEDD88188F35AC25EBCD40836F47F35E5C0EA4B6F767B50568CFFB5665C505E2AD5EA8A9997205F50A2350EAB32C929
311
4B0024108429953DF32C4D812E226658F78A490408362A94987E6F787DFCBBBABAAEDC36758ADEE9B58B41BF0F35D87BB1E991E02BF0B513748E6C0AA2EB2CE56EC68E97585643D82DE284E51DE03E4E22B00738761F1E66E1616A03EE093B0327B6BB9797262B0DCD72C6A5817ADAC1C3C0A3909CF6639B404D18B15CAF4B
311
3C09CEAA4414BD5F0723F059ED37048E7A64271711EDC9C5230F58FBDA5DE00DA512CF04BA6671A0D201A83D2EC81D2EB552C7E5CD1BF9D6913567B2CD53A659AC362A2B200B440195E2ACBBD167A32A86F7874F7F00686DB55D163481DADE5E417E979BAD827FC6B2B0AD8A6AB1567038E466EB4B10C4C2F3F71196A09260
311
938125FDAB8662456EAD68AB2F7C1DFF709C874887B76A4355564F017256531BF73D7D754A40E23401DA38EFC907CF8D8E3C1E5E7505D8E432C60BE1EDA01E5166683F169B6EAC6EC046153F66C2BE0679FD3F407982ABFA28F92E0E457501938D96B12090869079360D3F947CA8BBC3D9FCE1ECF3C676C9BE80EB67CABE00
311
4FC290F8E26BE6A0371AD6CE66781C408A1FAA8CFFA63DD93A94CD5E1F3BA6A3DFB05B34E1247BB3949E3C332105035203136EA14AE89FF99E3E0B3C4EFE65C581A3A3D2D0EE84EFDB22B49DA31A07059E69B81628A8ED1228B63E42C3D840C3C01F460D1F331FE199821B03F22CCDB6DBF074B49566B12C3B3626074EA1B1
311
30B4596BDBFBB642A835954A9509E5769234228129889952870EEE13F494954AD7A27EAD09411BDEEC5B6B6AD752C11509F826EF4007E86281B1AE63750FD09DBA87A34EF4CE2A75F3E85960004EA6B519F4806609E8C91CD18380BD81691D9F2CB5730631E6DDBAFBC30E96D3E1D3D67EE8FB72BAD92AD4C1FD3CEDFBD268
311
1858ED6583CA3853294B80AF67AECFAC6418D08164D5FD1E52E8B546BCC77B87C6E9D1655FFD384FB26A28AADD82E04B9C64EBF78FFF00504B0304140006080800194E3A578DFFFC99640100009B0300004500000030444635334645412D424646362D343837362D414445382D3534334537363338364642312F536368656D
311
61732F52656E6465724D6174657269616C536368656D612E786D6CA5535D6BC230147DDFAF08799F5FDB600FADA20EA430D968A7AF12D36B1B481349529DFF7EF9A85A718860DFDA73EFB987734EA3D16FC5D10E946652C4B8DFE9610482CA9C8922C6B5D93CBFE3D1F0291A6B0D26A3255464182D920FB4233CC629881CD4
311
9C18508CF000E3EE309A100D61622AAB4A8A33B2483F11CB639C545B0E1508438C3D3C0361192846DB7ACD198DF186700D182920B914FC1063A36AFBEE8FBA03FFD3CC1D1F4FC9E151A2AF59F628C5B7821D83FDFD3489305080F2EE04BF962195FB285E9D2DD352320A9E827AE357594914E42B1F5FE35F83688F60C4C91A
311
6C946ED0668E8F244BC2EB0BA6E3BCCFC0B6A4B507F9F9F8D51EB315D9BA9E08D308E89F96931666E577837E2B4172199C68C4FE306156D47DF51C698C7B9D97FE5BEFE2190C3C38BB054E6E8163FB039CB4B993C80BF18D969203116D6BBD26238B821F9BB909AD6D9C71B85BCD8C33D66FEA3D31B4BC0AD45BEA46BBEDDF
311
EC0F504B0304140006080800194E3A57AF728AE151000000570000004700000030444635334645412D424646362D343837362D414445382D3534334537363338364642312F4173736574446174612F41737365745461626C654F66436F6E74656E74732E62696E536160607076323274743476D175713375D635713675D4B5
311
347175D5B570317574743472743535761102AACB4D2C492DCA4CCC492C28484D2C4ACC4B4E050A82012F90744FCD03CA26072767A4E6260200504B0304140006080800194E3A57C55C663656000000680000004500000030444635334645412D424646362D343837362D414445382D3534334537363338364642312F417373
311
6574446174612F53747265616D56657273696F6E5461626C652E696E665D8CBD0A80300C06F73E4B29FE6CDD8A2E82A083B8B7F209014925C9FBA3AEAEC7DD2555D896CB85E51C2A1BD834F6A1F56EC4494C4695278364ABB24ABD2146F88CCEBB89D5321FF8F3F43D672A3B44DF3CB6A1710F504B0304140006080800194E
311
3A572F65D95338010000A20400003600000030444635334645412D424646362D343837362D414445382D3534334537363338364642312F4173736574446174612F636E782E786D6CCD943F4FC33010C5BF4A6489318E1BFEA8AD1C5708964E205131B05D9D4BB1EAD8917D41F0EDB1DB0CA022A60E5D4FBFBB7B7EF23BB9FA
311
EC6DF181211AEF1A36E38215E8B46F8DDB356CA4AE9CB362A564F09E7E60AC70D063C3729929B90B7E1CA6528B1D8C3657AD71FBA9781F23D206B6169FBA07EF081D4556680B31362CEA77EC81C348BEC5B8E72D10F0190F18FD1834A649647A9C26E98040D832558BFABA148BB2BEDB88C5F266BEBC156FB2CAA4925BEFED
311
C49BB42CF8E1AA16FAB8972921AB0C2839063351F9354CFDA5926F8D935522958C14922B53077D0DA90386C11A0D94CCABBC26A4324108BDAC8EB0925576E197178FD8196772CB3A4903F2E13909C440062FD093FFD49EDF9BB58B044EE3253B72AAF1FC3EBC1C7ED1EB319687DC5C5E5A4E3572E3BA3364A53A9C93149D7C
311
5DD437504B0304140006080800194E3A5752ADC291E8000000600100006700000030444635334645412D424646362D343837362D414445382D3534334537363338364642312F5265736F75726365732F43423231414133442D444635432D344335412D393445452D3844354141413241453533442F7468756D626E61696C2F
311
302F636E782E786D6C4D90CD6EC4200C845F2542EA31814D7FB4BB22EC4BF4D44BE5126F8A966004A66ADFBED072D8D358E34F9667F4E57BF7C317A6EC282CE230293160B0B4BAB02DA2F0753C8AE1627422E23B4C0C01765C44B385D15BA212BBB5E2158A6FAE77E1D6CD0D032667DF63D8C4603DE4BC886C3F7187090AD3
311
8AF936ADC0301DA684994AB2580FB0DBB11FB0098171156656F3E3A84EE3FCF2AA4EE7A7E3F959BD69D948A33F887CE75D604C141F6665A98EA1FEA3B46C80D125B94EB510C2DC3DA7655D1A9D39D5FC1DE29F582188D13B0B5C6B92641979AC10C2AEE53F6CB46C79ABFC9551B575637E01504B0304140006080800194E3A
311
57A233C2345D000000800000006500000030444635334645412D424646362D343837362D414445382D3534334537363338364642312F5265736F75726365732F43423231414133442D444635432D344335412D393445452D3844354141413241453533442F7468756D626E61696C2F636E782E786D6C4D8B490E80201004BF
311
42E6EE76F3C0F216234B883063108CCF170C074F95AE5473F5C4C06E932E4F28601967600677D21E9D8092EDB002539227A2FCCB80E1168D80A6417297A89C5D6963B7129A0D1E8F2EE73AA7B62BBEB8B27DE50B504B0304140006080800194E3A57BE89762363000000880000005B00000030444635334645412D42464636
311
2D343837362D414445382D3534334537363338364642312F5265736F75726365732F43423231414133442D444635432D344335412D393445452D3844354141413241453533442F636E782E786D6C4DCC3B0E80201004D0AB90EDFD75167CCE820A4A845D83603CBE602CAC26799919AEEEE0D965E2E908050C6D0FCCE04C8B
311
C355404EB6198129C92351FAD580A10E464065907C8D948F8F166375F655BDC3FDC3B4E530A176BE7057BDC43B2A593FE403504B0304140006080800194E3A5752752B5D7F000000A30000003600000030444635334645412D424646362D343837362D414445382D3534334537363338364642312F5265736F75726365732F
311
636E782E786D6C4D8CCB0AC32014057F45EEDEB679082918C3ADDAFF088D0952A3C1C6D2CFAF962CBA3A309C193E7C5647DE26BE6CF03D54A70B10E31F61B27EE921ED33ED800C82C710F6BF1B103FAEA6878241F02586B41D6832F3985CA1CEFAE701E5ADAE101B45D59D49DA4A86F4DA6A4D3BC510B146CD1A958D7351F2
311
FC7A794B5E7C01504B0304140006080800194E3A574B708EBA0C010000550300003400000030444635334645412D424646362D343837362D414445382D3534334537363338364642312F536368656D61732F636E782E786D6CCD933B6F03211084FFCA0929E501BE3C645B1C2E52A44A93A44A47B8B5830CEC894794FCFBC0
311
85C296D225853B187D5ACD0CACD87D3ADB7D408806FD485694930EBCC6C9F8C34872DAF76BD2EDA40888E904239D570E46526522C521609E9B34C15E655B556BFCB189F7E81CFA67FD0E4E914E5B15E348E272A52A279C201EE9A492A22B1A20620E1ACA84641CB4093A804A301139F0E1BAE79B7EB87BE19BEDCD7A7BCB5F
311
05ABA4146F88B6F1C62708385F0D5C6339FA62880B56012972308DAA29883C75474B1F8215428A984269A191E96B2EA49A676BB44AA52CB6803F8C14AC863D8BFC001E82D1979AF9CCDEBF857E023F41782C2F158CB2979AFD37977FAB802D1B50BE415D08F90D504B0304140006080800194E3A57E3603EBE7A000000C200
311
00002C00000030444635334645412D424646362D343837362D414445382D3534334537363338364642312F636E782E786D6C6DCD410EC2201085E1AB90D9DBEACE05D09878023D01A1D34A8419C380F1F82DA68B9AB8FDFEC93C3D7C52546FCC12980C9CBA232824CF63A0D9402DD3E10C6AB03A3397DD192872090D3406AB
311
E7CCF5B5D18893ABB1690CF4DCF02282E5EA8A5BB96FFE536F285CB347F95BEFFE81C9ED5AFF9D5B1FB575BB00504B0304140006080800194E3A575847FD627E000000A300000007000000636E782E786D6C4D8C410E83201405AF42FE9E5683220BC068847B988A8614C150697AFC42E3A2AB974CDE0CEF3FBB436F135F36
311
7801F5AD0264FC232CD66F02D2B96206A8973C8670FEDD00F97937020A06C9B718D271A1C5AC7372853AEB9F17AC26DD12AD063C6A4D71C33A8A874931DC3644759430AAC73A1BF7A2E4F9F5F296BCFC02504B0304140006080800194E3A57CA1DF9C9A900000073010000130000005B436F6E74656E745F54797065735D2E
311
786D6CA590410EC2300C04BF12E5DEBA70400835E500FC800F84E0B411AD13252E2ABF27A55740421CEDDDD9B55CEFA7A117778CC979527255565220197F75D42A39B22DB652EC9BFAFC089844F65252B2630E3B80643A1C742A7D40CA8AF571D09CC7D842D0E6A65B8475556DC07862242E78CE904D7D44ABC79EC569CAEB
311
A537E3521C16DF5CA5A40EA17746733E0B6615DE7217475F386F18B9481C510F1F021CD9FF027EA0E1F5C4E609504B0304140006080800194E3A573DEE336E64000000790000001B0000006175746F6465736B2D64657369676E2D7061636B6167652E786D6C35CBC10E83200C00D05F21DCA56CA76D41FC96062B120735B6
311
9A7DBE268BB7777961F8D5AF396893C2ADB70FE7ADA196782C2DF776D7A97B5933C430F15651E5469C55D70F80A4992A3ADC954792C525AE70A1E4D6AD9816CC044FEFDF01FE3FDE907802504B0304140006080800194E3A5791B4CD37F9000000960100003700000030444635334645412D424646362D343837362D414445
311
382D3534334537363338364642312F4173736574446174612F636F72652E786D6C8550CB6E833010FC15B47783212485C83822903FC8A937CB76889560233FAA7E7EEC40A5F6D4D3AE66676677879CBEE767F625AD53467750E61832A9B9114A4F1D047F430D64274AAC31FE170D32CD66D941828192C99AB06C1037DA4B9D
311
506D84DC40E69CF490F1676C3A70FC2E6796B3E023C33DF285F1079B645EE62B8F921094D8A44A44377553D202C5FD889BE16340EDA52E51DD0E67D434FB0B1A7A3CD4ED019FC71A93228929F16AFED9CEAD645E0AA015AE7608B7A83A5C717BAC9BE31E7F9222312971DEC69FB7A5E93BA07DBA7A649E91629DFE710D8BF8
311
DF3528ED77D5E6BA2A1CD0321EF91E5052A494627947186B4A94BE00504B0304140006080800194E3A575BFF1366F30000008E0100006800000030444635334645412D424646362D343837362D414445382D3534334537363338364642312F5265736F75726365732F43423231414133442D444635432D344335412D393445
311
452D3844354141413241453533442F7468756D626E61696C2F302F636F72652E786D6C8550CB6EC32010FC156BEFD8D871523BC24489933FE8A937041B0725068B47D5CF2F24AED49E7A5A34CC6377D8E16B7E149FE8BCB66680BAA450A0915669330D10C39574501C3873D6865F34288C9871800C036793B3715921694D40
311
93516315AEA0F01E0314F2911E037879C359942286C4F0F77211F22E262CEBF2C5E32C46AD56A956C94D5F353AE0F478A6DDF83692FED2D6A4EDC713E9BAED858C473AB6FD8E9ECE2D6555167316F4FC932E1D8A800A78439B0DA13D6976EFB4DFB7DD7E4B3F5895999CF9E0D2CD6B68BE2EC5B1EA85FE718B8BFADF2D6A13
311
36CDEAF65278E0755AEEF9C15995DB49E3595D9AB949FE0D504B0304140006080800194E3A57F17AFC35FA000000960100006600000030444635334645412D424646362D343837362D414445382D3534334537363338364642312F5265736F75726365732F43423231414133442D444635432D344335412D393445452D3844
311
354141413241453533442F7468756D626E61696C2F636F72652E786D6C8550CB6E833010FC15B47783212485C8384A48FEA0A7DE5CDB2156C0467E44F9FCD8814AEDA9A75DCDCECCEE0E393CA7317B48EB94D11D9439864C6A6E84D24307C15F5103D981126B8CFF45834CB349769060A064B026CC2BC48DF65227541B2157
311
9039273D647C8C4D078EDFE4C472167C64B87B3E337E6783CCCB7CE151128212AB5489E8A6AE4A5AA0F878C64DFFD1A3F65297A86EFB136A9AED05F547DCD7ED0E9FCE3526451253E2D5F4B39D5BC9BC14402B5C6D106E51B5FBC4EDBE6EF65BFC458AC4A4C4791B7F5E97A6EF80FA5B98BE3553232996E91FD7308BFF5D83
311
D27E53ADAE8BC2012DE391EF0125454A29967784B1A644E90B504B0304140006080800194E3A57110404B70E010000B10100005C00000030444635334645412D424646362D343837362D414445382D3534334537363338364642312F5265736F75726365732F43423231414133442D444635432D344335412D393445452D38
311
44354141413241453533442F636F72652E786D6C8590516F83201485FF8AB9EF282A76DA200D45F70BF6B437A2D49156680496FDFC41EB92ED694F971CCEE1E31E7AFA5A6FD9A7DA9CB6A68732C7902933D9599BA587E02FA885ECC4E866ADFF6583CCC855F590646074D96CB8EFD2648D5726A9C6CE6A17A573CA4336DDE2
311
A107377DA855E632F8E870D7FC2EA7AB5C545EE64F1FA321E8798FEA39BEA62F5A6DC0301F702B5E04EA465222D289336ADB6644826341BA033E0F04D3228519F57AFDA14F9B925ECDC02A5CD50877A83ABCE1EE48DA6383DF69919C8C3ABFC59D7768DA0E98385725E7F58086D74620221A8E3A328EA81D1ACE79C5C7A61E
311
68F10CFE0186FBFC3F3068E3EB6A073E130E5819FFFFB860B44805C6F16837CE5436FB06504B0304140006080800194E3A5705E8AA6AFA000000960100003700000030444635334645412D424646362D343837362D414445382D3534334537363338364642312F5265736F75726365732F636F72652E786D6C8550CB6E8330
311
10FC15B47783212485C8384A487EA0EAA937CBDE502BC1467E54FDFCDA0995DA534FBB9A9D99DD1D76F89AEFC5273AAFAD19A02E291468A455DA4C03C470251D1407CE9CB5E1170D0A23661C20C3C0D9E46C5C56485A13D064D458852B28BCC70085BCA766002F3F7016A5882131FCAD5C84BC8909CBBA7CF2388B51AB55AA
311
5572D3578D0E383D9E6937BE8CA4BFB43569FBF144BA6E7B21E3918E6DBFA3A7734B5995C59C053DFF6C970E454005BCA1CD86D09E34BB37DAEFDB6EBFA5EFACCA4CCE7C70E9E77569FE0EF82B7A1B9D44CFAAE7F48F6B5CD4FFAE519BB06956D7A7C203AFD3918F0167554E29954784A9E644F937504B0304140006080800
311
194E3A57EFC670F0F8000000940100003500000030444635334645412D424646362D343837362D414445382D3534334537363338364642312F536368656D61732F636F72652E786D6C8550CB6E833010FC15B4771B43480A917194907C417BEACDB21D6A25D8C88FAA9F5F1BA8D49E7ADAD5ECCCECEED0D3D7F42C3E95F3DA
311
9A1E2A4CA0504658A9CDD8430C77D4427162D4591B7ED1A0307C523D6418181D9D8DF306096B8232193556AA0DE4DEAB008578A6A6072F3ED4C4318F2131FC03CF5C3CF8A87085571EA3316AB949B54C6EFAAE950346CE57D20E2F03EA6E4D859A6EB8A0B6DDDFD0702643D31DC8E5DA105A6631A3414F3FDB85533C2809AC
311
26F50E910ED58737D21D9BF6B827EFB4CC4C467D70E9E76D69FE0ED8EB72A7A7E53AFBE31967F9BF67D426ECEACD73557860553A7119305AE68C5259024C35E7C9BE01504B0304140006080800194E3A578E081CD504010000D80100002D00000030444635334645412D424646362D343837362D414445382D353433453736
311
3338364642312F636F72652E786D6C9551CB6E833010FC15B47703E11512194789025FD0536F2EDE502BC1467E54FDFCDA814AEDAD3DAD359ED9DD99A5A7CFF9917CA0B152AB0E76690E09AA510BA9A60EBCBB91169213A3466BF7830689E233761061607432DA2F1B346AE550455469811BC8AD4507C9F8088F0EECF88E33
311
4FB9778161EFE9C2C73B9F30DDA52B8F5127E76FE968903B14C08ABC28497E2045F3921F8E557BACF3579A4526A35E2A5716DB309CDF50247A71C112B0BAA4D9FA1D685E8A8D24455852DE241A60F975A8CBA13F93CB3034A46AF70D395FFB96D455D9EF9BB26D86CB2E34096246AD33219AAD490CE1AFF255F8CB9A5FC43F
311
ADAD0A0B2CEEF3F4CC6816730EE5798450E34DD817504B0304140006080800194E3A57AA6A369A07010000B201000008000000636F72652E786D6C8D50CB6EC32010FC15B4776CEC38A91D61A2C4C91FF4D41B35C445B1C1E211B57F5F48A8D4DE7A5A3433BB330C3D7C2E33BA4BEB94D13D54050124F56884D2530FC15F71
311
0BE8C0A835C6FF9201D27C913D2418189DAC096B8646A3BDD409D546C80C72E7A40734CEF1D1831B3FE4C20B1E7C54B85BB1F2F1C6275954C553C7A857CBCFEA6825F75200AB49BDC1A4C3F5EE9574FBA6DD6FC91B2D9392D11094C8564A44777555D20223C733698797017797A6C24D379C70DB6E2F783892A1E976E4746E
311
082DD332A3CEDBF8E77C24E6F4C8F17BF2A5E59362F4DD98390B6228818C9EBFA2092D13F1277458C53F422BED37753EF8DC70C0AA18E84144E3D4601C8F7AE34C6DB36F504B01021400140006080800194E3A57A883DAA660010000A80100004F000000000000000000000000000000000030444635334645412D42464636
311
2D343837362D414445382D3534334537363338364642312F4173736574446174612F446566696E6974696F6E4974657261746F7250726F706572746965732E62696E504B01021400140006080800194E3A570FB056DC30010000300200004500000000000000000000000000CD01000030444635334645412D424646362D34
311
3837362D414445382D3534334537363338364642312F4173736574446174612F496E7374616E636550726F706572746965732E62696E504B01021400140006080800194E3A57B5A795FFE3790000DE7900006B000000000000000000000000006003000030444635334645412D424646362D343837362D414445382D353433
311
4537363338364642312F5265736F75726365732F43423231414133442D444635432D344335412D393445452D3844354141413241453533442F7468756D626E61696C2F302F67656E657269635F706E67504B01021400140006080800194E3A5728BB58AF800100009E0500003D00000000000000000000000000CC7D000030
311
444635334645412D424646362D343837362D414445382D3534334537363338364642312F536368656D61732F436F6D6D6F6E536368656D612E786D6C504B01021400140006080800194E3A57670136ADA9040000B41400003E00000000000000000000000000A77F000030444635334645412D424646362D343837362D4144
311
45382D3534334537363338364642312F536368656D61732F47656E65726963536368656D612E786D6C504B01021400140006080800194E3A578DFFFC99640100009B0300004500000000000000000000000000AC84000030444635334645412D424646362D343837362D414445382D3534334537363338364642312F536368
311
656D61732F52656E6465724D6174657269616C536368656D612E786D6C504B01021400140006080800194E3A57AF728AE1510000005700000047000000000000000000000000007386000030444635334645412D424646362D343837362D414445382D3534334537363338364642312F4173736574446174612F4173736574
311
5461626C654F66436F6E74656E74732E62696E504B01021400140006080800194E3A57C55C6636560000006800000045000000000000000000000000002987000030444635334645412D424646362D343837362D414445382D3534334537363338364642312F4173736574446174612F53747265616D56657273696F6E5461
311
626C652E696E66504B01021400140006080800194E3A572F65D95338010000A20400003600000000000000000000000000E287000030444635334645412D424646362D343837362D414445382D3534334537363338364642312F4173736574446174612F636E782E786D6C504B01021400140006080800194E3A5752ADC291
311
E80000006001000067000000000000000000000000006E89000030444635334645412D424646362D343837362D414445382D3534334537363338364642312F5265736F75726365732F43423231414133442D444635432D344335412D393445452D3844354141413241453533442F7468756D626E61696C2F302F636E782E78
311
6D6C504B01021400140006080800194E3A57A233C2345D000000800000006500000000000000000000000000DB8A000030444635334645412D424646362D343837362D414445382D3534334537363338364642312F5265736F75726365732F43423231414133442D444635432D344335412D393445452D3844354141413241
311
453533442F7468756D626E61696C2F636E782E786D6C504B01021400140006080800194E3A57BE89762363000000880000005B00000000000000000000000000BB8B000030444635334645412D424646362D343837362D414445382D3534334537363338364642312F5265736F75726365732F43423231414133442D444635
311
432D344335412D393445452D3844354141413241453533442F636E782E786D6C504B01021400140006080800194E3A5752752B5D7F000000A30000003600000000000000000000000000978C000030444635334645412D424646362D343837362D414445382D3534334537363338364642312F5265736F75726365732F636E
311
782E786D6C504B01021400140006080800194E3A574B708EBA0C0100005503000034000000000000000000000000006A8D000030444635334645412D424646362D343837362D414445382D3534334537363338364642312F536368656D61732F636E782E786D6C504B01021400140006080800194E3A57E3603EBE7A000000
311
C20000002C00000000000000000000000000C88E000030444635334645412D424646362D343837362D414445382D3534334537363338364642312F636E782E786D6C504B01021400140006080800194E3A575847FD627E000000A300000007000000000000000000000000008C8F0000636E782E786D6C504B010214001400
311
06080800194E3A57CA1DF9C9A90000007301000013000000000000000000000000002F9000005B436F6E74656E745F54797065735D2E786D6C504B01021400140006080800194E3A573DEE336E64000000790000001B00000000000000000000000000099100006175746F6465736B2D64657369676E2D7061636B6167652E
311
786D6C504B01021400140006080800194E3A5791B4CD37F9000000960100003700000000000000000000000000A691000030444635334645412D424646362D343837362D414445382D3534334537363338364642312F4173736574446174612F636F72652E786D6C504B01021400140006080800194E3A575BFF1366F30000
311
008E0100006800000000000000000000000000F492000030444635334645412D424646362D343837362D414445382D3534334537363338364642312F5265736F75726365732F43423231414133442D444635432D344335412D393445452D3844354141413241453533442F7468756D626E61696C2F302F636F72652E786D6C
311
504B01021400140006080800194E3A57F17AFC35FA0000009601000066000000000000000000000000006D94000030444635334645412D424646362D343837362D414445382D3534334537363338364642312F5265736F75726365732F43423231414133442D444635432D344335412D393445452D38443541414132414535
311
33442F7468756D626E61696C2F636F72652E786D6C504B01021400140006080800194E3A57110404B70E010000B10100005C00000000000000000000000000EB95000030444635334645412D424646362D343837362D414445382D3534334537363338364642312F5265736F75726365732F43423231414133442D44463543
311
2D344335412D393445452D3844354141413241453533442F636F72652E786D6C504B01021400140006080800194E3A5705E8AA6AFA0000009601000037000000000000000000000000007397000030444635334645412D424646362D343837362D414445382D3534334537363338364642312F5265736F75726365732F636F
311
72652E786D6C504B01021400140006080800194E3A57EFC670F0F8000000940100003500000000000000000000000000C298000030444635334645412D424646362D343837362D414445382D3534334537363338364642312F536368656D61732F636F72652E786D6C504B01021400140006080800194E3A578E081CD50401
311
0000D80100002D000000000000000000000000000D9A000030444635334645412D424646362D343837362D414445382D3534334537363338364642312F636F72652E786D6C504B01021400140006080800194E3A57AA6A369A07010000B201000008000000000000000000000000005C9B0000636F72652E786D6C504B0506
311
000000001A001A00210B0000899C00000000
310
504B0304140006080800194E3A57000000000000000000000000370000006662782F45443744423132332D443546462D343838362D413431422D4631423343383732303144342F617474726962757465732E62696E504B0304140006080800194E3A57000000000000000000000000350000006662782F4544374442313233
310
2D443546462D343838362D413431422D4631423343383732303144342F76657274696365732E62696E504B0304140006080800194E3A57F270F1330600000004000000360000006662782F45443744423132332D443546462D343838362D413431422D4631423343383732303144342F747269616E676C65732E62696E6366
310
60600000504B0304140006080800194E3A57B5A795FFE3790000DE790000420000006662782F45443744423132332D443546462D343838362D413431422D4631423343383732303144342F7265736F75726365732F322F305F67656E657269632E706E6701DE79218689504E470D0A1A0A0000000D49484452000001000000
310
010008030000006BAC58540000000467414D410000B18F0BFC6105000000017352474200AECE1CE900000192504C5445818181B3B3B35A5A5A4848486060605C5C5C6464648383835E5E5E6262624E4E4EAFAFAF4A4A4AB5B5B54C4C4CB1B1B1858585B7B7B7585858ADADAD7C7C7C464646787878ABABAB747474A7A7A768
310
6868707070B9B9B96E6E6E6A6A6A8B8B8B666666545454565656A5A5A5505050A1A1A1BBBBBB8F8F8F9F9F9F4242425252527676764040403E3E3E9B9B9B7A7A7A8989897E7E7E9393939797974444448787873C3C3C727272BDBDBD3A3A3A6C6C6CA9A9A9A3A3A32020209D9D9DBFBFBF8D8D8D9595959191912626269999
310
992222222424241E1E1EC1C1C1282828C3C3C32C2C2C2A2A2A2E2E2E303030C5C5C53232321C1C1C363636383838343434C7C7C71A1A1A0E0E0E121212484A484C4E4C1616160A0A0A4A4C4A787A781414147C7E7C9193915E605E464846838583878987B1B3B18587856668665A5C5A626462818381A7A7A5A3A3A1B1B1AF
310
ADAFAD7072705C5E5C9D9D9BABADAB7E817EB7B9B7585A58BBBDBB4C4C4A8D8F8D747674B5B5B3B7B7B59FA19F606260ABABA9A5A5A39B9B99A9A9A78F8F8D6C6C6AC7C7C5451AD12700002000494441547801DCBD89771BD7B5A70B8EE04C702641712605CE034890E220088028C93245451215B713AF388E7DFD9EEDB8DD
310
CE6ABFF4B57D97137BE50FEFEFDBA74049B6AEED74869B7E87404D2814EBB7F76F0F67A8835CEEBFA0E42B854AA5B2BB5B6BCC951A8D52A93657A914FE0BEEE39FFE2FF395B9B9C6CAD2D4C4606F4B7FFF8D1B37EEDCB97587F7CD9B4343BD134BABE7DB48E3FFA7A228ECD6F6574E4786C0FC8B5FFCE2CD5FFCE297BF7CF3
310
CD5FFC92B52FFE58BFF9E69B776E0EF5F79E55CBBBF9FC3F5D3DFFB07F5898ABAF7CDA3B74E74EC0CE20230561BF096E97E05712BFFCC59BC80539DCE83DDD6E54FE61B7747DE17FB8980BBBFB2BBD4337DF487881AAE6C5ACC6AF25207877B2B527BFF1CB3B77FA47561ABBD7F7FA7FE146A5B6BD74E3164C7F51449AE95D
310
B412200EC539418717E7F2F11B376FF62E95FEAF1442BED0581DBCA1BD2780D23F506AFA16E1A7AD974EF17876F00DD7BCB187A1A97AE51FCED5BF2BC1F2BBE5B3C19BE27B43CF26DE00933658FE129B109C2FFF922CC22C4260FA01BEFB462A77DEBC35F42F600C3F5B0795D2E9E02DAD5E650B4438A92801B65C35CBAB7B
310
1EE5041CE69D3B6F1822DFB873EBD6AD3B6FBC71EBC6C86AE967DFC2DFA4CEBFF1BF54F6276EBC114E2F43FEC60B01A0D440A868B2920E5C4BC10D60931ADCB871F3268B21D3851B08E1D6AD9BFD4BF57F7577909FAB86F29B982571136AF01DF5FE32AC3BD9406CAAF2440A54CF176EDD01FBADA1FEFEFE21FE4C9858DFF4
310
183458A9FD2B6708A5A5A137E0EE1D11A9EC0C7C58B2C73C0AD6B479BD76B7790CF899E287FA5B06FB7B07C9195B7851FA8794031EF1FC5F9406BBFB23375420286399B631E93B08022A785C4DBF9996EC3551874094D71B6F487E80F6837E50F483BDBDBD83232323AC420A18C68DA196EDDADF68A77F938F78FD972BABBD
310
B7B87FB164AC6FC2CB760365821ACB74AED44FFAD7E7431ECD7E08AC421F391D199998989A383D9D98E8E56F84A318C58D9BFD2DAB73FF5222C8EFAEF4DE7AF30D756E5108683DA471E70D0502099A7240F19E4089D3FD203E620F1B47BF43501E85031AE44B4B9F2E4D2D9D4D51D8970983FA861B3706FF950CA170DE82F6
310
B312CC4F42C8966295F7D725ED29882415DC055F36DEA1FE96FEC141493F05FAA9A9A5A595B333DED5B3D5A533F62183323032F46EFF13EA0AAFA5FBF7C8976F8C10F7280A014832593B90004D52341980D907EAEB73411EB2F1EBC9F507F92746C40E7AE0AFAE54292BAB2BAB67CAE0746264A277B06508168C94BF772BE9
310
765F7BF0B548FE1E07F3B5A521340A5CB5297C4B12811B89E82191ECF3E41B3259C529F135E23CF4C7F961FB13537F5A02ECCAEA76B5BA5D3D3FDF3F2FEFEFB3AA22053E5008833428DC6C59FA2F770595F311F235D427F379BB8A121BD901B96076A388DC4C3C61C7933CCCD770FF375A6E0CE9F535FE2534BF5ADD3E3FAF
310
D71BF57AA951B6D4CFEBFB8864758A26154430080B06ABFF557610ECC93726224F155D1471041E0D42F82F4891C926C1355B0831649FF365F46FF05300A7A790BD8ADEEB0D4AA9569A9BDBADCCD56AA55AE377F5F3F3EA2A34983A1DE91D810543138D7F28E57FF4E2B5335A3928B76EA1CB9B00BF158C8F63A2E788826896
310
D0B5E7C461949ECE089144F8EBEFC7FB4D8C9C4E9DAD60F7FBE572B416C2F2423ECF8B86C439E450DA970634ACFDA977629098D0B2FAF313A36B3869E37AF7853378CDA1171FBEBA95DF1E44FD5144A420588641B0055A79ED91CC0DC41E27064512FB33F1F04D09D0D2DF0203A646A6CECE80DF28356A348CED8C4F1EF137
310
B9319E1BCD29867CA556AA97F7B757567006A447FD375A26CAAFDED9CFDCFB2BB0BEEE8AA5911BC2C7F85DF88A3775389990AA72219D582409210F85A4E66F2987D875C30848023088FDF77E87F96FD7CBA5B9DCCEF4F4C9FC7C676777577B7B7B67E7ECCCE4E8DEE85E81A6D55AA3BC7FBEB242589CE8ED4770E785D7DDE2
310
3FF2587EBF57F50B9E820527316488E5C32D50F979BCA58207297E2B6D658702FFCD211840FE43FC9F3A5BAD9E97E6F21B9FCF16BBBB3A3A5A175B5B1787875B5B3B86DFEFFC687A72674F19D46A8DFDF3EACA59E405375ACE76FFA922C817CE86A89BDD92F400F2C55B7462F610459837D3A61ACF50C7471C8F2F2A9D38C3
310
DA2F068007F80EFCDBFBE5DCC674B1D83EBCBEB8BCBCBC3ED0D3D333D0B3DE33BCBEB0D8DA35FBF9F8CECE68AE020BCE61C112A4C1138CD47F9AD13F7DC6AB9CF9CFCFAF9D0E01FFE6CD503F5B91C5218E2899CA15098714848B04FCE5654884ABF0E554F11F6C21D73D5D5AADD64B7B9327DDAD8B0B7D7D6D6D07070763BC
310
0F3E38E8EB4310EBEB8BC3DDB347E3E37B5842B97C4E44A0C630427E5CFDFB71E03F471E12CA9FF70E055AE141042DD81234B879EB4606361D9328149037D7D76A571A7E974FA20AD0323832713AB5BA7ABE3B3E3D3FBC30307070B0B9B645D93C3CDC3CDCA41CFC6AAC2D64D0D579B4B1B397A7C1BDBEBD7D36657A3CD4B2
310
F44F4909F2B9CA597F4245C59DEC354316F0587020D0C661742BC02869435FD12CF195C422DB3C5A3E2305C000CE6B7B27ED8B7D63079B5B5B878787C787C7C7C757C76C51B60ED60EDAFA06D67B965B3B672677080BB5329E60E9B477847AE2E9EB53E35779FD37EFCD2D0DDD68AA355B6B0D81860502B8B68C801F5C697E
310
9AD62F4B406244CB975560BAC756AAA577675B07C6D03778C17E7C95CAF1B3ABABE3E3ADADE3CDB1B1B6B681014470343EBA979F8B90383545727C63E43549D14FD0F927E5F1FDEFD7263058FE02EBCD1BDCBCA053496BD58E69BC44F9F854D4D979AE9ADB908824382AC1D4014E9756EAF9CE85B6B54DB01F02F8EA5908E0
310
D9D5F1B3E72188C3C3AB67879B07C8A0A767B8B831FE5E7EB754DEAE5261460243FFF07858D8EF0D658BDC563A2C5EF5833C13C90B69248C4DD97842B61DFA7F210A2F6108A0F96B62E2D3B3F3DD939EA47E30ABF5AB2B903F4BE5F9B36757CF65021E616DAC6F60A1FB647274B4B05B2E5341B082D43278F67D8DFDA48AFF
310
9A13F22B34C7586C9992BA6E66CABC190E313E7C811AA57304B421A75B289B9D174CC868C24548823E230B9A5A2DCD2CAFE1F98E61C015CA7E96B083FC59F3ED06EE60F360B3AD6F79787ED278D0A86FAFE00BA9220EAEFE1D5DE1F7855939C3FCC1332426B377F692406E022C010DB437EF009803F0DCFD3B7C94440571D8
310
F2C328F115F47FD324802070BAB43FBA80EFDB92FCA1F7E7CF9FA875CBB327CF9EB08C4DE4815BC4210E2CB7CF1CEDECEDCED5B757490968286899FAF95583BF46F9393CEE6A86D6F618CAAD9BFF0BE22B042412C5CFB50556815CC5BBE33E9F61ECEC26A9BCB8145FD10590078F9C9E953B513FAE1FE387FAC246E14F9E3C
310
E7F5F8194BD6594140876B6B84C5D6799C61A16434201E5237582AFD75C07EEED9863F463284E2E13425A036BD41061259289B6BDC1ED656FC8B8592C9D00701E27CEA749F0D8EF44EAD8C1F80FFF8F8F9D513191F6803384C800097F24069C407CFAE88136B7DCB3D5D4A60B711F19070D83235F77331FD35E71596688903
310
8E2E0B346EAB7936C4162043E1A1F144093695443A570144898BC4079CEF1912809A3035A1D3F361235F90FFF1E3E0FB93C7E2750719F88E7D8E68123883ADB5B18185AE99F1D11C1238A792DC4BEDE8EC6FF503DF377E0445F68FAF4E08D43082D02170F30131A154206CC559A8D9CFDD762B31273E4947A581E0D9BB71E3
310
3FFA07CD02CE2A6BE1EC80167497F2A81CFA3F7EFE58D0CF5D5D170DE4F89070B0BC4040CC17BEAC6B0586C3D3FF0309BC06F44B04A1E13729929B4DF73C44070692C810B08AC3012E8EE9EAE22067796288C193B2139B970B86F47FAD0F98382B1E035D9C32FD318A4FAFCB274F2E1FA772F94411B0CD42493C23393A685B
310
5FEF3E1ACF554AF5F3552A478383374E6B2FDDFC4F6DFE38F4F4ED7A7FE838F488EA852482F412D3CB07E293D02C9F074F12E84C5AAC423271450572A385449844706475FD38DC3C22486A0639E5F1E38B0CFE93CB4B25910EF309A2224BD8DAD40C682C28341AD69047E8539A6AFC14EC573F7FAD10AE0FE6EB13E87B28E0
310
93B513B5803514DE408809BC12A14876DE0A25F643009E9176D9F0C330164285A7444DC8CAF0E9FE41429EE0A2F6A6DE91C0856C501272404A8468822E24C807030B1D33D40D4AFBDBABB411D093D88C86D7205E05FC57EDD1F805FA4CED5920F0CED39157E007CE21757C5DE440ECBCB46CD283E378029B43FB077B4F47E6
310
0E9F61E8D01BE017D7E843EB49F50A2028F1E442FCC90C9EE308E4C0C2C94EAE30B75FAD3A0EAFA57FE9EF960F14BE15638840EAF3BA490BB6850EDB38EECAFD21A0C746D0C4234DBD035EFC7EDD121FA585FAB73DB89FE6A03CF833AB0730E5E2F1A36CE3F202A128934B44E396961121E1F2C9F32BFCC0C140CFE22C1CA8
310
E109B182919696BFB98120234F61B59F7BF46EC30CF067B21A33B0FB3E402448EE266CCD93135A8E823DB31F85E677434E608F53F8100BC0098EA2FD6BC01770E0F2F2D1E5452A711C4BB8486248FAD756D852026B6DC90A2AA5C6B69E9068B8F27AFABFFEE8AB36F1D23985D5960014FD711940800B560250D2272CC54FF1
310
D3A660B275AC3881E349689C1616E1E9044129D032313509DE4700BC867C71F128C400159407C761022BA8A040F40A244788808C60B3AD67A17576279F6F946923191921B0545FC2F12AC0EFEFBD7262B6935679FC7F80629160ABFAEC88E8430E76D82A8DE62ACE50BD4A42FBF03B387B37FD321B37E31C3F063D99703F51
310
60E6C9E5A300CF32A91E0A085A29C0FC507F6C21012303C6104B82C1F1E156DB3229D1A855A32A8352C9077AF733A0AFE0FB3EF81FDF2F0F82C21B0EB06998866878B103305E31EC17F4FD43831E570A2118D1667632D4FFFFB125782F96168A833DBE78C3F11F8383A79D49F58F1E3DBC780417AE6581381E8610604888E2
310
913E12492881274822C221AD04CB0B1D273B8542837460898C686864FF6F801E8269F40AD0481DFAF5E6E9C1F3BE391C325004DF0746A4E4448F7B52C0D5EAD39EC46896B888C4210D68E99DFA2820DF7FF850EC407EB55C3EBC5028611409BFCB8889C90F1C52355AEF98B18100094C9D0EF6F64FD47E5CBF3FF5293DDFB4
310
B50DDD54F351446FA1F14580DC3902C085F593CB24ACC917B213BBC11B3F0A61042FD8B24F4FB9C4556D0CB9E1A880DE89934CE9607F18F81FDD950DD0E1D143F41D56110E227C250621FF098838042BC85B5B6BCBCBC31DD37B34966E9FFD9936A2FEFEA9EBA4182E5CD3E17AE35501FCE0707E5525A7DBC64DFD077825BE
310
37CE0BBE1BBEC061410C660B6E49912665E2B3749C7C9F93834022F74CDE6CA5EB501D9CBC04B768292C5CCB84478F3CA83074092C6082169015E5800D5839DC6C1B58EFE83ECA513BDE3EFB8EF1242D2D4B3FD55AFE03D42F8492AF8A3F21444FA2FA9ABBF525EAF84C09F0168527B0138A85D1EC0443C467B28BF844EAF7
310
6323BE13D7C11F72FED783837B970FEFDE7D7817E077C17EF7E2A1C2C0FE851FE4C008388C15E818958746129E1009D054B67530D6B3D8DA3D59D82D9D57CF70039FF50FFE0DE94089DB269C3655A4F25B38C49D0BD48E59F1526887C18FC5272197F85CA72862A593A4843CD25F920487DDF7AA0441A2C0600D062001F103
310
FCEEA3D8560CEC3EBACB01CAE5A51E420349F602191E5F901893142381351CE17047E764BE50DEAF9E4D8C38B6ECFFACEB141E54A6865A88A60133EE9CBB4C256930B0B168C1C3AB59FE1743FB422C7166082E934AFA5EFA3E4BCE0B69362FA7041818B7FDECE1DDFB4D022007CA23E521F0700AAEB5888BBBF08023E128B4
310
045381542FA256B0D04E28A0C3804E233A1BFB476A2F48FD135BAF9843BEDA3264EB42BA499601F16B566E72C7EA35908ABCB9176BBED43204C696AFD3D7B24B08D3AFA44BE243D88A6D9D0B6562B52F741E1610C0EFBBAF2B0829289A640EC4C8A4FF66A24430786CEBE1E1E61AF9507BFB496EAEB64F8F49B4129EBDEC06
310
5EC1F8A3F228A3CD0950883B41BEC6D1944AE06147289600A7726313AC69A3F91197F1438BCB743E76F01F6EF1D1C854071670FFFE43FF1EDED702EE5A14C85D0C42DF90B86068800659AC88981855E3E774A71C0CAC2F76754EE7CC87C808D1E1E0F6CF47FD4224731337BE1E39C5010823EE997B1491BBD99FC8D8EF7748
310
2BEB5EB2CF66499A8E0F7511B19B3EFBDACB6507BC78731B1B383D02FFDD7BE8DD9256F7D0BA7B46015941097B80018F700FFA024CC08078F51806100ADBFA163ABA8A3B95B9D2F92AC30BC908ED31FABE0CBEBFFF0279B675868F9AA24E9530B08C174055B7F48E4F58002F3E82F0BDFA003E8B431EB6C4A91E4D9B5FFB79
310
1265BA8827BBE5F1BCFA7F789F72F75EC800F8AE43FFAEC42F13009FB905A9A0132015D0068ED7682AC608BA6771038DEDB3B33082891FAB1ABF5614F93238079726B833958796B845B731FCB86316713C1DC581B1E19B424EE32674093F80776F7E27C6FBFAC85C536CD955B96EDA2A3FBF770FF4BE11845470EB3E42D022
310
000E0FE07D161811020742162444668308801E133A4C163BE68F6826A5523071CA78B2FED51F28F8C70FE4190073A3E5D3259D7A288CD19BDE623F10021BAB0C6E327FD507B2741627727EA00D31856492F9F009D7F152D930704E642795C1C1B336E0DEBB7F0FDCB79318543B25341F36802D64A981A690B94259607DE0B1
310
9D466BF8C1C5E1CEF9A3FC5C639FD6117B4BAEAB453F8EFBDA500A67E8BAF76C8A06566E36EE1184E8329419161F83D843D5DE7D8221163E145F56921C3EE383978072129E290A9B7166E63D26BAB1FCDBF710009E4051842390031845F20077CD079407C575F20364C4910ED2A574BC357630B0BCD8DE39335EB175646A69
310
8458F6A346F003A93002E846FFE0C459B8006E506D79BF902908A0AA05CB5E73530E33BA1D3C2EF99C712B7C8B41DF4D2A7830BE8707485FCFAEEB85A09AB6D39BBF7B4F23E00509C20DB04E240822A4B810E04D8D53D10D504C059ED86BB8697F514777717A8F8144D48A4C89077F7EDB00E2D89DC02A7B975640A282C49A
310
4AA84B70B12BFED8EA6584860DFB7EE23FCB00C6BAF7332FF259FA3C9346508813E372F1DDE425065BB61FDF8300F7EEDDBE8D0C6EDF46F7D8823478590AE23759D60DA6B7A9F125EDE8F4A5D2B37470D0B63C30DCDE3D3D59A8D1501EB1B0A5377517BDD6E301F995E3F955F0F58FAC2E81CE172A8344AC03DC6781939D24
310
84B8FFC15E8F3ACCD3954CE19576B942D0A029188EC7013FE59AE90B71292DE774F1F63D60230180B30A2EDC65291B6211B4081128856001A680015CE000708254891851D4B3BED0FA4D7166B466BFF1D2A924885AD12B387FC0FCE6819AC3AE06A7AA4B715F0927B74D119D4A668FB54B8A8C268D8B038A207D10A7B1E95E
310
42195B695BE0240F7408B311257C23F581E987C180140C584A02B1670CB817CEC0A080F259F1360E58452013200E3EC107AC1DF4FD7B0F6D23F33347F9527D9F51E6138E31AF35F1BDAAEEEBA3D71BB402E2FB47CECEE96B4DB85536772B07C82A34F3E66D0BCEC207FEB9E70643761276F7B50D5EE963CFF80C7AF4A2130F
310
5BF8C4EBFB5F07B709840480DBD8007FB7EF3F90104908BA457D43AA2A6A02C91422285E5AAC143F3313A0CB74D9D164933B86C25587134E8D342B453FC982860D09FD13ABE72055ED020E85D3E312F74C25CB0293D978A1C4001927C80B86FD06349126EC219F0C735C8053D8F5F310817EA01F1B7851F406144C211C6362
310
C27DD51F1E310C0102280ADB891E9B085CC528A2B1369A46BA195B9A2B351862CE43174BA73FB7CBB430A5798F4C54B7333B96C3224A9863AD02B9FBD8E63092191924E77C199D92887DA594B6DCF0112857162FD0949FE6A441F5E62E42FB2105BC405A2301A3424601DC807912CB2C39C604A27908021CDA30C4C8C2019A
310
883B3A8BD393BB3546136EAF561980FB63E9E035FF73B96D09A905ACB2C11D79571C5159026227DDBDB81396EB03F14100BEB66DE1FA9EF82C3ECCBE318119C4269FD014E66361FC8BB0B4EA9A98EF3D8848A01360430284335004C183CC25BCA82D2302EB03B8419241C64DF4F5ADAF77B533BE786334BFCBB8DA72BDBEFF
310
C36103AFB30608A0B39B58D93F0BF42180841DD26BDC22CF0A770E90240006BAC65197D90920131C7B2EB3CFD3C71C6378A305EE8488FC1FF8D391E2BDDB0F6E3F45E7C8207C419800DB410073A3173942CA8D5242642A74496FF115832A6314D9FA4257577BF7FCF8F8E8CEE8DEDE5EBE76DD3CF892BA7FB8B90F629431B5
310
525E92A15A3A4A6FEA3FDD73136172060959206591F4C927196CF645AA285CF3014630121754261C0D31E1A7E3DA2DBDB54B04703BDE3A4209F02045C4BB0F529A14BED07098A2A1CD47513DA64B512F409BC01663090796D787173B5AA141B1B39BB470EEBCF1E30F9D263ACC4D05110797CEF7B923B027F089F74D1D06F0
310
A4D8C0CDA6604023FCA45B76C5CDE0BF3845ECBE13E0C0ED73700A8A753C1AC8AEFFF1B407FC8A20F42F0D94019121DE304077A027D4112283BB8FF0072444D68AAD111D6F591BC0061854BBC048EBBE9E81F6A33A95C21BFD13AF3C7E7DCDFFEB0DE8903F77B41DF178E99C289895B0EA8CD640549D68935BA7C5294E0A1D
310
66DA0CC419BD398E6265789CA1241441AC94532A3C19C95340BEFC68703077EFC1D307B71F3C500859C11494838E902203A2BE90EACC5135B80B078804340C920C2300BCC06F7A1C71B875DC572C9BD1D84BD5FB9363CA6BA7D03E5C40FDFC54FC23C9B4B9DDD028787D89219038523BF64E638BB37CC25335937A00DFD328
310
69C5B390C8C32FF25C8C47A7181B4A599A224A9DADB0E0406FEFF9F183B7448F081E3C55024FB33828784AB61704482CD0160C04174F9E33BA9291D58C2F1F1B1B3B5863B0D9F3E51C35C253D54A23E560E2C0CB3A6F7A81382601C2079CAE96B7B1560D20A341E85A928A4E01083256420576C2ED477E2E565FD9223BCC69
310
1CF394D3D8E281501E0EE5C1C8159E92585D255CF30CC854C75318006EA4A01028EC853F9407C6053910BE105348324002260254886C156260F9189EE0F8C9A3CBAE9D5A992184568A69D5183A7DB97DB089FDC57AEE54F858FE54F577DBA85309640290F2D220952620750C5811FB772A7876D1E4040FBFC6474D51246D8B
310
3FB378283FB514F8AB3C20B8BF7DBE5DE541C9A5D3D38DDB30E00151E02523081BC89C2214103E0BC1B3D0199A08E002681A2613A2616CEDF0F0F9C5DDC75DA395C25C0309C03DEC8091A4AFD3FEB504AAC6633930556DAC86EE3561941E862C4A75DD6B6BB3A0C59BE153DFA73EDFCBC3CE2188D3D378FC976D0EF9A95B7C
310
8532F527CE3CF539581E0FE501291E9139FFB65EFF5DBD8E0C18DE3077170A64E033FD278F18068028802F156C3809FDEB11B1019C208D020C9BA2870457F0F8E1FDC7EDD393E3B9FC9C4308E9315704233F960E554802C14716B0B45DAB5EAB5E25AB7830EBB8D25E6CA94E4AA01794FB1EE164FE9F040FE82C940A4BCEF9
310
13075D087E85A7237D3CF29C47E4E676777779528C4781761F0BFBC1D3A77880E40C9A2E5109180D5255317890394229F0F082010354082D574F1E3FBAB7D6553C2113DACB97BEB5526C7C6F69F9310A94C46CD89FF8F379AD1AA035FD00FF3F320180F01417A6F255A3A8D86319FE0C0B0E06A0DCD33F79841339C01E5BBE
310
1911AFCFF7C1E0A540BFBDBFCF2372352686D863F83F59CB6865F43104007EE06F52406F680341102048A01BB048823082CBCB0B6AC48C313F3E7CFEF8F2D1FDC3D6F6F9F9D9E98D9D7CAE5EADE2A6512FAD7AB526E17F600C85550DDE9ACFE9D97E694513103BC69F8A2813176032C890C1E9C49FC09C61670FF8705B1D73
310
86260E7C8E7122C7F8208A55139E8C8D4763F7EBF5728DF9C34677364E3A3F9AEFDEC9CD95470788834F9FBEC512379890B38C94205B2557987C4186DF5C0837608DF0F9F3CB87B7EF6E920475752A01460E556919B2B64296FB9FB70DD5F47232A0F77465BF140CD001F00ADCA175090E2665A14E6329B62660E02A1CB50C
310
6025E3DA252A670B3F0FFAA5EAD94A509FE7036B159E0D1D9F2E76B7AE1FD5A606198D3A747AF450023CBDFD162278B9446688111009B4029B0F2180AE20A542D40610C073B47FEFE1416B2B12200F3C991C2F54EC2491027A816B0A34A9D05C6F437AC23462385DADD75642EDDA738AF1600DBE07EE8437804D2D011A94DF
310
71C2085EDD40266A407FFA1D1C00B0C03927E60338E3B9D8C47D1F8CAED578E06F7CFAA4BB63B175FA7C301B747CB377F45192003CB8FD34B12009224543D8604494011A80C1903CE0518C986208E1C5FDDB8FDA161686873BBABABAE74FA637BEA894A44078C19696F326E057D7F95D061A6B0394A9D5F2DCAAFE4C2388D8
310
A6E9AB7695CB0BDD0A332430F1A9333DA41D1FFB97FA09AE84E738C75C407C260408F8DBD5EDED7DE1570A7BE333C54F16963B46AB0C2B71208EA3D16EF4EEDCD7005241166C005A73C03164792151205C007288AE337B4D7103741BDE7B7AC913350B348B2D767515674EC6F72A0402BBCB41C81305AFCF05F2758D3ECAC8
310
D26AB97606DB9581A4B7A8FFB068CD5C0604E6849046B70C2B60FF0CDDF93C13822B4E82FA0479A68220E66D9FD775FB3C1A9CDBDB9829B6AF2F77EC9E0678FB20ED8D1B1A1A39D10F9812E20D6281F5673121AACAA9C53424000DAC173F7E18C3052EEE3E78E7F1160F5AAEAFB70E0F7775CFCE4EF384DDEEBEB9C0889D52
310
43BDF557559FEDE5F17AB21E118C4C31A3DF6A96B56AC62180293910ECD6B721047664BCFCC6B2DD3C65CA0F0C823DFEF84083C7ECCDF05898EEF158F4FEF97EB9C123F1B9D1D1A3D9F9AEC5F5CEDA84A3C96C14A55584D62893D6A54D8D2028D05C8B1F124884543F3223B29D208B04910D3FC43F5C52196AEB5B5F5E58E8
310
E82610F08C21BD443801233C0CE8BD1E40F84A1CA86001990048031ABBAB11EF83F9283EA89F181F2A0D9A9F62D94B7F625FD727E6A93F63F200F614F7CF100D4511C07DB45FC5F0CB4CA359ABE4774631FDAE85E599EA0878A3C33D5AD6430CF4C055EE5FDB80629000D7855DED3F436F3B61B3DC7FFACEFD2B1BC6FB0696
310
312CFA477CE87A87070C7998E04FBA78AE3F915A065E819FCF35B410321D9ABB308146A11AD5196CDDD7C477A171C8AFC74B45CBC6F641AB53C8D4ADA5870C02379BC0470CF83DB55F073E29CF5CE5F7A3F8FD62EB7AEB1774C2C6780B9523F9287193FD23DDB79FBEA513B45200E2E0C1B51350163AC19043C600F2C1DBF7
310
DEBA7BB9B5457BC0D840CF325EB0BBABBB786D301437000020004944415472B491ABCCEDAFC0591201CAC8EBFACBF367FE7B6E40E69F551BBBE7123E3C00AC560CE20C62436E8C3C54CC225EE08C0D74CE26148877689EDD004FB2BFBFFFBB984035373A7954EC5EE8591FE531348654514DB1D1C56411DFA2A7C212BE5ED9
310
1278F2851A432244C6822C29C85A8B320ADCBDFDD63BF71FD32648E7D098CD018BC35D7FE89E250EF2AC75F96C15271602687965C844B8807C6E7729D93F22E81D39ABD62A0820C1FE9F11CFA7208125D33E96FD69E83AF6052DD32D49FF0802CD9F9DFD39260389A950887A647CCC99BAB17132DFB5DED35138FB3A060F62
310
95AA5E195BF0BB56495A5A4A8FA440026E46A047D40ED2520A441C302D240F201FB8F7E0EDDB0E12A04D8816215A0579E8FE1B1281E9F19C9900DE79842E2A7CCD48E9876EB01C75DBA0E0C8D44AB5512947A00BE7CF5DE9E1A6A6BE43CF1A78783DFD5A404E4477336C1ED8B18908B2A847B2AFE9839E891137A6673BBB96
310
FBBA2A4B8E9373B001F08369BA11BE8ABC4302FD2345FD6014A127068427D007BE28B41D9B0D40FFB7EE531FA673C8870A69135B1CEEE8D009C08042A5B4EDA314920B635BF941E7487E45256439DFE9D276295F87E698389CD49FB394FE19720412DEDDC40E9CE9C6DD605E0B719FADC416CB15AB3A61F9B5B9B9426E54F8
310
1D8B03DD950946D432B40CEDAB7BB5AF11213CBA73C9BCCCDAFBCF06127C7980FE6D1DC9B4DF14832D6568FEAEEBA76FBF438300B541064ED33F3AC0B0D10505306FD370AED02859234402F6C3FED006766DDED2034D90D119057225EEE3DAF787EBF30EC51ACB4F551678BD6728E1944730C095F13E4D81A4DFFBF67C5BEE
310
37E62A85FCCEC6CC6C7BC77A5B477E22223ECA4FCC0F87E2A5E3EB782BDB25B8CFC6736A044DE5A7CDA604526361D650484FE283B77EFBD65D52C1C73C4F48E7D0D81ACF572F2E2280F98FB230508FA906B42DE240ED651B301CEC83DE1790C9FD96B6CBF986BECF3BD332C18EF627A0B6EECD5B152E02088D03D828AFFAD2
310
6B05BF671B4F9A09A8CE0CD2707F67F2A4B3BB75B9ADA331C1305BBAC182FB4A79820B7EEAF73199B8404C0B81231CDCBB871B80FC41FF5860E8E108222A1A076C29E6E03B6F3FBD4F1F295DC457573C7ADED636D6B7B8C88413DDF3B327E1046AA51040B40CB50C7E3F1D2E44DAD34CFA604029BFFBE714DF0C069908027E
310
B275F1F366C132E1A7450B04011CF82B2B647CE754F650FF6E25BF37AAF65B7BDA16CAA791F1D09F6CAB989EC5AB7809BE145FA459E8D3E4B0FB47DAEF093B946FED585B80FE1A0305FD5330FEDB4FDF79FBF6BDE81D8300CF6815E5F9896552412A03F31FCDCC7CB5E32365550CD9365FDCCEC8752E943161D78047336F8A
310
F6539840A1F2E764FDA2970999F205CD2BD1F5CF496571F76EAEFA0E1CF8FD2A55FD06391F9EEF8B9DC9994E72BEBEE1FC928E2F223EBA0FBFBFB4F2DF137BC894B8087643D64ADE6EDED67F7680FAC9060239E845FC94AE93D880F994FBF71FBCF5F66F9F32C292EA900F9C1E6F1105E81C5B5F58A067A448143842008D72
310
75EA3BBA3D2516FDF02FF79260020D6B3C714711F3CFB61BFF56A826E627E82256F7400FB387FEF23C1C1E77FD6A21EBB1B2B35F2F95E7760BE1FA3ABB3A981423477517EEE36FF96F122B942F6FB64D9502BD1B9089162532A2FEFED255028FE653C9F46FA321E0B588B7DE79FBED07C44106CC85133CA65190543004D01D
310
02D8181DDDA5A9C91A7110805B7875B689FC3902200FB192E7DFD936B37B57D9C338BD49E99E181F4E5FCAB2ABC1CA7AAB382CBC7D515457CFABE6FBC63D525E5CDF74B16378B9AD6774A58531912D232DF01BAA913DFB7D3AAFF912984302B84D0500077800D26C60A4742101DE420C610C2E92FA93056022EFBCFD5BB6B3
310
8651470CD33BD87630C05831BA864C85997B8754B05167F0706499DC442FCD22592AEC2ABF3FF13F950039BF159FA9B36ABDB2778EFF83F70972B83BFD3F4899E64DD8346AA495CB155A7499F2CE39B0AAE755125EB84FD8CF8D8E4F4E9FB4B72E8F1DBCCB98B31BC4607C2CFF21C8145FB48EA0F2159F86A3098415609554
310
DEFA7B27EF1301033DD06D274BAF6821D220DEF96FA4CBB60B3CA241C021D38E1AA76B4406B4767576166766A6C7F77273F5F395291BBA19F64F2E3095C14F3E60371827741CB27E89543857D6D96BF9A47C6A9A26057840332EB843717AAD171880217B71FCCC0355AED3D4819911F79D0EA8AD6DA31A83E36C5DC2D47029
310
5C011302387069158F6C9966022367ECF1D00BA9BB95C389AE7B6105A1FB640689033A7FCCFFEDB762189103A61C3A4FEFE0D6A6B5A19EC5755A443AE78BC5E9235B047890A65919A0D2F96AA3C01CEE913BB3ED239C3E0CD8DDAB99E4348BF3F8B977B6C43DEBEFBD7721A839A63B94C06A10DB87FCBFA3C2932F8C26F88B
310
6D6BB30C3C4E09AFE40FAB52EFAA1EC0316920E031A46D65A0FFE45A673432E907FBCF86717AC04F2CD0EF512D665FF53F05BFCDC43489F150890C60A8E0314E70A06F619D30D841189CA15D3417F3CD50191AE4396543F0C42BCFD696C58DF163F5B46D708BD5FDDA5E5E5FDF9401BC4F7E00E8A17520833D1CBFF495B5D1
310
CE037C664123EEE74737268B5D1D3DBFDA6AAD8C08DF2C0BC7A737E10AAB2A7B958990CEBF556CDBEE823CB09FB344143463C630CFFF585D330CF0320E921744A7918280FEEF981161008E9FBC78C830217A07B7D6985E83F9A79884ABB5AB383B4D7D788F9FB3D867A2112A43F19042B33A108690CF6F472F8661CFAC9714
310
78757F6E6F2F7AEB82FEA85E5715941778B278281F28C268AB24BDB470EF3303E09C359E9DF1CF990D8A096106E6A66C8620DDE7D281DF0B2831F20439A30D68386CE13E002F7EDA8D7806162B205D6A19AA1FABFD6B1B400EC2BFFDD66FDF7E8755B4883C043F43046C1326136680404F1F934EBDDFDD39CB58A98DF1BD78
310
80E0532E671FA1435E9D6EA5E9071000BE8F262E7C4044FD95D5FD526EB40A05A634775F32205C3D779FDC168CD5E56BF982508BF572BDA4F6F57D3304BE9EB18149461B12F760D7485891CA47CFC44909136FBF4931716A2E100123FC6CCAA6A644F25EDF4AC980B14039009BECE8B798BF69A05DC5B6885CD23F8E13A46F
310
F0C0A986D617F001C52241801E87C2974C31411DA3A5D7B6175472763D637D3E57C33B908F867F4A59CFCA7923375E5F027A983E18BD7BD4E6FDDBB2250C1529F4202EFAAF979DFFB1F2612E87EBEFEC58581EDB9AA95AD1D7C1905F7305BF8182D5BBB524D47C4E3B81CD843220DE1E6536497C0962C225F75A2D6A998303
310
B23FC501F0B3F736EE1FF01200FC8C99F5515207C9C40081DF304C0A17D06E26CCBC5B3C47459308178301FA8057C2C0AE9D99B05F038828B08400F2E3251254DD7EB8BC4853B101F99AB48E387457C96951E5DB670648BAB70A7B04FE93EEC5F5B183F9739C98952C6845C380D401B8FC86E70A20744EC720E09D35955D96
310
A9041720196D183AC2CFE6AEA816652D0234883D788BEC8F5DF2615261DB031C2381092401B48D8D2D870FECEA9C3D99DDB036C8A051058030E32190976718C89F031DFBFF2EEA3D88606A8A19BD0AE305BDFD12BA4FF46F1A0002B07137989C748936E9DB2C91F43B07E4E4D16C3779CF5A4FFE8CC981F07C29E34B7C012A
310
F0054FAEA4A6A3D49D3A16D2B3CF220A029003366663053C89B3FB1827080DEC2780076FBFFD8E39810CB0593CC68B5D9009F2D400418028B0BC6CC74067E7C9CC0C2690FBB084AA5254A12AF63543B35EB40D17B693F7E3464D5094C00AA9E04E0E0524F5C35C5EC6BA94B21AAF2440725E2A9FF94FE7A8F0E769EB83FDEB
310
039B631B18BF396F5C13CF89ACC02C387DA56DC3B1CD84B96CFAAA37B55FE723B611062258257D331F186AC93D8AD600B4FEF4AD777E4BF68F2168FF08C081A37AC13446C859964803961928476D78F68419390D830C1935B5C2A0A22A3AB17D3D6428BF12DC373B8D464E04C0A496BB3B3B75639DCC2500E0F0B15FB6F47B
310
5A7ED0183A87CAE8D535F2EDBD4B3B7FC762DFE65A07C30B2851DB890082ADC07131EEEFA3DB7DD5CD32C0860CA83CD4B7993A175F422A8149B1C1D94C1145059D9C78A8A572A90B7C8B1E3392FF77A80C50220880FF3669004E90F101740D2B808181455A044904674E7482CC3EC85C4BCE339404C0B0BF6A5611E4F9B815
310
7BAB6DE327EC9BFBA1B4557ECB609C1F45326499EFB90EE78F18227F09E563C9E63D847EDB3B68EB9C39E95AC4F7ADCF7D87F6752BB6912040281E4A0D8A8314E80D60470999B8A51FB1488A66A9F3F81FFA61C83F4FA6969E472288FADFD61B005E0EA4284822E018911828E868614DA0C36E11F3A051070BF2F0840E35F2
310
00E2C0C80A776CC9E7E6841C0503D0EDF15ED9AFE527E798D23BEE5F0604E58DFB7099D739BF0BA5D332EF29F1535995BDBD0DE681C4F71DFE6A7AC5A13554AE6910963E9ABC9A0DB5B202225545F5CFACC942B5B93C207352B6E5310BF349AF200175D7DFDF78F6D683B7C87E087FA9B35812C4F8F13452CED610A2207541
310
E6D659A739441F3833CD0C9C3C3DC2B0712F62333C4FA9327C9CA1124904B4FDE0FE21C119776CB0C212AAFBA5CAF80EB43772ADFE77CD9FA8A4144C54C2FB2304C65F62FC3678E4F6C68F30FEE1BE8383CE7DB86F58B1AE0C51F0F055E188D02F00911DDB0991832228B3172B3E623E513FF1734FF414A611A603163F401B
310
EA790FC9FF7FC3FD3DB02DC00184145B850D01D120424DC03C00FCEB7880EEEE939399F1F18DBD4AA54C939899304D913CC2D5CFBC55E50C7FBE4C0E14AEEF53D6843DFF56BE2D554637EA047D3C210E2C61077875FB5B40E19F43AB7470CAFE1C0D3ED3B3B4778D1DF6D4F837C08747180FE8394F2CA1E0A46B6DA62CE2B2
310
DABEDE0B1924098580FC16B369730E9E90541D3730D47FDE16EE1FFAD3419CDA05ED1F2715C607F2E81893AFC5936303F40EB776F1D808BDE393A3FA401E1C706E154C892860AD74A2949C409E28A8FB3349C764D13E4D1D3468952B7B1B35001BF41142CAD58D6011C8B78961EACAB66E9AFBC627673B61FFDA4167950A27
310
4145BF11EA17BA9AA60815C2C43AE1F648E3772E53C94E6364AF826019E723069A8AA353A3BF7FB5359281700061FF64C28C10B9AF0B70B0B0D30A31CD1CFD22F68C76DA1E44558869257892363C091D313EFA46B57C3BEB252E9C6BF5B4799EC58F1910F469E25AA17B343799DB3E33CF410061F96C6D63FA91B1000CEBB7
310
D2971BDD39A2A76361E000F5DBC1688D47CB812DD60F8001AF25B328D173A9E4BAC18CE9F1F628704330741B2649B92E9714447C68559C6CD2F681919367E4811100750058809D0230C087A89FF3C80C23C4C60882E481F48D531764BABD5CCECA308DE2F63D3BB50373D630796126803C2D1FBAC148F7592881B395ED7D26
310
B7DD38D7096AF98841CB37592561D9C6565317AFBE9FC4AF7371E060736C7635E0CBA1809FC80F544DBAA1F2F9393D970D44C0615A0C6930E758B9E63AE690F73045F0C8C0731DE9CD80F718E94652383458799E02C06D328010011C7090D8C5E5336A83D4059953877EA1E1D66FBE994F04608C4C991917230FB61F9AEE18
310
3A40AB9108D032449FD1A7283DD25ED15360EF7EA9303EDDC0043403531EDEAB10DFF87F5E2FD56DF0F1B701A9F614DB17FA0E0EDF6FD0B1622A81FA3D1DE5A33F551930335C353A87F9AB05C60455193448246944A232C5D07636D864CDD7A50D0B4440CDCC465D1C418321F50E1648D500294065D869559EF3C40C8FCC6C
310
323E989AD0F0C73142480B200842802C061008B480A9954AF282052B3AF67350FD0DD30D1F4075AC303A5D490250F5400ACF479656861E4C77AFF327F3EBECA4B57B6B6C8FF62602BF150744656A87DABD7BC6BED50527B2120C001A0B3718C74F0C65CD34F275164D7968148DDF259AB8AD6CA81CDA4E8819509B996A7F64
310
2D987A401A2B04018C01E6C169A8700F9DE3B489DB2BC49C9B7B858A4F50D22AE15428FCA4A1EDB20C83492690CFE361CC7F8C8066FFD0D77AEE797977F468A36E0B0DFC87F90EE6348BC748F7CB73B5B9DD5C6EE7AB19ADBF6DF359F1DC2A0F9E44F213F8041F64274C0859A2AB7C37440FEDDD2F95BE44065F22067E3EA0
310
CC3BD8C0D8194EAB291CCEE20B9CD8E02950AD806080047A279F19024C837C848816719AC4A34DF8F0706CED904E8185753A458A27E4C1E37B5F30A104932BE140E0BF4E400160F320B054A8705042FFC47B4940810173F9C9E97240C7FCC3F3813EA239B745DE9F1B1F3FC2F9330374DBD1A7B475923F9A2ED81716D18D1B
310
577DAAB9D1A0458655AD3CA7E211867AE7C702DCACCD291E0F798013DC01BC326087775C0833E04EA3778FBCB8DA4687A0255CA0AD210C15661E4E92001A4449031D1DD27D327334BE830B64DAD90CBF537A45FBD4E94A7A88888E715B7E74FCD040E818BDC1BF5AC609CCCC015DED23877080FCDC47BD8EF3A7B783A17D33
310
F3ADEB6D6BC7AD75EA7C7852C5B6FDADA6AFEFC2D181C03F8C40DD8A4AB5024F0B72E34B57BC1182472DC80946789AFB711DB7F1193C03C893B0345F420246114D3EA71D04FBA731C0DAB0D3CD311B218F0D5A15ECC105D02F3AC32F13600084731A83220040019B03180634B5923D438300B05BAC80881F061095FED5D572
310
A3323ABD83F1D37A2301A8C930AB3F66ADF7CBEFED30BAAD7D78A06DEB6A87F15491F5AB7E25842B6B34BEFC12C8A159F187C64B3CBD2356DE5FBAB98BBE9583F0E3280C0076DA15BF34C15238145742B07080B1EFB83382F9FEF2239D003541041083C5AF9EF3C8944DC2030BC3ADEDDD9D27475800693049E05413BFB3FE
310
B4308731512F13400D06F813368A0101D8D863EB3E75FCCADED124F532AD3F123F131AB46A93DF1ECE7F96CE9EB6C365C6D6A07EEC461FC919FE288AF7AE1A7D012D291EB073735FF26BBB1C99FB706E972192819B7A34BF22424BEA1CC7958AC2E04BFC8E02DB90A4A1DD04811ACDBC181037864672C78F6C0EC3073A40CC
310
49D5E813593B7002763BC6A909D31AC86F3F6E335C9E1C309BC58F16418642E2AF6B290A34FEDC0CFEE08FCA0F56700699CB73B9C99302AA17BD516D7F1FD755A2B32B3FBE7134D3BEC813195BD355020A7DBB541539CD2C06E45F46FC0EE08293E6C0E1972176D9B678340AA1A4823404EF79B1E2347E47C35D0A2260730E
310
0B513025DC0BD1C07E3366E9B9D17F767405FB531070700035618606F0B40C73C974CFD321B0C174A80C0F3AA54945FFEF348F5488895713E89B5C98DA501E06D8D24FF04FF0CD7ECD7BAA755A854EC6A180AD13BE094E8D5D63BFD6DFA5F5D3E4DB1BA18FD8473DC6E17FFC9832B71A2A94D96E808BB53F9192955D62C82E
310
282B05168AA0927D54AB20A20A74800B7CC9655C8B15F62377CA4C91641F9F4D0478F4FEFDCE273A002CC0A725EC165CE3A149F0333E8E9600B2C05A7D15FD831F0938DBE5D0FF13E3C0F0765965A0961C3FA86DEEB0E28304747BFBA5FCDEE44C23544F7BB7BF7A132DDE34F99E44EC3FEEAE92F667A10F7E90B0E8C6442D
310
F5A5318B0F816311DB2E6DC6F172C363FC800EE09186BB9EC82A24C0117700CD884AA42023B81EA6E0CF8B3056411110D78606EBC5AD5417B45BCC8E61EA01C4006AC233933E35D860BC1B6CB9C9CCCE7840D2E0C1C1FFC11CCE54D59300F2B47D66A10F09D8E24B71B9BDDF98FB62A3B897C53EC88D16D1FFE8C649B17BB8
310
E760EB20B784F52F992544753F2CBF642CD3C9C70D8722C197142C567E74FB431EE248A8F3FC00377F5142144A82FFC28AC2970A780C85A7EE9146FA4B2981F3C93BCB0F3FBCB6DD3DE69C72B6073B99140DE28B8E919D9D9E7C2F5FA99FC1FFD07E9AC0965CDAEA0A945FADE52C791EA989E8E7A21A355FB37E44405D171B
310
98A6E946DB26AE71DBD01FEF07FD378F5B4B518724481820890E7486E3FCE61A60E096D577701890EE07CA5D7F2B086040749FCEF3F81972E510A86359C9BB579883035887542090614E5C4461705D7CA1CF84DB564838606CF1597E8119790D021080C935A908324EDE9F60A04B7830A33F0670CB08605B8D01BF9A3D4356
310
93FAB4FD84EF6754930640C1F9D74B052A7ABBA9F502B39DA3BF6BC7514EA4BEC71D752BFDC198EDA8DFE8F32B3EF811E4576B0A2074B99B070A069F60173E7427BDF285024E35A4418B7A412914F2800F1965C4F1120A2D5D2C64400563D5942044807BE7C738EBF3034C4A6F4D70C04ED1F97673C039FABC4CFF18866E08
310
200BB66BDC9CCDCC3FFD1E43BEFC52C317F0F5E64900FBFCDA4DEE68768FFF46350E0EDADB7B34DBBEDE3776BC55599AF84E312229F931E700D04478D66A0D88D09B2276141AF0F8811C5F8067DC04C0F90929F7F1AC9CCD368488AFB965C97B855A3E2E93AE5B4866502E55991B82D4388614F2C36B8484A5FA06E3EFFA98
310
4A6AF17D5C2073299D9F12FD63826F67FC460E54030981684E9FBFC22009A3006962285FDF4FC84B699FB5BEF3736C6072F6844C15EDF25883037DE6BB7AFAD6AE164B367812FA8CFCA6FA25725D99AEC5C6EDEEC64ADDA2BE0056002032E1D7A20A54CF444E360D520A5B69816C0A953CE0434A8A898BF18E2B704588C01B
310
DB2133342F5404FEE698957C200EF54E31BE6DF4E888C9C67F5F3F1B41F922777E7FA6332677C20098C59F762F5DFE4A23F9801A3BB6F8A4F66E0D40EC867E92DEFCE84C714FC7CE8DD3DD3BDBF9C781B1C3B549FAD2C89D711808CAB100E09700BB85240374A7209212F320CA577222A7020E7824500179FC7096C714884B
310
DFD9499E027ABEB3CB0226CD293CAE6E0C41A6788F396606A073E28CBE5CC67D584D36CA39D37974FE1023253E3FFB007A26F657FFC901D851130DDC2BF54884F20D5D40A0B7E5C7BCC7CC87B84F2ED820192CCE1AABA1FF24ADBE1D03635B5B3B53D4A5F84120125FADC36A0E792D3AD7E255792CD5241A4C84171F110409
310
0017DA493D0A7790A7BDE6DF326180398E4B0DEADA5C2763825E43E05C388E184678C88CE6422606C017F030366981353DF03A753DBF6370879F79889DD0BF75408724DB53C5B0063AB6568D02DC47AE4627B58D7E367A6000267E7840C23A0940B992DB98ED1C4731B4FB4DCFB6D3EAFB6CAC7646F0335C5031888CD74E21
310
03380260AD47176D703960230370FBBF28813524C17FFFBD6288BB28E4F905ADB4A788B40B4A6201C1878BED224DE9906C4C79EF32EE679B9F5D3B5DFA137327320643909A823F62106CB8F9BFE4BFEAFF0FC7A6393EC7F64A698EFF8ACE31BA05ECE6DAB6DF124118D1D13F892F3D3530602E3F3ED3D59DFB821ECFA3D9AE
310
85B1ADAB9E328DE738BF55D5DFD039445AE76D0194180F57B15BEE5F09C07F952F9A10372BC894CF7DA12CF6507E2A8916E0DF430C519485C55D61EFE209912D8C32866214E121611E22A0B1238DB18E86636A3BFAFD5B4EE02FF1E505F902BDF424D0516907BFC95EF3A76B6B3872769D67E25B548F0DA46E2B93DFDFD5F2
310
B9E9EEE1EE1DCC7FBE6380DFBF38A165CAC73DF912AD76A4690D2B766A3EB4AFA2D05BE543EA20B095FB17AE3F1928D84482049B659E671A4763CFA567C08824913D37F2F92F841FC244085C1681225C04AD6DE1684831682CE0D6096B56101C0D4FB3A1BD3F11FC1105AECF5660BD3FEEDF162B0D9DEC6DB55AF27FC98050
310
BDDEDFF63ED14B01336053A19DE9AEF5F5D9E9D9F9E19ECDADCD497BCC57681922F327EB41FF681E17C1921B04FBAE371AC69E53F98183E91B84897A5DB164158BD1D12FF6F6BEF0E02847727BF2628F9FD48B6FB11DF6928C868B29590A0606F92140D0C08850DAA7DD8A5FE8A50389F61288AEB743E9C801BB67DBE0A7F6
310
4F63BC87770FDF57AA73FE1F5A84F8DD3AADDFC32087FBC0A7D645C327B97D65E7A8BBA76DFD9BCEE1B1CDE3F5F7CE4E6DF4013ECD7CB60BD1239E8A4E9A5722AD9C4FAC8F7FF17B214AF8801950430639A08E3ABD05A0D94E253BD5951C885B0CE750309070555FF21F2EF83FF53F4E15038B8D8A244740A5C9CBC120043D
310
A0B323FB1DA0A4EDA268C05A304619505000BE10415DE898809DB6B66896E60AE347ED3D6DC707CB7D5B5BC374A158EDC343D0EA61C217D4878CBBDC1D85686782C3CF4272E7DCFB5E9EF628F5A95AC1AC0C6848F5771329EF8DF2BB79EFEDEC8DBEC72EB7F245287FD4B31008AB38EA4D52F2BF57167159E3004CD8950E21
310
7DDD6F699FC763E9D1A0AECC701F7BD4430A3E030374066938F883C01DE40E7DAFD609345E33570F4CE6BE467FBD7F793B5AF2A9D331D86DBA7BF98067918F9FCDD609A0384B523F4413B574B818C6889FAEFC5E7B8F90CEFD62BC2C85B2478D54DD076635BE434FCADE68B3ECF1C8708E27863DBEC352D87BCC7A92A8E135
310
700CDE65BC114026DE5DB68275E656D2C0D4087293D43BB4C9C14EA83C0D806783B40DD7CD4F19EE9F33801F55A3F1FD600017A6CD5DE607783D5F74E34680E7DAB98D99F6E5B5ABC7F7DF19D8278322F6A97FDB2FADE1539BD945DDF868EE2B8B70D9EDAA45D1BB0A5801198CF1DA891540474745BF0317F8A3703E02510A
310
E94B084221F887FE950272D62D4232781054A87C58D015CD45EBF9B70E60820A2056E9D4D619E8494BBFA68B61EBDD8CF52CCBA124BACD4A4077E8420A7F36FCDAF661E577B792A7E1B7E337C7CF1FDEBB3B49F501F3C7366C1730E793F51FA20A9C3D2E9F18E63DC277449054CEADA36DA0807467D45F8A744E1BDED725A0
310
33868703F1392BBE221158220588F30574A0B0893D0515B0B7C404AD0E7F40C11D504C49BD7DA39A85A19CD7357DFC966E5D92272FF06D59CA5A6A1C8AE30E52F1247C1F1D78F81887F9F3E387075B170F9F5EEE4A7F5BFC69DF02FD8795FCFFAB472E7C88D563DA514861B85BD41594A75F5E866BE69471110A9F75C8609C
310
7E6BF6C7C727431EE3E9E3773D2378C25226E82C08104A57ED273FE0921D6990E02B006BD038263BA360355E8DC446A380F0BA35FA9945A80CF60DFD54054202F91897C241C147D59F8E0FC67CD0F2BF377A3463F8BBBABCFBD6833C57E214AC3F5AE9C2FDE88852968F20337972C7E04EE5658223008AE82D93BC37D8DDD9
310
00BD6B16EF221F0D4149045D740A8A215D4FC186C658E01994B8CCD317465828704BB630DA2243B3B4ADD3EA554A97408454148C04A1A0CAAC2E04033C04073851F54380E0BF2DFFA43FAD3D6B574F2E1E5EF6E5F4FEFBD1CA87C161FCBCF5C7AAE2F726F814027BAE10F79BC3D765D61D1803952210A9AA07F8C6BB2105B6
310
1145B324F96014EF223D4A9261080239F03FF6F4DD4975C183B887E081F7A467A25EAA0C94028FEB808637768B07400A8235D4EF33143253198900E079E3FACB0C59B00F827A5785A6FFE2FCF0C0E6F1714F11CDE5140D931D707950631F3DE877F300002000494441540ADFB08704E252AADE1BD4E8DF55796A32B9B6F177
310
37C67702E5C638682737286CB0E0A89B624D5BF28222432848C9AB8C07170C97B814FF492A61072407D638006F7C8400860444C01B1930A522788045633DFA9507267A3A42BA05925BAD705CDD3792FA23C1075C6EE768A673919EB6C3FCFE7629B7310AA794CC9C0D14A1FB88F95C845BF22543F57996E0B26C9E4C2ADF18
310
7F979F8A55F11B47BC26594C52588518D25E6C2B1CCED231EA1B748F093E5726A21A54C91EF95789041030C20FD5AD68613432E19A4D0DA2505B6BD843516E10BB00AF9AC315EE9FDB39CC1F9EA59CD88F9CD071D470C86C4647FDEDDBB1CDAB81DA94034747A779F4CED497CFF817348F69F52E55490840E48840BA72DB71
310
F3E84F6DA2F4717AA928F153DA6E4C7E8E00363CEC9A2E1C8E65F298FC4A52F087FCDEE5CBA38A80CBE11FF7BC2AFF249203FFAB77A128A001B1987BD334AD9B901890A8C2005B6B248196AD09C0025ED841325B31845032E327C531C839E66DBAB39566B631C2FF0A1DA5A3CC47E665AD8751B47CFE33899DF047C9F3C365
310
E3B11278D49DF939298E09002F6430F9958803309827A7C791048CA070061B7E9A64C557D235F83EE24822E5EAB805F9862F20FC58F483DC0EF02181F572930205107E00E523861895A2811309808F2B6C14B2AA579E893753C155D2F54302007E9FF36AC5FEDBCAD47E182D91A73920CFA5C18E01F8FFF4C3F1FF553BCAD0
310
E58DEF85DD63B91BE38ECE1A9FFC4AD4A1FBA30D462C328C5A0340DFD393D3D3D3C0659195C96990F391EFF4175213BC74C020922D4830FE215E76940962BC0713A3B82784C0CB6623DC40D6E1485BAD454F6892200B225096127FBD82D2B12006BAE2E329C771E25FEBC0DAB3B5395289D56D7A8A89081B34EE06F80F819E
310
FE75C67DEEE95D227E283FE98A7B9F1C97D2D05B4D07A469153C3DA3048EA68FA667A6D90E291C7D7E2D063E4D044964D055F2DBF3E31BB851AE9F78A0A7314F0AD24901F581D74A6929142039C65AF5830D1C809536CDC05E4BA51038F79D713DA930CF18BA3010E385351CF47F74D439BCBC793556A1F99814926AF12835
310
E251C59BEA3C083EC2B2760FEBDF4304C9EB87B35769E1EB24B648542CFA4EBA9EF93CD42F03C08F249A2C98897D8E2225E90077823F4A52171A61219998CED6FA050992B6B0A74A2220ED12123004FB977084208F8E2AFC80F456CB110BCA647A3A0F854085D84FE0052BE31FFE7F925610BAFEC06FC33F9931BF063F39DB
310
3D1BB20EE357F594045F4226131578582CB055A59A073AE0413989D215019B6EB8A21CF154D71164E0D8F4E730C2CD382D098DA5261456A425643686BC8301710F2C50665881399156AA2B4C3191BC555728384800CE10040F746A3D8A80A5F0E500A93456FEC52833BBB45203DACCA37FE1D3EE4B9BF0EC27ED47D89B8266
310
F11EA2DB8B5A8BB93EAEDF0C06B7AD0402B9EAC6E787365535AF19F15158308A9D9785C1BC1C01377F8C6B4D07B50DAD25649764A91DC9812C7B34CA98184084F7C01055466B48058CD44085AF26648520C85C41C67805462D8425680425559F4440F3ABBE1F3F81B1EC72708767DDC8FFB6465796C8FE310FEABE0C9B242A
310
74137EC3E0427091967023299BE5D6D4D0C6D15747DC2AEA4ECC57C72856E827D33CBD319D70FF854369EB841282F84B7CA4881447ACFCB257E252E00FBB3272120A75B99119840858486615636E0E0334031AAA8C08A62E080053A0AAA4158431EC727A084021D41CF5D630C94184F6FE7432E8F5F9A4FCDF3EA7CF136FC2
310
988093F98ED622E38E4976E1BF0CF49D2889E6DF3566719FE1F9B47A2D3BF89C69155DCF24F88C609EE551160F0415900B4C48FB013D8900A9192A700748002924771A3686A0A580FE4009E00ACC090253E280B90AC15048E047020483A038A60ED232831F2CC90498648690D960C48E439F18F4DDBEB0B6F5AC7B7B89F623
310
0243B4FA160A7B9327F3AD5D937C8BFFE5FF8B3A5E64283BEF8EAB9F71159514CFED62DBC880614AA1F7994CCFAE7D8C87057F451733699B8DF87056E1F0654B5021E38097E4E23221B810DE20559AD183A61C2C88A648DB096081E9801CA00BC1DA0124E08DAAC15FD2936905CA8DA1C40E42B13F1764E0C4015EAD7F8BFE
310
C99A310B1B7C0BCC7746D3C0702759C89EAD57122092122D1F857067684A578F1DAB7EAC400841F493A468113282FFE42316CC74C756B1C880FE78795C692813CF4644480EE9B02991BCA257A71861F00666D9410288487618D120D0E80D7773E2B7DD180E100EC98B221C94BFC4FF531A09B986230F1CD08378A8E4D0FDD7
310
D9B1BC75F5C12EAD7FF83F3ED19EB018620303C217A6A35D826E72ABF2D8E2BB1B783F6E48D2E3F360806E1D192085D022103473A10375B63853EC54F500B5B064DBC20945B88160DCF7E4F83A0200BF6FAEAC88E9F54D22D898E43F378D20B51B5D6B1457000922202800DD401A9266483029C0D6D57ED80D42A0E6E08835
310
F0F3AC73D7FAE6D56185F04FC44472B854EB7D9CBF7134DF3DDC35A9F6B38417DD6F508B37C1A718B0D054124176F7222F62DFB327F34D451799D56216880193254FF782D7DDE26C271BF38C6E422E271CE4AB8823C9510F021126A7A944E00DB4031D013C88EA0746C96D4574069BD5439C4110403B40020C30B07A604F1E
310
41D19C21A93FD9002DFC35F23B1E7B98E95E38387E3603FE7393680410D702FF9ED5A3C5E5CE68B5827D721FA78F3A9A0C08A79722D9C9B418F46C0057BB1640C70AA4A03D29CECF33987596D53CFB27B32C3BE304C540E14BF8464E080918268D254838C91A01F0FFB99154FD8A9C0495EAA6534A6C464440B4A71E16100E
310
7405088122A35F7A511DC003D002E6C8E7E15F6D1D2FD09014139EC11FDC89394621F77B9F88EB5A583C41E2FEDBC8F82334494C0BFA97FF3C3A34ADE60385B60E5A30CF036E5E75370BE3B83AE73B3B7DC0BB337DA0045299ED0C66681E4AE223D01B1BC3BD4C921E2005FEB5114739040758189BA8A320067B62A3995E47
310
20055065AC2B4A8006BF8CFCC907C0063EACE41813C5F017065AD46CFDC6FF1BFEE052932CA3478C8E5A6F25DC8503D40F61FC1B047E4DFFE8E84407C81F1AC7B5C79DA358551CD0D13785A9AEB38D6EB68A0A8087FC6543E7471082873CDCE5CBEA1EFC5CC0579469E225428E9A43D6A6000B4219DE52E8DF00A55F4BF503
310
5960661C2DB88AC1F67C2890A93FC420193C8326409E7B595FBBBA9AE1D1511B3F6D65B09AC10A71C2317201A603E88C56CC68C91279E83F5C147787EFE6C675F00941D23EF092920330982DF38C65EDFCA89DA98E8ADDECCD77CB86D85118F3DD9884820B1128010D02F1060F582871CC8FF42024C02239273A1CC3BF71E7
310
70DFB7E96081682803188118B50310BD620234F230B12711B063E0F0490FCDA9248B580D3D3DE944A30CFCF2A1E0F6E59E8FBEA289CCCC943785BB8880ADA9C2FD70F6A13F5418444E3A669273C006C4B4EEEC067827539FFBEA9CFF04D84E7F170480037005AAC8829084329899F90B5E013927F8E646514B4824B01D11F7
310
2C012CEACD163B6358A4454A4221D06E68A71062520649BF9E9127D0772D6E5EADED52FF216BC2FC513C7D3C5CC4C8AF009811826AE20203B076A2AA66D8D32E317DEE0EFC000FCE16D9E0BEB17C74AB009256C5D8AD1CBABBDA61402612C675FBD72D07E633B1A42F2421208CE01397560811204306617A5141706105C9F4
310
984C459F2D0F6C392FA05BED808512B0B9A8A9FC6CED89640EA347D31F0DF76D3D9E61E800FE9F7601BE4C9614A1C58E6C839F13A12D0EB426DE6386B82369A9E6A7F1F9146EB578A2EF4289AA109B4F6CEFEC0463E0072A05CC9DEDEDFE08407B173B8AA65399C80B2911252E6290C82CC1B8909140C11B7AE161B42B9390
310
5045D017E00CED6D27AAA15F2C2179F1E83D411A7020B9408D202381E7E5DEE5A9E7E5CDE3B186433F488AC81554BEC09BC579018ADD1DCB3D9D70F02B14BF9159A4DA376225FE43DA224FED327941705DA582B2FD1BB5DC0540667B650BECDD1D5DDFB0C7F36DEE2B94F6EE2EE4E426F20A1174C31DF153321A24114C4FFF
310
25E505475F6906D4149B21F1BD9D9DF7B059F8E0FD83323CB97991FE80EE131A9003B81C491B218B1D42C0C0D593D9D548003839DC29A740298B0C23F0CE14BB167BD61989AEF0B985C8FAC8F923A73F31953989F0F6C96CA6C4D0A9A88184BEDBBBDA3BBADE77CD8E2FFEDEEF46184A86671D7DDC51417477BE9F04804F30
310
5AC82C2D018A21EA903866A0F959FBD4139916D036635EE03DDB7408BCF0627A03027AD314C09B0A27F0A79490D53839D0DAF1416995CAB24101FA63F75029D57A4CBBA9FB4D120ADB17FB5A999FC9420DFE04FA670430B90FE7F589F7FE8D50A4B5F004CE5F07EB4EA007F8AEAE8E8EF7DB3BE2F81F42166C7246FA9E62D0
310
2C8209BA1024414C483498B50229FD923F2414040B2081390AAC353B5283EADA12A30B1080866D746B9ABF5BC107F33C2A015B275480759334B83AB02175EFD0DEC785DFC505E0064F4EBA5A97073A74C5C9FEC97BD25D819E28AEE661FD2732B8BBFB1BF13441B3C1F45E8AC1752BBF80C113DE960E0AC7D9D02C58C80505
310
A19BA0E84B14402601A590A4AE00A825E98C3212342302EE10FC5100681F86834A2804BC409D70270A2091DCE874B16BE0706C974EB3D26EFEDFFCA6C4579AA4DB781708469F055532A7046C6BEB0CF39F3ED2EC4FBCA3D00EA91CA68FD2B87B5C191E0EB2C300F00A1C9881F263571C6CFD83D079D09F176FAD839340CF03
310
0F70458F81F09AEE1329505150CA0A00576B56C06D58070B23086F685E44232D9D53DE3FC3731044F286D19F459351863F749F1104198D6E14BBC68E17CAE70D7AFD958E350BEBBC70C9C4DFBA075240DA27D40AD7DB063A097DD3F041EDB3E4B682A7A12A548F3393DB01945547175879989302521EEB1431B08759B632B1
310
74E0F700E774FCA1BB83F95029ED1A084288C8893520E49415E00DA080AE8027C34206D35491D050A4C6B080F6A20889A2FF82379AB6234F6710C05F9080ADF002B9C9F9C583AB220F45D618D7E7F7547FB27CED8A8B7A7D24EDA4988B0C1C2A1AFB53FDC61BF3DE50D63C560F0120B0372F0839DDDAF13E583B868717C1CB
310
8CC71D1D7F440CC82184803144196EFD58BBE00B7EE77DE8C015942357FB06FC906A5E2B8882CCF9FFE184B0035A5CF186A962A63F84B3AAEE3D5A2C830008807568B6A9F424086D2095A3E262DBF124350082C4B5DF4704A9D2C93553DE47BD6766B69349610716999FA25854F759CA9792599D3837ACF6247CE8597B0F96
310
0FA3EC45B61715050260C5844FCCFEC9666BC71F875B17E3BCB4CB151405D7D08F846B4CB952248B4603CC402B609E90F0044A007FA800EC46D07A51232B00E5683C55D5096E1374DA4FCBBDE2C25A5B8D26008227CA7758033D7D70DF12CAF7F247939F93F1CC63047D63ADA0B7CC8771B234D8095FCDB577B586D1834062
310
035670E204B245EC093FCBE15626C10D210CB38A13F50E10A0D5C0814B0C4B30AA9858516001669002229618F100767AA3D6D2528595FE7A398C2D2300ED0013A0AE60B91644A057327BD3C36BEBF48C91279B45F8BD145494674AFB211A91977CB838DF35DCB3D6D6AA2FB2784B591ED785DFD7DB77747DAC9D2F7674810E
310
FC2895F9ED8007EC7885101679C06F21E4B1C8A6120956F80518D1DAF1717BEBFB5803E20C6F2A11B2E48AFF4AD2810A70054623E341B3D1ACD92DA91150DE631EEB2C28882D092049C0DD38E262A7BD6F98549930C9D44B7C37028AEA9F8C5628A2BEF5704C0DCB2B428181B1BE766F43014498D2E57791E4C8DA6BD2ABF5
310
003F0C40202E2E32EDFB02852D16C30B7F646B98FDF86C7891690043128B0A0DE6B4EA27F08C30CA34C9D0AA0852A5997F8D11A6EE84E040B20472020256F4AFEBBB74E6705A12083B249089218E6452C8E5A69717E904A3F5EF3D5D08EC1F4D4E85086B238CFFC11AB9AE972CB775616C6D1DE04DDF073B4DE3747C41FBAE
310
6072901CAD0237100670C5A00C2C3CE063610ED824826C1F6650700E88C00B62468903A0D71D3A390255AD7040048348C56C4647413C2C2561216E0C469203EF06A5B101AD40D0E207F78B124747DB5B4BBB4E88B1C373C114E0470B345156EDDBCE1B4DBDF81DBC400746B0B54E05F693707B89A5E430982C2AC7D10DFF11
310
D5B102B9505034B35D07E8E5F585757F088B390F2D4C85CF7218E8418BB4F25B885053D07D5A908326809F31D6CC6B77CC948413B28664484439D118DBAC27DB5AC40C1AD166F25E6A2F0AE82100C0BF220405323E1FF80DFC518CACA8DE1003F3C9FAE9C7B2D60703A0004F8EAEAD2DE0F5485452D15B77B4B67F4C2403B8
310
D8F9C533558ADE058A9E177A1698F75DC0EB4C800F74C0270178C8579C1FACD025F0560844502D2BBC01E620030CB93636C1041636A693949CD80139FD15BE107F905590A292840F8860706D07E2970A2F15E5B13B87C3143CB2930374CC46A6F9B9D7A5CCCC14E11B9E879A49FBE27ADBD6DA82410FBB94FAA8487D61B51F
310
4BE0A03FD08743C31020D6628ED20305A22C2C2FAFA7ED1E7881C438AA5B9035F20759E243C51F34D0D5F02F11403B9E204CC1686C0B6C9000470561519CBE1B0E4FBEAB37A39EE4B84C05F023858779341991F36D9D9F351E7BB3B5ADF00148D9D05784F9AD8B037D48C01BFA83D4247F03BB768BEEF973A14E610090D4B9
310
6B1EEC5C5E66928F28EBEB6CF578B067DD83086081579848E60DFC7684044D8174993C39F886043481F6A2B743B18749E52447CD4D230513032D20D20206E536E15BCF7B7D211634F98FF9986287F33F9A94615A5A0A7CACF8DF5DCC1AC6EF9AF1945EB78E0A2FED1DA2ACC00EF983F9A012260BD722EF61C9DBCDD8719703
310
ECF839029010CA0B9F100B1D2842153E01A1A3837AB579516A31982FD2908A09100DAE591016CBCD4B011A2F4DE299E1338CE065DC4841BF9895D8C81714800CD08F5AD39601BC929B55D291F6CDCEF2AB40DD5D98F4E6F107C47AEE4A09A079C05316F479DAF4C2BAB83221BCC0CE23FE3D3D4C7BC9AB673D89A3677D6020
310
F6E182332028012FA0FBE0B2668FB85485902A8E7FA0BA2105C213E20BC2169211A4BABA7D693C3F1DA961F203694853137073AD5CD25F1C017DE0477626D7BA55B88F83B5EE513C41D814639FD1BF759171F4577D3CAB0C3DFF68B2D3B1F8478C18F67BEBB2598FA76A4545E9E961BACF657E0791D2373030E0EC9FAEDD17
310
BEA7703A738185D08236C407448A4CB504CBF01FF43859D3115488EA01B55078000DF085911805790DE1B41B6F8CB2889C3834FE02AFE07D85143C6C008438A944EA63E047023A7EF37E13B0903AFEA7BBAB9579330FAFDAACD540022980B65A75FBA17D388F1E6576405CCE7032D95BDA420E7DC0EFA320879E5F8B3B04C1
310
D2D9C1114210C19FCC49DC6A855E12010184DB8968109ED016E4683CD552A36B3AFA13BFC2114068935A7E774CD2C7225642B73325938052D8634ABC18DC9442BF9E0402E85B42F9F3273672DA8E8F1070405D1DC3248487574CD98092B8B956E6AFE1566530B78FAE05B4A0DE51FBAF85DD075C7E11939F80E015A58D1F87
310
E400CFFD2306C4D1D3C634380A201545A92BE01F445800BE12302AB477BD6F62600D211232EB061448A0D2B877BB940D63D059C37E0569A83DE93E214F4BD86209FF6F479C640AFF8AF6D1BFD987D029A94DB7C329B4184D4BB013BF912FB88FEEF913071A8D82B651BC10DB067A7EC52FE1B421883144C00F64FA23A11CF7
310
08BF16CA59F18D4C04B8085964B2D8DA4A855187000BE440BC816FFB13374640B0EB1D0998AF38A1AEF503F14302E2811081FC12EA6CD38A63B33035125F40F170C0B0AA45E9FCA38FC6D688D48563B5C4B4B7C359D3C7AE0EFB16ACD5E2FAA47EF8307044B4EBE1C71E84E742D81431FB06B90B600B9C239E277A57C94C42
310
7EE10E7826980C0136600D916A06058CBE8604DB4D314FBC014EDAACD0820F14BF75449B70339490FE5A0491221BF95F949DF1235380E969AABDBE2D32EB4403D3FDF17F42F9A0A7C28ED75BE86BDB7C7EC80C76F86B8800F77B305EB88F00A4352E0F8089EF811EA02A3DF08F7DA008F803BE4B4EF5F41E56087099E92070
310
8C3D720916444440FDFA013D4E1201414123A09290F5BD7AB729298209C4306D007BB0829FD4EC3A6D7E4F00B67DF38CA0764F832F0448E58439B952CB4F70DF964AFA74CCFDBABBDF273E2FF4F56D3DBFF2A78D42FFF2755DF307066497F44062AADFC0CC546F6DCCFECECFA232E14F408F05477D311B683A35BC245FCF8A
310
5CD2AF20022C21022266905A5BCC8B20235D6FF04019CC04058AC80023662E25F342063165956320BE50370F2A657BACC817DDA3DDD3EFE04028645780A768FE38DBA88BF2EF3ADADFC7FEACA952E5A77568ECF0C971DF32BF1D24F8486B22A649EC81B1B60315CBEFC026091CA45F858D7D04C1B437079431E63E38F88075
310
8842E780A9E03791C0FAAFE10012588C3C592FE35461A6047802BA18686887023A422A49599399893103942CF6DA53A8E387825FA0678B261F139F801E2B17C901D0F5217E07AC2401A87D0480F753FBED44FE949C93A1D042B879FCE499B3D861AEB23F9C1F372F0C24D0B7D6E70FE1AAF60F84BAE642D82F0A9F53E22783
310
915518494FDBC0AFAE7DA282E5050B703570E06319A015E00D693A6BEFFAE493941C3B08C13B96BD20D0115A9565701DC58568A3009DA13E965765C03091F0FF339F7309D44F6E61F837F1B1FF920450EB8FC48F9B40158BE89C81A597CFB0DAF5F5755D3886DC13D4479599B583758CBF35663AA234F133F91D3BCCFCE0A7
310
94367F385C59B19431780F1C099131384056616E15A1563B50021D369C593FB292685A68A8B2A50A0A2085CF05434617E05FC24A6B077B990014421A68401AC4D65788EE25F737EB780D08A6E38F060F2ABD889E1B889C44852C2FF368C1E3E710D73B6589EA83F7417B341ADA1F639A23D15298F087AD0326410E116C3A1B
310
325218433C71AE62C07C1480F1C045629724A076A4BB8D622D24690486727F56108D07046DAB065000678E04C4F8C342DE27F4AC102D854F2D08D59B4ED0E4F697B0FF62F113646BC5B7F3131D4EA8BF8B265EA3F2026E7061B96F6DF3D993276B2180B8E57067587428579460551049049B074CF8B1066C7E14C705F0B392
310
98C0997C17F701097023BAC31081390196801FB0C2A12380042927503D5A01CA127F9841B460310639C674BC8CDF1A320501448E0068905B07F6E5602F8C1F07786253438CEC51AE61FDB25FF71B09893AC026A9EAE3F30F369F5D5EAEA5801FBAD3C98B38C13EE017B054F81A56F05259DBDA64FE270B1FC4C77200FE276F
310
E814B916E222575ED717A62A92956504605268408CFE13FD61F84252228376060206802B9550F00B9D47E6AF1022538A752CF4FFF1F5931384A9FF8700EDD4FFA2B93FCBFABB3EA6C607FF714B0B8B04EBBE83B52B246092AB018C0D0002FC490849F1E214AE6FC42009D6D86616C835B65DB9862EFC4480C14137603C3089
310
D0A5588FA27E693DD184131BA4E88C35045ACEF1CDE1A82323C20B842F2419604821196EE8185BC834AD44F8E9B7549A32900196E9ECBBE20FFB4706861AACADBBFD9B56A23FFD3AB8BFACC18B1B5AC0ECD7B6AE2E2E9CCD2BE8AF1B1BC3A813B94107E82DE67A42E7CC7D4A6116700B5B2EE3C338A09B840F07C40A64800D
310
7C605AC42B72227C4C7020AB1F20056E26F542717F56534261DE3766AC10A6ED2D006DD03BA9DBA507AE0510A8B385C92363B9154167F1230C40D76AF6F3BE0CA08F8BA2FFBBCEFB09D0986550E0F0EAE2F2780CDF850CB0F88CFC2815FE87BD83909F474F45DD47F1C821DB2107A8817FD45384F57891B65F2543D0C1E20A
310
89B4A8DF806862AC27C60F6A054627FD344250718AC0FA21CDC4E28DBF2650D1B39D8B8A420C348A4F846E2BE824BF8C45E1DB8EEB52F576F47A75FF95F90FCE0FD3A7A08D48D5B9AFBE3EA658E1676FE3372FB57F0AD8D70ED4AEBA3D4C2BE0AAF1C3AD63A6004D12900CFC481A47430C9EACB390038642C8C41B13303166
310
614210592736B8603AD4FAB17189DBB32F3915F0C380795A089A15228460BDE8E52203527D41B5470901B088D84FF8B3FE2BA7F4FD30ACAB3DE0B7E2FF95807AB0010FFDE3A048F7360F9F3FB9380EE537F16F8673131325D3351A3F664022020811A0FE8C019CA17370725CBFF64132025DA1BE2555102212E80A907FB43E
310
D80A991A8AAC183932C19AE17524B06590B6AD286EB99BAD18FF4BD64BAB519202F992A963648ED30E7521F909F090C0213E367A77D8836BEB6F34D92EDA624183070248351F1A079E5D3E7A9EE81F2CE6678F92E299EE312B6C0572C0A7B5EEE07853612403813152C7125E2022A20C18F855DBAFA399817FC97FB6E1CDCA
310
31D348434ACD0012F0D32A5456B4007E6E92D72B1A4E9971223A42C1042819E4049C0C5801300C0013FA48F8944FBAE71DAFC27F1826FA2304ECDF3F6C10FF47D5C7E49748DDD687DE8E91C09394EE0682A4F84CFD6067EEDF43E67EA46CB2F4070160439245F00343D03BF25D7E2F26FC400A896DBF19FB8D4D0A66DA669C
310
3D608F9CD048A0533621B25690EE19D5D15248E390F042B12C682511B02BFE3E5700E4C9A9B2107A8F45248FA48234FD23005ED1F4EFE80D1320836F04003BF42856D478D1DCA3ABEEE3C68F9F30C3A16E5C238EA5DE3FF37DACC2F8B7980033F47FAC34421EF0418A045394802CE032D61C70023D788136788613887C0011
310
A4EA316E005718AE191F8D0D841B9C679CD2FC478442D005429166F5A24403B1E6ACF3298F388B6D0BA933D92339D48969A5C11F09B4FF017A9900A4F887010C474717E10F36468032FF33F4AD610517777104CD920C3CD15FC5F3B3A0C75BBCA3B00F2724863C10BCD4A0E00736C7981F2F72E4B001438B99714FCFAF713A
310
2603BC710376A1715FC602022202E06FDEBBC680A3DF1C4C095A12C50B554FE7623B50374FB2129DDEA4C392C9188077658C87F55FF92FFA507FF03FC8DFD3F31BDAB46DD51AEB03F7E1B38B8B87CFF47EA1479C3EBAD5C6B382C221C0F1B358B39D76D9D3142C4A20935F541E492E0EF081BA41B3620A8E172B584EA14856
310
32E22A8221CEDAC6110AFA4B6D43E2B76A18AB240BB24337721C9321D2C033B2D3E2641A55A400A28403C12D1DADE39AD23FC5FC08C47A64DC3FF6DFF76B5235124022D7E6D6D5F3CB870F9F31C96FE477FAFE54100068A3A87FA5908A2C08011CF31309C10025B089FEF9C510522B8DC07C30AA469841723A10C08E27F00F
310
7FBC181C083F2809EC3B2B328E294AEAD5A071B3A95C81D2DE3F930372D022C9C793535B92FDAD5426E90490C3C81D000017C6494441544698C416520C1C40C71FC204B22448FD9303782FBA67089A1A7D4CE38E89050FEF5F1E078A4DCCFADA058032C34C1CBC2E1202B1F8962B1A8024F0EB7A11F209E96FB369D4B64202
310
FE7BA230AD24C46413536EAE955B341B726C593B5D4630C0BE822480908522B0D85430230352618DCD4F7BA6D568BF4343801480006658EA3EDCBFFA9702B4FDE9022163C43F9B72B58001A23FCE6F0B3FF0E4E1DDFB9801A6FC42FD0132CC1F2224F89933107AD30B6C9131A53818AE944BE25A70810821C38F098411980E
310
46D108F483DC63F49B91B852351604091D60546702F58A3872A1716411B642C7629C267E64E77719F46B0548FD6BFFFC86A38DBFADFCDF700228C124C8664FAA02BFB1F92B09800876FCE4F2D1C3FB4FD0A44E0106A8DB8079751CBF0BD9340066C3D52BC64706467C05B5A54401BE4A1B0132A55EAC1CCCB10D378A3DFEB9
310
812022327745EF2102886A9142C812A1A2C9708027BB55B7006357459F9C2080E0BC34489FC629510F3017B62D5073E2A2C64048A0A42580E413BA9E08274091A398EA80B5BF31C87BF5ECF8F1C5DDFB4F22AAC181F070AAFDDAE5650C4000516440D8806786D874215149E69ABEC43FF0EFC820FEA112B0522003C84BE03F
310
B76623513B6D840820358B084119B0CEC8C00AE888826339A54091F5FCA513AFE147975BB1A86FC50618D9D74502F0C7C8815AA306602FEE3A5E79E0D7DED1B221001118B73182CD439A092FF801105D1AA14E1918EC282F6260869D55108065988BD67F68E5581720A708051F7C8070F582389C682BE53F2AFD85853F2A01
310
3D21564028E06E79B7A71E43212180A81541EBC88F451E02385100491AB0C4A3BC5309A95911E66D04C0B448366988ECD204C2FC930F8CEE8FA410EE4C25B58DD1B6EBAD83F6196670F7DE635282C0A56A851AB035831725F0471A10FE52097089C80495804100318405F0DFC2136004B4C40705EC9154315129205EC35793
310
0035688F61AC02188250CFA9A980233925F16A117A48CA54DAB6400221976B75D863330942E20EE3B00B08FBB71AA813B0E502FD2B023DF70114E0D7DF2E2EEEDE7B789504200112075478F2FBD6897835C91F0C20782401E801A2F9142700B74805703426023A81CC0BE88B537D0003E0C5181D29EB8D83050964DD258091
310
0A1E7A8138F76253DC01DC2F3824391AD748276C0B0CDF12366625D038603D0003E0266CB42704C8CE7FA7F11B4D59C0BF454A78F8FCF1E50513715D469607031272358F04E0003C90107223A581218F10008B10247CD20D860FF0BF48801040B361808148714764028EAC137E871501EFDD97C89B52107FF1235B0928C562
310
530082573CE137840EFEF82A0BDC602736C595912FBEC69E6A3A26903B3A300C5A098A9E3F1810CDFFBA019D97B4E7A7A075850F2E92569BD960CA7B8304995FD006FC4213BB1448A6F4BFBB3A9F9FC4962D0A1369129B10073771FEDA38B1737B663A71C088D8848027FC3008DAC4E4397A6F76271DFFFCF77D6BD7F1F67D
310
A51E0E08875A6BAFBD6BD7AE52CC04A0B4A2206F650EC412841A48258258E8662C3838FBE21E25172C2A15A4F78D82DCF68A005DCF07047C183E1CE47731BBCCB5469D9169E0D588945BEB637E87802A03D88FB82486210D28FB3B858D13DC7CE75F5E6F3B03C1744D30CC58C7C7A256146853A05243060B850072A7010CA4
310
7CFBF9A1E24F414037B8781E8E9F219A774B36481CB43E48A79819D638C8760D672FAC19FB9D3FC5EA9158DBD0159C27860409682E8FF2595652FE189D2CC2D7C023E944158355806FC320087CC74116030CC376C559C098B93A041C5DDA48AF33827D2327DC761D19C17CC62780D82A170E6CE7415A5E7FE825E053048F88
310
D2AC2A561CA4D4C60098DA28EF1A01382772484698F60C8DD24BF396EA76260542810A625978C03580A9CAB91D10249BE579B0377A3DD15749A45F24C4D81FF3D7D7996F6A1690288008C0FF6CC186DA9D5FC95BB09B1301004B016E707FDFED306A1BE8FA208828F00BF342186839839F1F6FA338DC5A0200FF383DE92614
310
C03A4508DA18F4D85F9354F7E867AA77A42FF49BBE6757A1A7454448D0BFC3C220714FE43A3D8F1547BE10F0BC5A05985AC3C28829A06FE24CD062700601F4AF12AF99099B08E7071DC4626A97C920C3FF96E190C9D1FD7CB6163E800D79E5F3F10A9306C02B799E80F1AB380E0571A584C0370A220C3125000B500900D96F
310
EA40409F980E2083E4EDF4D8D2480AE5667222E020BCDAD4EF19682120818FE18EC7FD6AAD67C03F7DF1955E697456F517AC4F24700C30171C67E9168B109A4F60AFA60F98BE30941BF776DBC7C70792A2FBE98AAA97224F8BEA39B47BFD14A8CD03320DA2B676E3AA397E652E30A42CE2987B7DA1EF7F75242413800A04C0
310
270C62A13372400B435ACD84B8B5009208F5AC73EB149FFF3508E21C2201E0338BE07E50EB47E7FF6D97724A601028C5519073E7978EC88834410450E074DD58AD13A4900103A6444A9CB99103229F0EF8C0C78161EBC68137240734CDCFC349807851E0EB46CE864D2E405ED341B71A390CF2DE20CF5193189E1901E866D0
310
230409684B193D17E2928534D04240937D3C84477494FC5E0FE0B448E35AFC19007926C1C6A6E622FDB8A12E30993C6710E070397C4B26304C0AE38218D19F01FFB15BAE1C0E7E74DF75F2406E373C414E848FF8E500EFAF3C1029C9C0ADAB2313A7426CA9B2C1B9E30032C84EF31A09A88A386F136E8C2F1D582EA0459207
310
015F10F1F001F0B1B7DF7222011EA2001F00BFD36BAEE0850928B08C077030FE3806C880EAA74BCE0863A952812E6008B3A89199C1EE918AF96AF583F1A073B0A355B9D861AF1460DCFB3BFC6B7EFDC834B09700CBED3510E48DC7129041C991F06BA5006CA6B5B34EE21501374E8DFC910042036111EC9C7CFA1C05D48A72
310
70F7F835BF04A4194DA4CF76CEC66718C84CD020D04C412AC848F03E3C61A1C8D50D0EA6838A00376054D3DF61A0E393E1F8B058A6C994093476D601A4A06F0CFD3C0A6BFA910E75CC10400A80FDA93AC9B5EA4303F6C0D188B559086091CC5910137772E14F2376D03181B5CFE74C0EA38440D0AC256D6C4D104CE05302FC
310
C00B60B9CD4D71E08BD40C144A025E60D4C1F45FE846A2105D717EEA84808A5DD90A168E133640311CF05DD870768683F5D2F1800F485AEBE5CABD8FFA3C0BEB33702493AEB551B1EB035EF5C8E5757FA7832141F88E8578A363802B560007AF93D7D470B478C4D00B412D634C9140C4F9275C00DCE8DFE3C7F8C0AFBC5B2C
310
E82E3C3BDF393D4375D50C43CD1C17E3777CD2C170725B7B42B41DF15BFC344DAD089C1E9118522B4A2C60B794E4E8F33081BB7C8CFCEEA0B2015E49D586429C6C78646180B7710E06018A3082243C275F077FBE412C17DE80D3E6B9462C5204C5D980D1DF84A864401C483CD01B143F4A4868087A0F780F37230200A4FBF6
310
AED325114C367C22512750A5C7C3E32D545CE20A0904183BA10015DCAD89864B3E1EE97EBAE8B204266A48E010511838E2FE413FB116E60880C2D8440AC3880DDA6DF6618C138CF1CB2A09637E18D00F80CB0DC05322E31EADB8081C29410903F06BFCDF5AB46024E4A75828056440503C707856EF0C037623DD4922A400E8
310
A6BD75E4D2800905F18450A00CEE88860C8964C7B3F90F56528BA18F71CFBBBCD2D05797E168FC37DB26DBE0DD2EAEF39686C18440820013C1444055402A541400DD362A0A402F1FE51246404E098249FEE30708C10CA0B54601053159480C00BAA9B1223A773234FE72FD5C3BD81804D8D196FE3D5315A0C981D88D04FA01
310
DFC185CA93F9120E1F480B08063364A0A318F08DF95056E4C91F1150D31B011200383502E079EE43CC18603AE2F88FD139C802A739F208E88D06DC78267C448C27C4113C19B0F51B0E9C1C021CF8F9167C6B1F2E10E461002910105D1042792D1CA303F469714C018C23D72179E165049C40E801CB96CF334562E5807291D1
310
E0C70FE6CAD91656715F0E5C5E70F8D7F83290549B1BAA6F781D25180EBCA93EC84E72A74081CE3020789B3790E1A9E478E658C099BECFF01E530E80EC5FE31204ACFF70AF8177A03059240CD074978A002A878BF883FEEC81DD684E406CA630ACFDE87292822A11953710F000885D6F68A67ED40CD772B0828359B753F7CE
310
23D9479AB9845771B389D6A77130F8C134EFC83947392029B10E4425440A84AF0E54825228FC1634D369874739C837A9DDC83C20D320C36042610ECDFA750303710224D01202488012CA847424F8D53F78AB6BECE9B3B35A7F32396AC6B7444566327DBB4DF06FD9616744F4D3A397EB3B0A3FBA8D763702883ED742FE5CD2
310
4146D8E353ACCF811C806AE09914D8446E93840FF4D6C963FF32BFB6AB015D1D3B0C9A0968776F021F21404B6260CF84A14F35180CE20B5E85BDA2EC91FD5A7DBA7E5705F4F0F97AF26CE18E3BA078138202400A62930FA6CC7882F911A92F33E547E64990B0F27323D73B6222863F86425153FA8009361C675554C25382CE
310
148420C8DCC47A20122806CA178A0918C14CBD33440289078A00EC6070184CA9907FD0A1270478E0B325B67C2193694EDB7DD0F3C238447C8A11485562FB4902134E6AC952FD5320A4F7C780882DA9684285CD81D278C0E8FF8DEC9F45D22DC3C2CA99C2728110888799575B6834BF22B0F01EDE72D7F21B672C40F0A97299
310
9E2200B7C91403F9BB3D09C01990819238CBAE5E7510D7D57450507E3DB04AAA0A3C280064E0775380C8C16EEA4834346A04BF0CE847B4B3AF760D06D24BBB267C32E2C9257DE5EB748AD101AF1FD33265E2B674EED8C01A0AC901392211011AC810560F77778E85B13BAFE3E25C95B70919A4862C15928BD8989664AD8638
310
101D009A80F00BDC41AF27602A4BDA0C077E550048E7F1011410F01405045E1C140B4D0E70E0F6E034171C3D6FD12004FCC1FA304312518910356628A4A326EC9ADF5DFFD1B2C0399503F14B4F8E3E0E4E39A06ABCB56A8014687E86E462BDDE5124615ECDB412B7314F62E6E0C76ADEC0F717B360E741960104CF1706CFA1
310
8E0605004B01AE007869B095ED92144A807841EFF2811C047889A04901C809062057192688C92346F97F279449F89B113500BAD282D1DA80A55C27EFFE02C8D4F395003F285B617BBF0831F49B055342DDDD414378E8888E92C16789F269A27C9A221FAA4A0DFDDB9F935B2ECC04DC51481558A69301E0460B02665AC4DD30
310
C03D480866C3409400051811876014C0F294C542821AB045011A3E3F09001FF304E3A0BED05CC11A811B865001769507FC01ADC611F400CF68C7B093606E30F3C7E0F00C1D10C31951C1E2D7252181DA00345842A19130715C736EC9ECE686A712FDB31E4D3E50AB336E5666D7B212C0113C4A4406029709B43D0228F3FBAF
310
49921B19CA0C82A2D5BC4A2079809240F37D3E10F9637607C3983F0458508A98B8B4EFC92AC13530180CF55359500080061DF59B98BB3FEACEE881DC8127F182A885A86FB12B43C590A4380504E32305E3148BBEEB2D2782029765428092545BA5C2C681FC5F8E869C0EE1034A822FF09A12C94084505AA868080303473F81
310
61F7AA0A6610745E280BE4427FB770106F8800EADABA19F453210435BDB2348471B13B65F2FCB554827632C4C44467333E4127095D22092ED492009930413251B5408345065065E415266E20279A40B3F520370BE2050C8360E6BB4601C1673B9BFE007EF5200B6483CD195400A783E6DEA0653515B0FCE8E86D1618FC1EFC
310
15C2E727F24F2A2DAB57326D8D0877D4E298894E7A0C3C7D9CE8A0E2D17AA2020FA1097D6372F2A9F955060FDD467AD0426368C24A8340FD0D6687A76316DEF5179ED9042005A2BF02A5DD810A4DEFA4A8F700EFC50FF4FB8C06410F0303C106ADF8852ACC6A2CA9046E9ED070739339857222CC009E206479886EA26227BF
310
7A341A15C351A8404A6C10080A2140FA4B4E8D9B9A11645899332363FD69887F436A660566964250FD752E787B64BCF8E6C8190DF8EA0C854C062D8A5A1346F810414313E606ECA0AC3A01D6928544029D5F42E202C0CB386F880F7842A31287061F32F3CBE09F2950783394F2F2B23D85386C6F51943E99DD10C8A0000BA9
310
569A14805693274BD0E4F4DC3F28E331EEA91C4F33ABE057889BFB92819187840A08E57A276A8BFCB75B0342668C70C565C8059996D209C2800941A21FB82B2F520BC2E6FE6F1A8827043DE17000DACC8193E78BBB8DF1467978C06F6AFE986123E3A95272CAC122046F4C65C4B88FED2F1CD1D918F7CDBF8903BF1A90057D
310
42F4DC133AF804ACBB58446A0DB78806FC053FA1E45D0AF1112613CC0DD976C5E70AD3282F42725C0D02AC8588DE451B1C01ABF063E7748A3882F0DD484BB78D037F9812240EB88B6034C0AD53E5116D4C6D920C6A89F084E6D0598AD7EB6930CC7B293E27A666E5CDFE9A3FA52FEB3C97976FDAAE9A60008FCA6B33099CF9
310
880D35D419FC687D424378E3099441E110C5B3C6DC311E6653514A67A530D863326C4D8430E0C28024803B5B069B0E60C10EDB6DF087034171DF01F1F3404B27B1056D8C0E56E7CA6056E7798147BE4C2F01CED5987E413AC6A724876DE3F599E0601CE7B9CEF3BEB3671E12DCE8AF9631B8031D3F360B6955DC2342B2A0E4
310
632A00264C0DA002220CFEC3E10D9BADC8904D88DC51928593AA16C91DF6FFF82B3234404C7214D0F8608E0052283EFB2B0563F1D072936C4017706010BCF1B16CDE0C1FA9C777E44E1F5259B0C9BBC8794A82A6C182A3AF56B16921405351FDDC91B5BAAA617860E8D76C97C377FE701A4EB4378FA97C2C8E3CC8950886C6
310
FD93AF70A1F5F676B7ED16CBC56AF5D09110EEB8607CC08A795882358280DDB98AFFE7087C6EB593D62F041CDB4018935238E73F1098100D0C8769818F777057F64C703C6530E142FDF5C837AE1CF66C94C4887D3A3726AB990DEA248F73B5D32C8E04F6714B1E67C53FC52040252E605B322407CBF8C7F05453462A295ABF
310
4D95592DDD76AC23512E9A2DF964715C80DD752CA8E263AC36F02C3C28A133EB22AC8D099BDEFDE28C3E8FFEE3815D5D00C17C00511058354D62443C1A546280E43572A9C661A34FA5891F8E7570608C8DF21DF51DF9D2A84D4501F41B8CD4F4C9DEB2F901E810C0E4CEB6EC08DFB06341C864CF8D0EEE779A606545E1E64A
310
AF30A4324C20FDD3BD558BD966BA994FA915CD162B1978642AD01694E533EC190368A68234657085B5F88E27A0805E04B8BB6A00A51646EE3C10A50FF007FF410F1963CA69BE2002F0F902E701AEC995FD41F83A3F0C3809A3288A083003A6CC2A20E6D703EE48E3777AC07ADD51EB6101603A9FCF17B3D5928F6D742EE7E4
310
CF38AE2B03C5FB39C81D7B2978FAFE85AF3D2710B0582C970F0FEB0E4D1103B8BE2B4D560CA10002FC8F334C891C07B44FE06B2E3ACE5E1E2D1FC32203110ABF9CA0E8381F68EC3C06701328E5A38278A5FCD944CEA5283DA933DF2A2448BD23F1C5D8BE04CC2DC3B43B3EEC29F8B5FF926D11D3E97EBF7FA1BD1E5E5F5FE6
310
D3D972F548547783146ECD84873F377C5820F7F9FCE5E07378D6CBCB7E036DF7F7104079A05B77C6942D1BA95D47424BFC3DB6411009A42E207871B7EE9B06614BBD20F22F7523FB985F3F7068E37600273A3ED0C1CCC380F6EC4AF01CC1CF95E4848B7BF950AD14C44F10460221E02D21D01DAE800F323704C00035DFE97C
310
B37F797D3D1C0E4FBF35EE1E5E9E0E879FBF3DF6F474780A01FB3DAF01FE0C0798218007C2090A3008BA7682A338F4A8804A06CBFE6A80CEC766F49853F15B2F45FCEA3F8250012841315016E75E797EFEEC4ACA6C79F515CF1738F7C36E2406071051043817C9E8C5888D49D0332E800062FF54FA562BF7446CC0BFDFBF86
310
03D1FEFCC9F7FFB5A7F000430755C2D3F72F2D02A022820897ABDD44594475BDCCA4A10AF34C06B08B4AB58BBFAE30999DC66C7CE903A83CF8EB006EEEAA063430F84B05F0ECF644825F5E95073870E72A0771AB89B080022A0C5A9FAF34C89286257FB7BEA000EC65B59750C68E0815B0D9834B15606328F80709DE09018A
310
C2A7817F83F96DB3D562C10A0A31300230CD4200B87F85808BAF64D04600254047F9C14DE93464009E7F5AABB4FDD6D55142A2C0BF1541FCE19C20C899BF4F76AB54B84CB97F88F48ECC029FD253F0C70DF4816B9AC94BCBD653B1A283C4001A0337955E4AFED3FB790B6B1F5EA0B5514074103A38D84280EE0F5F9BE974EA
310
B2D16AB1EA969684B6E4166CA28264B300474C7308D20013B204A65F82970718D05678B3315D442E1C0A327E2F56556040C005D2FAB1326A68A07507C9E46A3648555A7080F5F50219A00E6222E3E0862CE95B5680930530742F1D041805E69B788161F015944D041182B861A2C17F3AF01CF5BFDF6C343F9171F5B004BF59
310
C016719164B888EA206A02AD05E8464D06B48E4381A0E9345FD171625AC22198F57C003BEA5510F81FF78D31C9B033D0030000000049454E44AE426082504B0304140006080800194E3A5751464CB48900000043010000360000006662782F45443744423132332D443546462D343838362D413431422D4631423343383732
310
303144342F6469726563746F72792E786D6C9D8F310EC2300C45AF127987122606C71DD918B841D4B851A43646695A717C52A85029031293A5A76FBF6FACEF7DA7264E43906840EF0FA03836E242F406C6DCEE4EA06AC22492573150D1F66C60C640E8938CB705396EEDD86DE9B5042FE27813D640EA63BB001C722AF6E55C
310
B61E4863F58284D5D3F53DD715CE1C3985E63FD7F1B7EBDD617E9F1E504B0304140006080800194E3A57CE95F7B541070000541C0000340000006662782F45443744423132332D443546462D343838362D413431422D4631423343383732303144342F6F626A656374732E786D6CDD596D6FA33810FE2B16F7E5EE031048D2
310
262B9A555E9A55B4EA6EB5D19EEE1B72C0A4BEF226036D7ABFFEC6C6264049427BBBD2EA5AA94D5D339E7966E699F1E07C3C44217A222CA3497CA359C6404324F6129FC6FB1BADC8037DA2A18F33E4B024C96BFB3414E388DC687C599B397B9614A95CF249808BB0BDBA5EFC85328FC444435E88B3EC46CBBC071261031779
310
E293ECD1F0718E8D7D70302CA3DCD814BB67387D681D956246E21C5485F518A4480DACE69F609239734CBEA1B1CDEEB76D78669B290C6F2A4AE32CC7B1F74AAB961CBB9F56436BB4BAB5C7537D3C1A0DF5D1956DE98BF562A55BD7C3C1F26AB99CCE6FA71A9A39BB24092B07A424F6C18B2FDACC724CFE9FCA7C894297DE5E
310
12C7C49368766DF089944B49D6C6A401AC254CAB39A4B4B5B630EC69FC896DBD4069A8D4405B19A77ED7A337D9FD0D20647DA294658447799633F0B5C4BECC87816396AB0DBFD00C4538278CE2108574C7300307C1D6D2410D313C5BB828C431135E54F2EABA42605FCEA52E2D83220C79FE6A3391692EE423C933A119FD87
310
B0A3F6F5D34027B0B6A0713E91C6E62F2988983AA6582CFF37B4E53F4B205110E23D440B98C9370DED165E4BCE059B9536FBBCDE1DB69C1FBA0F4F59921296F3C813C92CF34E79B0165A107C3D4029716DFAEE88CA3780FE0B205FE9821CF01CA387D161A46C6738CE828445E01D3440FA007E0C10FFF8EA9363560FCF106A
310
70E5294C216D7F10A60D331A67D7209D394F10F4091B4AE3B61E0E21A6EF68CCF31C020585092C01DF07BB8336DB0099C2223C8543B01EBE1D937F44F0AB94037CD3F25017FDF670944A98769E1D7DF509628651AF7255C3C653F88E7F08BEF3D5F6F3B66001F6C89D4CEC1509684C7328A6DD0A35406FA4FCF7CD179191AF
310
EC69ECF2E09C7DC289A3C32F5BE917241C03AAF03A5CBA46ACDC5148F730C431498A4CAE77119597840973772F6E99C39D67FDA982A03C0CF29B474027994175F7184D3928DA4C9A5731A171C489F3A00CC07DE9547787BD470EAFEB0163BD470F885ACCDA428B287571941431A7EFD7E1DD36CD180EC497654DEDC1D49E4C
310
C76319F0A0BB3840E58F22874A7D7E5284D313C72C1BFE92BCA1802C3369047CD96583075D5391BB498A3D9A774743CB8C9E2AFB34088A0C68BD139896C6C6D01A97D8A89FB68D066F58AD943A6FAD54CAA511DE1337C0BC2676EAD700B412AE9CD489E43E4CB28CC624133DCD2BAE6BA13830803ACA4857523BC296666E44
310
72FC9E881545B215B08C04A10BDD57CEFBDFCBF1AA1494F5F69444DEEB25B12BEC7F71331CA561D9D75DC2C0B25B2774E2CA95E6473C417CBA3877073E116DFA25E91593287C7B499FBE5BFC097818FEE9F0A8232834EB50552F7BD632C6D6947F4D8086AEC6D6F0EABA72C525B4D46139EF5BC2023A2DEFC57D2674FFD08F
310
0495CBCF9E93913070691816915BD6909C44D0B6E1BC60BD32F60AD8A47D906486564AD44E0A68084D756F9A15FD8AEA58E030D1B09CA2D9DA3160148DE15ED7CB9057567406B1F085B8C3F2ABDA65FFBF5DEA7F66CCFADDE691BC3C27CCEFD4B4D97AA8AE4D35199C30654DACDC2B24CF9C7AFA45E2B273198791122219AE
310
BC59C80861E489F26186B83575DE39B2679C7B40A55BF15B5F4046F8C43FF6210D717234A2CDE050254DF5B6F5DB11D01D2F208D666DC32935820905E64C7BC73F84DF30B81ABAC5CC949D9059AE6F786933601873D4E38CACAF9FB62D29B0D2FBE97B8E11796E4990AB4BDEFC9D11F57D73EC715B12A445DF37671ECF1F8A
310
681763CA6B230F0BECA71F3E8AFBE78D09970BF37675BD5A58F6505F8DD76B7D34995CE9F391B5D0D7D662B89C5CDB036B353219C992827924336D73E0AA6E2B8DF72A304AE8FADC42601271F9BAA8E2B9EDE0FFF12D244C76F8542CFEAA9790AAE1E32D592B17FB5E423A897AF7B61B83F58AA8BB8BD89B7AED72BEA002FC
310
7CD9023252F5BE7F73A144AB0ADFAD73AD22BEB1F09EBCDFFCF41AD320F4CEFAD0D8D145F94D2E8679554795523762C16BCB856DCDE7C395BE5A8F97FA68399EEBD3D1EDAD3E598DE7F3B93DBF1D0F5715E2B216F6AD2BBF04872A656BA337982067494861904F7CB42709DC816052D1835F59443271B78106409671F516A1
310
C7D34FE51C36C7BB503DED3D60186687B222171E0C52E1DE71A3C975F41B8C4EF9F4520CB48C47283C32DA3554307AA34108E414EA8BB183119818380AE9AD1127B80DC77B7E6B2A9FAAFE3E3EC6D1815839DA55EDE9838BB4AC119D304E48C5BB05603BD590BCDF74A50EC2397CDC157965CC71E1688D0441BD44288D8349
310
E1A384F700C473DE2ECB107B1A90F49AE69F8D8352AA9E63B61723F91ADEF3D5BDC9A7E99BAF280D8B3D77E7B97ADF90A4F33E232CCAC195038121CD4C31BF892F3F98F72C81D752115A530802F4FB6172F587B94CA22889CB25732E5F6EA1ED03BCAAF24D352684C66560DBA6E87BE4AB00987565C4C07EF6080BE05A46F9
310
3CB584B81100153DD502407984FB021E6BECDFAC902C02B516B6DEBA7278C47B000489C4DFFFF0B4A96FA80D2D211740AB72B65B7D500B8EC960703EFB17504B0304140006080800194E3A57F95AB790E2000000550100003C0000006662782F45443744423132332D443546462D343838362D413431422D46314233433837
310
32303144342F7265736F75726365732F322F636E782E786D6C4D904B6E03211044AF3242CA72004F3EB22D065F222B6F2C026D820CF4884F14DF3EE01029AB6E553DB5AA4B9CBE839FBE20658771253BCAC90451A371D1AEA496EBBC27D3498A8458FE61648A2AC04ABA4CA4B009EB36240357557D57BD8BB721F28B8508C9
310
E9CB162D99B45739AF24EB4F088AAA5AD040BE51A38AA23B9A20634D1ADA89E2028C133A812A60885CF8F23CF3C3BCBCBDF3C3F1657F7CE567C13A29C507A21FBC8B05126E4F0BD7D8D6D81271C13A20454D6E50FD8D66FCC5A32D9E60CD962297D43A1858B96F0D734159600FE4D79582F527DB7834D0662F44FE00504B03
310
04140006080800194E3A57FF15A4A45D000000800000003A0000006662782F45443744423132332D443546462D343838362D413431422D4631423343383732303144342F7265736F75726365732F636E782E786D6C4D8B3B0E80201005AF42B6F75B59F0390B113044D83508C6E30BC6C26AF226F3B8BA6360974DA7271430
310
F523308B2B198F9B80925DB700539227A2FCCB80A18E5640D320F996A81C9F32D6E9129A0D1EF74FCE750E6D57BC7165FBCA07504B0304140006080800194E3A571A62D56E4401000056050000300000006662782F45443744423132332D443546462D343838362D413431422D4631423343383732303144342F636E782E78
310
6D6CCD944D6EC3201085AF6221756970DC1F25112652173D41175577184F5C1A0C160C5573FB42EA34ADAAA85D444A7668F890DE9B790C5FBD0FA678031FB4B30D99D18A146095EBB4ED1B12715DCE49B112DC3B87DF305258394043729908DE7B17C7A9D4C15A4693AB46DBCD5494885EB71121904219194243827A814152
310
19D1751036B49328E98C7A082E7A05E93DEA01A6F7CA8344E888A8ABFABAAC16657DF7582D9637F3E56DF5CC5926056F9D3313AF2D8277E3555D29978E36C9A938CB80E0D1EB89CA1E883868A3ADB69CA57BC143D26BFB89C3ED98B971345A494C8D624E216099209003679FB0E02C3BFEE1FBE1FEE9A0219D3AED41A1F3DB
310
B3B56176AC0D5FD2684AC4FFBAB003FF32EFDAD764F97C733F6A78127632BBFBE48614DDDF49487992B63797F801BEA49D3EFF69B1A05697687AAFEC449ED96E05A6C1E78D283E00504B0304140006080800194E3A57E4F2CFBC7E000000A30000000B0000006662782F636E782E786D6C4D8C410EC2201405AF42FE1E2D2D
310
5A16402322F7682C6D88140C16E3F105D385AB974CDE0C1F3EAB476F9B5E2E0601E4D000B2E11E27171601799B310334489E62DCFE6E80C2B85A011583E44B8AF9B9A3C9CE63F6957A171E3BBCE95E2BD276589F8CC194B133BE50A2B021AABBB2BE6D88A6C53856A5CCAF57B6E6E517504B0304140006080800194E3A57A6
310
D797065F0000008200000007000000636E782E786D6C4DCB3B0E80201045D1AD90E9FD7516806B51190811670C8A61F982B1B0BAC9C97B72CA7B1037C6D3332918DA1E04D2CAC69353902EDB8C20262D23F3F59B81A079470595414B17391D1F19B4730A5583A7ED43BBE4025D9592775E5ADFFA01504B0304140006080800
310
194E3A57ECFD112DA800000026010000130000005B436F6E74656E745F54797065735D2E786D6C7D4F4B0EC22010BD0A61DF525D18634ABB506FE00510A79458060253536F2FD89D5197F3FED3F68B9BD80362B21E25DFD40D6780DADF2C1AC9671AAA3D677DD75E9E0112CB5A4C928F44E12044D22338956A1F003333F8E8
310
14E5331A1194BE2B0362DB343BA13D122055543278D79E6050F344ECBC6478EDCD76CE8EABAE5449AE4298AC56946789C28AAFBEABC53F3EAF09A84A1441B91F0101CD4780756578C173A578FFDDBD00504B0304140006080800194E3A573DEE336E64000000790000001B0000006175746F6465736B2D64657369676E2D70
310
61636B6167652E786D6C35CBC10E83200C00D05F21DCA56CA76D41FC96062B120735B69A7DBE268BB7777961F8D5AF396893C2ADB70FE7ADA196782C2DF776D7A97B5933C430F15651E5469C55D70F80A4992A3ADC954792C525AE70A1E4D6AD9816CC044FEFDF01FE3FDE907802504B0304140006080800194E3A57E9A984
310
8DF40000008E0100003D0000006662782F45443744423132332D443546462D343838362D413431422D4631423343383732303144342F7265736F75726365732F322F636F72652E786D6C8550CB6E833010FC15B4778331C40D91710449FFA0A7DE2CE3502BC1467E54FDFCDA814AEDA9A75DCDCECCEE0E3B7F2D8FE25339AF
310
ADE9A12E3114CA483B6933F710C30D1DA13873E6AC0DBF685018B1A81E320C9CCDCEC67587A43541998C1A3BA91D14DEAB00857CA4A6072F3FD4224A114362F87BB90A7917B32AEB72E37116A39E76A99E929BBE69E58053DC35633350F432D001B5940C6868C905D1F1707DBD8C63DB5D4756653167412F3FDBA55322A809
310
38C1A441B84384BEE1EED41E4F07FCCEAACCE4CC07977EDE97E6EF129D551BFAC72DAED3FF6E519BD090DD6D5378E0753AEE39E0ACCAE9A4F28C2ED59C24FF06504B0304140006080800194E3A57A637C0CAF9000000960100003B0000006662782F45443744423132332D443546462D343838362D413431422D4631423343
310
383732303144342F7265736F75726365732F636F72652E786D6C8550CB6E833010FC15B477F3308486C83882A47FD0536F96D9502BC1467E54FDFCDA814AEDA9A75DCDCECCEE0E3B7F2D8FEC13AD5346F750E52564A8A599949E7B08FE468E909D39B3C6F85F34C8B458B087040367B33561DD2169B4479D506D26DC41E11C
310
7AC8E423363D38F9818BC845F091E1EEF92AE45DCC9857F9C6E32C0435ED5235453775536881B765578FF5D09297A11D48D3D2810C0DBD90763C5C5F2FE3D874D7911549CC9957CBCF766951789C80D392D6A4EC086DDFCAEED41C4F87F29D1589C999F336FEBC2F4DDF01B7E84CB0121D2BB6E91FD7B04EFFBB06A57D4D77
310
D74DE18057F1C8E780B322A514CB33C25853A2FC1B504B0304140006080800194E3A57B773E0A2F3000000B1010000310000006662782F45443744423132332D443546462D343838362D413431422D4631423343383732303144342F636F72652E786D6C8D50CB6EC32010FC156BEFD8603B891361A2BA6EBEA0A7DE101017
310
25068B47D5CF2FC4AED4DE725A343BC3CC0E3D7FCFF7E24B39AFADE98194180A658495DA4C3DC470451D1467469DB5E10F0D0AC367D5438681D1C9D9B86C90B02628935163A5DA40EEBD0A50887B7AF4E0C5A79A79C963480C7F2B172E6E7C522529571EA341CFBF52E1140F4A02AB71DD207C44F5FE1D1F4F6D77DAE10F5A
310
6526A3316AB9596999DCF5552B07EC6D3C8C0349B27177B9A0B6EBF6E8A52503BA90A179ED0E3526634BAB2C66D407976EDE3EC9D73D2B5F85FF32C7453E91599BD0D49BE1AAF0C048CAF358305AE502D378B49B662E9BFD00504B0304140006080800194E3A575F9FF61B54010000DD0200000C0000006662782F636F7265
310
2E786D6C8D525D6F832014FD2B8677D4AA75B5411A6DF70FF6B4378AE848150C82E9CF1FF811E7C3BAC504C9B9F79E73CF09E8F2EC5A6F646AE052E4E0E087C06382CA8A8B260746D7F004BC0B464A4AFDA30D7882742C070E0618354A9A7E81A8149A09870A59B10524C3C034F0686B2F3918E817EB884F8CB61DC3C3EF09
310
7D9086F9077FEEC3C8185E2DA3BCB26CBCE64C019C86595CC6450ADF8AB480491A15B048A22B4CCBE3EDFD5A9649762B51E08631D2BC5BD5A96244B30AE0288C621866304A3FC2EC9C9CCEC7F01305AE13A3412BEB791175EE00AEEF4F14CCF88ECFF4D5DF7C860B1D470BDF3C31007CB0EB4D058C02978FFD4DE1ED33B4C2
310
363F4DEEED6AE161A191512D55622B95345B6924AD61963AF4A60F0573D5324F04BFF1442F785E73D8A08868EC6A44DBEBDD68A7BEDFA9670A8EFAE909A93AD26ECBCD2B6EE726B4B3B48E53D94AF59FE9D5EA1A66E01E26FE06504B0304140006080800194E3A5733ABF54F08010000B201000008000000636F72652E786D
310
6C8D50CB6E833010FC156BEF0607080D91710449FFA0A7DE5CEC102B60233FA2F6EF6B072AB5B79ED69A99DD190F3D7DCE137A48EB94D12DEC320248EAC108A5C71682BFE203A013A3D618FF4B0648F359B690606074B4262C1B3418EDA54EA836426E20774E7A40C3141F2DB8E126679EF1E0A3C2DDB3850F773ECA6C97AD
310
3A46BD9A7F56072BB9970258418A12930617F51B698ED5E1B827EF344F4A46435062B35222BAABAB9216584D9AB22FBB1ABF747587ABBAE8705715675CF7FBCBEBB9EFABE6D2D33C2D33EABC8D7FDE8EC49C1E39FE48BE345F29463F8C9936410C2590D1D3173042F344FC091D16F18FD04AFBB2D80EAE1B0ED82E067A12D1
310
383518C7B3DE3853DBEC1B504B01021400140006080800194E3A570000000000000000000000003700000000000000000000000000000000006662782F45443744423132332D443546462D343838362D413431422D4631423343383732303144342F617474726962757465732E62696E504B01021400140006080800194E3A
310
570000000000000000000000003500000000000000000000000000550000006662782F45443744423132332D443546462D343838362D413431422D4631423343383732303144342F76657274696365732E62696E504B01021400140006080800194E3A57F270F13306000000040000003600000000000000000000000000A8
310
0000006662782F45443744423132332D443546462D343838362D413431422D4631423343383732303144342F747269616E676C65732E62696E504B01021400140006080800194E3A57B5A795FFE3790000DE7900004200000000000000000000000000020100006662782F45443744423132332D443546462D343838362D41
310
3431422D4631423343383732303144342F7265736F75726365732F322F305F67656E657269632E706E67504B01021400140006080800194E3A5751464CB489000000430100003600000000000000000000000000457B00006662782F45443744423132332D443546462D343838362D413431422D4631423343383732303144
310
342F6469726563746F72792E786D6C504B01021400140006080800194E3A57CE95F7B541070000541C00003400000000000000000000000000227C00006662782F45443744423132332D443546462D343838362D413431422D4631423343383732303144342F6F626A656374732E786D6C504B01021400140006080800194E
310
3A57F95AB790E2000000550100003C00000000000000000000000000B58300006662782F45443744423132332D443546462D343838362D413431422D4631423343383732303144342F7265736F75726365732F322F636E782E786D6C504B01021400140006080800194E3A57FF15A4A45D000000800000003A000000000000
310
00000000000000F18400006662782F45443744423132332D443546462D343838362D413431422D4631423343383732303144342F7265736F75726365732F636E782E786D6C504B01021400140006080800194E3A571A62D56E44010000560500003000000000000000000000000000A68500006662782F4544374442313233
310
2D443546462D343838362D413431422D4631423343383732303144342F636E782E786D6C504B01021400140006080800194E3A57E4F2CFBC7E000000A30000000B00000000000000000000000000388700006662782F636E782E786D6C504B01021400140006080800194E3A57A6D797065F00000082000000070000000000
310
0000000000000000DF870000636E782E786D6C504B01021400140006080800194E3A57ECFD112DA8000000260100001300000000000000000000000000638800005B436F6E74656E745F54797065735D2E786D6C504B01021400140006080800194E3A573DEE336E64000000790000001B000000000000000000000000003C
310
8900006175746F6465736B2D64657369676E2D7061636B6167652E786D6C504B01021400140006080800194E3A57E9A9848DF40000008E0100003D00000000000000000000000000D98900006662782F45443744423132332D443546462D343838362D413431422D4631423343383732303144342F7265736F75726365732F
310
322F636F72652E786D6C504B01021400140006080800194E3A57A637C0CAF9000000960100003B00000000000000000000000000288B00006662782F45443744423132332D443546462D343838362D413431422D4631423343383732303144342F7265736F75726365732F636F72652E786D6C504B01021400140006080800
310
194E3A57B773E0A2F3000000B101000031000000000000000000000000007A8C00006662782F45443744423132332D443546462D343838362D413431422D4631423343383732303144342F636F72652E786D6C504B01021400140006080800194E3A575F9FF61B54010000DD0200000C00000000000000000000000000BC8D
310
00006662782F636F72652E786D6C504B01021400140006080800194E3A5733ABF54F08010000B201000008000000000000000000000000003A8F0000636F72652E786D6C504B050600000000120012002D060000689000000000
  0
XRECORD
  5
176
102
{ACAD_REACTORS
330
173
102
}
330
173
100
AcDbXrecord
280
     1
270
     1
271
     1
  0
XRECORD
  5
177
102
{ACAD_REACTORS
330
173
102
}
330
173
100
AcDbXrecord
280
     1
270
     1
271
     1
  0
XRECORD
  5
7699
102
{ACAD_REACTORS
330
7698
102
}
330
7698
100
AcDbXrecord
280
     1
102
DISPLAYNAME
  1
Metric50
102
FLAGS
 90
        0
  0
CELLSTYLEMAP
  5
768E
102
{ACAD_REACTORS
330
162
102
}
330
162
100
AcDbCellStyleMap
 90
        3
300
CELLSTYLE
  1
TABLEFORMAT_BEGIN
 90
        5
170
     1
 91
        0
 92
    32768
 62
   257
 93
        1
300
CONTENTFORMAT
  1
CONTENTFORMAT_BEGIN
 90
        0
 91
        0
 92
      512
 93
        0
300

 40
0.0
140
1.0
 94
        5
 62
     0
340
11
144
6.0
309
CONTENTFORMAT_END
171
     1
301
MARGIN
  1
CELLMARGIN_BEGIN
 40
1.5
 40
1.5
 40
1.5
 40
1.5
 40
4.5
 40
4.5
309
CELLMARGIN_END
 94
        6
 95
        1
302
GRIDFORMAT
  1
GRIDFORMAT_BEGIN
 90
        0
 91
        1
 62
     0
 92
       -2
340
14
 93
        0
 40
1.125
309
GRIDFORMAT_END
 95
        2
302
GRIDFORMAT
  1
GRIDFORMAT_BEGIN
 90
        0
 91
        1
 62
     0
 92
       -2
340
14
 93
        0
 40
1.125
309
GRIDFORMAT_END
 95
        4
302
GRIDFORMAT
  1
GRIDFORMAT_BEGIN
 90
        0
 91
        1
 62
     0
 92
       -2
340
14
 93
        0
 40
1.125
309
GRIDFORMAT_END
 95
        8
302
GRIDFORMAT
  1
GRIDFORMAT_BEGIN
 90
        0
 91
        1
 62
     0
 92
       -2
340
14
 93
        0
 40
1.125
309
GRIDFORMAT_END
 95
       16
302
GRIDFORMAT
  1
GRIDFORMAT_BEGIN
 90
        0
 91
        1
 62
     0
 92
       -2
340
14
 93
        0
 40
1.125
309
GRIDFORMAT_END
 95
       32
302
GRIDFORMAT
  1
GRIDFORMAT_BEGIN
 90
        0
 91
        1
 62
     0
 92
       -2
340
14
 93
        0
 40
1.125
309
GRIDFORMAT_END
309
TABLEFORMAT_END
  1
CELLSTYLE_BEGIN
 90
        1
 91
        1
300
_TITLE
309
CELLSTYLE_END
300
CELLSTYLE
  1
TABLEFORMAT_BEGIN
 90
        5
170
     1
 91
        0
 92
        0
 62
   257
 93
        1
300
CONTENTFORMAT
  1
CONTENTFORMAT_BEGIN
 90
        0
 91
        0
 92
      512
 93
        0
300

 40
0.0
140
1.0
 94
        5
 62
     0
340
11
144
4.5
309
CONTENTFORMAT_END
171
     1
301
MARGIN
  1
CELLMARGIN_BEGIN
 40
1.5
 40
1.5
 40
1.5
 40
1.5
 40
4.5
 40
4.5
309
CELLMARGIN_END
 94
        6
 95
        1
302
GRIDFORMAT
  1
GRIDFORMAT_BEGIN
 90
        0
 91
        1
 62
     0
 92
       -2
340
14
 93
        0
 40
1.125
309
GRIDFORMAT_END
 95
        2
302
GRIDFORMAT
  1
GRIDFORMAT_BEGIN
 90
        0
 91
        1
 62
     0
 92
       -2
340
14
 93
        0
 40
1.125
309
GRIDFORMAT_END
 95
        4
302
GRIDFORMAT
  1
GRIDFORMAT_BEGIN
 90
        0
 91
        1
 62
     0
 92
       -2
340
14
 93
        0
 40
1.125
309
GRIDFORMAT_END
 95
        8
302
GRIDFORMAT
  1
GRIDFORMAT_BEGIN
 90
        0
 91
        1
 62
     0
 92
       -2
340
14
 93
        0
 40
1.125
309
GRIDFORMAT_END
 95
       16
302
GRIDFORMAT
  1
GRIDFORMAT_BEGIN
 90
        0
 91
        1
 62
     0
 92
       -2
340
14
 93
        0
 40
1.125
309
GRIDFORMAT_END
 95
       32
302
GRIDFORMAT
  1
GRIDFORMAT_BEGIN
 90
        0
 91
        1
 62
     0
 92
       -2
340
14
 93
        0
 40
1.125
309
GRIDFORMAT_END
309
TABLEFORMAT_END
  1
CELLSTYLE_BEGIN
 90
        2
 91
        1
300
_HEADER
309
CELLSTYLE_END
300
CELLSTYLE
  1
TABLEFORMAT_BEGIN
 90
        5
170
     1
 91
        0
 92
        0
 62
   257
 93
        1
300
CONTENTFORMAT
  1
CONTENTFORMAT_BEGIN
 90
        0
 91
        0
 92
      512
 93
        0
300

 40
0.0
140
1.0
 94
        2
 62
     0
340
11
144
4.5
309
CONTENTFORMAT_END
171
     1
301
MARGIN
  1
CELLMARGIN_BEGIN
 40
1.5
 40
1.5
 40
1.5
 40
1.5
 40
4.5
 40
4.5
309
CELLMARGIN_END
 94
        6
 95
        1
302
GRIDFORMAT
  1
GRIDFORMAT_BEGIN
 90
        0
 91
        1
 62
     0
 92
       -2
340
14
 93
        0
 40
1.125
309
GRIDFORMAT_END
 95
        2
302
GRIDFORMAT
  1
GRIDFORMAT_BEGIN
 90
        0
 91
        1
 62
     0
 92
       -2
340
14
 93
        0
 40
1.125
309
GRIDFORMAT_END
 95
        4
302
GRIDFORMAT
  1
GRIDFORMAT_BEGIN
 90
        0
 91
        1
 62
     0
 92
       -2
340
14
 93
        0
 40
1.125
309
GRIDFORMAT_END
 95
        8
302
GRIDFORMAT
  1
GRIDFORMAT_BEGIN
 90
        0
 91
        1
 62
     0
 92
       -2
340
14
 93
        0
 40
1.125
309
GRIDFORMAT_END
 95
       16
302
GRIDFORMAT
  1
GRIDFORMAT_BEGIN
 90
        0
 91
        1
 62
     0
 92
       -2
340
14
 93
        0
 40
1.125
309
GRIDFORMAT_END
 95
       32
302
GRIDFORMAT
  1
GRIDFORMAT_BEGIN
 90
        0
 91
        1
 62
     0
 92
       -2
340
14
 93
        0
 40
1.125
309
GRIDFORMAT_END
309
TABLEFORMAT_END
  1
CELLSTYLE_BEGIN
 90
        3
 91
        2
300
_DATA
309
CELLSTYLE_END
  0
ACDBASSOCARRAYACTIONBODY
  5
7506
330
7505
100
AcDbAssocActionBody
 90
        2
100
AcDbAssocArrayActionBody
 90
        1
  1
AcDbAssocArrayPolarParameters
 90
        0
 90
        6
  1
AcDbAssocArrayItem
100
AcDbAssocArrayItem
 90
        0
 90
        0
 90
        0
 90
        0
 90
        8
 11
425.3875862789973
 21
298.684935940479
 31
0.0
330
750E
100
AcDbAssocArrayItem
 90
        0
 90
        1
 90
        0
 90
        0
 90
       12
 40
0.5000000000000002
 40
-0.8660254037844387
 40
0.0
 40
346.2328643730996
 40
0.8660254037844385
 40
0.5000000000000004
 40
0.0
 40
252.984935940479
 40
0.0
 40
0.0
 40
1.0
 40
0.0
 40
0.0
 40
0.0
 40
0.0
 40
1.0
330
750F
100
AcDbAssocArrayItem
 90
        0
 90
        2
 90
        0
 90
        0
 90
       12
 40
-0.5
 40
-0.8660254037844387
 40
0.0
 40
346.2328643730996
 40
0.8660254037844389
 40
-0.4999999999999997
 40
0.0
 40
161.584935940479
 40
0.0
 40
0.0
 40
1.0
 40
0.0
 40
0.0
 40
0.0
 40
0.0
 40
1.0
330
7510
100
AcDbAssocArrayItem
 90
        0
 90
        3
 90
        0
 90
        0
 90
       12
 40
-1.0
 40
-0.0000000000000004
 40
0.0
 40
425.3875862789973
 40
0.0000000000000001
 40
-1.0
 40
0.0
 40
115.8849359404789
 40
0.0
 40
0.0
 40
1.0
 40
0.0
 40
0.0
 40
0.0
 40
0.0
 40
1.0
330
7511
100
AcDbAssocArrayItem
 90
        0
 90
        4
 90
        0
 90
        0
 90
       12
 40
-0.5000000000000004
 40
0.8660254037844385
 40
0.0
 40
504.542308184895
 40
-0.8660254037844385
 40
-0.5000000000000008
 40
0.0
 40
161.5849359404789
 40
0.0
 40
0.0
 40
1.0
 40
0.0
 40
0.0
 40
0.0
 40
0.0
 40
1.0
330
7512
100
AcDbAssocArrayItem
 90
        0
 90
        5
 90
        0
 90
        0
 90
       12
 40
0.4999999999999996
 40
0.866025403784439
 40
0.0
 40
504.5423081848951
 40
-0.8660254037844389
 40
0.499999999999999
 40
0.0
 40
252.9849359404789
 40
0.0
 40
0.0
 40
0.9999999999999998
 40
0.0
 40
0.0
 40
0.0
 40
0.0
 40
1.0
330
7513
 40
1.0
 40
0.0
 40
0.0
 40
0.0
 40
0.0
 40
1.0
 40
0.0
 40
0.0
 40
0.0
 40
0.0
 40
1.0
 40
0.0
 40
0.0
 40
0.0
 40
0.0
 40
1.0
  0
ACDBASSOCDEPENDENCY
  5
7509
330
7505
100
AcDbAssocDependency
 90
        2
 90
        1
290
     0
290
     1
290
     1
290
     1
 90
        0
330
74FB
290
     0
330
0
330
0
360
0
 90
        1
  0
ACDBASSOCDEPENDENCY
  5
750A
330
7505
100
AcDbAssocDependency
 90
        2
 90
        1
290
     1
290
     0
290
     1
290
     1
 90
        0
330
74F8
290
     0
330
0
330
0
360
0
 90
        2
  0
ACDBASSOCDEPENDENCY
  5
750B
330
7505
100
AcDbAssocDependency
 90
        2
 90
        0
290
     1
290
     1
290
     1
290
     1
 90
-2147483648
330
74FE
290
     0
330
0
330
0
360
0
 90
        3
  0
ACDBASSOCVERTEXACTIONPARAM
  5
7507
330
7505
100
AcDbAssocActionParam
 90
        1
 90
        0
  1
BaseNormal
100
AcDbAssocSingleDependencyActionParam
 90
        0
330
0
100
AcDbAssocVertexActionParam
 90
        0
 10
0.0
 20
0.0
 30
1.0
  0
ACDBASSOCVERTEXACTIONPARAM
  5
7508
330
7505
100
AcDbAssocActionParam
 90
        1
 90
        0
  1
Origin
100
AcDbAssocSingleDependencyActionParam
 90
        0
330
0
100
AcDbAssocVertexActionParam
 90
        0
 10
425.3875862789973
 20
207.284935940479
 30
0.0
  0
ACDBASSOCVERTEXACTIONPARAM
  5
750C
330
7505
100
AcDbAssocActionParam
 90
        1
 90
        0
  1
basePoint
100
AcDbAssocSingleDependencyActionParam
 90
        0
330
0
100
AcDbAssocVertexActionParam
 90
        0
 10
0.0
 20
0.0
 30
0.0
  0
ACDBASSOCROTATEDDIMACTIONBODY
  5
7523
330
7522
100
AcDbAssocActionBody
 90
        2
 90
        0
330
752A
100
ACDBASSOCROTATEDDIMACTIONBODY
 90
        0
330
7524
330
7527
  0
ACDBASSOCGEOMDEPENDENCY
  5
7526
330
7522
100
AcDbAssocDependency
 90
        2
 90
        0
290
     1
290
     0
290
     1
290
     1
 90
2147483647
330
74F1
290
     0
330
752C
330
0
360
0
 90
        1
100
AcDbAssocGeomDependency
 90
        0
290
     1
  1
AcDbAssocSingleEdgePersSubentId
290
     0
  0
ACDBASSOCGEOMDEPENDENCY
  5
7529
330
7522
100
AcDbAssocDependency
 90
        2
 90
        0
290
     1
290
     0
290
     1
290
     1
 90
2147483647
330
74F3
290
     0
330
752E
330
0
360
0
 90
        2
100
AcDbAssocGeomDependency
 90
        0
290
     1
  1
AcDbAssocSingleEdgePersSubentId
290
     0
  0
ACDBASSOCDEPENDENCY
  5
752A
330
7522
100
AcDbAssocDependency
 90
        2
 90
        0
290
     1
290
     1
290
     1
290
     1
 90
-2147483648
330
7515
290
     0
330
0
330
0
360
0
 90
        3
  0
ACDBASSOCGEOMDEPENDENCY
  5
752C
330
7522
100
AcDbAssocDependency
 90
        2
 90
        0
290
     1
290
     0
290
     1
290
     1
 90
        0
330
74F1
290
     0
330
0
330
7526
360
0
 90
        4
100
AcDbAssocGeomDependency
 90
        0
290
     1
  1
AcDbAssocSingleEdgePersSubentId
290
     0
  0
ACDBASSOCGEOMDEPENDENCY
  5
752E
330
7522
100
AcDbAssocDependency
 90
        2
 90
        0
290
     1
290
     0
290
     1
290
     1
 90
        0
330
74F3
290
     0
330
0
330
7529
360
0
 90
        5
100
AcDbAssocGeomDependency
 90
        0
290
     1
  1
AcDbAssocSingleEdgePersSubentId
290
     0
  0
ACDBASSOCOSNAPPOINTREFACTIONPARAM
  5
7524
330
7522
100
AcDbAssocActionParam
 90
        1
 90
        0
  1

100
AcDbAssocCompoundActionParam
 90
        0
 90
        0
 90
        1
360
7525
 90
        0
 90
        0
330
0
100
ACDBASSOCOSNAPPOINTREFACTIONPARAM
 90
        0
 90
       10
 40
1.0
  0
ACDBASSOCOSNAPPOINTREFACTIONPARAM
  5
7527
330
7522
100
AcDbAssocActionParam
 90
        1
 90
        0
  1

100
AcDbAssocCompoundActionParam
 90
        0
 90
        0
 90
        1
360
7528
 90
        0
 90
        0
330
7524
100
ACDBASSOCOSNAPPOINTREFACTIONPARAM
 90
        0
 90
       10
 40
0.0
  0
ACDBASSOCEDGEACTIONPARAM
  5
752B
330
7522
100
AcDbAssocActionParam
 90
        1
 90
        0
  1
RotRefEdge0
100
AcDbAssocSingleDependencyActionParam
 90
        0
330
752C
100
AcDbAssocEdgeActionParam
 90
        0
330
0
290
     1
 90
       23
 10
37.70739812969082
 20
338.6849359404788
 30
0.0
 10
15.99999999999976
 20
0.0
 30
0.0
  0
ACDBASSOCEDGEACTIONPARAM
  5
752D
330
7522
100
AcDbAssocActionParam
 90
        1
 90
        0
  1
RotRefEdge1
100
AcDbAssocSingleDependencyActionParam
 90
        0
330
752E
100
AcDbAssocEdgeActionParam
 90
        0
330
0
290
     1
 90
       23
 10
53.70739812969057
 20
258.6849359404789
 30
0.0
 10
-16.00000000000022
 20
0.0000000000000568
 30
0.0
  0
ACDBASSOCROTATEDDIMACTIONBODY
  5
75A7
330
75A6
100
AcDbAssocActionBody
 90
        2
 90
        0
330
75AE
100
ACDBASSOCROTATEDDIMACTIONBODY
 90
        0
330
75A8
330
75AB
  0
ACDBASSOCGEOMDEPENDENCY
  5
75AA
330
75A6
100
AcDbAssocDependency
 90
        2
 90
        0
290
     1
290
     0
290
     1
290
     1
 90
2147483647
330
73FF
290
     0
330
75B0
330
0
360
0
 90
        1
100
AcDbAssocGeomDependency
 90
        0
290
     1
  1
AcDbAssocSingleEdgePersSubentId
290
     0
  0
ACDBASSOCGEOMDEPENDENCY
  5
75AD
330
75A6
100
AcDbAssocDependency
 90
        2
 90
        0
290
     1
290
     0
290
     1
290
     1
 90
2147483647
330
74B2
290
     0
330
75B2
330
0
360
0
 90
        2
100
AcDbAssocGeomDependency
 90
        0
290
     1
  1
AcDbAssocSingleEdgePersSubentId
290
     0
  0
ACDBASSOCDEPENDENCY
  5
75AE
330
75A6
100
AcDbAssocDependency
 90
        2
 90
        0
290
     1
290
     1
290
     1
290
     1
 90
-2147483648
330
7599
290
     0
330
0
330
0
360
0
 90
        3
  0
ACDBASSOCGEOMDEPENDENCY
  5
75B0
330
75A6
100
AcDbAssocDependency
 90
        2
 90
        0
290
     1
290
     0
290
     1
290
     1
 90
        0
330
73FF
290
     0
330
0
330
75AA
360
0
 90
        4
100
AcDbAssocGeomDependency
 90
        0
290
     1
  1
AcDbAssocSingleEdgePersSubentId
290
     0
  0
ACDBASSOCGEOMDEPENDENCY
  5
75B2
330
75A6
100
AcDbAssocDependency
 90
        2
 90
        0
290
     1
290
     0
290
     1
290
     1
 90
        0
330
74B2
290
     0
330
0
330
75AD
360
0
 90
        5
100
AcDbAssocGeomDependency
 90
        0
290
     1
  1
AcDbAssocSingleEdgePersSubentId
290
     0
  0
ACDBASSOCOSNAPPOINTREFACTIONPARAM
  5
75A8
330
75A6
100
AcDbAssocActionParam
 90
        1
 90
        0
  1

100
AcDbAssocCompoundActionParam
 90
        0
 90
        0
 90
        1
360
75A9
 90
        0
 90
        0
330
0
100
ACDBASSOCOSNAPPOINTREFACTIONPARAM
 90
        0
 90
       10
 40
1.0
  0
ACDBASSOCOSNAPPOINTREFACTIONPARAM
  5
75AB
330
75A6
100
AcDbAssocActionParam
 90
        1
 90
        0
  1

100
AcDbAssocCompoundActionParam
 90
        0
 90
        0
 90
        1
360
75AC
 90
        0
 90
        0
330
75A8
100
ACDBASSOCOSNAPPOINTREFACTIONPARAM
 90
        0
 90
       10
 40
1.0
  0
ACDBASSOCEDGEACTIONPARAM
  5
75AF
330
75A6
100
AcDbAssocActionParam
 90
        1
 90
        0
  1
RotRefEdge0
100
AcDbAssocSingleDependencyActionParam
 90
        0
330
75B0
100
AcDbAssocEdgeActionParam
 90
        0
330
0
290
     1
 90
       23
 10
13.45285893700929
 20
227.284935940479
 30
0.0
 10
64.50907838536252
 20
0.0
 30
0.0
  0
ACDBASSOCEDGEACTIONPARAM
  5
75B1
330
75A6
100
AcDbAssocActionParam
 90
        1
 90
        0
  1
RotRefEdge1
100
AcDbAssocSingleDependencyActionParam
 90
        0
330
75B2
100
AcDbAssocEdgeActionParam
 90
        0
330
0
290
     1
 90
       23
 10
13.45285893700929
 20
187.284935940479
 30
0.0
 10
64.50907838536252
 20
0.0
 30
0.0
  0
ACDBASSOCROTATEDDIMACTIONBODY
  5
75D9
330
75D8
100
AcDbAssocActionBody
 90
        2
 90
        0
330
75E0
100
ACDBASSOCROTATEDDIMACTIONBODY
 90
        0
330
75DA
330
75DD
  0
ACDBASSOCGEOMDEPENDENCY
  5
75DC
330
75D8
100
AcDbAssocDependency
 90
        2
 90
        0
290
     1
290
     0
290
     1
290
     1
 90
2147483647
330
7406
290
     0
330
75E2
330
0
360
0
 90
        1
100
AcDbAssocGeomDependency
 90
        0
290
     1
  1
AcDbAssocSingleEdgePersSubentId
290
     0
  0
ACDBASSOCGEOMDEPENDENCY
  5
75DF
330
75D8
100
AcDbAssocDependency
 90
        2
 90
        0
290
     1
290
     0
290
     1
290
     1
 90
2147483647
330
74B4
290
     0
330
75E4
330
0
360
0
 90
        2
100
AcDbAssocGeomDependency
 90
        0
290
     1
  1
AcDbAssocSingleEdgePersSubentId
290
     0
  0
ACDBASSOCDEPENDENCY
  5
75E0
330
75D8
100
AcDbAssocDependency
 90
        2
 90
        0
290
     1
290
     1
290
     1
290
     1
 90
-2147483648
330
75CB
290
     0
330
0
330
0
360
0
 90
        3
  0
ACDBASSOCGEOMDEPENDENCY
  5
75E2
330
75D8
100
AcDbAssocDependency
 90
        2
 90
        0
290
     1
290
     0
290
     1
290
     1
 90
        0
330
7406
290
     0
330
0
330
75DC
360
0
 90
        4
100
AcDbAssocGeomDependency
 90
        0
290
     1
  1
AcDbAssocSingleEdgePersSubentId
290
     0
  0
ACDBASSOCGEOMDEPENDENCY
  5
75E4
330
75D8
100
AcDbAssocDependency
 90
        2
 90
        0
290
     1
290
     0
290
     1
290
     1
 90
        0
330
74B4
290
     0
330
0
330
75DF
360
0
 90
        5
100
AcDbAssocGeomDependency
 90
        0
290
     1
  1
AcDbAssocSingleEdgePersSubentId
290
     0
  0
ACDBASSOCOSNAPPOINTREFACTIONPARAM
  5
75DA
330
75D8
100
AcDbAssocActionParam
 90
        1
 90
        0
  1

100
AcDbAssocCompoundActionParam
 90
        0
 90
        0
 90
        1
360
75DB
 90
        0
 90
        0
330
0
100
ACDBASSOCOSNAPPOINTREFACTIONPARAM
 90
        0
 90
       10
 40
0.0
  0
ACDBASSOCOSNAPPOINTREFACTIONPARAM
  5
75DD
330
75D8
100
AcDbAssocActionParam
 90
        1
 90
        0
  1

100
AcDbAssocCompoundActionParam
 90
        0
 90
        0
 90
        1
360
75DE
 90
        0
 90
        0
330
75DA
100
ACDBASSOCOSNAPPOINTREFACTIONPARAM
 90
        0
 90
       10
 40
0.0
  0
ACDBASSOCEDGEACTIONPARAM
  5
75E1
330
75D8
100
AcDbAssocActionParam
 90
        1
 90
        0
  1
RotRefEdge0
100
AcDbAssocSingleDependencyActionParam
 90
        0
330
75E2
100
AcDbAssocEdgeActionParam
 90
        0
330
0
290
     1
 90
       23
 10
88.13073787397389
 20
298.6849359404786
 30
0.0
 10
-81.81903106905883
 20
0.0000000000003411
 30
0.0
  0
ACDBASSOCEDGEACTIONPARAM
  5
75E3
330
75D8
100
AcDbAssocActionParam
 90
        1
 90
        0
  1
RotRefEdge1
100
AcDbAssocSingleDependencyActionParam
 90
        0
330
75E4
100
AcDbAssocEdgeActionParam
 90
        0
330
0
290
     1
 90
       23
 10
88.13073787397389
 20
115.8849359404793
 30
0.0
 10
-81.81903106905883
 20
-0.0000000000003411
 30
0.0
  0
ACDBASSOCEDGEACTIONPARAM
  5
7525
330
7524
100
AcDbAssocActionParam
 90
        1
 90
        0
  1

100
AcDbAssocSingleDependencyActionParam
 90
        0
330
7526
100
AcDbAssocEdgeActionParam
 90
        0
330
0
290
     1
 90
       23
 10
37.70739812969082
 20
338.6849359404788
 30
0.0
 10
15.99999999999976
 20
0.0
 30
0.0
  0
ACDBASSOCEDGEACTIONPARAM
  5
7528
330
7527
100
AcDbAssocActionParam
 90
        1
 90
        0
  1

100
AcDbAssocSingleDependencyActionParam
 90
        0
330
7529
100
AcDbAssocEdgeActionParam
 90
        0
330
0
290
     1
 90
       23
 10
53.70739812969057
 20
258.6849359404789
 30
0.0
 10
-16.00000000000022
 20
0.0000000000000568
 30
0.0
  0
ACDBASSOCEDGEACTIONPARAM
  5
75A9
330
75A8
100
AcDbAssocActionParam
 90
        1
 90
        0
  1

100
AcDbAssocSingleDependencyActionParam
 90
        0
330
75AA
100
AcDbAssocEdgeActionParam
 90
        0
330
0
290
     1
 90
       23
 10
13.45285893700929
 20
227.284935940479
 30
0.0
 10
64.50907838536252
 20
0.0
 30
0.0
  0
ACDBASSOCEDGEACTIONPARAM
  5
75AC
330
75AB
100
AcDbAssocActionParam
 90
        1
 90
        0
  1

100
AcDbAssocSingleDependencyActionParam
 90
        0
330
75AD
100
AcDbAssocEdgeActionParam
 90
        0
330
0
290
     1
 90
       23
 10
13.45285893700929
 20
187.284935940479
 30
0.0
 10
64.50907838536252
 20
0.0
 30
0.0
  0
ACDBASSOCEDGEACTIONPARAM
  5
75DB
330
75DA
100
AcDbAssocActionParam
 90
        1
 90
        0
  1

100
AcDbAssocSingleDependencyActionParam
 90
        0
330
75DC
100
AcDbAssocEdgeActionParam
 90
        0
330
0
290
     1
 90
       23
 10
88.13073787397389
 20
298.6849359404786
 30
0.0
 10
-81.81903106905883
 20
0.0000000000003411
 30
0.0
  0
ACDBASSOCEDGEACTIONPARAM
  5
75DE
330
75DD
100
AcDbAssocActionParam
 90
        1
 90
        0
  1

100
AcDbAssocSingleDependencyActionParam
 90
        0
330
75DF
100
AcDbAssocEdgeActionParam
 90
        0
330
0
290
     1
 90
       23
 10
88.13073787397389
 20
115.8849359404793
 30
0.0
 10
-81.81903106905883
 20
-0.0000000000003411
 30
0.0
  0
ENDSEC
  0
SECTION
  2
ACDSDATA
 70
     2
 71
     8
  0
ACDSSCHEMA
 90
        0
  1
AcDb_Thumbnail_Schema
  2
AcDbDs::ID
280
    10
 91
        8
  2
Thumbnail_Data
280
    15
 91
        0
101
ACDSRECORD
 95
        0
 90
        1
  2
AcDbDs::TreatedAsObjectData
280
     1
291
     1
101
ACDSRECORD
 95
        0
 90
        2
  2
AcDbDs::Legacy
280
     1
291
     1
101
ACDSRECORD
  1
AcDbDs::ID
 90
        3
  2
AcDs:Indexable
280
     1
291
     1
101
ACDSRECORD
  1
AcDbDs::ID
 90
        4
  2
AcDbDs::HandleAttribute
280
     7
282
     1
  0
ACDSSCHEMA
 90
        1
  1
AcDbDs::TreatedAsObjectDataSchema
  2
AcDbDs::TreatedAsObjectData
280
     1
 91
        0
  0
ACDSSCHEMA
 90
        2
  1
AcDbDs::LegacySchema
  2
AcDbDs::Legacy
280
     1
 91
        0
  0
ACDSSCHEMA
 90
        3
  1
AcDbDs::IndexedPropertySchema
  2
AcDs:Indexable
280
     1
 91
        0
  0
ACDSSCHEMA
 90
        4
  1
AcDbDs::HandleAttributeSchema
  2
AcDbDs::HandleAttribute
280
     7
 91
        1
284
     1
  0
ACDSRECORD
 90
        0
  2
AcDbDs::ID
280
    10
320
22
  2
Thumbnail_Data
280
    15
 94
     2431
310
89504E470D0A1A0A0000000D4948445200000100000000870803000000CE6E778000000300504C5445212830FFFFFF2128300000000000000000000000000000000000000000000000000000330000660000990000CC0000FF0033000033330033660033990033CC0033FF0066000066330066660066990066CC0066FF0099
310
000099330099660099990099CC0099FF00CC0000CC3300CC6600CC9900CCCC00CCFF00FF0000FF3300FF6600FF9900FFCC00FFFF3300003300333300663300993300CC3300FF3333003333333333663333993333CC3333FF3366003366333366663366993366CC3366FF3399003399333399663399993399CC3399FF33CC00
310
33CC3333CC6633CC9933CCCC33CCFF33FF0033FF3333FF6633FF9933FFCC33FFFF6600006600336600666600996600CC6600FF6633006633336633666633996633CC6633FF6666006666336666666666996666CC6666FF6699006699336699666699996699CC6699FF66CC0066CC3366CC6666CC9966CCCC66CCFF66FF0066
310
FF3366FF6666FF9966FFCC66FFFF9900009900339900669900999900CC9900FF9933009933339933669933999933CC9933FF9966009966339966669966999966CC9966FF9999009999339999669999999999CC9999FF99CC0099CC3399CC6699CC9999CCCC99CCFF99FF0099FF3399FF6699FF9999FFCC99FFFFCC0000CC00
310
33CC0066CC0099CC00CCCC00FFCC3300CC3333CC3366CC3399CC33CCCC33FFCC6600CC6633CC6666CC6699CC66CCCC66FFCC9900CC9933CC9966CC9999CC99CCCC99FFCCCC00CCCC33CCCC66CCCC99CCCCCCCCCCFFCCFF00CCFF33CCFF66CCFF99CCFFCCCCFFFFFF0000FF0033FF0066FF0099FF00CCFF00FFFF3300FF3333
310
FF3366FF3399FF33CCFF33FFFF6600FF6633FF6666FF6699FF66CCFF66FFFF9900FF9933FF9966FF9999FF99CCFF99FFFFCC00FFCC33FFCC66FFCC99FFCCCCFFCCFFFFFF00FFFF33FFFF66FFFF99FFFFCCFFFFFF0000000D0D0D1A1A1A2828283535354343435050505D5D5D6B6B6B787878868686939393A1A1A1AEAEAEBB
310
BBBBC9C9C9D6D6D6E4E4E4F1F1F1FFFFFF0000000000000000000000000000000000000000000000000000000000002E4550F10000050C4944415478DAED9D5B968330088659CEBC64FF2BFBDFC73A75D40448AA80A68673466DC7D6F2492E900489860C193264C8907B0AAEBC787AFDFD4CF24000B3D669124C47E979005E
310
F73D21A53F2B78681178DDFF470320BC242193248BFDD557B948FF427DE5C79801D85D04DC9B61D6370198779B0DD436C3447BA508C442580060BBF10550AA878673DC00703D004F009C6A683CCF0900D69F80A556942ABF64ADBE52EBC420982E92FE2FFFDE3357B601B0FB62A05AF94620C09F520B00E9BAC9A20870EA6F
310
FEC12208EB8360F3C207C0E65B733D0B328146B06F82C55ECF7900509A3968CD246200A48D7ACBE50D01AC1A71959D5E032206C0CFEA110285BA2701406B0596C6E703669D0158BBBC421708FC9DDE20080030C7055C0040E800EFBA1F0201B813505B01130010D527087B0601BA05D0A03F81AE23E00D002D1E805AE33B13
310
880150F180F456DF9780330059FF760004740B40D1FF0300AE041400DB50F931008DFA8BC711043C0168FA7F06C08B40E98C0B81E1430054FD3F04E067032D1690E83800B11F0FF606C82A02E100FED53D0600B91B842220C4F84AFB58000AA710DD00D8150064FBCC34C0F5FCF28F785503CE00F8329EC5DEF787454980A7
310
097801805870414561CF0E517EC48F80130094DF2AFA80E511A0D527E80780A03F6ADE20888F1AA21B00D8D973D19A49FE3FE4F6135E26E00980D39F2D0568880FC1C9045C00880620183F1AE2435E26E008005407C0458515000E26A00148E701A01A032AC78204B700CE00B891211C03201980E8F6379D656F02F3CC80DD
310
4D170647AF03006F00AF5972696D9BC17B70460064A717ED7EB2751948FB31692616701400C80500197BC5B570553A600142BF55D45F1D2C171A1058D781E600406D0098B9213A0063138803C09BF9EA180AE380E81D00DBAD011BE983762AA857008C872BC281D81282FA05C0BFE66F39841E03C80D002FDB16F03480AC4F
310
CCE85FCEA080F0E1480B48072D80F78120EA3F870701C52850BDC0DD017051E16DE9065355701FE9170037137E1330051F077A0F56D1D500269F699950DDB2B44A0020F44191F79D1B3E190360D675D9B801283C9C5000CAD028265DA7EDB299F7CB6BEE74FE8DC87F7EAD05801E5E07DC00C0B5ADC07700787A3FC0B42768
310
1B11517C013CDD17788837788B78403D78D2713C809B2CFCA488502528FAFD31C193516189C4FD01F4322E409591215C3B32C4341ED6F32597DFF9D4B1C1478F0E97454B58DF6205409FFB50C3049712E002C06A8688D805EE08C0993942DE1344DC017CC12CB1A3004CE609C6CC917205209A406550148106E00440A90540
310
2D7385D999B2F17385CF0210C2634A9B20FC82AB668B1F07A0AD1780D6DCB15DB1CBD60B9C00A0AD18A92E98C05D568C1800E0D70C652AEE0EA56546E80C4065D518C4F080D445BC62D5D82900B5758340511D00C1EB061B578EC269E5E8FB7AB48B09DD68E56866041F03E860EDB03380DE578F9F07D079FE000300BD6790
310
380FA0F31C2266007ACD226300A0EF3C4216009A085CA77F4442C58E7389D900202D97A0D6CD57B2D0F505404B0DD8944F90A873007B7F8FF5486466411925BD93AA7269422415C14C26EB1E00C98E7EEB38912B8088BCC27C5AE54DE4A09CF51B9059B965789C2ECA2C1D925B9B9D2051E61687576E71BA38B538A1F94D13
310
00CDD9E5C3F2EB237BB4C03D9E2F10F88405640F97B8C71326284ED67CFAD9C61300DDE71923EAC24946F06D4F99B9873C57F30160001800860C193264C8902143860C193264C89021439CE4173B53F87DE47909F90000000049454E44AE426082108158AD9D9AFD0000000049454E44AE42608201383581AE2DF1851268F1
310
2D9984DFDEDB0F16218FD57577F8D930A87D5A5905907CB8BDB79F2CD818833FEC04BDE8FB9E0C537D18CE0C00CA6B506170D0F1749847337B11C0499304A0D24E4F42B8AE7ADDA70284CBEE663728A090CCDB4D8017E9EE9D6087FAB94ABEEE2F731933818F0208264FCFB83FFE7F2F8165CC043EAB00B78D453F0780ABFC
310
3B0054B9D9DBFB45B2131C558001483500F8EB001E2960119B078C9B000DFB004E0CF985D3C3F0A94B21DF9F093EE70499006D9110DB1480D6C9150A483F64812CD67C2628887075B8B6A0952A6A7F140653C7B0E4F1738292186F87AF186F3200DABF4F3E3C3110F9001E6C776A3E272BC0C78B65713F393B1851C07F999B
310
3252638BADEB0000000049454E44AE426082
  0
ACDSRECORD
 90
        0
  2
AcDbDs::ID
280
    10
320
D3
  2
Thumbnail_Data
280
    15
 94
     1516
310
89504E470D0A1A0A0000000D4948445200000100000000B5080300000087DCD12600000300504C5445FFFFFF000000FFFFFF0000000000000000000000000000000000000000000000000000330000660000990000CC0000FF0033000033330033660033990033CC0033FF0066000066330066660066990066CC0066FF0099
310
000099330099660099990099CC0099FF00CC0000CC3300CC6600CC9900CCCC00CCFF00FF0000FF3300FF6600FF9900FFCC00FFFF3300003300333300663300993300CC3300FF3333003333333333663333993333CC3333FF3366003366333366663366993366CC3366FF3399003399333399663399993399CC3399FF33CC00
310
33CC3333CC6633CC9933CCCC33CCFF33FF0033FF3333FF6633FF9933FFCC33FFFF6600006600336600666600996600CC6600FF6633006633336633666633996633CC6633FF6666006666336666666666996666CC6666FF6699006699336699666699996699CC6699FF66CC0066CC3366CC6666CC9966CCCC66CCFF66FF0066
310
FF3366FF6666FF9966FFCC66FFFF9900009900339900669900999900CC9900FF9933009933339933669933999933CC9933FF9966009966339966669966999966CC9966FF9999009999339999669999999999CC9999FF99CC0099CC3399CC6699CC9999CCCC99CCFF99FF0099FF3399FF6699FF9999FFCC99FFFFCC0000CC00
310
33CC0066CC0099CC00CCCC00FFCC3300CC3333CC3366CC3399CC33CCCC33FFCC6600CC6633CC6666CC6699CC66CCCC66FFCC9900CC9933CC9966CC9999CC99CCCC99FFCCCC00CCCC33CCCC66CCCC99CCCCCCCCCCFFCCFF00CCFF33CCFF66CCFF99CCFFCCCCFFFFFF0000FF0033FF0066FF0099FF00CCFF00FFFF3300FF3333
310
FF3366FF3399FF33CCFF33FFFF6600FF6633FF6666FF6699FF66CCFF66FFFF9900FF9933FF9966FF9999FF99CCFF99FFFFCC00FFCC33FFCC66FFCC99FFCCCCFFCCFFFFFF00FFFF33FFFF66FFFF99FFFFCCFFFFFF0000000D0D0D1A1A1A2828283535354343435050505D5D5D6B6B6B787878868686939393A1A1A1AEAEAEBB
310
BBBBC9C9C9D6D6D6E4E4E4F1F1F1FFFFFF000000000000000000000000000000000000000000000000000000000000790CAC0F000002A74944415478DAEDDD519282300C80618FD3174ED71BF7023CE57D07044105DB52C292F6CFEC388E02A31F6D5AB2028FD076F48F202D070001000000F87AED195F2FC4DE88AE10B456
310
48FFA8490035EF70000000000000006022040000000000000000009031133457EF3E7B2A6CADA100000000270374E9E15CA711599B5500C8E077E98B666CD6E56C5613203E04B9F4D1AA4B5FD4A56F5619C08DD11DDD93FAB905007580A13F9E0320001804D81C775A0230300B02A000402A06100000000000000000000066
310
820000000000000000000000005025806B1EC001400E380C40410400000000000000DA05E060080000000000000000000000000000000000DA0368BE20020000DB4B462FCF709BAF1F764F9EA605000000004C840000000000000000000000000000007200DC1C00005037C05E412472B1C67A0A225271120400007240490B
310
785E485100A00BD40DC0B14005009C3CED542EAEEEDC7881F3764F9EB63F0A0050D605EC0F8394C40000E038C05C11EBA809360EA0D505861F60FAE5B7983E7CBC90759F2D8BC3E0B0593FFE8DE15F8FE1D71A152541BF1B1703C83F015CD102E4CE0057B480C28AD07034683B0714B600DD83A10300C33031C4346E8C4FC6
310
47930007BBC0BC841F9E4D8F8A45D15B75815DB18692E024E61730BD16A03E0CBE7FE9A9498FFB330740EC0284259F2D29EDD7194ADB00A2F57F01EDA2689069CF2FA9CDBF92FD7664E780E29AA0BBD928B07A7BDD6D6C02BCB70059B5805FF380ED0346BDA341C52E70A0055CDD05B40F863E73808FB500A9002094E600A9
310
0660DE9FB76D014B45E8C4FBE39ABCED6E3CEABCF172CE4DB26BBCF5B6D80A000000E064006B711CA0A900000000000000000000B03CE92D9A2003000000000000C076E963B716B2F7467485A0B542FA4765220400000000F001D0783CFABE6F1AE00FE3FAC685996F11F70000000049454E44AE426082
  0
ACDSRECORD
 90
        0
  2
AcDbDs::ID
280
    10
320
D7
  2
Thumbnail_Data
280
    15
 94
     1516
310
89504E470D0A1A0A0000000D4948445200000100000000B5080300000087DCD12600000300504C5445FFFFFF000000FFFFFF0000000000000000000000000000000000000000000000000000330000660000990000CC0000FF0033000033330033660033990033CC0033FF0066000066330066660066990066CC0066FF0099
310
000099330099660099990099CC0099FF00CC0000CC3300CC6600CC9900CCCC00CCFF00FF0000FF3300FF6600FF9900FFCC00FFFF3300003300333300663300993300CC3300FF3333003333333333663333993333CC3333FF3366003366333366663366993366CC3366FF3399003399333399663399993399CC3399FF33CC00
310
33CC3333CC6633CC9933CCCC33CCFF33FF0033FF3333FF6633FF9933FFCC33FFFF6600006600336600666600996600CC6600FF6633006633336633666633996633CC6633FF6666006666336666666666996666CC6666FF6699006699336699666699996699CC6699FF66CC0066CC3366CC6666CC9966CCCC66CCFF66FF0066
310
FF3366FF6666FF9966FFCC66FFFF9900009900339900669900999900CC9900FF9933009933339933669933999933CC9933FF9966009966339966669966999966CC9966FF9999009999339999669999999999CC9999FF99CC0099CC3399CC6699CC9999CCCC99CCFF99FF0099FF3399FF6699FF9999FFCC99FFFFCC0000CC00
310
33CC0066CC0099CC00CCCC00FFCC3300CC3333CC3366CC3399CC33CCCC33FFCC6600CC6633CC6666CC6699CC66CCCC66FFCC9900CC9933CC9966CC9999CC99CCCC99FFCCCC00CCCC33CCCC66CCCC99CCCCCCCCCCFFCCFF00CCFF33CCFF66CCFF99CCFFCCCCFFFFFF0000FF0033FF0066FF0099FF00CCFF00FFFF3300FF3333
310
FF3366FF3399FF33CCFF33FFFF6600FF6633FF6666FF6699FF66CCFF66FFFF9900FF9933FF9966FF9999FF99CCFF99FFFFCC00FFCC33FFCC66FFCC99FFCCCCFFCCFFFFFF00FFFF33FFFF66FFFF99FFFFCCFFFFFF0000000D0D0D1A1A1A2828283535354343435050505D5D5D6B6B6B787878868686939393A1A1A1AEAEAEBB
310
BBBBC9C9C9D6D6D6E4E4E4F1F1F1FFFFFF000000000000000000000000000000000000000000000000000000000000790CAC0F000002A74944415478DAEDDD519282300C80618FD3174ED71BF7023CE57D07044105DB52C292F6CFEC388E02A31F6D5AB2028FD076F48F202D070001000000F87AED195F2FC4DE88AE10B456
310
48FFA8490035EF70000000000000006022040000000000000000009031133457EF3E7B2A6CADA100000000270374E9E15CA711599B5500C8E077E98B666CD6E56C5613203E04B9F4D1AA4B5FD4A56F5619C08DD11DDD93FAB905007580A13F9E0320001804D81C775A0230300B02A000402A06100000000000000000000066
310
820000000000000000000000005025806B1EC001400E380C40410400000000000000DA05E060080000000000000000000000000000000000DA0368BE20020000DB4B462FCF709BAF1F764F9EA605000000004C840000000000000000000000000000007200DC1C00005037C05E412472B1C67A0A225271120400007240490B
310
785E485100A00BD40DC0B14005009C3CED542EAEEEDC7881F3764F9EB63F0A0050D605EC0F8394C40000E038C05C11EBA809360EA0D505861F60FAE5B7983E7CBC90759F2D8BC3E0B0593FFE8DE15F8FE1D71A152541BF1B1703C83F015CD102E4CE0057B480C28AD07034683B0714B600DD83A10300C33031C4346E8C4FC6
310
47930007BBC0BC841F9E4D8F8A45D15B75815DB18692E024E61730BD16A03E0CBE7FE9A9498FFB330740EC0284259F2D29EDD7194ADB00A2F57F01EDA2689069CF2FA9CDBF92FD7664E780E29AA0BBD928B07A7BDD6D6C02BCB70059B5805FF380ED0346BDA341C52E70A0055CDD05B40F863E73808FB500A9002094E600A9
310
0660DE9FB76D014B45E8C4FBE39ABCED6E3CEABCF172CE4DB26BBCF5B6D80A000000E064006B711CA0A900000000000000000000B03CE92D9A2003000000000000C076E963B716B2F7467485A0B542FA4765220400000000F001D0783CFABE6F1AE00FE3FAC685996F11F70000000049454E44AE426082
  0
ENDSEC
  0
EOF
