SolidWorks IGES file using analytic representation for surfaces         S      1
1H,,1H;,12HHinge.SLDPRT,55HC:\Users\Administrator\Desktop\tzb\新建文件夹G      1
\Hinge.IGS,15HSolidWorks 2024,15HSolidWorks 2024,32,308,15,308,15,12HHinG      2
ge.SLDPRT,1.,2,2HMM,50,0.125,13H241123.201727,1E-08,499990.,13HAdministrG      3
ator,,11,0,13H241123.201727;                                            G      4
     314       1       0       0       0                        00000200D      1
     314       0       8       1       0                               0D      2
     110       2       0       0       0                        01010000D      3
     110       0       0       1       0                               0D      4
     110       3       0       0       0                        01010000D      5
     110       0       0       1       0                               0D      6
     120       4       0       0       0                        01010000D      7
     120       0       0       1       0                               0D      8
     126       5       0       0       0                        01010500D      9
     126       0       0       2       0                               0D     10
     110       7       0       0       0                        01010000D     11
     110       0       0       1       0                               0D     12
     126       8       0       0       0                        01010500D     13
     126       0       0       2       0                               0D     14
     124      10       0       0       0                        00000000D     15
     124       0       0       3       0                               0D     16
     100      13       0       0       0              15        01010000D     17
     100       0       0       1       0                               0D     18
     126      14       0       0       0                        01010500D     19
     126       0       0       2       0                               0D     20
     110      16       0       0       0                        01010000D     21
     110       0       0       1       0                               0D     22
     126      17       0       0       0                        01010500D     23
     126       0       0       2       0                               0D     24
     124      19       0       0       0                        00000000D     25
     124       0       0       3       0                               0D     26
     100      22       0       0       0              25        01010000D     27
     100       0       0       1       0                               0D     28
     102      23       0       0       0                        01010500D     29
     102       0       0       1       0                               0D     30
     102      24       0       0       0                        01010000D     31
     102       0       0       1       0                               0D     32
     142      25       0       0       0                        00010500D     33
     142       0       0       1       0                               0D     34
     144      26       0       0       0                        00000000D     35
     144       0      -1       1       0                               0D     36
     110      27       0       0       0                        01010000D     37
     110       0       0       1       0                               0D     38
     110      28       0       0       0                        01010000D     39
     110       0       0       1       0                               0D     40
     120      29       0       0       0                        01010000D     41
     120       0       0       1       0                               0D     42
     126      30       0       0       0                        01010500D     43
     126       0       0       2       0                               0D     44
     110      32       0       0       0                        01010000D     45
     110       0       0       1       0                               0D     46
     126      33       0       0       0                        01010500D     47
     126       0       0       2       0                               0D     48
     124      35       0       0       0                        00000000D     49
     124       0       0       3       0                               0D     50
     100      38       0       0       0              49        01010000D     51
     100       0       0       1       0                               0D     52
     126      39       0       0       0                        01010500D     53
     126       0       0       2       0                               0D     54
     110      41       0       0       0                        01010000D     55
     110       0       0       1       0                               0D     56
     126      42       0       0       0                        01010500D     57
     126       0       0       2       0                               0D     58
     124      44       0       0       0                        00000000D     59
     124       0       0       3       0                               0D     60
     100      47       0       0       0              59        01010000D     61
     100       0       0       1       0                               0D     62
     102      48       0       0       0                        01010500D     63
     102       0       0       1       0                               0D     64
     102      49       0       0       0                        01010000D     65
     102       0       0       1       0                               0D     66
     142      50       0       0       0                        00010500D     67
     142       0       0       1       0                               0D     68
     144      51       0       0       0                        00000000D     69
     144       0      -1       1       0                               0D     70
     110      52       0       0       0                        01010000D     71
     110       0       0       1       0                               0D     72
     110      53       0       0       0                        01010000D     73
     110       0       0       1       0                               0D     74
     120      54       0       0       0                        01010000D     75
     120       0       0       1       0                               0D     76
     126      55       0       0       0                        01010500D     77
     126       0       0       2       0                               0D     78
     110      57       0       0       0                        01010000D     79
     110       0       0       1       0                               0D     80
     126      58       0       0       0                        01010500D     81
     126       0       0       2       0                               0D     82
     124      60       0       0       0                        00000000D     83
     124       0       0       3       0                               0D     84
     100      63       0       0       0              83        01010000D     85
     100       0       0       1       0                               0D     86
     126      64       0       0       0                        01010500D     87
     126       0       0       2       0                               0D     88
     110      66       0       0       0                        01010000D     89
     110       0       0       1       0                               0D     90
     126      67       0       0       0                        01010500D     91
     126       0       0       2       0                               0D     92
     124      69       0       0       0                        00000000D     93
     124       0       0       3       0                               0D     94
     100      72       0       0       0              93        01010000D     95
     100       0       0       1       0                               0D     96
     102      73       0       0       0                        01010500D     97
     102       0       0       1       0                               0D     98
     102      74       0       0       0                        01010000D     99
     102       0       0       1       0                               0D    100
     142      75       0       0       0                        00010500D    101
     142       0       0       1       0                               0D    102
     144      76       0       0       0                        00000000D    103
     144       0      -1       1       0                               0D    104
     110      77       0       0       0                        01010000D    105
     110       0       0       1       0                               0D    106
     110      78       0       0       0                        01010000D    107
     110       0       0       1       0                               0D    108
     120      79       0       0       0                        01010000D    109
     120       0       0       1       0                               0D    110
     126      80       0       0       0                        01010500D    111
     126       0       0       2       0                               0D    112
     110      82       0       0       0                        01010000D    113
     110       0       0       1       0                               0D    114
     126      83       0       0       0                        01010500D    115
     126       0       0       2       0                               0D    116
     124      85       0       0       0                        00000000D    117
     124       0       0       3       0                               0D    118
     100      88       0       0       0             117        01010000D    119
     100       0       0       1       0                               0D    120
     126      89       0       0       0                        01010500D    121
     126       0       0       2       0                               0D    122
     110      91       0       0       0                        01010000D    123
     110       0       0       1       0                               0D    124
     126      92       0       0       0                        01010500D    125
     126       0       0       2       0                               0D    126
     124      94       0       0       0                        00000000D    127
     124       0       0       3       0                               0D    128
     100      97       0       0       0             127        01010000D    129
     100       0       0       1       0                               0D    130
     102      98       0       0       0                        01010500D    131
     102       0       0       1       0                               0D    132
     102      99       0       0       0                        01010000D    133
     102       0       0       1       0                               0D    134
     142     100       0       0       0                        00010500D    135
     142       0       0       1       0                               0D    136
     144     101       0       0       0                        00000000D    137
     144       0      -1       1       0                               0D    138
     110     102       0       0       0                        01010000D    139
     110       0       0       1       0                               0D    140
     110     103       0       0       0                        01010000D    141
     110       0       0       1       0                               0D    142
     120     104       0       0       0                        01010000D    143
     120       0       0       1       0                               0D    144
     126     105       0       0       0                        01010500D    145
     126       0       0       2       0                               0D    146
     110     107       0       0       0                        01010000D    147
     110       0       0       1       0                               0D    148
     126     108       0       0       0                        01010500D    149
     126       0       0       2       0                               0D    150
     124     110       0       0       0                        00000000D    151
     124       0       0       3       0                               0D    152
     100     113       0       0       0             151        01010000D    153
     100       0       0       1       0                               0D    154
     126     114       0       0       0                        01010500D    155
     126       0       0       2       0                               0D    156
     110     116       0       0       0                        01010000D    157
     110       0       0       1       0                               0D    158
     126     117       0       0       0                        01010500D    159
     126       0       0       2       0                               0D    160
     124     119       0       0       0                        00000000D    161
     124       0       0       3       0                               0D    162
     100     122       0       0       0             161        01010000D    163
     100       0       0       1       0                               0D    164
     102     123       0       0       0                        01010500D    165
     102       0       0       1       0                               0D    166
     102     124       0       0       0                        01010000D    167
     102       0       0       1       0                               0D    168
     142     125       0       0       0                        00010500D    169
     142       0       0       1       0                               0D    170
     144     126       0       0       0                        00000000D    171
     144       0      -1       1       0                               0D    172
     110     127       0       0       0                        01010000D    173
     110       0       0       1       0                               0D    174
     110     128       0       0       0                        01010000D    175
     110       0       0       1       0                               0D    176
     120     129       0       0       0                        01010000D    177
     120       0       0       1       0                               0D    178
     126     130       0       0       0                        01010500D    179
     126       0       0       2       0                               0D    180
     110     132       0       0       0                        01010000D    181
     110       0       0       1       0                               0D    182
     126     133       0       0       0                        01010500D    183
     126       0       0       2       0                               0D    184
     124     135       0       0       0                        00000000D    185
     124       0       0       3       0                               0D    186
     100     138       0       0       0             185        01010000D    187
     100       0       0       1       0                               0D    188
     126     139       0       0       0                        01010500D    189
     126       0       0       2       0                               0D    190
     110     141       0       0       0                        01010000D    191
     110       0       0       1       0                               0D    192
     126     142       0       0       0                        01010500D    193
     126       0       0       2       0                               0D    194
     124     144       0       0       0                        00000000D    195
     124       0       0       3       0                               0D    196
     100     147       0       0       0             195        01010000D    197
     100       0       0       1       0                               0D    198
     102     148       0       0       0                        01010500D    199
     102       0       0       1       0                               0D    200
     102     149       0       0       0                        01010000D    201
     102       0       0       1       0                               0D    202
     142     150       0       0       0                        00010500D    203
     142       0       0       1       0                               0D    204
     144     151       0       0       0                        00000000D    205
     144       0      -1       1       0                               0D    206
     110     152       0       0       0                        01010000D    207
     110       0       0       1       0                               0D    208
     110     153       0       0       0                        01010000D    209
     110       0       0       1       0                               0D    210
     120     154       0       0       0                        01010000D    211
     120       0       0       1       0                               0D    212
     126     155       0       0       0                        01010500D    213
     126       0       0       2       0                               0D    214
     110     157       0       0       0                        01010000D    215
     110       0       0       1       0                               0D    216
     126     158       0       0       0                        01010500D    217
     126       0       0       2       0                               0D    218
     124     160       0       0       0                        00000000D    219
     124       0       0       3       0                               0D    220
     100     163       0       0       0             219        01010000D    221
     100       0       0       1       0                               0D    222
     126     164       0       0       0                        01010500D    223
     126       0       0       2       0                               0D    224
     110     166       0       0       0                        01010000D    225
     110       0       0       1       0                               0D    226
     126     167       0       0       0                        01010500D    227
     126       0       0       2       0                               0D    228
     124     169       0       0       0                        00000000D    229
     124       0       0       3       0                               0D    230
     100     172       0       0       0             229        01010000D    231
     100       0       0       1       0                               0D    232
     102     173       0       0       0                        01010500D    233
     102       0       0       1       0                               0D    234
     102     174       0       0       0                        01010000D    235
     102       0       0       1       0                               0D    236
     142     175       0       0       0                        00010500D    237
     142       0       0       1       0                               0D    238
     144     176       0       0       0                        00000000D    239
     144       0      -1       1       0                               0D    240
     110     177       0       0       0                        01010000D    241
     110       0       0       1       0                               0D    242
     110     178       0       0       0                        01010000D    243
     110       0       0       1       0                               0D    244
     120     179       0       0       0                        01010000D    245
     120       0       0       1       0                               0D    246
     126     180       0       0       0                        01010500D    247
     126       0       0       2       0                               0D    248
     110     182       0       0       0                        01010000D    249
     110       0       0       1       0                               0D    250
     126     183       0       0       0                        01010500D    251
     126       0       0       2       0                               0D    252
     124     185       0       0       0                        00000000D    253
     124       0       0       3       0                               0D    254
     100     188       0       0       0             253        01010000D    255
     100       0       0       1       0                               0D    256
     126     189       0       0       0                        01010500D    257
     126       0       0       2       0                               0D    258
     110     191       0       0       0                        01010000D    259
     110       0       0       1       0                               0D    260
     126     192       0       0       0                        01010500D    261
     126       0       0       2       0                               0D    262
     124     194       0       0       0                        00000000D    263
     124       0       0       3       0                               0D    264
     100     197       0       0       0             263        01010000D    265
     100       0       0       1       0                               0D    266
     102     198       0       0       0                        01010500D    267
     102       0       0       1       0                               0D    268
     102     199       0       0       0                        01010000D    269
     102       0       0       1       0                               0D    270
     142     200       0       0       0                        00010500D    271
     142       0       0       1       0                               0D    272
     144     201       0       0       0                        00000000D    273
     144       0      -1       1       0                               0D    274
     110     202       0       0       0                        01010000D    275
     110       0       0       1       0                               0D    276
     110     203       0       0       0                        01010000D    277
     110       0       0       1       0                               0D    278
     120     204       0       0       0                        01010000D    279
     120       0       0       1       0                               0D    280
     126     205       0       0       0                        01010500D    281
     126       0       0       2       0                               0D    282
     110     207       0       0       0                        01010000D    283
     110       0       0       1       0                               0D    284
     126     208       0       0       0                        01010500D    285
     126       0       0       2       0                               0D    286
     124     210       0       0       0                        00000000D    287
     124       0       0       4       0                               0D    288
     100     214       0       0       0             287        01010000D    289
     100       0       0       1       0                               0D    290
     126     215       0       0       0                        01010500D    291
     126       0       0       2       0                               0D    292
     110     217       0       0       0                        01010000D    293
     110       0       0       1       0                               0D    294
     126     218       0       0       0                        01010500D    295
     126       0       0       2       0                               0D    296
     100     220       0       0       0                        01010000D    297
     100       0       0       1       0                               0D    298
     102     221       0       0       0                        01010500D    299
     102       0       0       1       0                               0D    300
     102     222       0       0       0                        01010000D    301
     102       0       0       1       0                               0D    302
     142     223       0       0       0                        00010500D    303
     142       0       0       1       0                               0D    304
     144     224       0       0       0                        00000000D    305
     144       0      -1       1       0                               0D    306
     110     225       0       0       0                        01010000D    307
     110       0       0       1       0                               0D    308
     110     226       0       0       0                        01010000D    309
     110       0       0       1       0                               0D    310
     120     227       0       0       0                        01010000D    311
     120       0       0       1       0                               0D    312
     126     228       0       0       0                        01010500D    313
     126       0       0       2       0                               0D    314
     110     230       0       0       0                        01010000D    315
     110       0       0       1       0                               0D    316
     126     231       0       0       0                        01010500D    317
     126       0       0       2       0                               0D    318
     124     233       0       0       0                        00000000D    319
     124       0       0       3       0                               0D    320
     100     236       0       0       0             319        01010000D    321
     100       0       0       1       0                               0D    322
     126     237       0       0       0                        01010500D    323
     126       0       0       2       0                               0D    324
     110     239       0       0       0                        01010000D    325
     110       0       0       1       0                               0D    326
     126     240       0       0       0                        01010500D    327
     126       0       0       2       0                               0D    328
     100     242       0       0       0                        01010000D    329
     100       0       0       1       0                               0D    330
     102     243       0       0       0                        01010500D    331
     102       0       0       1       0                               0D    332
     102     244       0       0       0                        01010000D    333
     102       0       0       1       0                               0D    334
     142     245       0       0       0                        00010500D    335
     142       0       0       1       0                               0D    336
     144     246       0       0       0                        00000000D    337
     144       0      -1       1       0                               0D    338
     110     247       0       0       0                        01010000D    339
     110       0       0       1       0                               0D    340
     110     248       0       0       0                        01010000D    341
     110       0       0       1       0                               0D    342
     120     249       0       0       0                        01010000D    343
     120       0       0       1       0                               0D    344
     126     250       0       0       0                        01010500D    345
     126       0       0       2       0                               0D    346
     110     252       0       0       0                        01010000D    347
     110       0       0       1       0                               0D    348
     126     253       0       0       0                        01010500D    349
     126       0       0       2       0                               0D    350
     124     255       0       0       0                        00000000D    351
     124       0       0       4       0                               0D    352
     100     259       0       0       0             351        01010000D    353
     100       0       0       1       0                               0D    354
     126     260       0       0       0                        01010500D    355
     126       0       0       2       0                               0D    356
     110     262       0       0       0                        01010000D    357
     110       0       0       1       0                               0D    358
     126     263       0       0       0                        01010500D    359
     126       0       0       2       0                               0D    360
     100     265       0       0       0                        01010000D    361
     100       0       0       1       0                               0D    362
     102     266       0       0       0                        01010500D    363
     102       0       0       1       0                               0D    364
     102     267       0       0       0                        01010000D    365
     102       0       0       1       0                               0D    366
     142     268       0       0       0                        00010500D    367
     142       0       0       1       0                               0D    368
     144     269       0       0       0                        00000000D    369
     144       0      -1       1       0                               0D    370
     128     270       0       0       0                        01010000D    371
     128       0       0       2       0                               0D    372
     126     272       0       0       0                        01010500D    373
     126       0       0       2       0                               0D    374
     110     274       0       0       0                        01010000D    375
     110       0       0       1       0                               0D    376
     126     275       0       0       0                        01010500D    377
     126       0       0       2       0                               0D    378
     110     277       0       0       0                        01010000D    379
     110       0       0       1       0                               0D    380
     126     278       0       0       0                        01010500D    381
     126       0       0       2       0                               0D    382
     110     280       0       0       0                        01010000D    383
     110       0       0       1       0                               0D    384
     126     281       0       0       0                        01010500D    385
     126       0       0       2       0                               0D    386
     110     283       0       0       0                        01010000D    387
     110       0       0       1       0                               0D    388
     126     284       0       0       0                        01010500D    389
     126       0       0       2       0                               0D    390
     110     286       0       0       0                        01010000D    391
     110       0       0       1       0                               0D    392
     126     287       0       0       0                        01010500D    393
     126       0       0       2       0                               0D    394
     110     289       0       0       0                        01010000D    395
     110       0       0       1       0                               0D    396
     126     290       0       0       0                        01010500D    397
     126       0       0       2       0                               0D    398
     110     292       0       0       0                        01010000D    399
     110       0       0       1       0                               0D    400
     126     293       0       0       0                        01010500D    401
     126       0       0       2       0                               0D    402
     110     295       0       0       0                        01010000D    403
     110       0       0       1       0                               0D    404
     126     296       0       0       0                        01010500D    405
     126       0       0       2       0                               0D    406
     110     298       0       0       0                        01010000D    407
     110       0       0       1       0                               0D    408
     126     299       0       0       0                        01010500D    409
     126       0       0       2       0                               0D    410
     110     301       0       0       0                        01010000D    411
     110       0       0       1       0                               0D    412
     126     302       0       0       0                        01010500D    413
     126       0       0       2       0                               0D    414
     110     304       0       0       0                        01010000D    415
     110       0       0       1       0                               0D    416
     126     305       0       0       0                        01010500D    417
     126       0       0       2       0                               0D    418
     110     307       0       0       0                        01010000D    419
     110       0       0       1       0                               0D    420
     102     308       0       0       0                        01010500D    421
     102       0       0       1       0                               0D    422
     102     309       0       0       0                        01010000D    423
     102       0       0       1       0                               0D    424
     142     310       0       0       0                        00010500D    425
     142       0       0       1       0                               0D    426
     126     311       0       0       0                        01010500D    427
     126       0       0      21       0                               0D    428
     124     332       0       0       0                        00000000D    429
     124       0       0       2       0                               0D    430
     100     334       0       0       0             429        01010000D    431
     100       0       0       1       0                               0D    432
     126     335       0       0       0                        01010500D    433
     126       0       0      21       0                               0D    434
     124     356       0       0       0                        00000000D    435
     124       0       0       3       0                               0D    436
     100     359       0       0       0             435        01010000D    437
     100       0       0       1       0                               0D    438
     102     360       0       0       0                        01010500D    439
     102       0       0       1       0                               0D    440
     102     361       0       0       0                        01010000D    441
     102       0       0       1       0                               0D    442
     142     362       0       0       0                        00010500D    443
     142       0       0       1       0                               0D    444
     126     363       0       0       0                        01010500D    445
     126       0       0      21       0                               0D    446
     124     384       0       0       0                        00000000D    447
     124       0       0       2       0                               0D    448
     100     386       0       0       0             447        01010000D    449
     100       0       0       1       0                               0D    450
     126     387       0       0       0                        01010500D    451
     126       0       0      21       0                               0D    452
     124     408       0       0       0                        00000000D    453
     124       0       0       3       0                               0D    454
     100     411       0       0       0             453        01010000D    455
     100       0       0       1       0                               0D    456
     102     412       0       0       0                        01010500D    457
     102       0       0       1       0                               0D    458
     102     413       0       0       0                        01010000D    459
     102       0       0       1       0                               0D    460
     142     414       0       0       0                        00010500D    461
     142       0       0       1       0                               0D    462
     126     415       0       0       0                        01010500D    463
     126       0       0      21       0                               0D    464
     124     436       0       0       0                        00000000D    465
     124       0       0       2       0                               0D    466
     100     438       0       0       0             465        01010000D    467
     100       0       0       1       0                               0D    468
     126     439       0       0       0                        01010500D    469
     126       0       0      21       0                               0D    470
     124     460       0       0       0                        00000000D    471
     124       0       0       3       0                               0D    472
     100     463       0       0       0             471        01010000D    473
     100       0       0       1       0                               0D    474
     102     464       0       0       0                        01010500D    475
     102       0       0       1       0                               0D    476
     102     465       0       0       0                        01010000D    477
     102       0       0       1       0                               0D    478
     142     466       0       0       0                        00010500D    479
     142       0       0       1       0                               0D    480
     126     467       0       0       0                        01010500D    481
     126       0       0      21       0                               0D    482
     124     488       0       0       0                        00000000D    483
     124       0       0       2       0                               0D    484
     100     490       0       0       0             483        01010000D    485
     100       0       0       1       0                               0D    486
     126     491       0       0       0                        01010500D    487
     126       0       0      21       0                               0D    488
     124     512       0       0       0                        00000000D    489
     124       0       0       3       0                               0D    490
     100     515       0       0       0             489        01010000D    491
     100       0       0       1       0                               0D    492
     102     516       0       0       0                        01010500D    493
     102       0       0       1       0                               0D    494
     102     517       0       0       0                        01010000D    495
     102       0       0       1       0                               0D    496
     142     518       0       0       0                        00010500D    497
     142       0       0       1       0                               0D    498
     144     519       0       0       0                        00000000D    499
     144       0      -1       1       0                               0D    500
     110     520       0       0       0                        01010000D    501
     110       0       0       1       0                               0D    502
     110     521       0       0       0                        01010000D    503
     110       0       0       1       0                               0D    504
     120     522       0       0       0                        01010000D    505
     120       0       0       1       0                               0D    506
     126     523       0       0       0                        01010500D    507
     126       0       0       2       0                               0D    508
     100     525       0       0       0                        01010000D    509
     100       0       0       1       0                               0D    510
     126     526       0       0       0                        01010500D    511
     126       0       0       2       0                               0D    512
     110     528       0       0       0                        01010000D    513
     110       0       0       1       0                               0D    514
     126     529       0       0       0                        01010500D    515
     126       0       0       2       0                               0D    516
     124     531       0       0       0                        00000000D    517
     124       0       0       2       0                               0D    518
     100     533       0       0       0             517        01010000D    519
     100       0       0       1       0                               0D    520
     126     534       0       0       0                        01010500D    521
     126       0       0       2       0                               0D    522
     110     536       0       0       0                        01010000D    523
     110       0       0       1       0                               0D    524
     102     537       0       0       0                        01010500D    525
     102       0       0       1       0                               0D    526
     102     538       0       0       0                        01010000D    527
     102       0       0       1       0                               0D    528
     142     539       0       0       0                        00010500D    529
     142       0       0       1       0                               0D    530
     144     540       0       0       0                        00000000D    531
     144       0      -1       1       0                               0D    532
     110     541       0       0       0                        01010000D    533
     110       0       0       1       0                               0D    534
     110     542       0       0       0                        01010000D    535
     110       0       0       1       0                               0D    536
     120     543       0       0       0                        01010000D    537
     120       0       0       1       0                               0D    538
     126     544       0       0       0                        01010500D    539
     126       0       0       2       0                               0D    540
     110     546       0       0       0                        01010000D    541
     110       0       0       1       0                               0D    542
     126     547       0       0       0                        01010500D    543
     126       0       0       2       0                               0D    544
     124     549       0       0       0                        00000000D    545
     124       0       0       2       0                               0D    546
     100     551       0       0       0             545        01010000D    547
     100       0       0       1       0                               0D    548
     126     552       0       0       0                        01010500D    549
     126       0       0       2       0                               0D    550
     110     554       0       0       0                        01010000D    551
     110       0       0       1       0                               0D    552
     126     555       0       0       0                        01010500D    553
     126       0       0       2       0                               0D    554
     100     557       0       0       0                        01010000D    555
     100       0       0       1       0                               0D    556
     102     558       0       0       0                        01010500D    557
     102       0       0       1       0                               0D    558
     102     559       0       0       0                        01010000D    559
     102       0       0       1       0                               0D    560
     142     560       0       0       0                        00010500D    561
     142       0       0       1       0                               0D    562
     144     561       0       0       0                        00000000D    563
     144       0      -1       1       0                               0D    564
     110     562       0       0       0                        01010000D    565
     110       0       0       1       0                               0D    566
     110     563       0       0       0                        01010000D    567
     110       0       0       1       0                               0D    568
     120     564       0       0       0                        01010000D    569
     120       0       0       1       0                               0D    570
     126     565       0       0       0                        01010500D    571
     126       0       0       2       0                               0D    572
     124     567       0       0       0                        00000000D    573
     124       0       0       4       0                               0D    574
     100     571       0       0       0             573        01010000D    575
     100       0       0       1       0                               0D    576
     126     572       0       0       0                        01010500D    577
     126       0       0       2       0                               0D    578
     110     574       0       0       0                        01010000D    579
     110       0       0       1       0                               0D    580
     126     575       0       0       0                        01010500D    581
     126       0       0       2       0                               0D    582
     100     577       0       0       0                        01010000D    583
     100       0       0       1       0                               0D    584
     126     578       0       0       0                        01010500D    585
     126       0       0       2       0                               0D    586
     110     580       0       0       0                        01010000D    587
     110       0       0       1       0                               0D    588
     102     581       0       0       0                        01010500D    589
     102       0       0       1       0                               0D    590
     102     582       0       0       0                        01010000D    591
     102       0       0       1       0                               0D    592
     142     583       0       0       0                        00010500D    593
     142       0       0       1       0                               0D    594
     144     584       0       0       0                        00000000D    595
     144       0      -1       1       0                               0D    596
     110     585       0       0       0                        01010000D    597
     110       0       0       1       0                               0D    598
     110     586       0       0       0                        01010000D    599
     110       0       0       1       0                               0D    600
     120     587       0       0       0                        01010000D    601
     120       0       0       1       0                               0D    602
     126     588       0       0       0                        01010500D    603
     126       0       0       2       0                               0D    604
     100     590       0       0       0                        01010000D    605
     100       0       0       1       0                               0D    606
     126     591       0       0       0                        01010500D    607
     126       0       0       2       0                               0D    608
     110     593       0       0       0                        01010000D    609
     110       0       0       1       0                               0D    610
     126     594       0       0       0                        01010500D    611
     126       0       0       2       0                               0D    612
     124     596       0       0       0                        00000000D    613
     124       0       0       2       0                               0D    614
     100     598       0       0       0             613        01010000D    615
     100       0       0       1       0                               0D    616
     126     599       0       0       0                        01010500D    617
     126       0       0       2       0                               0D    618
     110     601       0       0       0                        01010000D    619
     110       0       0       1       0                               0D    620
     102     602       0       0       0                        01010500D    621
     102       0       0       1       0                               0D    622
     102     603       0       0       0                        01010000D    623
     102       0       0       1       0                               0D    624
     142     604       0       0       0                        00010500D    625
     142       0       0       1       0                               0D    626
     144     605       0       0       0                        00000000D    627
     144       0      -1       1       0                               0D    628
     110     606       0       0       0                        01010000D    629
     110       0       0       1       0                               0D    630
     110     607       0       0       0                        01010000D    631
     110       0       0       1       0                               0D    632
     120     608       0       0       0                        01010000D    633
     120       0       0       1       0                               0D    634
     126     609       0       0       0                        01010500D    635
     126       0       0       2       0                               0D    636
     124     611       0       0       0                        00000000D    637
     124       0       0       4       0                               0D    638
     100     615       0       0       0             637        01010000D    639
     100       0       0       1       0                               0D    640
     126     616       0       0       0                        01010500D    641
     126       0       0       2       0                               0D    642
     110     618       0       0       0                        01010000D    643
     110       0       0       1       0                               0D    644
     126     619       0       0       0                        01010500D    645
     126       0       0       2       0                               0D    646
     100     621       0       0       0                        01010000D    647
     100       0       0       1       0                               0D    648
     126     622       0       0       0                        01010500D    649
     126       0       0       2       0                               0D    650
     110     624       0       0       0                        01010000D    651
     110       0       0       1       0                               0D    652
     102     625       0       0       0                        01010500D    653
     102       0       0       1       0                               0D    654
     102     626       0       0       0                        01010000D    655
     102       0       0       1       0                               0D    656
     142     627       0       0       0                        00010500D    657
     142       0       0       1       0                               0D    658
     144     628       0       0       0                        00000000D    659
     144       0      -1       1       0                               0D    660
     128     629       0       0       0                        01010000D    661
     128       0       0       2       0                               0D    662
     126     631       0       0       0                        01010500D    663
     126       0       0       2       0                               0D    664
     110     633       0       0       0                        01010000D    665
     110       0       0       1       0                               0D    666
     126     634       0       0       0                        01010500D    667
     126       0       0       2       0                               0D    668
     110     636       0       0       0                        01010000D    669
     110       0       0       1       0                               0D    670
     126     637       0       0       0                        01010500D    671
     126       0       0       2       0                               0D    672
     110     639       0       0       0                        01010000D    673
     110       0       0       1       0                               0D    674
     126     640       0       0       0                        01010500D    675
     126       0       0       2       0                               0D    676
     110     642       0       0       0                        01010000D    677
     110       0       0       1       0                               0D    678
     126     643       0       0       0                        01010500D    679
     126       0       0       2       0                               0D    680
     110     645       0       0       0                        01010000D    681
     110       0       0       1       0                               0D    682
     126     646       0       0       0                        01010500D    683
     126       0       0       2       0                               0D    684
     110     648       0       0       0                        01010000D    685
     110       0       0       1       0                               0D    686
     126     649       0       0       0                        01010500D    687
     126       0       0       2       0                               0D    688
     110     651       0       0       0                        01010000D    689
     110       0       0       1       0                               0D    690
     126     652       0       0       0                        01010500D    691
     126       0       0       2       0                               0D    692
     110     654       0       0       0                        01010000D    693
     110       0       0       1       0                               0D    694
     102     655       0       0       0                        01010500D    695
     102       0       0       1       0                               0D    696
     102     656       0       0       0                        01010000D    697
     102       0       0       1       0                               0D    698
     142     657       0       0       0                        00010500D    699
     142       0       0       1       0                               0D    700
     126     658       0       0       0                        01010500D    701
     126       0       0      22       0                               0D    702
     124     680       0       0       0                        00000000D    703
     124       0       0       3       0                               0D    704
     100     683       0       0       0             703        01010000D    705
     100       0       0       1       0                               0D    706
     126     684       0       0       0                        01010500D    707
     126       0       0      22       0                               0D    708
     124     706       0       0       0                        00000000D    709
     124       0       0       2       0                               0D    710
     100     708       0       0       0             709        01010000D    711
     100       0       0       1       0                               0D    712
     102     709       0       0       0                        01010500D    713
     102       0       0       1       0                               0D    714
     102     710       0       0       0                        01010000D    715
     102       0       0       1       0                               0D    716
     142     711       0       0       0                        00010500D    717
     142       0       0       1       0                               0D    718
     126     712       0       0       0                        01010500D    719
     126       0       0      22       0                               0D    720
     124     734       0       0       0                        00000000D    721
     124       0       0       3       0                               0D    722
     100     737       0       0       0             721        01010000D    723
     100       0       0       1       0                               0D    724
     126     738       0       0       0                        01010500D    725
     126       0       0      22       0                               0D    726
     124     760       0       0       0                        00000000D    727
     124       0       0       2       0                               0D    728
     100     762       0       0       0             727        01010000D    729
     100       0       0       1       0                               0D    730
     102     763       0       0       0                        01010500D    731
     102       0       0       1       0                               0D    732
     102     764       0       0       0                        01010000D    733
     102       0       0       1       0                               0D    734
     142     765       0       0       0                        00010500D    735
     142       0       0       1       0                               0D    736
     126     766       0       0       0                        01010500D    737
     126       0       0      22       0                               0D    738
     124     788       0       0       0                        00000000D    739
     124       0       0       3       0                               0D    740
     100     791       0       0       0             739        01010000D    741
     100       0       0       1       0                               0D    742
     126     792       0       0       0                        01010500D    743
     126       0       0      22       0                               0D    744
     124     814       0       0       0                        00000000D    745
     124       0       0       2       0                               0D    746
     100     816       0       0       0             745        01010000D    747
     100       0       0       1       0                               0D    748
     102     817       0       0       0                        01010500D    749
     102       0       0       1       0                               0D    750
     102     818       0       0       0                        01010000D    751
     102       0       0       1       0                               0D    752
     142     819       0       0       0                        00010500D    753
     142       0       0       1       0                               0D    754
     126     820       0       0       0                        01010500D    755
     126       0       0      22       0                               0D    756
     124     842       0       0       0                        00000000D    757
     124       0       0       3       0                               0D    758
     100     845       0       0       0             757        01010000D    759
     100       0       0       1       0                               0D    760
     126     846       0       0       0                        01010500D    761
     126       0       0      22       0                               0D    762
     124     868       0       0       0                        00000000D    763
     124       0       0       2       0                               0D    764
     100     870       0       0       0             763        01010000D    765
     100       0       0       1       0                               0D    766
     102     871       0       0       0                        01010500D    767
     102       0       0       1       0                               0D    768
     102     872       0       0       0                        01010000D    769
     102       0       0       1       0                               0D    770
     142     873       0       0       0                        00010500D    771
     142       0       0       1       0                               0D    772
     144     874       0       0       0                        00000000D    773
     144       0      -1       1       0                               0D    774
     128     875       0       0       0                        01010000D    775
     128       0       0       2       0                               0D    776
     126     877       0       0       0                        01010500D    777
     126       0       0       2       0                               0D    778
     110     879       0       0       0                        01010000D    779
     110       0       0       1       0                               0D    780
     126     880       0       0       0                        01010500D    781
     126       0       0       2       0                               0D    782
     110     882       0       0       0                        01010000D    783
     110       0       0       1       0                               0D    784
     126     883       0       0       0                        01010500D    785
     126       0       0       2       0                               0D    786
     110     885       0       0       0                        01010000D    787
     110       0       0       1       0                               0D    788
     126     886       0       0       0                        01010500D    789
     126       0       0       2       0                               0D    790
     110     888       0       0       0                        01010000D    791
     110       0       0       1       0                               0D    792
     102     889       0       0       0                        01010500D    793
     102       0       0       1       0                               0D    794
     102     890       0       0       0                        01010000D    795
     102       0       0       1       0                               0D    796
     142     891       0       0       0                        00010500D    797
     142       0       0       1       0                               0D    798
     144     892       0       0       0                        00000000D    799
     144       0      -1       1       0                               0D    800
     128     893       0       0       0                        01010000D    801
     128       0       0       3       0                               0D    802
     126     896       0       0       0                        01010500D    803
     126       0       0       2       0                               0D    804
     110     898       0       0       0                        01010000D    805
     110       0       0       1       0                               0D    806
     126     899       0       0       0                        01010500D    807
     126       0       0       2       0                               0D    808
     110     901       0       0       0                        01010000D    809
     110       0       0       1       0                               0D    810
     126     902       0       0       0                        01010500D    811
     126       0       0      44       0                               0D    812
     124     946       0       0       0                        00000000D    813
     124       0       0       2       0                               0D    814
     100     948       0       0       0             813        01010000D    815
     100       0       0       1       0                               0D    816
     126     949       0       0       0                        01010500D    817
     126       0       0       2       0                               0D    818
     110     951       0       0       0                        01010000D    819
     110       0       0       1       0                               0D    820
     102     952       0       0       0                        01010500D    821
     102       0       0       1       0                               0D    822
     102     953       0       0       0                        01010000D    823
     102       0       0       1       0                               0D    824
     142     954       0       0       0                        00010500D    825
     142       0       0       1       0                               0D    826
     126     955       0       0       0                        01010500D    827
     126       0       0      22       0                               0D    828
     100     977       0       0       0                        01010000D    829
     100       0       0       1       0                               0D    830
     126     978       0       0       0                        01010500D    831
     126       0       0      22       0                               0D    832
     100    1000       0       0       0                        01010000D    833
     100       0       0       1       0                               0D    834
     102    1001       0       0       0                        01010500D    835
     102       0       0       1       0                               0D    836
     102    1002       0       0       0                        01010000D    837
     102       0       0       1       0                               0D    838
     142    1003       0       0       0                        00010500D    839
     142       0       0       1       0                               0D    840
     144    1004       0       0       0                        00000000D    841
     144       0      -1       1       0                               0D    842
     128    1005       0       0       0                        01010000D    843
     128       0       0       3       0                               0D    844
     126    1008       0       0       0                        01010500D    845
     126       0       0       2       0                               0D    846
     110    1010       0       0       0                        01010000D    847
     110       0       0       1       0                               0D    848
     126    1011       0       0       0                        01010500D    849
     126       0       0      44       0                               0D    850
     124    1055       0       0       0                        00000000D    851
     124       0       0       2       0                               0D    852
     100    1057       0       0       0             851        01010000D    853
     100       0       0       1       0                               0D    854
     126    1058       0       0       0                        01010500D    855
     126       0       0       2       0                               0D    856
     110    1060       0       0       0                        01010000D    857
     110       0       0       1       0                               0D    858
     126    1061       0       0       0                        01010500D    859
     126       0       0       2       0                               0D    860
     110    1063       0       0       0                        01010000D    861
     110       0       0       1       0                               0D    862
     102    1064       0       0       0                        01010500D    863
     102       0       0       1       0                               0D    864
     102    1065       0       0       0                        01010000D    865
     102       0       0       1       0                               0D    866
     142    1066       0       0       0                        00010500D    867
     142       0       0       1       0                               0D    868
     126    1067       0       0       0                        01010500D    869
     126       0       0      22       0                               0D    870
     100    1089       0       0       0                        01010000D    871
     100       0       0       1       0                               0D    872
     126    1090       0       0       0                        01010500D    873
     126       0       0      22       0                               0D    874
     100    1112       0       0       0                        01010000D    875
     100       0       0       1       0                               0D    876
     102    1113       0       0       0                        01010500D    877
     102       0       0       1       0                               0D    878
     102    1114       0       0       0                        01010000D    879
     102       0       0       1       0                               0D    880
     142    1115       0       0       0                        00010500D    881
     142       0       0       1       0                               0D    882
     144    1116       0       0       0                        00000000D    883
     144       0      -1       1       0                               0D    884
     110    1117       0       0       0                        01010000D    885
     110       0       0       1       0                               0D    886
     110    1118       0       0       0                        01010000D    887
     110       0       0       1       0                               0D    888
     120    1119       0       0       0                        01010000D    889
     120       0       0       1       0                               0D    890
     126    1120       0       0       0                        01010500D    891
     126       0       0       2       0                               0D    892
     124    1122       0       0       0                        00000000D    893
     124       0       0       4       0                               0D    894
     100    1126       0       0       0             893        01010000D    895
     100       0       0       1       0                               0D    896
     126    1127       0       0       0                        01010500D    897
     126       0       0       2       0                               0D    898
     110    1129       0       0       0                        01010000D    899
     110       0       0       1       0                               0D    900
     126    1130       0       0       0                        01010500D    901
     126       0       0       2       0                               0D    902
     100    1132       0       0       0                        01010000D    903
     100       0       0       1       0                               0D    904
     126    1133       0       0       0                        01010500D    905
     126       0       0       2       0                               0D    906
     110    1135       0       0       0                        01010000D    907
     110       0       0       1       0                               0D    908
     102    1136       0       0       0                        01010500D    909
     102       0       0       1       0                               0D    910
     102    1137       0       0       0                        01010000D    911
     102       0       0       1       0                               0D    912
     142    1138       0       0       0                        00010500D    913
     142       0       0       1       0                               0D    914
     144    1139       0       0       0                        00000000D    915
     144       0      -1       1       0                               0D    916
     110    1140       0       0       0                        01010000D    917
     110       0       0       1       0                               0D    918
     110    1141       0       0       0                        01010000D    919
     110       0       0       1       0                               0D    920
     120    1142       0       0       0                        01010000D    921
     120       0       0       1       0                               0D    922
     126    1143       0       0       0                        01010500D    923
     126       0       0       2       0                               0D    924
     124    1145       0       0       0                        00000000D    925
     124       0       0       2       0                               0D    926
     100    1147       0       0       0             925        01010000D    927
     100       0       0       1       0                               0D    928
     126    1148       0       0       0                        01010500D    929
     126       0       0       2       0                               0D    930
     110    1150       0       0       0                        01010000D    931
     110       0       0       1       0                               0D    932
     126    1151       0       0       0                        01010500D    933
     126       0       0       2       0                               0D    934
     124    1153       0       0       0                        00000000D    935
     124       0       0       2       0                               0D    936
     100    1155       0       0       0             935        01010000D    937
     100       0       0       1       0                               0D    938
     126    1156       0       0       0                        01010500D    939
     126       0       0       2       0                               0D    940
     110    1158       0       0       0                        01010000D    941
     110       0       0       1       0                               0D    942
     102    1159       0       0       0                        01010500D    943
     102       0       0       1       0                               0D    944
     102    1160       0       0       0                        01010000D    945
     102       0       0       1       0                               0D    946
     142    1161       0       0       0                        00010500D    947
     142       0       0       1       0                               0D    948
     144    1162       0       0       0                        00000000D    949
     144       0      -1       1       0                               0D    950
     110    1163       0       0       0                        01010000D    951
     110       0       0       1       0                               0D    952
     110    1164       0       0       0                        01010000D    953
     110       0       0       1       0                               0D    954
     120    1165       0       0       0                        01010000D    955
     120       0       0       1       0                               0D    956
     126    1166       0       0       0                        01010500D    957
     126       0       0       2       0                               0D    958
     124    1168       0       0       0                        00000000D    959
     124       0       0       2       0                               0D    960
     100    1170       0       0       0             959        01010000D    961
     100       0       0       1       0                               0D    962
     126    1171       0       0       0                        01010500D    963
     126       0       0       2       0                               0D    964
     110    1173       0       0       0                        01010000D    965
     110       0       0       1       0                               0D    966
     126    1174       0       0       0                        01010500D    967
     126       0       0       2       0                               0D    968
     124    1176       0       0       0                        00000000D    969
     124       0       0       2       0                               0D    970
     100    1178       0       0       0             969        01010000D    971
     100       0       0       1       0                               0D    972
     126    1179       0       0       0                        01010500D    973
     126       0       0       2       0                               0D    974
     110    1181       0       0       0                        01010000D    975
     110       0       0       1       0                               0D    976
     102    1182       0       0       0                        01010500D    977
     102       0       0       1       0                               0D    978
     102    1183       0       0       0                        01010000D    979
     102       0       0       1       0                               0D    980
     142    1184       0       0       0                        00010500D    981
     142       0       0       1       0                               0D    982
     144    1185       0       0       0                        00000000D    983
     144       0      -1       1       0                               0D    984
     110    1186       0       0       0                        01010000D    985
     110       0       0       1       0                               0D    986
     110    1187       0       0       0                        01010000D    987
     110       0       0       1       0                               0D    988
     120    1188       0       0       0                        01010000D    989
     120       0       0       1       0                               0D    990
     126    1189       0       0       0                        01010500D    991
     126       0       0       2       0                               0D    992
     124    1191       0       0       0                        00000000D    993
     124       0       0       2       0                               0D    994
     100    1193       0       0       0             993        01010000D    995
     100       0       0       1       0                               0D    996
     126    1194       0       0       0                        01010500D    997
     126       0       0       2       0                               0D    998
     110    1196       0       0       0                        01010000D    999
     110       0       0       1       0                               0D   1000
     126    1197       0       0       0                        01010500D   1001
     126       0       0       2       0                               0D   1002
     124    1199       0       0       0                        00000000D   1003
     124       0       0       2       0                               0D   1004
     100    1201       0       0       0            1003        01010000D   1005
     100       0       0       1       0                               0D   1006
     126    1202       0       0       0                        01010500D   1007
     126       0       0       2       0                               0D   1008
     110    1204       0       0       0                        01010000D   1009
     110       0       0       1       0                               0D   1010
     102    1205       0       0       0                        01010500D   1011
     102       0       0       1       0                               0D   1012
     102    1206       0       0       0                        01010000D   1013
     102       0       0       1       0                               0D   1014
     142    1207       0       0       0                        00010500D   1015
     142       0       0       1       0                               0D   1016
     144    1208       0       0       0                        00000000D   1017
     144       0      -1       1       0                               0D   1018
     110    1209       0       0       0                        01010000D   1019
     110       0       0       1       0                               0D   1020
     110    1210       0       0       0                        01010000D   1021
     110       0       0       1       0                               0D   1022
     120    1211       0       0       0                        01010000D   1023
     120       0       0       1       0                               0D   1024
     126    1212       0       0       0                        01010500D   1025
     126       0       0       2       0                               0D   1026
     124    1214       0       0       0                        00000000D   1027
     124       0       0       2       0                               0D   1028
     100    1216       0       0       0            1027        01010000D   1029
     100       0       0       1       0                               0D   1030
     126    1217       0       0       0                        01010500D   1031
     126       0       0       2       0                               0D   1032
     110    1219       0       0       0                        01010000D   1033
     110       0       0       1       0                               0D   1034
     126    1220       0       0       0                        01010500D   1035
     126       0       0       2       0                               0D   1036
     124    1222       0       0       0                        00000000D   1037
     124       0       0       2       0                               0D   1038
     100    1224       0       0       0            1037        01010000D   1039
     100       0       0       1       0                               0D   1040
     126    1225       0       0       0                        01010500D   1041
     126       0       0       2       0                               0D   1042
     110    1227       0       0       0                        01010000D   1043
     110       0       0       1       0                               0D   1044
     102    1228       0       0       0                        01010500D   1045
     102       0       0       1       0                               0D   1046
     102    1229       0       0       0                        01010000D   1047
     102       0       0       1       0                               0D   1048
     142    1230       0       0       0                        00010500D   1049
     142       0       0       1       0                               0D   1050
     144    1231       0       0       0                        00000000D   1051
     144       0      -1       1       0                               0D   1052
     110    1232       0       0       0                        01010000D   1053
     110       0       0       1       0                               0D   1054
     110    1233       0       0       0                        01010000D   1055
     110       0       0       1       0                               0D   1056
     120    1234       0       0       0                        01010000D   1057
     120       0       0       1       0                               0D   1058
     126    1235       0       0       0                        01010500D   1059
     126       0       0       2       0                               0D   1060
     124    1237       0       0       0                        00000000D   1061
     124       0       0       2       0                               0D   1062
     100    1239       0       0       0            1061        01010000D   1063
     100       0       0       1       0                               0D   1064
     126    1240       0       0       0                        01010500D   1065
     126       0       0       2       0                               0D   1066
     110    1242       0       0       0                        01010000D   1067
     110       0       0       1       0                               0D   1068
     126    1243       0       0       0                        01010500D   1069
     126       0       0       2       0                               0D   1070
     124    1245       0       0       0                        00000000D   1071
     124       0       0       2       0                               0D   1072
     100    1247       0       0       0            1071        01010000D   1073
     100       0       0       1       0                               0D   1074
     126    1248       0       0       0                        01010500D   1075
     126       0       0       2       0                               0D   1076
     110    1250       0       0       0                        01010000D   1077
     110       0       0       1       0                               0D   1078
     102    1251       0       0       0                        01010500D   1079
     102       0       0       1       0                               0D   1080
     102    1252       0       0       0                        01010000D   1081
     102       0       0       1       0                               0D   1082
     142    1253       0       0       0                        00010500D   1083
     142       0       0       1       0                               0D   1084
     144    1254       0       0       0                        00000000D   1085
     144       0      -1       1       0                               0D   1086
     110    1255       0       0       0                        01010000D   1087
     110       0       0       1       0                               0D   1088
     110    1256       0       0       0                        01010000D   1089
     110       0       0       1       0                               0D   1090
     120    1257       0       0       0                        01010000D   1091
     120       0       0       1       0                               0D   1092
     126    1258       0       0       0                        01010500D   1093
     126       0       0       2       0                               0D   1094
     124    1260       0       0       0                        00000000D   1095
     124       0       0       2       0                               0D   1096
     100    1262       0       0       0            1095        01010000D   1097
     100       0       0       1       0                               0D   1098
     126    1263       0       0       0                        01010500D   1099
     126       0       0       2       0                               0D   1100
     110    1265       0       0       0                        01010000D   1101
     110       0       0       1       0                               0D   1102
     126    1266       0       0       0                        01010500D   1103
     126       0       0       2       0                               0D   1104
     124    1268       0       0       0                        00000000D   1105
     124       0       0       2       0                               0D   1106
     100    1270       0       0       0            1105        01010000D   1107
     100       0       0       1       0                               0D   1108
     126    1271       0       0       0                        01010500D   1109
     126       0       0       2       0                               0D   1110
     110    1273       0       0       0                        01010000D   1111
     110       0       0       1       0                               0D   1112
     102    1274       0       0       0                        01010500D   1113
     102       0       0       1       0                               0D   1114
     102    1275       0       0       0                        01010000D   1115
     102       0       0       1       0                               0D   1116
     142    1276       0       0       0                        00010500D   1117
     142       0       0       1       0                               0D   1118
     144    1277       0       0       0                        00000000D   1119
     144       0      -1       1       0                               0D   1120
     110    1278       0       0       0                        01010000D   1121
     110       0       0       1       0                               0D   1122
     110    1279       0       0       0                        01010000D   1123
     110       0       0       1       0                               0D   1124
     120    1280       0       0       0                        01010000D   1125
     120       0       0       1       0                               0D   1126
     126    1281       0       0       0                        01010500D   1127
     126       0       0       2       0                               0D   1128
     124    1283       0       0       0                        00000000D   1129
     124       0       0       2       0                               0D   1130
     100    1285       0       0       0            1129        01010000D   1131
     100       0       0       1       0                               0D   1132
     126    1286       0       0       0                        01010500D   1133
     126       0       0       2       0                               0D   1134
     110    1288       0       0       0                        01010000D   1135
     110       0       0       1       0                               0D   1136
     126    1289       0       0       0                        01010500D   1137
     126       0       0       2       0                               0D   1138
     124    1291       0       0       0                        00000000D   1139
     124       0       0       2       0                               0D   1140
     100    1293       0       0       0            1139        01010000D   1141
     100       0       0       1       0                               0D   1142
     126    1294       0       0       0                        01010500D   1143
     126       0       0       2       0                               0D   1144
     110    1296       0       0       0                        01010000D   1145
     110       0       0       1       0                               0D   1146
     102    1297       0       0       0                        01010500D   1147
     102       0       0       1       0                               0D   1148
     102    1298       0       0       0                        01010000D   1149
     102       0       0       1       0                               0D   1150
     142    1299       0       0       0                        00010500D   1151
     142       0       0       1       0                               0D   1152
     144    1300       0       0       0                        00000000D   1153
     144       0      -1       1       0                               0D   1154
     110    1301       0       0       0                        01010000D   1155
     110       0       0       1       0                               0D   1156
     110    1302       0       0       0                        01010000D   1157
     110       0       0       1       0                               0D   1158
     120    1303       0       0       0                        01010000D   1159
     120       0       0       1       0                               0D   1160
     126    1304       0       0       0                        01010500D   1161
     126       0       0       2       0                               0D   1162
     124    1306       0       0       0                        00000000D   1163
     124       0       0       2       0                               0D   1164
     100    1308       0       0       0            1163        01010000D   1165
     100       0       0       1       0                               0D   1166
     126    1309       0       0       0                        01010500D   1167
     126       0       0       2       0                               0D   1168
     110    1311       0       0       0                        01010000D   1169
     110       0       0       1       0                               0D   1170
     126    1312       0       0       0                        01010500D   1171
     126       0       0       2       0                               0D   1172
     124    1314       0       0       0                        00000000D   1173
     124       0       0       2       0                               0D   1174
     100    1316       0       0       0            1173        01010000D   1175
     100       0       0       1       0                               0D   1176
     126    1317       0       0       0                        01010500D   1177
     126       0       0       2       0                               0D   1178
     110    1319       0       0       0                        01010000D   1179
     110       0       0       1       0                               0D   1180
     102    1320       0       0       0                        01010500D   1181
     102       0       0       1       0                               0D   1182
     102    1321       0       0       0                        01010000D   1183
     102       0       0       1       0                               0D   1184
     142    1322       0       0       0                        00010500D   1185
     142       0       0       1       0                               0D   1186
     144    1323       0       0       0                        00000000D   1187
     144       0      -1       1       0                               0D   1188
     128    1324       0       0       0                        01010000D   1189
     128       0       0       2       0                               0D   1190
     126    1326       0       0       0                        01010500D   1191
     126       0       0       2       0                               0D   1192
     110    1328       0       0       0                        01010000D   1193
     110       0       0       1       0                               0D   1194
     126    1329       0       0       0                        01010500D   1195
     126       0       0       2       0                               0D   1196
     110    1331       0       0       0                        01010000D   1197
     110       0       0       1       0                               0D   1198
     126    1332       0       0       0                        01010500D   1199
     126       0       0       2       0                               0D   1200
     110    1334       0       0       0                        01010000D   1201
     110       0       0       1       0                               0D   1202
     126    1335       0       0       0                        01010500D   1203
     126       0       0       2       0                               0D   1204
     110    1337       0       0       0                        01010000D   1205
     110       0       0       1       0                               0D   1206
     102    1338       0       0       0                        01010500D   1207
     102       0       0       1       0                               0D   1208
     102    1339       0       0       0                        01010000D   1209
     102       0       0       1       0                               0D   1210
     142    1340       0       0       0                        00010500D   1211
     142       0       0       1       0                               0D   1212
     144    1341       0       0       0                        00000000D   1213
     144       0      -1       1       0                               0D   1214
     128    1342       0       0       0                        01010000D   1215
     128       0       0       3       0                               0D   1216
     126    1345       0       0       0                        01010500D   1217
     126       0       0      44       0                               0D   1218
     124    1389       0       0       0                        00000000D   1219
     124       0       0       2       0                               0D   1220
     100    1391       0       0       0            1219        01010000D   1221
     100       0       0       1       0                               0D   1222
     126    1392       0       0       0                        01010500D   1223
     126       0       0       2       0                               0D   1224
     110    1394       0       0       0                        01010000D   1225
     110       0       0       1       0                               0D   1226
     126    1395       0       0       0                        01010500D   1227
     126       0       0       2       0                               0D   1228
     110    1397       0       0       0                        01010000D   1229
     110       0       0       1       0                               0D   1230
     102    1398       0       0       0                        01010500D   1231
     102       0       0       1       0                               0D   1232
     102    1399       0       0       0                        01010000D   1233
     102       0       0       1       0                               0D   1234
     142    1400       0       0       0                        00010500D   1235
     142       0       0       1       0                               0D   1236
     126    1401       0       0       0                        01010500D   1237
     126       0       0      22       0                               0D   1238
     100    1423       0       0       0                        01010000D   1239
     100       0       0       1       0                               0D   1240
     126    1424       0       0       0                        01010500D   1241
     126       0       0      22       0                               0D   1242
     100    1446       0       0       0                        01010000D   1243
     100       0       0       1       0                               0D   1244
     102    1447       0       0       0                        01010500D   1245
     102       0       0       1       0                               0D   1246
     102    1448       0       0       0                        01010000D   1247
     102       0       0       1       0                               0D   1248
     142    1449       0       0       0                        00010500D   1249
     142       0       0       1       0                               0D   1250
     144    1450       0       0       0                        00000000D   1251
     144       0      -1       1       0                               0D   1252
     128    1451       0       0       0                        01010000D   1253
     128       0       0       3       0                               0D   1254
     126    1454       0       0       0                        01010500D   1255
     126       0       0      44       0                               0D   1256
     124    1498       0       0       0                        00000000D   1257
     124       0       0       2       0                               0D   1258
     100    1500       0       0       0            1257        01010000D   1259
     100       0       0       1       0                               0D   1260
     126    1501       0       0       0                        01010500D   1261
     126       0       0       2       0                               0D   1262
     110    1503       0       0       0                        01010000D   1263
     110       0       0       1       0                               0D   1264
     126    1504       0       0       0                        01010500D   1265
     126       0       0       2       0                               0D   1266
     110    1506       0       0       0                        01010000D   1267
     110       0       0       1       0                               0D   1268
     102    1507       0       0       0                        01010500D   1269
     102       0       0       1       0                               0D   1270
     102    1508       0       0       0                        01010000D   1271
     102       0       0       1       0                               0D   1272
     142    1509       0       0       0                        00010500D   1273
     142       0       0       1       0                               0D   1274
     126    1510       0       0       0                        01010500D   1275
     126       0       0      22       0                               0D   1276
     100    1532       0       0       0                        01010000D   1277
     100       0       0       1       0                               0D   1278
     126    1533       0       0       0                        01010500D   1279
     126       0       0      22       0                               0D   1280
     100    1555       0       0       0                        01010000D   1281
     100       0       0       1       0                               0D   1282
     102    1556       0       0       0                        01010500D   1283
     102       0       0       1       0                               0D   1284
     102    1557       0       0       0                        01010000D   1285
     102       0       0       1       0                               0D   1286
     142    1558       0       0       0                        00010500D   1287
     142       0       0       1       0                               0D   1288
     144    1559       0       0       0                        00000000D   1289
     144       0      -1       1       0                               0D   1290
     128    1560       0       0       0                        01010000D   1291
     128       0       0       2       0                               0D   1292
     126    1562       0       0       0                        01010500D   1293
     126       0       0       2       0                               0D   1294
     110    1564       0       0       0                        01010000D   1295
     110       0       0       1       0                               0D   1296
     126    1565       0       0       0                        01010500D   1297
     126       0       0       2       0                               0D   1298
     110    1567       0       0       0                        01010000D   1299
     110       0       0       1       0                               0D   1300
     126    1568       0       0       0                        01010500D   1301
     126       0       0       2       0                               0D   1302
     110    1570       0       0       0                        01010000D   1303
     110       0       0       1       0                               0D   1304
     126    1571       0       0       0                        01010500D   1305
     126       0       0       2       0                               0D   1306
     110    1573       0       0       0                        01010000D   1307
     110       0       0       1       0                               0D   1308
     102    1574       0       0       0                        01010500D   1309
     102       0       0       1       0                               0D   1310
     102    1575       0       0       0                        01010000D   1311
     102       0       0       1       0                               0D   1312
     142    1576       0       0       0                        00010500D   1313
     142       0       0       1       0                               0D   1314
     144    1577       0       0       0                        00000000D   1315
     144       0      -1       1       0                               0D   1316
     128    1578       0       0       0                        01010000D   1317
     128       0       0       3       0                               0D   1318
     126    1581       0       0       0                        01010500D   1319
     126       0       0      44       0                               0D   1320
     124    1625       0       0       0                        00000000D   1321
     124       0       0       2       0                               0D   1322
     100    1627       0       0       0            1321        01010000D   1323
     100       0       0       1       0                               0D   1324
     126    1628       0       0       0                        01010500D   1325
     126       0       0       2       0                               0D   1326
     110    1630       0       0       0                        01010000D   1327
     110       0       0       1       0                               0D   1328
     126    1631       0       0       0                        01010500D   1329
     126       0       0       2       0                               0D   1330
     110    1633       0       0       0                        01010000D   1331
     110       0       0       1       0                               0D   1332
     102    1634       0       0       0                        01010500D   1333
     102       0       0       1       0                               0D   1334
     102    1635       0       0       0                        01010000D   1335
     102       0       0       1       0                               0D   1336
     142    1636       0       0       0                        00010500D   1337
     142       0       0       1       0                               0D   1338
     126    1637       0       0       0                        01010500D   1339
     126       0       0      22       0                               0D   1340
     100    1659       0       0       0                        01010000D   1341
     100       0       0       1       0                               0D   1342
     126    1660       0       0       0                        01010500D   1343
     126       0       0      22       0                               0D   1344
     100    1682       0       0       0                        01010000D   1345
     100       0       0       1       0                               0D   1346
     102    1683       0       0       0                        01010500D   1347
     102       0       0       1       0                               0D   1348
     102    1684       0       0       0                        01010000D   1349
     102       0       0       1       0                               0D   1350
     142    1685       0       0       0                        00010500D   1351
     142       0       0       1       0                               0D   1352
     144    1686       0       0       0                        00000000D   1353
     144       0      -1       1       0                               0D   1354
     128    1687       0       0       0                        01010000D   1355
     128       0       0       3       0                               0D   1356
     126    1690       0       0       0                        01010500D   1357
     126       0       0      44       0                               0D   1358
     124    1734       0       0       0                        00000000D   1359
     124       0       0       2       0                               0D   1360
     100    1736       0       0       0            1359        01010000D   1361
     100       0       0       1       0                               0D   1362
     126    1737       0       0       0                        01010500D   1363
     126       0       0       2       0                               0D   1364
     110    1739       0       0       0                        01010000D   1365
     110       0       0       1       0                               0D   1366
     126    1740       0       0       0                        01010500D   1367
     126       0       0       2       0                               0D   1368
     110    1742       0       0       0                        01010000D   1369
     110       0       0       1       0                               0D   1370
     102    1743       0       0       0                        01010500D   1371
     102       0       0       1       0                               0D   1372
     102    1744       0       0       0                        01010000D   1373
     102       0       0       1       0                               0D   1374
     142    1745       0       0       0                        00010500D   1375
     142       0       0       1       0                               0D   1376
     126    1746       0       0       0                        01010500D   1377
     126       0       0      22       0                               0D   1378
     100    1768       0       0       0                        01010000D   1379
     100       0       0       1       0                               0D   1380
     126    1769       0       0       0                        01010500D   1381
     126       0       0      22       0                               0D   1382
     100    1791       0       0       0                        01010000D   1383
     100       0       0       1       0                               0D   1384
     102    1792       0       0       0                        01010500D   1385
     102       0       0       1       0                               0D   1386
     102    1793       0       0       0                        01010000D   1387
     102       0       0       1       0                               0D   1388
     142    1794       0       0       0                        00010500D   1389
     142       0       0       1       0                               0D   1390
     144    1795       0       0       0                        00000000D   1391
     144       0      -1       1       0                               0D   1392
314,75.2941176470588,75.2941176470588,75.2941176470588,;               1P      1
110,-995.,15.,-25.,5.,15.,-25.;                                        3P      2
110,0.85,15.,-29.5,5.,15.,-33.65;                                      5P      3
120,3,5,0.,6.28318530717959;                                           7P      4
126,1,1,1,0,1,0,0.,0.,1.,1.,1.,1.,0.,6.283185307,0.,1.,                9P      5
6.283185307,0.,0.,1.,0.,0.,1.;                                         9P      6
110,0.85,15.,-29.5,5.,15.,-33.65;                                     11P      7
126,1,1,1,0,1,0,0.,0.,1.,1.,1.,1.,1.,6.283185307,0.,1.,               13P      8
3.141592654,0.,0.,1.,0.,0.,1.;                                        13P      9
124,-6.12323399573677E-17,4.27583144589696E-31,-1.,-20.,              15P     10
-6.98296267768627E-15,-1.,0.,30.,-1.,6.98296267768627E-15,            15P     11
6.12323399573677E-17,-20.0000000000001;                               15P     12
100,-25.,5.,15.,13.65,15.,-3.65,15.;                                  17P     13
126,1,1,1,0,1,0,0.,0.,1.,1.,1.,1.,1.,3.141592654,0.,0.,               19P     14
3.141592654,0.,0.,1.,0.,0.,1.;                                        19P     15
110,5.,15.,-16.35,0.85,15.,-20.5;                                     21P     16
126,1,1,1,0,1,0,0.,0.,1.,1.,1.,1.,0.,3.141592654,0.,0.,               23P     17
6.283185307,0.,0.,1.,0.,0.,1.;                                        23P     18
124,-6.12323399573677E-17,4.27583144589696E-31,1.,25.85,              25P     19
-6.98296267768627E-15,-1.,0.,30.,1.,-6.98296267768627E-15,            25P     20
6.12323399573677E-17,-25.8499999999999;                               25P     21
100,-25.,0.85,15.,5.35,15.,-3.65,15.;                                 27P     22
102,4,9,13,19,23;                                                     29P     23
102,4,11,17,21,27;                                                    31P     24
142,1,7,29,31,1;                                                      33P     25
144,7,1,0,33;                                                         35P     26
110,5.,15.,-25.,1005.,15.,-25.;                                       37P     27
110,0.,15.,-29.5,0.85,15.,-29.5;                                      39P     28
120,37,39,0.,6.28318530717959;                                        41P     29
126,1,1,1,0,1,0,0.,0.,1.,1.,1.,1.,0.,6.283185307,0.,1.,               43P     30
6.283185307,0.,0.,1.,0.,0.,1.;                                        43P     31
110,0.,15.,-29.5,0.85,15.,-29.5;                                      45P     32
126,1,1,1,0,1,0,0.,0.,1.,1.,1.,1.,1.,6.283185307,0.,1.,               47P     33
3.141592654,0.,0.,1.,0.,0.,1.;                                        47P     34
124,-6.12323399573677E-17,4.27583144589696E-31,-1.,-24.15,            49P     35
-6.98296267768627E-15,-1.,0.,30.,-1.,6.98296267768627E-15,            49P     36
6.12323399573677E-17,-24.1500000000001;                               49P     37
100,-25.,0.85,15.,5.35,15.,-3.65,15.;                                 51P     38
126,1,1,1,0,1,0,0.,0.,1.,1.,1.,1.,1.,3.141592654,0.,0.,               53P     39
3.141592654,0.,0.,1.,0.,0.,1.;                                        53P     40
110,0.85,15.,-20.5,0.,15.,-20.5;                                      55P     41
126,1,1,1,0,1,0,0.,0.,1.,1.,1.,1.,0.,3.141592654,0.,0.,               57P     42
6.283185307,0.,0.,1.,0.,0.,1.;                                        57P     43
124,-6.12323399573677E-17,4.27583144589696E-31,1.,25.,                59P     44
-6.98296267768627E-15,-1.,0.,30.,1.,-6.98296267768627E-15,            59P     45
6.12323399573677E-17,-24.9999999999999;                               59P     46
100,-25.,0.,15.,4.5,15.,-4.5,15.;                                     61P     47
102,4,43,47,53,57;                                                    63P     48
102,4,45,51,55,61;                                                    65P     49
142,1,41,63,65,1;                                                     67P     50
144,41,1,0,67;                                                        69P     51
110,-995.,30.,-60.,5.,30.,-60.;                                       71P     52
110,0.85,30.,-64.5,5.,30.,-68.65;                                     73P     53
120,71,73,0.,6.28318530717959;                                        75P     54
126,1,1,1,0,1,0,0.,0.,1.,1.,1.,1.,0.,6.283185307,0.,1.,               77P     55
6.283185307,0.,0.,1.,0.,0.,1.;                                        77P     56
110,0.85,30.,-64.5,5.,30.,-68.65;                                     79P     57
126,1,1,1,0,1,0,0.,0.,1.,1.,1.,1.,1.,6.283185307,0.,1.,               81P     58
3.141592654,0.,0.,1.,0.,0.,1.;                                        81P     59
124,-6.12323399573677E-17,4.27583144589696E-31,-1.,-55.,              83P     60
-6.98296267768627E-15,-1.,0.,60.,-1.,6.98296267768627E-15,            83P     61
6.12323399573677E-17,-55.0000000000002;                               83P     62
100,-60.,5.,30.,13.65,30.,-3.65,30.;                                  85P     63
126,1,1,1,0,1,0,0.,0.,1.,1.,1.,1.,1.,3.141592654,0.,0.,               87P     64
3.141592654,0.,0.,1.,0.,0.,1.;                                        87P     65
110,5.,30.,-51.35,0.85,30.,-55.5;                                     89P     66
126,1,1,1,0,1,0,0.,0.,1.,1.,1.,1.,0.,3.141592654,0.,0.,               91P     67
6.283185307,0.,0.,1.,0.,0.,1.;                                        91P     68
124,-6.12323399573677E-17,4.27583144589696E-31,1.,60.85,              93P     69
-6.98296267768627E-15,-1.,0.,60.,1.,-6.98296267768627E-15,            93P     70
6.12323399573677E-17,-60.8499999999998;                               93P     71
100,-60.,0.85,30.,5.35,30.,-3.65,30.;                                 95P     72
102,4,77,81,87,91;                                                    97P     73
102,4,79,85,89,95;                                                    99P     74
142,1,75,97,99,1;                                                    101P     75
144,75,1,0,101;                                                      103P     76
110,5.,30.,-60.,1005.,30.,-60.;                                      105P     77
110,0.,30.,-64.5,0.85,30.,-64.5;                                     107P     78
120,105,107,0.,6.28318530717959;                                     109P     79
126,1,1,1,0,1,0,0.,0.,1.,1.,1.,1.,0.,6.283185307,0.,1.,              111P     80
6.283185307,0.,0.,1.,0.,0.,1.;                                       111P     81
110,0.,30.,-64.5,0.85,30.,-64.5;                                     113P     82
126,1,1,1,0,1,0,0.,0.,1.,1.,1.,1.,1.,6.283185307,0.,1.,              115P     83
3.141592654,0.,0.,1.,0.,0.,1.;                                       115P     84
124,-6.12323399573677E-17,4.27583144589696E-31,-1.,-59.15,           117P     85
-6.98296267768627E-15,-1.,0.,60.,-1.,6.98296267768627E-15,           117P     86
6.12323399573677E-17,-59.1500000000002;                              117P     87
100,-60.,0.85,30.,5.35,30.,-3.65,30.;                                119P     88
126,1,1,1,0,1,0,0.,0.,1.,1.,1.,1.,1.,3.141592654,0.,0.,              121P     89
3.141592654,0.,0.,1.,0.,0.,1.;                                       121P     90
110,0.85,30.,-55.5,0.,30.,-55.5;                                     123P     91
126,1,1,1,0,1,0,0.,0.,1.,1.,1.,1.,0.,3.141592654,0.,0.,              125P     92
6.283185307,0.,0.,1.,0.,0.,1.;                                       125P     93
124,-6.12323399573677E-17,4.27583144589696E-31,1.,60.,               127P     94
-6.98296267768627E-15,-1.,0.,60.,1.,-6.98296267768627E-15,           127P     95
6.12323399573677E-17,-59.9999999999998;                              127P     96
100,-60.,0.,30.,4.5,30.,-4.5,30.;                                    129P     97
102,4,111,115,121,125;                                               131P     98
102,4,113,119,123,129;                                               133P     99
142,1,109,131,133,1;                                                 135P    100
144,109,1,0,135;                                                     137P    101
110,-995.,15.,25.,5.,15.,25.;                                        139P    102
110,0.85,15.,20.5,5.,15.,16.35;                                      141P    103
120,139,141,0.,6.28318530717959;                                     143P    104
126,1,1,1,0,1,0,0.,0.,1.,1.,1.,1.,0.,6.283185307,0.,1.,              145P    105
6.283185307,0.,0.,1.,0.,0.,1.;                                       145P    106
110,0.85,15.,20.5,5.,15.,16.35;                                      147P    107
126,1,1,1,0,1,0,0.,0.,1.,1.,1.,1.,1.,6.283185307,0.,1.,              149P    108
3.141592654,0.,0.,1.,0.,0.,1.;                                       149P    109
124,-6.12323399573677E-17,4.27583144589696E-31,-1.,30.,              151P    110
-6.98296267768627E-15,-1.,0.,30.,-1.,6.98296267768627E-15,           151P    111
6.12323399573677E-17,29.9999999999999;                               151P    112
100,25.,5.,15.,13.65,15.,-3.65,15.;                                  153P    113
126,1,1,1,0,1,0,0.,0.,1.,1.,1.,1.,1.,3.141592654,0.,0.,              155P    114
3.141592654,0.,0.,1.,0.,0.,1.;                                       155P    115
110,5.,15.,33.65,0.85,15.,29.5;                                      157P    116
126,1,1,1,0,1,0,0.,0.,1.,1.,1.,1.,0.,3.141592654,0.,0.,              159P    117
6.283185307,0.,0.,1.,0.,0.,1.;                                       159P    118
124,-6.12323399573677E-17,4.27583144589696E-31,1.,-24.15,            161P    119
-6.98296267768627E-15,-1.,0.,30.,1.,-6.98296267768627E-15,           161P    120
6.12323399573677E-17,24.1500000000001;                               161P    121
100,25.,0.85,15.,5.35,15.,-3.65,15.;                                 163P    122
102,4,145,149,155,159;                                               165P    123
102,4,147,153,157,163;                                               167P    124
142,1,143,165,167,1;                                                 169P    125
144,143,1,0,169;                                                     171P    126
110,5.,15.,25.,1005.,15.,25.;                                        173P    127
110,0.,15.,20.5,0.85,15.,20.5;                                       175P    128
120,173,175,0.,6.28318530717959;                                     177P    129
126,1,1,1,0,1,0,0.,0.,1.,1.,1.,1.,0.,6.283185307,0.,1.,              179P    130
6.283185307,0.,0.,1.,0.,0.,1.;                                       179P    131
110,0.,15.,20.5,0.85,15.,20.5;                                       181P    132
126,1,1,1,0,1,0,0.,0.,1.,1.,1.,1.,1.,6.283185307,0.,1.,              183P    133
3.141592654,0.,0.,1.,0.,0.,1.;                                       183P    134
124,-6.12323399573677E-17,4.27583144589696E-31,-1.,25.85,            185P    135
-6.98296267768627E-15,-1.,0.,30.,-1.,6.98296267768627E-15,           185P    136
6.12323399573677E-17,25.8499999999999;                               185P    137
100,25.,0.85,15.,5.35,15.,-3.65,15.;                                 187P    138
126,1,1,1,0,1,0,0.,0.,1.,1.,1.,1.,1.,3.141592654,0.,0.,              189P    139
3.141592654,0.,0.,1.,0.,0.,1.;                                       189P    140
110,0.85,15.,29.5,0.,15.,29.5;                                       191P    141
126,1,1,1,0,1,0,0.,0.,1.,1.,1.,1.,0.,3.141592654,0.,0.,              193P    142
6.283185307,0.,0.,1.,0.,0.,1.;                                       193P    143
124,-6.12323399573677E-17,4.27583144589696E-31,1.,-25.,              195P    144
-6.98296267768627E-15,-1.,0.,30.,1.,-6.98296267768627E-15,           195P    145
6.12323399573677E-17,25.0000000000001;                               195P    146
100,25.,0.,15.,4.5,15.,-4.5,15.;                                     197P    147
102,4,179,183,189,193;                                               199P    148
102,4,181,187,191,197;                                               201P    149
142,1,177,199,201,1;                                                 203P    150
144,177,1,0,203;                                                     205P    151
110,-995.,30.,60.,5.,30.,60.;                                        207P    152
110,0.85,30.,55.5,5.,30.,51.35;                                      209P    153
120,207,209,0.,6.28318530717959;                                     211P    154
126,1,1,1,0,1,0,0.,0.,1.,1.,1.,1.,0.,6.283185307,0.,1.,              213P    155
6.283185307,0.,0.,1.,0.,0.,1.;                                       213P    156
110,0.85,30.,55.5,5.,30.,51.35;                                      215P    157
126,1,1,1,0,1,0,0.,0.,1.,1.,1.,1.,1.,6.283185307,0.,1.,              217P    158
3.141592654,0.,0.,1.,0.,0.,1.;                                       217P    159
124,-6.12323399573677E-17,4.27583144589696E-31,-1.,65.,              219P    160
-6.98296267768627E-15,-1.,0.,60.,-1.,6.98296267768627E-15,           219P    161
6.12323399573677E-17,64.9999999999998;                               219P    162
100,60.,5.,30.,13.65,30.,-3.65,30.;                                  221P    163
126,1,1,1,0,1,0,0.,0.,1.,1.,1.,1.,1.,3.141592654,0.,0.,              223P    164
3.141592654,0.,0.,1.,0.,0.,1.;                                       223P    165
110,5.,30.,68.65,0.85,30.,64.5;                                      225P    166
126,1,1,1,0,1,0,0.,0.,1.,1.,1.,1.,0.,3.141592654,0.,0.,              227P    167
6.283185307,0.,0.,1.,0.,0.,1.;                                       227P    168
124,-6.12323399573677E-17,4.27583144589696E-31,1.,-59.15,            229P    169
-6.98296267768627E-15,-1.,0.,60.,1.,-6.98296267768627E-15,           229P    170
6.12323399573677E-17,59.1500000000002;                               229P    171
100,60.,0.85,30.,5.35,30.,-3.65,30.;                                 231P    172
102,4,213,217,223,227;                                               233P    173
102,4,215,221,225,231;                                               235P    174
142,1,211,233,235,1;                                                 237P    175
144,211,1,0,237;                                                     239P    176
110,5.,30.,60.,1005.,30.,60.;                                        241P    177
110,0.,30.,55.5,0.85,30.,55.5;                                       243P    178
120,241,243,0.,6.28318530717959;                                     245P    179
126,1,1,1,0,1,0,0.,0.,1.,1.,1.,1.,0.,6.283185307,0.,1.,              247P    180
6.283185307,0.,0.,1.,0.,0.,1.;                                       247P    181
110,0.,30.,55.5,0.85,30.,55.5;                                       249P    182
126,1,1,1,0,1,0,0.,0.,1.,1.,1.,1.,1.,6.283185307,0.,1.,              251P    183
3.141592654,0.,0.,1.,0.,0.,1.;                                       251P    184
124,-6.12323399573677E-17,4.27583144589696E-31,-1.,60.85,            253P    185
-6.98296267768627E-15,-1.,0.,60.,-1.,6.98296267768627E-15,           253P    186
6.12323399573677E-17,60.8499999999998;                               253P    187
100,60.,0.85,30.,5.35,30.,-3.65,30.;                                 255P    188
126,1,1,1,0,1,0,0.,0.,1.,1.,1.,1.,1.,3.141592654,0.,0.,              257P    189
3.141592654,0.,0.,1.,0.,0.,1.;                                       257P    190
110,0.85,30.,64.5,0.,30.,64.5;                                       259P    191
126,1,1,1,0,1,0,0.,0.,1.,1.,1.,1.,0.,3.141592654,0.,0.,              261P    192
6.283185307,0.,0.,1.,0.,0.,1.;                                       261P    193
124,-6.12323399573677E-17,4.27583144589696E-31,1.,-60.,              263P    194
-6.98296267768627E-15,-1.,0.,60.,1.,-6.98296267768627E-15,           263P    195
6.12323399573677E-17,60.0000000000002;                               263P    196
100,60.,0.,30.,4.5,30.,-4.5,30.;                                     265P    197
102,4,247,251,257,261;                                               267P    198
102,4,249,255,259,265;                                               269P    199
142,1,245,267,269,1;                                                 271P    200
144,245,1,0,271;                                                     273P    201
110,5.,60.,-75.,5.,60.,925.;                                         275P    202
110,8.5,60.,-75.,8.5,60.,-46.;                                       277P    203
120,275,277,0.,6.28318530717959;                                     279P    204
126,1,1,1,0,1,0,0.,0.,1.,1.,1.,1.,0.,6.283185307,0.,1.,              281P    205
6.283185307,0.,0.,1.,0.,0.,1.;                                       281P    206
110,8.5,60.,-75.,8.5,60.,-46.;                                       283P    207
126,1,1,1,0,1,0,0.,0.,1.,1.,1.,1.,1.,6.283185307,0.,1.,              285P    208
3.141592654,0.,0.,1.,0.,0.,1.;                                       285P    209
124,1.,-7.105427357601E-15,0.,4.25909307821824E-13,                  287P    210
-7.105427357601E-15,-1.,6.98296267768627E-15,120.,                   287P    211
-4.96169340471387E-29,-6.98296267768627E-15,-1.,                     287P    212
-91.9999999999996;                                                   287P    213
100,-46.,5.,60.,8.5,60.,1.5,60.;                                     289P    214
126,1,1,1,0,1,0,0.,0.,1.,1.,1.,1.,1.,3.141592654,0.,0.,              291P    215
3.141592654,0.,0.,1.,0.,0.,1.;                                       291P    216
110,1.5,60.,-46.,1.5,60.,-75.;                                       293P    217
126,1,1,1,0,1,0,0.,0.,1.,1.,1.,1.,0.,3.141592654,0.,0.,              295P    218
6.283185307,0.,0.,1.,0.,0.,1.;                                       295P    219
100,-75.,5.,60.,1.5,60.,8.5,60.;                                     297P    220
102,4,281,285,291,295;                                               299P    221
102,4,283,289,293,297;                                               301P    222
142,1,279,299,301,1;                                                 303P    223
144,279,1,0,303;                                                     305P    224
110,5.,60.,-75.,5.,60.,925.;                                         307P    225
110,8.5,60.,46.,8.5,60.,75.;                                         309P    226
120,307,309,0.,6.28318530717959;                                     311P    227
126,1,1,1,0,1,0,0.,0.,1.,1.,1.,1.,0.,6.283185307,0.,1.,              313P    228
6.283185307,0.,0.,1.,0.,0.,1.;                                       313P    229
110,8.5,60.,46.,8.5,60.,75.;                                         315P    230
126,1,1,1,0,1,0,0.,0.,1.,1.,1.,1.,1.,6.283185307,0.,1.,              317P    231
3.141592654,0.,0.,1.,0.,0.,1.;                                       317P    232
124,1.,-7.105427357601E-15,0.,4.2590930782183E-13,                   319P    233
-7.105427357601E-15,-1.,6.98296267768627E-15,120.,                   319P    234
-4.96169340471387E-29,-6.98296267768627E-15,-1.,150.;                319P    235
100,75.,5.,60.,8.5,60.,1.5,60.;                                      321P    236
126,1,1,1,0,1,0,0.,0.,1.,1.,1.,1.,1.,3.141592654,0.,0.,              323P    237
3.141592654,0.,0.,1.,0.,0.,1.;                                       323P    238
110,1.5,60.,75.,1.5,60.,46.;                                         325P    239
126,1,1,1,0,1,0,0.,0.,1.,1.,1.,1.,0.,3.141592654,0.,0.,              327P    240
6.283185307,0.,0.,1.,0.,0.,1.;                                       327P    241
100,46.,5.,60.,1.5,60.,8.5,60.;                                      329P    242
102,4,313,317,323,327;                                               331P    243
102,4,315,321,325,329;                                               333P    244
142,1,311,331,333,1;                                                 335P    245
144,311,1,0,335;                                                     337P    246
110,5.,60.,-75.,5.,60.,925.;                                         339P    247
110,8.5,60.,-14.,8.5,60.,14.;                                        341P    248
120,339,341,0.,6.28318530717959;                                     343P    249
126,1,1,1,0,1,0,0.,0.,1.,1.,1.,1.,0.,6.283185307,0.,1.,              345P    250
6.283185307,0.,0.,1.,0.,0.,1.;                                       345P    251
110,8.5,60.,-14.,8.5,60.,14.;                                        347P    252
126,1,1,1,0,1,0,0.,0.,1.,1.,1.,1.,1.,6.283185307,0.,1.,              349P    253
3.141592654,0.,0.,1.,0.,0.,1.;                                       349P    254
124,1.,-7.105427357601E-15,0.,4.25909307821827E-13,                  351P    255
-7.105427357601E-15,-1.,6.98296267768627E-15,120.,                   351P    256
-4.96169340471387E-29,-6.98296267768627E-15,-1.,                     351P    257
28.0000000000004;                                                    351P    258
100,14.,5.,60.,8.5,60.,1.5,60.;                                      353P    259
126,1,1,1,0,1,0,0.,0.,1.,1.,1.,1.,1.,3.141592654,0.,0.,              355P    260
3.141592654,0.,0.,1.,0.,0.,1.;                                       355P    261
110,1.5,60.,14.,1.5,60.,-14.;                                        357P    262
126,1,1,1,0,1,0,0.,0.,1.,1.,1.,1.,0.,3.141592654,0.,0.,              359P    263
6.283185307,0.,0.,1.,0.,0.,1.;                                       359P    264
100,-14.,5.,60.,1.5,60.,8.5,60.;                                     361P    265
102,4,345,349,355,359;                                               363P    266
102,4,347,353,357,361;                                               365P    267
142,1,343,363,365,1;                                                 367P    268
144,343,1,0,367;                                                     369P    269
128,1,1,1,1,0,0,1,0,0,0.,0.,1.,1.,0.,0.,1.,1.,1.,1.,1.,1.,0.,        371P    270
0.,-75.,0.,0.,75.,0.,60.,-75.,0.,60.,75.,0.,1.,0.,1.;                371P    271
126,1,1,1,0,1,0,0.,0.,1.,1.,1.,1.,0.593333333,1.,0.,                 373P    272
0.406666667,1.,0.,0.,1.,0.,0.,1.;                                    373P    273
110,0.,60.,14.,0.,60.,-14.;                                          375P    274
126,1,1,1,0,1,0,0.,0.,1.,1.,1.,1.,0.406666667,1.,0.,                 377P    275
0.406666667,0.916666667,0.,0.,1.,0.,0.,1.;                           377P    276
110,0.,60.,-14.,0.,55.,-14.;                                         379P    277
126,1,1,1,0,1,0,0.,0.,1.,1.,1.,1.,0.406666667,0.916666667,0.,        381P    278
0.193333333,0.916666667,0.,0.,1.,0.,0.,1.;                           381P    279
110,0.,55.,-14.,0.,55.,-46.;                                         383P    280
126,1,1,1,0,1,0,0.,0.,1.,1.,1.,1.,0.193333333,0.916666667,0.,        385P    281
0.193333333,1.,0.,0.,1.,0.,0.,1.;                                    385P    282
110,0.,55.,-46.,0.,60.,-46.;                                         387P    283
126,1,1,1,0,1,0,0.,0.,1.,1.,1.,1.,0.193333333,1.,0.,0.,1.,0.,        389P    284
0.,1.,0.,0.,1.;                                                      389P    285
110,0.,60.,-46.,0.,60.,-75.;                                         391P    286
126,1,1,1,0,1,0,0.,0.,1.,1.,1.,1.,0.,1.,0.,0.,0.,0.,0.,1.,0.,        393P    287
0.,1.;                                                               393P    288
110,0.,60.,-75.,0.,0.,-75.;                                          395P    289
126,1,1,1,0,1,0,0.,0.,1.,1.,1.,1.,0.,0.,0.,1.,0.,0.,0.,1.,0.,        397P    290
0.,1.;                                                               397P    291
110,0.,0.,-75.,0.,0.,75.;                                            399P    292
126,1,1,1,0,1,0,0.,0.,1.,1.,1.,1.,1.,0.,0.,1.,1.,0.,0.,1.,0.,        401P    293
0.,1.;                                                               401P    294
110,0.,0.,75.,0.,60.,75.;                                            403P    295
126,1,1,1,0,1,0,0.,0.,1.,1.,1.,1.,1.,1.,0.,0.806666667,1.,0.,        405P    296
0.,1.,0.,0.,1.;                                                      405P    297
110,0.,60.,75.,0.,60.,46.;                                           407P    298
126,1,1,1,0,1,0,0.,0.,1.,1.,1.,1.,0.806666667,1.,0.,                 409P    299
0.806666667,0.916666667,0.,0.,1.,0.,0.,1.;                           409P    300
110,0.,60.,46.,0.,55.,46.;                                           411P    301
126,1,1,1,0,1,0,0.,0.,1.,1.,1.,1.,0.806666667,0.916666667,0.,        413P    302
0.593333333,0.916666667,0.,0.,1.,0.,0.,1.;                           413P    303
110,0.,55.,46.,0.,55.,14.;                                           415P    304
126,1,1,1,0,1,0,0.,0.,1.,1.,1.,1.,0.593333333,0.916666667,0.,        417P    305
0.593333333,1.,0.,0.,1.,0.,0.,1.;                                    417P    306
110,0.,55.,14.,0.,60.,14.;                                           419P    307
102,12,373,377,381,385,389,393,397,401,405,409,413,417;              421P    308
102,12,375,379,383,387,391,395,399,403,407,411,415,419;              423P    309
142,1,371,421,423,1;                                                 425P    310
126,32,2,1,0,1,0,0.,0.,0.,0.0625,0.0625,0.125,0.125,0.1875,          427P    311
0.1875,0.25,0.25,0.3125,0.3125,0.375,0.375,0.4375,0.4375,0.5,        427P    312
0.5,0.5625,0.5625,0.625,0.625,0.6875,0.6875,0.75,0.75,0.8125,        427P    313
0.8125,0.875,0.875,0.9375,0.9375,1.,1.,1.,1.,1.,1.,1.,1.,1.,1.,      427P    314
1.,1.,1.,1.,1.,1.,1.,1.,1.,1.,1.,1.,1.,1.,1.,1.,1.,1.,1.,1.,1.,      427P    315
1.,1.,1.,1.,1.,0.303333333,0.25,0.,0.303333333,0.257386855,0.,       427P    316
0.303909775,0.264631774,0.,0.304486217,0.271876693,0.,               427P    317
0.305616947,0.278701257,0.,0.306747678,0.285525822,0.,               427P    318
0.308389245,0.291667767,0.,0.310030812,0.297809713,0.,               427P    319
0.31212013,0.303033009,0.,0.314209448,0.308256304,0.,                427P    320
0.316666226,0.312360221,0.,0.319123005,0.316464138,0.,               427P    321
0.32185283,0.319290965,0.,0.324582656,0.322117792,0.,                427P    322
0.327480624,0.323558896,0.,0.330378591,0.325,0.,0.333333333,         427P    323
0.325,0.,0.336288075,0.325,0.,0.339186043,0.323558896,0.,            427P    324
0.342084011,0.322117792,0.,0.344813836,0.319290965,0.,               427P    325
0.347543662,0.316464138,0.,0.35000044,0.312360221,0.,                427P    326
0.352457219,0.308256304,0.,0.354546537,0.303033009,0.,               427P    327
0.356635855,0.297809713,0.,0.358277422,0.291667767,0.,               427P    328
0.359918988,0.285525822,0.,0.361049719,0.278701257,0.,               427P    329
0.36218045,0.271876693,0.,0.362756892,0.264631774,0.,                427P    330
0.363333333,0.257386855,0.,0.363333333,0.25,0.,0.,1.,0.,0.,1.;       427P    331
124,6.12323399573677E-17,0.,1.,25.,0.,1.,0.,0.,-1.,0.,               429P    332
6.12323399573677E-17,-25.;                                           429P    333
100,-25.,0.,15.,4.5,15.,-4.5,15.;                                    431P    334
126,32,2,1,0,1,0,0.,0.,0.,0.0625,0.0625,0.125,0.125,0.1875,          433P    335
0.1875,0.25,0.25,0.3125,0.3125,0.375,0.375,0.4375,0.4375,0.5,        433P    336
0.5,0.5625,0.5625,0.625,0.625,0.6875,0.6875,0.75,0.75,0.8125,        433P    337
0.8125,0.875,0.875,0.9375,0.9375,1.,1.,1.,1.,1.,1.,1.,1.,1.,1.,      433P    338
1.,1.,1.,1.,1.,1.,1.,1.,1.,1.,1.,1.,1.,1.,1.,1.,1.,1.,1.,1.,1.,      433P    339
1.,1.,1.,1.,1.,0.363333333,0.25,0.,0.363333333,0.242613145,0.,       433P    340
0.362756892,0.235368226,0.,0.36218045,0.228123307,0.,                433P    341
0.361049719,0.221298743,0.,0.359918988,0.214474178,0.,               433P    342
0.358277422,0.208332233,0.,0.356635855,0.202190287,0.,               433P    343
0.354546537,0.196966991,0.,0.352457219,0.191743696,0.,               433P    344
0.35000044,0.187639779,0.,0.347543662,0.183535862,0.,                433P    345
0.344813836,0.180709035,0.,0.342084011,0.177882208,0.,               433P    346
0.339186043,0.176441104,0.,0.336288075,0.175,0.,0.333333333,         433P    347
0.175,0.,0.330378591,0.175,0.,0.327480624,0.176441104,0.,            433P    348
0.324582656,0.177882208,0.,0.32185283,0.180709035,0.,                433P    349
0.319123005,0.183535862,0.,0.316666226,0.187639779,0.,               433P    350
0.314209448,0.191743696,0.,0.31212013,0.196966991,0.,                433P    351
0.310030812,0.202190287,0.,0.308389245,0.208332233,0.,               433P    352
0.306747678,0.214474178,0.,0.305616947,0.221298743,0.,               433P    353
0.304486217,0.228123307,0.,0.303909775,0.235368226,0.,               433P    354
0.303333333,0.242613145,0.,0.303333333,0.25,0.,0.,1.,0.,0.,1.;       433P    355
124,-6.12323399573677E-17,4.27583144589696E-31,1.,25.,               435P    356
-6.98296267768627E-15,-1.,0.,30.,1.,-6.98296267768627E-15,           435P    357
6.12323399573677E-17,-24.9999999999999;                              435P    358
100,-25.,0.,15.,4.5,15.,-4.5,15.;                                    437P    359
102,2,427,433;                                                       439P    360
102,2,431,437;                                                       441P    361
142,1,371,439,441,1;                                                 443P    362
126,32,2,1,0,1,0,0.,0.,0.,0.0625,0.0625,0.125,0.125,0.1875,          445P    363
0.1875,0.25,0.25,0.3125,0.3125,0.375,0.375,0.4375,0.4375,0.5,        445P    364
0.5,0.5625,0.5625,0.625,0.625,0.6875,0.6875,0.75,0.75,0.8125,        445P    365
0.8125,0.875,0.875,0.9375,0.9375,1.,1.,1.,1.,1.,1.,1.,1.,1.,1.,      445P    366
1.,1.,1.,1.,1.,1.,1.,1.,1.,1.,1.,1.,1.,1.,1.,1.,1.,1.,1.,1.,1.,      445P    367
1.,1.,1.,1.,1.,0.07,0.5,0.,0.07,0.507386855,0.,0.070576442,          445P    368
0.514631774,0.,0.071152883,0.521876693,0.,0.072283614,               445P    369
0.528701257,0.,0.073414345,0.535525822,0.,0.075055912,               445P    370
0.541667767,0.,0.076697478,0.547809713,0.,0.078786797,               445P    371
0.553033009,0.,0.080876115,0.558256304,0.,0.083332893,               445P    372
0.562360221,0.,0.085789671,0.566464138,0.,0.088519497,               445P    373
0.569290965,0.,0.091249323,0.572117792,0.,0.09414729,                445P    374
0.573558896,0.,0.097045258,0.575,0.,0.1,0.575,0.,0.102954742,        445P    375
0.575,0.,0.10585271,0.573558896,0.,0.108750677,0.572117792,0.,       445P    376
0.111480503,0.569290965,0.,0.114210329,0.566464138,0.,               445P    377
0.116667107,0.562360221,0.,0.119123885,0.558256304,0.,               445P    378
0.121213203,0.553033009,0.,0.123302522,0.547809713,0.,               445P    379
0.124944088,0.541667767,0.,0.126585655,0.535525822,0.,               445P    380
0.127716386,0.528701257,0.,0.128847117,0.521876693,0.,               445P    381
0.129423558,0.514631774,0.,0.13,0.507386855,0.,0.13,0.5,0.,0.,       445P    382
1.,0.,0.,1.;                                                         445P    383
124,6.12323399573677E-17,0.,1.,60.,0.,1.,0.,0.,-1.,0.,               447P    384
6.12323399573677E-17,-60.;                                           447P    385
100,-60.,0.,30.,4.5,30.,-4.5,30.;                                    449P    386
126,32,2,1,0,1,0,0.,0.,0.,0.0625,0.0625,0.125,0.125,0.1875,          451P    387
0.1875,0.25,0.25,0.3125,0.3125,0.375,0.375,0.4375,0.4375,0.5,        451P    388
0.5,0.5625,0.5625,0.625,0.625,0.6875,0.6875,0.75,0.75,0.8125,        451P    389
0.8125,0.875,0.875,0.9375,0.9375,1.,1.,1.,1.,1.,1.,1.,1.,1.,1.,      451P    390
1.,1.,1.,1.,1.,1.,1.,1.,1.,1.,1.,1.,1.,1.,1.,1.,1.,1.,1.,1.,1.,      451P    391
1.,1.,1.,1.,1.,0.13,0.5,0.,0.13,0.492613145,0.,0.129423558,          451P    392
0.485368226,0.,0.128847117,0.478123307,0.,0.127716386,               451P    393
0.471298743,0.,0.126585655,0.464474178,0.,0.124944088,               451P    394
0.458332233,0.,0.123302522,0.452190287,0.,0.121213203,               451P    395
0.446966991,0.,0.119123885,0.441743696,0.,0.116667107,               451P    396
0.437639779,0.,0.114210329,0.433535862,0.,0.111480503,               451P    397
0.430709035,0.,0.108750677,0.427882208,0.,0.10585271,                451P    398
0.426441104,0.,0.102954742,0.425,0.,0.1,0.425,0.,0.097045258,        451P    399
0.425,0.,0.09414729,0.426441104,0.,0.091249323,0.427882208,0.,       451P    400
0.088519497,0.430709035,0.,0.085789671,0.433535862,0.,               451P    401
0.083332893,0.437639779,0.,0.080876115,0.441743696,0.,               451P    402
0.078786797,0.446966991,0.,0.076697478,0.452190287,0.,               451P    403
0.075055912,0.458332233,0.,0.073414345,0.464474178,0.,               451P    404
0.072283614,0.471298743,0.,0.071152883,0.478123307,0.,               451P    405
0.070576442,0.485368226,0.,0.07,0.492613145,0.,0.07,0.5,0.,0.,       451P    406
1.,0.,0.,1.;                                                         451P    407
124,-6.12323399573677E-17,4.27583144589696E-31,1.,60.,               453P    408
-6.98296267768627E-15,-1.,0.,60.,1.,-6.98296267768627E-15,           453P    409
6.12323399573677E-17,-59.9999999999998;                              453P    410
100,-60.,0.,30.,4.5,30.,-4.5,30.;                                    455P    411
102,2,445,451;                                                       457P    412
102,2,449,455;                                                       459P    413
142,1,371,457,459,1;                                                 461P    414
126,32,2,1,0,1,0,0.,0.,0.,0.0625,0.0625,0.125,0.125,0.1875,          463P    415
0.1875,0.25,0.25,0.3125,0.3125,0.375,0.375,0.4375,0.4375,0.5,        463P    416
0.5,0.5625,0.5625,0.625,0.625,0.6875,0.6875,0.75,0.75,0.8125,        463P    417
0.8125,0.875,0.875,0.9375,0.9375,1.,1.,1.,1.,1.,1.,1.,1.,1.,1.,      463P    418
1.,1.,1.,1.,1.,1.,1.,1.,1.,1.,1.,1.,1.,1.,1.,1.,1.,1.,1.,1.,1.,      463P    419
1.,1.,1.,1.,1.,0.636666667,0.25,0.,0.636666667,0.257386855,0.,       463P    420
0.637243108,0.264631774,0.,0.63781955,0.271876693,0.,                463P    421
0.638950281,0.278701257,0.,0.640081012,0.285525822,0.,               463P    422
0.641722578,0.291667767,0.,0.643364145,0.297809713,0.,               463P    423
0.645453463,0.303033009,0.,0.647542781,0.308256304,0.,               463P    424
0.64999956,0.312360221,0.,0.652456338,0.316464138,0.,                463P    425
0.655186164,0.319290965,0.,0.657915989,0.322117792,0.,               463P    426
0.660813957,0.323558896,0.,0.663711925,0.325,0.,0.666666667,         463P    427
0.325,0.,0.669621409,0.325,0.,0.672519376,0.323558896,0.,            463P    428
0.675417344,0.322117792,0.,0.67814717,0.319290965,0.,                463P    429
0.680876995,0.316464138,0.,0.683333774,0.312360221,0.,               463P    430
0.685790552,0.308256304,0.,0.68787987,0.303033009,0.,                463P    431
0.689969188,0.297809713,0.,0.691610755,0.291667767,0.,               463P    432
0.693252322,0.285525822,0.,0.694383053,0.278701257,0.,               463P    433
0.695513783,0.271876693,0.,0.696090225,0.264631774,0.,               463P    434
0.696666667,0.257386855,0.,0.696666667,0.25,0.,0.,1.,0.,0.,1.;       463P    435
124,6.12323399573677E-17,0.,1.,-25.,0.,1.,0.,0.,-1.,0.,              465P    436
6.12323399573677E-17,25.;                                            465P    437
100,25.,0.,15.,4.5,15.,-4.5,15.;                                     467P    438
126,32,2,1,0,1,0,0.,0.,0.,0.0625,0.0625,0.125,0.125,0.1875,          469P    439
0.1875,0.25,0.25,0.3125,0.3125,0.375,0.375,0.4375,0.4375,0.5,        469P    440
0.5,0.5625,0.5625,0.625,0.625,0.6875,0.6875,0.75,0.75,0.8125,        469P    441
0.8125,0.875,0.875,0.9375,0.9375,1.,1.,1.,1.,1.,1.,1.,1.,1.,1.,      469P    442
1.,1.,1.,1.,1.,1.,1.,1.,1.,1.,1.,1.,1.,1.,1.,1.,1.,1.,1.,1.,1.,      469P    443
1.,1.,1.,1.,1.,0.696666667,0.25,0.,0.696666667,0.242613145,0.,       469P    444
0.696090225,0.235368226,0.,0.695513783,0.228123307,0.,               469P    445
0.694383053,0.221298743,0.,0.693252322,0.214474178,0.,               469P    446
0.691610755,0.208332233,0.,0.689969188,0.202190287,0.,               469P    447
0.68787987,0.196966991,0.,0.685790552,0.191743696,0.,                469P    448
0.683333774,0.187639779,0.,0.680876995,0.183535862,0.,               469P    449
0.67814717,0.180709035,0.,0.675417344,0.177882208,0.,                469P    450
0.672519376,0.176441104,0.,0.669621409,0.175,0.,0.666666667,         469P    451
0.175,0.,0.663711925,0.175,0.,0.660813957,0.176441104,0.,            469P    452
0.657915989,0.177882208,0.,0.655186164,0.180709035,0.,               469P    453
0.652456338,0.183535862,0.,0.64999956,0.187639779,0.,                469P    454
0.647542781,0.191743696,0.,0.645453463,0.196966991,0.,               469P    455
0.643364145,0.202190287,0.,0.641722578,0.208332233,0.,               469P    456
0.640081012,0.214474178,0.,0.638950281,0.221298743,0.,               469P    457
0.63781955,0.228123307,0.,0.637243108,0.235368226,0.,                469P    458
0.636666667,0.242613145,0.,0.636666667,0.25,0.,0.,1.,0.,0.,1.;       469P    459
124,-6.12323399573677E-17,4.27583144589696E-31,1.,-25.,              471P    460
-6.98296267768627E-15,-1.,0.,30.,1.,-6.98296267768627E-15,           471P    461
6.12323399573677E-17,25.0000000000001;                               471P    462
100,25.,0.,15.,4.5,15.,-4.5,15.;                                     473P    463
102,2,463,469;                                                       475P    464
102,2,467,473;                                                       477P    465
142,1,371,475,477,1;                                                 479P    466
126,32,2,1,0,1,0,0.,0.,0.,0.0625,0.0625,0.125,0.125,0.1875,          481P    467
0.1875,0.25,0.25,0.3125,0.3125,0.375,0.375,0.4375,0.4375,0.5,        481P    468
0.5,0.5625,0.5625,0.625,0.625,0.6875,0.6875,0.75,0.75,0.8125,        481P    469
0.8125,0.875,0.875,0.9375,0.9375,1.,1.,1.,1.,1.,1.,1.,1.,1.,1.,      481P    470
1.,1.,1.,1.,1.,1.,1.,1.,1.,1.,1.,1.,1.,1.,1.,1.,1.,1.,1.,1.,1.,      481P    471
1.,1.,1.,1.,1.,0.87,0.5,0.,0.87,0.507386855,0.,0.870576442,          481P    472
0.514631774,0.,0.871152883,0.521876693,0.,0.872283614,               481P    473
0.528701257,0.,0.873414345,0.535525822,0.,0.875055912,               481P    474
0.541667767,0.,0.876697478,0.547809713,0.,0.878786797,               481P    475
0.553033009,0.,0.880876115,0.558256304,0.,0.883332893,               481P    476
0.562360221,0.,0.885789671,0.566464138,0.,0.888519497,               481P    477
0.569290965,0.,0.891249323,0.572117792,0.,0.89414729,                481P    478
0.573558896,0.,0.897045258,0.575,0.,0.9,0.575,0.,0.902954742,        481P    479
0.575,0.,0.90585271,0.573558896,0.,0.908750677,0.572117792,0.,       481P    480
0.911480503,0.569290965,0.,0.914210329,0.566464138,0.,               481P    481
0.916667107,0.562360221,0.,0.919123885,0.558256304,0.,               481P    482
0.921213203,0.553033009,0.,0.923302522,0.547809713,0.,               481P    483
0.924944088,0.541667767,0.,0.926585655,0.535525822,0.,               481P    484
0.927716386,0.528701257,0.,0.928847117,0.521876693,0.,               481P    485
0.929423558,0.514631774,0.,0.93,0.507386855,0.,0.93,0.5,0.,0.,       481P    486
1.,0.,0.,1.;                                                         481P    487
124,6.12323399573677E-17,0.,1.,-60.,0.,1.,0.,0.,-1.,0.,              483P    488
6.12323399573677E-17,60.;                                            483P    489
100,60.,0.,30.,4.5,30.,-4.5,30.;                                     485P    490
126,32,2,1,0,1,0,0.,0.,0.,0.0625,0.0625,0.125,0.125,0.1875,          487P    491
0.1875,0.25,0.25,0.3125,0.3125,0.375,0.375,0.4375,0.4375,0.5,        487P    492
0.5,0.5625,0.5625,0.625,0.625,0.6875,0.6875,0.75,0.75,0.8125,        487P    493
0.8125,0.875,0.875,0.9375,0.9375,1.,1.,1.,1.,1.,1.,1.,1.,1.,1.,      487P    494
1.,1.,1.,1.,1.,1.,1.,1.,1.,1.,1.,1.,1.,1.,1.,1.,1.,1.,1.,1.,1.,      487P    495
1.,1.,1.,1.,1.,0.93,0.5,0.,0.93,0.492613145,0.,0.929423558,          487P    496
0.485368226,0.,0.928847117,0.478123307,0.,0.927716386,               487P    497
0.471298743,0.,0.926585655,0.464474178,0.,0.924944088,               487P    498
0.458332233,0.,0.923302522,0.452190287,0.,0.921213203,               487P    499
0.446966991,0.,0.919123885,0.441743696,0.,0.916667107,               487P    500
0.437639779,0.,0.914210329,0.433535862,0.,0.911480503,               487P    501
0.430709035,0.,0.908750677,0.427882208,0.,0.90585271,                487P    502
0.426441104,0.,0.902954742,0.425,0.,0.9,0.425,0.,0.897045258,        487P    503
0.425,0.,0.89414729,0.426441104,0.,0.891249323,0.427882208,0.,       487P    504
0.888519497,0.430709035,0.,0.885789671,0.433535862,0.,               487P    505
0.883332893,0.437639779,0.,0.880876115,0.441743696,0.,               487P    506
0.878786797,0.446966991,0.,0.876697478,0.452190287,0.,               487P    507
0.875055912,0.458332233,0.,0.873414345,0.464474178,0.,               487P    508
0.872283614,0.471298743,0.,0.871152883,0.478123307,0.,               487P    509
0.870576442,0.485368226,0.,0.87,0.492613145,0.,0.87,0.5,0.,0.,       487P    510
1.,0.,0.,1.;                                                         487P    511
124,-6.12323399573677E-17,4.27583144589696E-31,1.,-60.,              489P    512
-6.98296267768627E-15,-1.,0.,60.,1.,-6.98296267768627E-15,           489P    513
6.12323399573677E-17,60.0000000000002;                               489P    514
100,60.,0.,30.,4.5,30.,-4.5,30.;                                     491P    515
102,2,481,487;                                                       493P    516
102,2,485,491;                                                       495P    517
142,1,371,493,495,1;                                                 497P    518
144,371,1,4,425,443,461,479,497;                                     499P    519
110,5.,60.,75.,5.,60.,-925.;                                         501P    520
110,0.,60.,14.,0.,60.,-14.;                                          503P    521
120,501,503,0.,6.28318530717959;                                     505P    522
126,1,1,1,0,1,0,0.,0.,1.,1.,1.,1.,1.,4.71238898,0.,1.,0.,0.,0.,      507P    523
1.,0.,0.,1.;                                                         507P    524
100,-14.,5.,60.,5.,55.,0.,60.;                                       509P    525
126,1,1,1,0,1,0,0.,0.,1.,1.,1.,1.,1.,0.,0.,0.,0.,0.,0.,1.,0.,        511P    526
0.,1.;                                                               511P    527
110,0.,60.,-14.,0.,60.,14.;                                          513P    528
126,1,1,1,0,1,0,0.,0.,1.,1.,1.,1.,0.,0.,0.,0.,4.71238898,0.,0.,      515P    529
1.,0.,0.,1.;                                                         515P    530
124,-1.,0.,-6.98296267768627E-15,10.0000000000001,0.,1.,0.,0.,       517P    531
6.98296267768627E-15,0.,-1.,28.;                                     517P    532
100,14.,5.,60.,10.,60.,5.,55.;                                       519P    533
126,1,1,1,0,1,0,0.,0.,1.,1.,1.,1.,0.,4.71238898,0.,1.,               521P    534
4.71238898,0.,0.,1.,0.,0.,1.;                                        521P    535
110,5.,55.,14.,5.,55.,-14.;                                          523P    536
102,4,507,511,515,521;                                               525P    537
102,4,509,513,519,523;                                               527P    538
142,1,505,525,527,1;                                                 529P    539
144,505,1,0,529;                                                     531P    540
110,5.,60.,75.,5.,60.,-925.;                                         533P    541
110,0.,60.,-46.,0.,60.,-75.;                                         535P    542
120,533,535,0.,6.28318530717959;                                     537P    543
126,1,1,1,0,1,0,0.,0.,1.,1.,1.,1.,1.,0.,0.,0.,0.,0.,0.,1.,0.,        539P    544
0.,1.;                                                               539P    545
110,0.,60.,-75.,0.,60.,-46.;                                         541P    546
126,1,1,1,0,1,0,0.,0.,1.,1.,1.,1.,0.,0.,0.,0.,4.71238898,0.,0.,      543P    547
1.,0.,0.,1.;                                                         543P    548
124,-1.,0.,-6.98296267768627E-15,9.99999999999968,0.,1.,0.,0.,       545P    549
6.98296267768627E-15,0.,-1.,-92.;                                    545P    550
100,-46.,5.,60.,10.,60.,5.,55.;                                      547P    551
126,1,1,1,0,1,0,0.,0.,1.,1.,1.,1.,0.,4.71238898,0.,1.,               549P    552
4.71238898,0.,0.,1.,0.,0.,1.;                                        549P    553
110,5.,55.,-46.,5.,55.,-75.;                                         551P    554
126,1,1,1,0,1,0,0.,0.,1.,1.,1.,1.,1.,4.71238898,0.,1.,0.,0.,0.,      553P    555
1.,0.,0.,1.;                                                         553P    556
100,-75.,5.,60.,5.,55.,0.,60.;                                       555P    557
102,4,539,543,549,553;                                               557P    558
102,4,541,547,551,555;                                               559P    559
142,1,537,557,559,1;                                                 561P    560
144,537,1,0,561;                                                     563P    561
110,5.,60.,-75.,5.,60.,925.;                                         565P    562
110,8.5,60.,-14.,8.5,60.,14.;                                        567P    563
120,565,567,0.,6.28318530717959;                                     569P    564
126,1,1,1,0,1,0,0.,0.,1.,1.,1.,1.,1.,3.141592654,0.,1.,0.,0.,        571P    565
0.,1.,0.,0.,1.;                                                      571P    566
124,-1.,-6.98296267768627E-15,0.,10.0000000000004,                   573P    567
-6.98296267768627E-15,1.,-6.98296267768627E-15,                      573P    568
1.33513597577847E-13,4.87617677579594E-29,                           573P    569
-6.98296267768627E-15,-1.,28.0000000000004;                          573P    570
100,14.,5.,60.,8.5,60.,1.5,60.;                                      575P    571
126,1,1,1,0,1,0,0.,0.,1.,1.,1.,1.,1.,0.,0.,0.,0.,0.,0.,1.,0.,        577P    572
0.,1.;                                                               577P    573
110,8.5,60.,14.,8.5,60.,-14.;                                        579P    574
126,1,1,1,0,1,0,0.,0.,1.,1.,1.,1.,0.,0.,0.,0.,3.141592654,0.,        581P    575
0.,1.,0.,0.,1.;                                                      581P    576
100,-14.,5.,60.,8.5,60.,1.5,60.;                                     583P    577
126,1,1,1,0,1,0,0.,0.,1.,1.,1.,1.,0.,3.141592654,0.,1.,              585P    578
3.141592654,0.,0.,1.,0.,0.,1.;                                       585P    579
110,1.5,60.,-14.,1.5,60.,14.;                                        587P    580
102,4,571,577,581,585;                                               589P    581
102,4,575,579,583,587;                                               591P    582
142,1,569,589,591,1;                                                 593P    583
144,569,1,0,593;                                                     595P    584
110,5.,60.,75.,5.,60.,-925.;                                         597P    585
110,0.,60.,75.,0.,60.,46.;                                           599P    586
120,597,599,0.,6.28318530717959;                                     601P    587
126,1,1,1,0,1,0,0.,0.,1.,1.,1.,1.,1.,4.71238898,0.,1.,0.,0.,0.,      603P    588
1.,0.,0.,1.;                                                         603P    589
100,46.,5.,60.,5.,55.,0.,60.;                                        605P    590
126,1,1,1,0,1,0,0.,0.,1.,1.,1.,1.,1.,0.,0.,0.,0.,0.,0.,1.,0.,        607P    591
0.,1.;                                                               607P    592
110,0.,60.,46.,0.,60.,75.;                                           609P    593
126,1,1,1,0,1,0,0.,0.,1.,1.,1.,1.,0.,0.,0.,0.,4.71238898,0.,0.,      611P    594
1.,0.,0.,1.;                                                         611P    595
124,-1.,0.,-6.98296267768627E-15,10.0000000000005,0.,1.,0.,0.,       613P    596
6.98296267768627E-15,0.,-1.,150.;                                    613P    597
100,75.,5.,60.,10.,60.,5.,55.;                                       615P    598
126,1,1,1,0,1,0,0.,0.,1.,1.,1.,1.,0.,4.71238898,0.,1.,               617P    599
4.71238898,0.,0.,1.,0.,0.,1.;                                        617P    600
110,5.,55.,75.,5.,55.,46.;                                           619P    601
102,4,603,607,611,617;                                               621P    602
102,4,605,609,615,619;                                               623P    603
142,1,601,621,623,1;                                                 625P    604
144,601,1,0,625;                                                     627P    605
110,5.,60.,-75.,5.,60.,925.;                                         629P    606
110,8.5,60.,46.,8.5,60.,75.;                                         631P    607
120,629,631,0.,6.28318530717959;                                     633P    608
126,1,1,1,0,1,0,0.,0.,1.,1.,1.,1.,1.,3.141592654,0.,1.,0.,0.,        635P    609
0.,1.,0.,0.,1.;                                                      635P    610
124,-1.,-6.98296267768627E-15,0.,10.0000000000004,                   637P    611
-6.98296267768627E-15,1.,-6.98296267768627E-15,                      637P    612
5.6216251611723E-13,4.87617677579594E-29,-6.98296267768627E-15,      637P    613
-1.,150.;                                                            637P    614
100,75.,5.,60.,8.5,60.,1.5,60.;                                      639P    615
126,1,1,1,0,1,0,0.,0.,1.,1.,1.,1.,1.,0.,0.,0.,0.,0.,0.,1.,0.,        641P    616
0.,1.;                                                               641P    617
110,8.5,60.,75.,8.5,60.,46.;                                         643P    618
126,1,1,1,0,1,0,0.,0.,1.,1.,1.,1.,0.,0.,0.,0.,3.141592654,0.,        645P    619
0.,1.,0.,0.,1.;                                                      645P    620
100,46.,5.,60.,8.5,60.,1.5,60.;                                      647P    621
126,1,1,1,0,1,0,0.,0.,1.,1.,1.,1.,0.,3.141592654,0.,1.,              649P    622
3.141592654,0.,0.,1.,0.,0.,1.;                                       649P    623
110,1.5,60.,46.,1.5,60.,75.;                                         651P    624
102,4,635,641,645,649;                                               653P    625
102,4,639,643,647,651;                                               655P    626
142,1,633,653,655,1;                                                 657P    627
144,633,1,0,657;                                                     659P    628
128,1,1,1,1,0,0,1,0,0,0.,0.,1.,1.,0.,0.,1.,1.,1.,1.,1.,1.,5.,        661P    629
0.,-75.,5.,0.,75.,5.,55.,-75.,5.,55.,75.,0.,1.,0.,1.;                661P    630
126,1,1,1,0,1,0,0.,0.,1.,1.,1.,1.,0.806666667,1.,0.,                 663P    631
0.593333333,1.,0.,0.,1.,0.,0.,1.;                                    663P    632
110,5.,55.,46.,5.,55.,14.;                                           665P    633
126,1,1,1,0,1,0,0.,0.,1.,1.,1.,1.,0.593333333,1.,0.,                 667P    634
0.406666667,1.,0.,0.,1.,0.,0.,1.;                                    667P    635
110,5.,55.,14.,5.,55.,-14.;                                          669P    636
126,1,1,1,0,1,0,0.,0.,1.,1.,1.,1.,0.406666667,1.,0.,                 671P    637
0.193333333,1.,0.,0.,1.,0.,0.,1.;                                    671P    638
110,5.,55.,-14.,5.,55.,-46.;                                         673P    639
126,1,1,1,0,1,0,0.,0.,1.,1.,1.,1.,0.193333333,1.,0.,0.,1.,0.,        675P    640
0.,1.,0.,0.,1.;                                                      675P    641
110,5.,55.,-46.,5.,55.,-75.;                                         677P    642
126,1,1,1,0,1,0,0.,0.,1.,1.,1.,1.,0.,1.,0.,0.,0.,0.,0.,1.,0.,        679P    643
0.,1.;                                                               679P    644
110,5.,55.,-75.,5.,0.,-75.;                                          681P    645
126,1,1,1,0,1,0,0.,0.,1.,1.,1.,1.,0.,0.,0.,1.,0.,0.,0.,1.,0.,        683P    646
0.,1.;                                                               683P    647
110,5.,0.,-75.,5.,0.,75.;                                            685P    648
126,1,1,1,0,1,0,0.,0.,1.,1.,1.,1.,1.,0.,0.,1.,1.,0.,0.,1.,0.,        687P    649
0.,1.;                                                               687P    650
110,5.,0.,75.,5.,55.,75.;                                            689P    651
126,1,1,1,0,1,0,0.,0.,1.,1.,1.,1.,1.,1.,0.,0.806666667,1.,0.,        691P    652
0.,1.,0.,0.,1.;                                                      691P    653
110,5.,55.,75.,5.,55.,46.;                                           693P    654
102,8,663,667,671,675,679,683,687,691;                               695P    655
102,8,665,669,673,677,681,685,689,693;                               697P    656
142,1,661,695,697,1;                                                 699P    657
126,32,2,1,0,1,0,0.,0.,0.,0.0625,0.0625,0.125,0.125,0.1875,          701P    658
0.1875,0.25,0.25,0.3125,0.3125,0.375,0.375,0.4375,0.4375,0.5,        701P    659
0.5,0.5625,0.5625,0.625,0.625,0.6875,0.6875,0.75,0.75,0.8125,        701P    660
0.8125,0.875,0.875,0.9375,0.9375,1.,1.,1.,1.,1.,1.,1.,1.,1.,1.,      701P    661
1.,1.,1.,1.,1.,1.,1.,1.,1.,1.,1.,1.,1.,1.,1.,1.,1.,1.,1.,1.,1.,      701P    662
1.,1.,1.,1.,1.,0.391,0.272727273,0.,0.391,0.257237261,0.,            701P    663
0.389891951,0.242044886,0.,0.388783902,0.22685251,0.,                701P    664
0.386610386,0.212541606,0.,0.38443687,0.198230701,0.,                701P    665
0.381281414,0.185351227,0.,0.378125958,0.172471753,0.,               701P    666
0.374109824,0.161518661,0.,0.370093691,0.150565569,0.,               701P    667
0.365371217,0.141959779,0.,0.360648743,0.13335399,0.,                701P    668
0.355401411,0.127426219,0.,0.35015408,0.121498448,0.,                701P    669
0.344583542,0.118476497,0.,0.339013004,0.115454545,0.,               701P    670
0.333333333,0.115454545,0.,0.327653662,0.115454545,0.,               701P    671
0.322083125,0.118476497,0.,0.316512587,0.121498448,0.,               701P    672
0.311265255,0.127426219,0.,0.306017924,0.13335399,0.,                701P    673
0.30129545,0.141959779,0.,0.296572976,0.150565569,0.,                701P    674
0.292556842,0.161518661,0.,0.288540708,0.172471753,0.,               701P    675
0.285385252,0.185351227,0.,0.282229796,0.198230701,0.,               701P    676
0.28005628,0.212541606,0.,0.277882764,0.22685251,0.,                 701P    677
0.276774715,0.242044886,0.,0.275666667,0.257237261,0.,               701P    678
0.275666667,0.272727273,0.,0.,1.,0.,0.,1.;                           701P    679
124,-6.12323399573677E-17,-7.49879891330929E-33,1.,30.,              703P    680
1.22464679914735E-16,-1.,0.,30.,1.,1.22464679914735E-16,             703P    681
6.12323399573677E-17,-30.;                                           703P    682
100,-25.,5.,15.,13.65,15.,-3.65,15.;                                 705P    683
126,32,2,1,0,1,0,0.,0.,0.,0.0625,0.0625,0.125,0.125,0.1875,          707P    684
0.1875,0.25,0.25,0.3125,0.3125,0.375,0.375,0.4375,0.4375,0.5,        707P    685
0.5,0.5625,0.5625,0.625,0.625,0.6875,0.6875,0.75,0.75,0.8125,        707P    686
0.8125,0.875,0.875,0.9375,0.9375,1.,1.,1.,1.,1.,1.,1.,1.,1.,1.,      707P    687
1.,1.,1.,1.,1.,1.,1.,1.,1.,1.,1.,1.,1.,1.,1.,1.,1.,1.,1.,1.,1.,      707P    688
1.,1.,1.,1.,1.,0.275666667,0.272727273,0.,0.275666667,               707P    689
0.288217284,0.,0.276774715,0.30340966,0.,0.277882764,                707P    690
0.318602035,0.,0.28005628,0.33291294,0.,0.282229796,                 707P    691
0.347223845,0.,0.285385252,0.360103318,0.,0.288540708,               707P    692
0.372982792,0.,0.292556842,0.383935885,0.,0.296572976,               707P    693
0.394888977,0.,0.30129545,0.403494766,0.,0.306017924,                707P    694
0.412100556,0.,0.311265255,0.418028326,0.,0.316512587,               707P    695
0.423956097,0.,0.322083125,0.426978049,0.,0.327653662,0.43,0.,       707P    696
0.333333333,0.43,0.,0.339013004,0.43,0.,0.344583542,                 707P    697
0.426978049,0.,0.35015408,0.423956097,0.,0.355401411,                707P    698
0.418028326,0.,0.360648743,0.412100556,0.,0.365371217,               707P    699
0.403494766,0.,0.370093691,0.394888977,0.,0.374109824,               707P    700
0.383935885,0.,0.378125958,0.372982792,0.,0.381281414,               707P    701
0.360103318,0.,0.38443687,0.347223845,0.,0.386610386,                707P    702
0.33291294,0.,0.388783902,0.318602035,0.,0.389891951,                707P    703
0.30340966,0.,0.391,0.288217284,0.,0.391,0.272727273,0.,0.,1.,       707P    704
0.,0.,1.;                                                            707P    705
124,6.12323399573677E-17,0.,1.,30.,0.,1.,0.,0.,-1.,0.,               709P    706
6.12323399573677E-17,-20.;                                           709P    707
100,-25.,5.,15.,13.65,15.,-3.65,15.;                                 711P    708
102,2,701,707;                                                       713P    709
102,2,705,711;                                                       715P    710
142,1,661,713,715,1;                                                 717P    711
126,32,2,1,0,1,0,0.,0.,0.,0.0625,0.0625,0.125,0.125,0.1875,          719P    712
0.1875,0.25,0.25,0.3125,0.3125,0.375,0.375,0.4375,0.4375,0.5,        719P    713
0.5,0.5625,0.5625,0.625,0.625,0.6875,0.6875,0.75,0.75,0.8125,        719P    714
0.8125,0.875,0.875,0.9375,0.9375,1.,1.,1.,1.,1.,1.,1.,1.,1.,1.,      719P    715
1.,1.,1.,1.,1.,1.,1.,1.,1.,1.,1.,1.,1.,1.,1.,1.,1.,1.,1.,1.,1.,      719P    716
1.,1.,1.,1.,1.,0.157666667,0.545454545,0.,0.157666667,               719P    717
0.529964534,0.,0.156558618,0.514772158,0.,0.155450569,               719P    718
0.499579783,0.,0.153277053,0.485268878,0.,0.151103537,               719P    719
0.470957974,0.,0.147948081,0.4580785,0.,0.144792625,                 719P    720
0.445199026,0.,0.140776491,0.434245934,0.,0.136760357,               719P    721
0.423292841,0.,0.132037883,0.414687052,0.,0.12731541,                719P    722
0.406081263,0.,0.122068078,0.400153492,0.,0.116820746,               719P    723
0.394225721,0.,0.111250209,0.39120377,0.,0.105679671,                719P    724
0.388181818,0.,0.1,0.388181818,0.,0.094320329,0.388181818,0.,        719P    725
0.088749791,0.39120377,0.,0.083179254,0.394225721,0.,                719P    726
0.077931922,0.400153492,0.,0.07268459,0.406081263,0.,                719P    727
0.067962117,0.414687052,0.,0.063239643,0.423292841,0.,               719P    728
0.059223509,0.434245934,0.,0.055207375,0.445199026,0.,               719P    729
0.052051919,0.4580785,0.,0.048896463,0.470957974,0.,                 719P    730
0.046722947,0.485268878,0.,0.044549431,0.499579783,0.,               719P    731
0.043441382,0.514772158,0.,0.042333333,0.529964534,0.,               719P    732
0.042333333,0.545454545,0.,0.,1.,0.,0.,1.;                           719P    733
124,-6.12323399573677E-17,4.27583144589696E-31,1.,65.,               721P    734
-6.98296267768627E-15,-1.,0.,60.,1.,-6.98296267768627E-15,           721P    735
6.12323399573677E-17,-64.9999999999998;                              721P    736
100,-60.,5.,30.,13.65,30.,-3.65,30.;                                 723P    737
126,32,2,1,0,1,0,0.,0.,0.,0.0625,0.0625,0.125,0.125,0.1875,          725P    738
0.1875,0.25,0.25,0.3125,0.3125,0.375,0.375,0.4375,0.4375,0.5,        725P    739
0.5,0.5625,0.5625,0.625,0.625,0.6875,0.6875,0.75,0.75,0.8125,        725P    740
0.8125,0.875,0.875,0.9375,0.9375,1.,1.,1.,1.,1.,1.,1.,1.,1.,1.,      725P    741
1.,1.,1.,1.,1.,1.,1.,1.,1.,1.,1.,1.,1.,1.,1.,1.,1.,1.,1.,1.,1.,      725P    742
1.,1.,1.,1.,1.,0.042333333,0.545454545,0.,0.042333333,               725P    743
0.560944557,0.,0.043441382,0.576136932,0.,0.044549431,               725P    744
0.591329308,0.,0.046722947,0.605640213,0.,0.048896463,               725P    745
0.619951117,0.,0.052051919,0.632830591,0.,0.055207375,               725P    746
0.645710065,0.,0.059223509,0.656663157,0.,0.063239643,               725P    747
0.66761625,0.,0.067962117,0.676222039,0.,0.07268459,                 725P    748
0.684827828,0.,0.077931922,0.690755599,0.,0.083179254,               725P    749
0.69668337,0.,0.088749791,0.699705321,0.,0.094320329,                725P    750
0.702727273,0.,0.1,0.702727273,0.,0.105679671,0.702727273,0.,        725P    751
0.111250209,0.699705321,0.,0.116820746,0.69668337,0.,                725P    752
0.122068078,0.690755599,0.,0.12731541,0.684827828,0.,                725P    753
0.132037883,0.676222039,0.,0.136760357,0.66761625,0.,                725P    754
0.140776491,0.656663157,0.,0.144792625,0.645710065,0.,               725P    755
0.147948081,0.632830591,0.,0.151103537,0.619951117,0.,               725P    756
0.153277053,0.605640213,0.,0.155450569,0.591329308,0.,               725P    757
0.156558618,0.576136932,0.,0.157666667,0.560944557,0.,               725P    758
0.157666667,0.545454545,0.,0.,1.,0.,0.,1.;                           725P    759
124,6.12323399573677E-17,0.,1.,65.,0.,1.,0.,0.,-1.,0.,               727P    760
6.12323399573677E-17,-55.;                                           727P    761
100,-60.,5.,30.,13.65,30.,-3.65,30.;                                 729P    762
102,2,719,725;                                                       731P    763
102,2,723,729;                                                       733P    764
142,1,661,731,733,1;                                                 735P    765
126,32,2,1,0,1,0,0.,0.,0.,0.0625,0.0625,0.125,0.125,0.1875,          737P    766
0.1875,0.25,0.25,0.3125,0.3125,0.375,0.375,0.4375,0.4375,0.5,        737P    767
0.5,0.5625,0.5625,0.625,0.625,0.6875,0.6875,0.75,0.75,0.8125,        737P    768
0.8125,0.875,0.875,0.9375,0.9375,1.,1.,1.,1.,1.,1.,1.,1.,1.,1.,      737P    769
1.,1.,1.,1.,1.,1.,1.,1.,1.,1.,1.,1.,1.,1.,1.,1.,1.,1.,1.,1.,1.,      737P    770
1.,1.,1.,1.,1.,0.724333333,0.272727273,0.,0.724333333,               737P    771
0.257237261,0.,0.723225285,0.242044886,0.,0.722117236,               737P    772
0.22685251,0.,0.71994372,0.212541606,0.,0.717770204,                 737P    773
0.198230701,0.,0.714614748,0.185351227,0.,0.711459292,               737P    774
0.172471753,0.,0.707443158,0.161518661,0.,0.703427024,               737P    775
0.150565569,0.,0.69870455,0.141959779,0.,0.693982076,                737P    776
0.13335399,0.,0.688734745,0.127426219,0.,0.683487413,                737P    777
0.121498448,0.,0.677916875,0.118476497,0.,0.672346338,               737P    778
0.115454545,0.,0.666666667,0.115454545,0.,0.660986996,               737P    779
0.115454545,0.,0.655416458,0.118476497,0.,0.64984592,                737P    780
0.121498448,0.,0.644598589,0.127426219,0.,0.639351257,               737P    781
0.13335399,0.,0.634628783,0.141959779,0.,0.629906309,                737P    782
0.150565569,0.,0.625890176,0.161518661,0.,0.621874042,               737P    783
0.172471753,0.,0.618718586,0.185351227,0.,0.61556313,                737P    784
0.198230701,0.,0.613389614,0.212541606,0.,0.611216098,               737P    785
0.22685251,0.,0.610108049,0.242044886,0.,0.609,0.257237261,0.,       737P    786
0.609,0.272727273,0.,0.,1.,0.,0.,1.;                                 737P    787
124,-6.12323399573677E-17,-7.49879891330929E-33,1.,-20.,             739P    788
1.22464679914735E-16,-1.,0.,30.,1.,1.22464679914735E-16,             739P    789
6.12323399573677E-17,20.;                                            739P    790
100,25.,5.,15.,13.65,15.,-3.65,15.;                                  741P    791
126,32,2,1,0,1,0,0.,0.,0.,0.0625,0.0625,0.125,0.125,0.1875,          743P    792
0.1875,0.25,0.25,0.3125,0.3125,0.375,0.375,0.4375,0.4375,0.5,        743P    793
0.5,0.5625,0.5625,0.625,0.625,0.6875,0.6875,0.75,0.75,0.8125,        743P    794
0.8125,0.875,0.875,0.9375,0.9375,1.,1.,1.,1.,1.,1.,1.,1.,1.,1.,      743P    795
1.,1.,1.,1.,1.,1.,1.,1.,1.,1.,1.,1.,1.,1.,1.,1.,1.,1.,1.,1.,1.,      743P    796
1.,1.,1.,1.,1.,0.609,0.272727273,0.,0.609,0.288217284,0.,            743P    797
0.610108049,0.30340966,0.,0.611216098,0.318602035,0.,                743P    798
0.613389614,0.33291294,0.,0.61556313,0.347223845,0.,                 743P    799
0.618718586,0.360103318,0.,0.621874042,0.372982792,0.,               743P    800
0.625890176,0.383935885,0.,0.629906309,0.394888977,0.,               743P    801
0.634628783,0.403494766,0.,0.639351257,0.412100556,0.,               743P    802
0.644598589,0.418028326,0.,0.64984592,0.423956097,0.,                743P    803
0.655416458,0.426978049,0.,0.660986996,0.43,0.,0.666666667,          743P    804
0.43,0.,0.672346338,0.43,0.,0.677916875,0.426978049,0.,              743P    805
0.683487413,0.423956097,0.,0.688734745,0.418028326,0.,               743P    806
0.693982076,0.412100556,0.,0.69870455,0.403494766,0.,                743P    807
0.703427024,0.394888977,0.,0.707443158,0.383935885,0.,               743P    808
0.711459292,0.372982792,0.,0.714614748,0.360103318,0.,               743P    809
0.717770204,0.347223845,0.,0.71994372,0.33291294,0.,                 743P    810
0.722117236,0.318602035,0.,0.723225285,0.30340966,0.,                743P    811
0.724333333,0.288217284,0.,0.724333333,0.272727273,0.,0.,1.,0.,      743P    812
0.,1.;                                                               743P    813
124,6.12323399573677E-17,0.,1.,-20.,0.,1.,0.,0.,-1.,0.,              745P    814
6.12323399573677E-17,30.;                                            745P    815
100,25.,5.,15.,13.65,15.,-3.65,15.;                                  747P    816
102,2,737,743;                                                       749P    817
102,2,741,747;                                                       751P    818
142,1,661,749,751,1;                                                 753P    819
126,32,2,1,0,1,0,0.,0.,0.,0.0625,0.0625,0.125,0.125,0.1875,          755P    820
0.1875,0.25,0.25,0.3125,0.3125,0.375,0.375,0.4375,0.4375,0.5,        755P    821
0.5,0.5625,0.5625,0.625,0.625,0.6875,0.6875,0.75,0.75,0.8125,        755P    822
0.8125,0.875,0.875,0.9375,0.9375,1.,1.,1.,1.,1.,1.,1.,1.,1.,1.,      755P    823
1.,1.,1.,1.,1.,1.,1.,1.,1.,1.,1.,1.,1.,1.,1.,1.,1.,1.,1.,1.,1.,      755P    824
1.,1.,1.,1.,1.,0.957666667,0.545454545,0.,0.957666667,               755P    825
0.529964534,0.,0.956558618,0.514772158,0.,0.955450569,               755P    826
0.499579783,0.,0.953277053,0.485268878,0.,0.951103537,               755P    827
0.470957974,0.,0.947948081,0.4580785,0.,0.944792625,                 755P    828
0.445199026,0.,0.940776491,0.434245934,0.,0.936760357,               755P    829
0.423292841,0.,0.932037883,0.414687052,0.,0.92731541,                755P    830
0.406081263,0.,0.922068078,0.400153492,0.,0.916820746,               755P    831
0.394225721,0.,0.911250209,0.39120377,0.,0.905679671,                755P    832
0.388181818,0.,0.9,0.388181818,0.,0.894320329,0.388181818,0.,        755P    833
0.888749791,0.39120377,0.,0.883179254,0.394225721,0.,                755P    834
0.877931922,0.400153492,0.,0.87268459,0.406081263,0.,                755P    835
0.867962117,0.414687052,0.,0.863239643,0.423292841,0.,               755P    836
0.859223509,0.434245934,0.,0.855207375,0.445199026,0.,               755P    837
0.852051919,0.4580785,0.,0.848896463,0.470957974,0.,                 755P    838
0.846722947,0.485268878,0.,0.844549431,0.499579783,0.,               755P    839
0.843441382,0.514772158,0.,0.842333333,0.529964534,0.,               755P    840
0.842333333,0.545454545,0.,0.,1.,0.,0.,1.;                           755P    841
124,-6.12323399573677E-17,4.27583144589696E-31,1.,-55.,              757P    842
-6.98296267768627E-15,-1.,0.,60.,1.,-6.98296267768627E-15,           757P    843
6.12323399573677E-17,55.0000000000002;                               757P    844
100,60.,5.,30.,13.65,30.,-3.65,30.;                                  759P    845
126,32,2,1,0,1,0,0.,0.,0.,0.0625,0.0625,0.125,0.125,0.1875,          761P    846
0.1875,0.25,0.25,0.3125,0.3125,0.375,0.375,0.4375,0.4375,0.5,        761P    847
0.5,0.5625,0.5625,0.625,0.625,0.6875,0.6875,0.75,0.75,0.8125,        761P    848
0.8125,0.875,0.875,0.9375,0.9375,1.,1.,1.,1.,1.,1.,1.,1.,1.,1.,      761P    849
1.,1.,1.,1.,1.,1.,1.,1.,1.,1.,1.,1.,1.,1.,1.,1.,1.,1.,1.,1.,1.,      761P    850
1.,1.,1.,1.,1.,0.842333333,0.545454545,0.,0.842333333,               761P    851
0.560944557,0.,0.843441382,0.576136932,0.,0.844549431,               761P    852
0.591329308,0.,0.846722947,0.605640213,0.,0.848896463,               761P    853
0.619951117,0.,0.852051919,0.632830591,0.,0.855207375,               761P    854
0.645710065,0.,0.859223509,0.656663157,0.,0.863239643,               761P    855
0.66761625,0.,0.867962117,0.676222039,0.,0.87268459,                 761P    856
0.684827828,0.,0.877931922,0.690755599,0.,0.883179254,               761P    857
0.69668337,0.,0.888749791,0.699705321,0.,0.894320329,                761P    858
0.702727273,0.,0.9,0.702727273,0.,0.905679671,0.702727273,0.,        761P    859
0.911250209,0.699705321,0.,0.916820746,0.69668337,0.,                761P    860
0.922068078,0.690755599,0.,0.92731541,0.684827828,0.,                761P    861
0.932037883,0.676222039,0.,0.936760357,0.66761625,0.,                761P    862
0.940776491,0.656663157,0.,0.944792625,0.645710065,0.,               761P    863
0.947948081,0.632830591,0.,0.951103537,0.619951117,0.,               761P    864
0.953277053,0.605640213,0.,0.955450569,0.591329308,0.,               761P    865
0.956558618,0.576136932,0.,0.957666667,0.560944557,0.,               761P    866
0.957666667,0.545454545,0.,0.,1.,0.,0.,1.;                           761P    867
124,6.12323399573677E-17,0.,1.,-55.,0.,1.,0.,0.,-1.,0.,              763P    868
6.12323399573677E-17,65.;                                            763P    869
100,60.,5.,30.,13.65,30.,-3.65,30.;                                  765P    870
102,2,755,761;                                                       767P    871
102,2,759,765;                                                       769P    872
142,1,661,767,769,1;                                                 771P    873
144,661,1,4,699,717,735,753,771;                                     773P    874
128,1,1,1,1,0,0,1,0,0,0.,0.,1.,1.,0.,0.,1.,1.,1.,1.,1.,1.,0.,        775P    875
0.,75.,0.,0.,-75.,5.,0.,75.,5.,0.,-75.,0.,1.,0.,1.;                  775P    876
126,1,1,1,0,1,0,0.,0.,1.,1.,1.,1.,1.,0.,0.,1.,1.,0.,0.,1.,0.,        777P    877
0.,1.;                                                               777P    878
110,0.,0.,-75.,5.,0.,-75.;                                           779P    879
126,1,1,1,0,1,0,0.,0.,1.,1.,1.,1.,1.,1.,0.,0.,1.,0.,0.,1.,0.,        781P    880
0.,1.;                                                               781P    881
110,5.,0.,-75.,5.,0.,75.;                                            783P    882
126,1,1,1,0,1,0,0.,0.,1.,1.,1.,1.,0.,1.,0.,0.,0.,0.,0.,1.,0.,        785P    883
0.,1.;                                                               785P    884
110,5.,0.,75.,0.,0.,75.;                                             787P    885
126,1,1,1,0,1,0,0.,0.,1.,1.,1.,1.,0.,0.,0.,1.,0.,0.,0.,1.,0.,        789P    886
0.,1.;                                                               789P    887
110,0.,0.,75.,0.,0.,-75.;                                            791P    888
102,4,777,781,785,789;                                               793P    889
102,4,779,783,787,791;                                               795P    890
142,1,775,793,795,1;                                                 797P    891
144,775,1,0,797;                                                     799P    892
128,1,1,1,1,0,0,1,0,0,0.,0.,1.,1.,0.,0.,1.,1.,1.,1.,1.,1.,           801P    893
10.06,0.,75.,0.,0.,75.,10.06,65.39,75.,0.,65.39,75.,0.,1.,0.,        801P    894
1.;                                                                  801P    895
126,1,1,1,0,1,0,0.,0.,1.,1.,1.,1.,0.502982107,0.,0.,1.,0.,0.,        803P    896
0.,1.,0.,0.,1.;                                                      803P    897
110,5.,0.,75.,0.,0.,75.;                                             805P    898
126,1,1,1,0,1,0,0.,0.,1.,1.,1.,1.,1.,0.,0.,1.,0.917571494,0.,        807P    899
0.,1.,0.,0.,1.;                                                      807P    900
110,0.,0.,75.,0.,60.,75.;                                            809P    901
126,64,2,1,0,1,0,0.,0.,0.,0.03125,0.03125,0.0625,0.0625,             811P    902
0.09375,0.09375,0.125,0.125,0.15625,0.15625,0.1875,0.1875,           811P    903
0.21875,0.21875,0.25,0.25,0.28125,0.28125,0.3125,0.3125,             811P    904
0.34375,0.34375,0.375,0.375,0.40625,0.40625,0.4375,0.4375,           811P    905
0.46875,0.46875,0.5,0.5,0.53125,0.53125,0.5625,0.5625,0.59375,       811P    906
0.59375,0.625,0.625,0.65625,0.65625,0.6875,0.6875,0.71875,           811P    907
0.71875,0.75,0.75,0.78125,0.78125,0.8125,0.8125,0.84375,             811P    908
0.84375,0.875,0.875,0.90625,0.90625,0.9375,0.9375,0.96875,           811P    909
0.96875,1.,1.,1.,1.,1.,1.,1.,1.,1.,1.,1.,1.,1.,1.,1.,1.,1.,1.,       811P    910
1.,1.,1.,1.,1.,1.,1.,1.,1.,1.,1.,1.,1.,1.,1.,1.,1.,1.,1.,1.,1.,      811P    911
1.,1.,1.,1.,1.,1.,1.,1.,1.,1.,1.,1.,1.,1.,1.,1.,1.,1.,1.,1.,1.,      811P    912
1.,1.,1.,1.,1.,1.,1.,1.,1.,0.917571494,0.,1.,0.923211839,0.,         811P    913
0.994620532,0.928791136,0.,0.989241064,0.934370433,0.,               811P    914
0.978598576,0.939767906,0.,0.967956089,0.94516538,0.,                811P    915
0.952280961,0.950264191,0.,0.936605832,0.955363003,0.,               811P    916
0.916237382,0.960052778,0.,0.895868931,0.964742554,0.,               811P    917
0.871248074,0.968921774,0.,0.846627217,0.973100994,0.,               811P    918
0.818286921,0.976679191,0.,0.789946624,0.980257387,0.,               811P    919
0.75850037,0.983157104,0.,0.727054116,0.986056821,0.,                811P    920
0.69318262,0.988215288,0.,0.659311125,0.990373754,0.,                811P    921
0.623747604,0.991744246,0.,0.588184083,0.993114738,0.,               811P    922
0.55169838,0.993667589,0.,0.515212676,0.994220439,0.,                811P    923
0.478594595,0.993943681,0.,0.441976514,0.993666922,0.,               811P    924
0.406018727,0.992566545,0.,0.370060939,0.991466169,0.,               811P    925
0.335541822,0.989565994,0.,0.301022706,0.987665819,0.,               811P    926
0.268689495,0.985006978,0.,0.236356284,0.982348138,0.,               811P    927
0.206908894,0.978988189,0.,0.177461505,0.975628239,0.,               811P    928
0.151537385,0.971639913,0.,0.125613265,0.967651587,0.,               811P    929
0.103773593,0.963121219,0.,0.08193392,0.958590852,0.,                811P    930
0.064651459,0.953616511,0.,0.047368998,0.948642171,0.,               811P    931
0.03501786,0.943331538,0.,0.022666723,0.938020905,0.,                811P    932
0.015514274,0.932488937,0.,0.008361825,0.92695697,0.,                811P    933
0.006562895,0.921323419,0.,0.004763964,0.915689868,0.,               811P    934
0.008357492,0.910076683,0.,0.01195102,0.904463498,0.,                811P    935
0.020859218,0.898992187,0.,0.029767416,0.893520876,0.,               811P    936
0.043797449,0.888309877,0.,0.057827482,0.883098877,0.,               811P    937
0.076675641,0.878260992,0.,0.095523801,0.873423107,0.,               811P    938
0.118782081,0.869063061,0.,0.142040361,0.864703016,0.,               811P    939
0.169205291,0.860915192,0.,0.196370221,0.857127367,0.,               811P    940
0.226853761,0.85399376,0.,0.257337301,0.850860152,0.,                811P    941
0.290479576,0.848448594,0.,0.32362185,0.846037035,0.,                811P    942
0.358705429,0.84439973,0.,0.393789007,0.842762424,0.,                811P    943
0.430054436,0.841934813,0.,0.466319865,0.841107203,0.,               811P    944
0.502982107,0.841107203,0.,0.,1.,0.,0.,-1.;                          811P    945
124,-1.,0.,-6.98296267768627E-15,10.0000000000005,0.,1.,0.,0.,       813P    946
6.98296267768627E-15,0.,-1.,150.;                                    813P    947
100,75.,5.,60.,10.,60.,5.,55.;                                       815P    948
126,1,1,1,0,1,0,0.,0.,1.,1.,1.,1.,0.502982107,0.841107203,0.,        817P    949
0.502982107,0.,0.,0.,1.,0.,0.,1.;                                    817P    950
110,5.,55.,75.,5.,0.,75.;                                            819P    951
102,4,803,807,811,817;                                               821P    952
102,4,805,809,815,819;                                               823P    953
142,1,801,821,823,1;                                                 825P    954
126,32,2,1,0,1,0,0.,0.,0.,0.0625,0.0625,0.125,0.125,0.1875,          827P    955
0.1875,0.25,0.25,0.3125,0.3125,0.375,0.375,0.4375,0.4375,0.5,        827P    956
0.5,0.5625,0.5625,0.625,0.625,0.6875,0.6875,0.75,0.75,0.8125,        827P    957
0.8125,0.875,0.875,0.9375,0.9375,1.,1.,1.,1.,1.,1.,1.,1.,1.,1.,      827P    958
1.,1.,1.,1.,1.,1.,1.,1.,1.,1.,1.,1.,1.,1.,1.,1.,1.,1.,1.,1.,1.,      827P    959
1.,1.,1.,1.,1.,0.850894632,0.917571494,0.,0.850894632,               827P    960
0.912299741,0.,0.844209591,0.907129284,0.,0.837524549,               827P    961
0.901958826,0.,0.824411368,0.897088362,0.,0.811298187,               827P    962
0.892217897,0.,0.7922608,0.887834595,0.,0.773223412,                 827P    963
0.883451293,0.,0.748993413,0.879723601,0.,0.724763414,               827P    964
0.875995909,0.,0.69627195,0.87306708,0.,0.667780486,                 827P    965
0.870138251,0.,0.636122467,0.868120839,0.,0.604464448,               827P    966
0.866103426,0.,0.570856474,0.865074958,0.,0.5372485,0.86404649,      827P    967
0.,0.502982107,0.86404649,0.,0.468715715,0.86404649,0.,              827P    968
0.435107741,0.865074958,0.,0.401499767,0.866103426,0.,               827P    969
0.369841748,0.868120839,0.,0.338183729,0.870138251,0.,               827P    970
0.309692265,0.87306708,0.,0.281200801,0.875995909,0.,                827P    971
0.256970802,0.879723601,0.,0.232740803,0.883451293,0.,               827P    972
0.213703415,0.887834595,0.,0.194666027,0.892217897,0.,               827P    973
0.181552847,0.897088362,0.,0.168439666,0.901958826,0.,               827P    974
0.161754624,0.907129284,0.,0.155069583,0.912299741,0.,               827P    975
0.155069583,0.917571494,0.,0.,1.,0.,0.,1.;                           827P    976
100,75.,5.,60.,1.5,60.,8.5,60.;                                      829P    977
126,32,2,1,0,1,0,0.,0.,0.,0.0625,0.0625,0.125,0.125,0.1875,          831P    978
0.1875,0.25,0.25,0.3125,0.3125,0.375,0.375,0.4375,0.4375,0.5,        831P    979
0.5,0.5625,0.5625,0.625,0.625,0.6875,0.6875,0.75,0.75,0.8125,        831P    980
0.8125,0.875,0.875,0.9375,0.9375,1.,1.,1.,1.,1.,1.,1.,1.,1.,1.,      831P    981
1.,1.,1.,1.,1.,1.,1.,1.,1.,1.,1.,1.,1.,1.,1.,1.,1.,1.,1.,1.,1.,      831P    982
1.,1.,1.,1.,1.,0.155069583,0.917571494,0.,0.155069583,               831P    983
0.922843247,0.,0.161754624,0.928013704,0.,0.168439666,               831P    984
0.933184162,0.,0.181552847,0.938054626,0.,0.194666027,               831P    985
0.942925091,0.,0.213703415,0.947308393,0.,0.232740803,               831P    986
0.951691695,0.,0.256970802,0.955419387,0.,0.281200801,               831P    987
0.959147079,0.,0.309692265,0.962075908,0.,0.338183729,               831P    988
0.965004737,0.,0.369841748,0.96702215,0.,0.401499767,                831P    989
0.969039562,0.,0.435107741,0.97006803,0.,0.468715715,                831P    990
0.971096498,0.,0.502982107,0.971096498,0.,0.5372485,                 831P    991
0.971096498,0.,0.570856474,0.97006803,0.,0.604464448,                831P    992
0.969039562,0.,0.636122467,0.96702215,0.,0.667780486,                831P    993
0.965004737,0.,0.69627195,0.962075908,0.,0.724763414,                831P    994
0.959147079,0.,0.748993413,0.955419387,0.,0.773223412,               831P    995
0.951691695,0.,0.7922608,0.947308393,0.,0.811298187,                 831P    996
0.942925091,0.,0.824411368,0.938054626,0.,0.837524549,               831P    997
0.933184162,0.,0.844209591,0.928013704,0.,0.850894632,               831P    998
0.922843247,0.,0.850894632,0.917571494,0.,0.,1.,0.,0.,1.;            831P    999
100,75.,5.,60.,8.5,60.,1.5,60.;                                      833P   1000
102,2,827,831;                                                       835P   1001
102,2,829,833;                                                       837P   1002
142,1,801,835,837,1;                                                 839P   1003
144,801,1,1,825,839;                                                 841P   1004
128,1,1,1,1,0,0,1,0,0,0.,0.,1.,1.,0.,0.,1.,1.,1.,1.,1.,1.,           843P   1005
10.06,0.,-75.,0.,0.,-75.,10.06,65.39,-75.,0.,65.39,-75.,0.,1.,       843P   1006
0.,1.;                                                               843P   1007
126,1,1,1,0,1,0,0.,0.,1.,1.,1.,1.,1.,0.,0.,1.,0.917571494,0.,        845P   1008
0.,1.,0.,0.,1.;                                                      845P   1009
110,0.,0.,-75.,0.,60.,-75.;                                          847P   1010
126,64,2,1,0,1,0,0.,0.,0.,0.03125,0.03125,0.0625,0.0625,             849P   1011
0.09375,0.09375,0.125,0.125,0.15625,0.15625,0.1875,0.1875,           849P   1012
0.21875,0.21875,0.25,0.25,0.28125,0.28125,0.3125,0.3125,             849P   1013
0.34375,0.34375,0.375,0.375,0.40625,0.40625,0.4375,0.4375,           849P   1014
0.46875,0.46875,0.5,0.5,0.53125,0.53125,0.5625,0.5625,0.59375,       849P   1015
0.59375,0.625,0.625,0.65625,0.65625,0.6875,0.6875,0.71875,           849P   1016
0.71875,0.75,0.75,0.78125,0.78125,0.8125,0.8125,0.84375,             849P   1017
0.84375,0.875,0.875,0.90625,0.90625,0.9375,0.9375,0.96875,           849P   1018
0.96875,1.,1.,1.,1.,1.,1.,1.,1.,1.,1.,1.,1.,1.,1.,1.,1.,1.,1.,       849P   1019
1.,1.,1.,1.,1.,1.,1.,1.,1.,1.,1.,1.,1.,1.,1.,1.,1.,1.,1.,1.,1.,      849P   1020
1.,1.,1.,1.,1.,1.,1.,1.,1.,1.,1.,1.,1.,1.,1.,1.,1.,1.,1.,1.,1.,      849P   1021
1.,1.,1.,1.,1.,1.,1.,1.,1.,0.917571494,0.,1.,0.923211839,0.,         849P   1022
0.994620532,0.928791136,0.,0.989241064,0.934370433,0.,               849P   1023
0.978598576,0.939767906,0.,0.967956089,0.94516538,0.,                849P   1024
0.952280961,0.950264191,0.,0.936605832,0.955363003,0.,               849P   1025
0.916237382,0.960052778,0.,0.895868931,0.964742554,0.,               849P   1026
0.871248074,0.968921774,0.,0.846627217,0.973100994,0.,               849P   1027
0.818286921,0.976679191,0.,0.789946624,0.980257387,0.,               849P   1028
0.75850037,0.983157104,0.,0.727054116,0.986056821,0.,                849P   1029
0.69318262,0.988215288,0.,0.659311125,0.990373754,0.,                849P   1030
0.623747604,0.991744246,0.,0.588184083,0.993114738,0.,               849P   1031
0.55169838,0.993667589,0.,0.515212676,0.994220439,0.,                849P   1032
0.478594595,0.993943681,0.,0.441976514,0.993666922,0.,               849P   1033
0.406018727,0.992566545,0.,0.370060939,0.991466169,0.,               849P   1034
0.335541822,0.989565994,0.,0.301022706,0.987665819,0.,               849P   1035
0.268689495,0.985006978,0.,0.236356284,0.982348138,0.,               849P   1036
0.206908894,0.978988189,0.,0.177461505,0.975628239,0.,               849P   1037
0.151537385,0.971639913,0.,0.125613265,0.967651587,0.,               849P   1038
0.103773593,0.963121219,0.,0.08193392,0.958590852,0.,                849P   1039
0.064651459,0.953616511,0.,0.047368998,0.948642171,0.,               849P   1040
0.03501786,0.943331538,0.,0.022666723,0.938020905,0.,                849P   1041
0.015514274,0.932488937,0.,0.008361825,0.92695697,0.,                849P   1042
0.006562895,0.921323419,0.,0.004763964,0.915689868,0.,               849P   1043
0.008357492,0.910076683,0.,0.01195102,0.904463498,0.,                849P   1044
0.020859218,0.898992187,0.,0.029767416,0.893520876,0.,               849P   1045
0.043797449,0.888309877,0.,0.057827482,0.883098877,0.,               849P   1046
0.076675641,0.878260992,0.,0.095523801,0.873423107,0.,               849P   1047
0.118782081,0.869063061,0.,0.142040361,0.864703016,0.,               849P   1048
0.169205291,0.860915192,0.,0.196370221,0.857127367,0.,               849P   1049
0.226853761,0.85399376,0.,0.257337301,0.850860152,0.,                849P   1050
0.290479576,0.848448594,0.,0.32362185,0.846037035,0.,                849P   1051
0.358705429,0.84439973,0.,0.393789007,0.842762424,0.,                849P   1052
0.430054436,0.841934813,0.,0.466319865,0.841107203,0.,               849P   1053
0.502982107,0.841107203,0.,0.,1.,0.,0.,-1.;                          849P   1054
124,-1.,0.,-6.98296267768627E-15,9.99999999999948,0.,1.,0.,0.,       851P   1055
6.98296267768627E-15,0.,-1.,-150.;                                   851P   1056
100,-75.,5.,60.,10.,60.,5.,55.;                                      853P   1057
126,1,1,1,0,1,0,0.,0.,1.,1.,1.,1.,0.502982107,0.841107203,0.,        855P   1058
0.502982107,0.,0.,0.,1.,0.,0.,1.;                                    855P   1059
110,5.,55.,-75.,5.,0.,-75.;                                          857P   1060
126,1,1,1,0,1,0,0.,0.,1.,1.,1.,1.,0.502982107,0.,0.,1.,0.,0.,        859P   1061
0.,1.,0.,0.,1.;                                                      859P   1062
110,5.,0.,-75.,0.,0.,-75.;                                           861P   1063
102,4,845,849,855,859;                                               863P   1064
102,4,847,853,857,861;                                               865P   1065
142,1,843,863,865,1;                                                 867P   1066
126,32,2,1,0,1,0,0.,0.,0.,0.0625,0.0625,0.125,0.125,0.1875,          869P   1067
0.1875,0.25,0.25,0.3125,0.3125,0.375,0.375,0.4375,0.4375,0.5,        869P   1068
0.5,0.5625,0.5625,0.625,0.625,0.6875,0.6875,0.75,0.75,0.8125,        869P   1069
0.8125,0.875,0.875,0.9375,0.9375,1.,1.,1.,1.,1.,1.,1.,1.,1.,1.,      869P   1070
1.,1.,1.,1.,1.,1.,1.,1.,1.,1.,1.,1.,1.,1.,1.,1.,1.,1.,1.,1.,1.,      869P   1071
1.,1.,1.,1.,1.,0.155069583,0.917571494,0.,0.155069583,               869P   1072
0.922843247,0.,0.161754624,0.928013704,0.,0.168439666,               869P   1073
0.933184162,0.,0.181552847,0.938054626,0.,0.194666027,               869P   1074
0.942925091,0.,0.213703415,0.947308393,0.,0.232740803,               869P   1075
0.951691695,0.,0.256970802,0.955419387,0.,0.281200801,               869P   1076
0.959147079,0.,0.309692265,0.962075908,0.,0.338183729,               869P   1077
0.965004737,0.,0.369841748,0.96702215,0.,0.401499767,                869P   1078
0.969039562,0.,0.435107741,0.97006803,0.,0.468715715,                869P   1079
0.971096498,0.,0.502982107,0.971096498,0.,0.5372485,                 869P   1080
0.971096498,0.,0.570856474,0.97006803,0.,0.604464448,                869P   1081
0.969039562,0.,0.636122467,0.96702215,0.,0.667780486,                869P   1082
0.965004737,0.,0.69627195,0.962075908,0.,0.724763414,                869P   1083
0.959147079,0.,0.748993413,0.955419387,0.,0.773223412,               869P   1084
0.951691695,0.,0.7922608,0.947308393,0.,0.811298187,                 869P   1085
0.942925091,0.,0.824411368,0.938054626,0.,0.837524549,               869P   1086
0.933184162,0.,0.844209591,0.928013704,0.,0.850894632,               869P   1087
0.922843247,0.,0.850894632,0.917571494,0.,0.,1.,0.,0.,1.;            869P   1088
100,-75.,5.,60.,8.5,60.,1.5,60.;                                     871P   1089
126,32,2,1,0,1,0,0.,0.,0.,0.0625,0.0625,0.125,0.125,0.1875,          873P   1090
0.1875,0.25,0.25,0.3125,0.3125,0.375,0.375,0.4375,0.4375,0.5,        873P   1091
0.5,0.5625,0.5625,0.625,0.625,0.6875,0.6875,0.75,0.75,0.8125,        873P   1092
0.8125,0.875,0.875,0.9375,0.9375,1.,1.,1.,1.,1.,1.,1.,1.,1.,1.,      873P   1093
1.,1.,1.,1.,1.,1.,1.,1.,1.,1.,1.,1.,1.,1.,1.,1.,1.,1.,1.,1.,1.,      873P   1094
1.,1.,1.,1.,1.,0.850894632,0.917571494,0.,0.850894632,               873P   1095
0.912299741,0.,0.844209591,0.907129284,0.,0.837524549,               873P   1096
0.901958826,0.,0.824411368,0.897088362,0.,0.811298187,               873P   1097
0.892217897,0.,0.7922608,0.887834595,0.,0.773223412,                 873P   1098
0.883451293,0.,0.748993413,0.879723601,0.,0.724763414,               873P   1099
0.875995909,0.,0.69627195,0.87306708,0.,0.667780486,                 873P   1100
0.870138251,0.,0.636122467,0.868120839,0.,0.604464448,               873P   1101
0.866103426,0.,0.570856474,0.865074958,0.,0.5372485,0.86404649,      873P   1102
0.,0.502982107,0.86404649,0.,0.468715715,0.86404649,0.,              873P   1103
0.435107741,0.865074958,0.,0.401499767,0.866103426,0.,               873P   1104
0.369841748,0.868120839,0.,0.338183729,0.870138251,0.,               873P   1105
0.309692265,0.87306708,0.,0.281200801,0.875995909,0.,                873P   1106
0.256970802,0.879723601,0.,0.232740803,0.883451293,0.,               873P   1107
0.213703415,0.887834595,0.,0.194666027,0.892217897,0.,               873P   1108
0.181552847,0.897088362,0.,0.168439666,0.901958826,0.,               873P   1109
0.161754624,0.907129284,0.,0.155069583,0.912299741,0.,               873P   1110
0.155069583,0.917571494,0.,0.,1.,0.,0.,1.;                           873P   1111
100,-75.,5.,60.,1.5,60.,8.5,60.;                                     875P   1112
102,2,869,873;                                                       877P   1113
102,2,871,875;                                                       879P   1114
142,1,843,877,879,1;                                                 881P   1115
144,843,1,1,867,881;                                                 883P   1116
110,5.,60.,-75.,5.,60.,925.;                                         885P   1117
110,8.5,60.,-75.,8.5,60.,-46.;                                       887P   1118
120,885,887,0.,6.28318530717959;                                     889P   1119
126,1,1,1,0,1,0,0.,0.,1.,1.,1.,1.,1.,3.141592654,0.,1.,0.,0.,        891P   1120
0.,1.,0.,0.,1.;                                                      891P   1121
124,-1.,-6.98296267768627E-15,0.,10.0000000000004,                   893P   1122
-6.98296267768627E-15,1.,-6.98296267768627E-15,                      893P   1123
-2.88108289510072E-13,4.87617677579594E-29,                          893P   1124
-6.98296267768627E-15,-1.,-91.9999999999996;                         893P   1125
100,-46.,5.,60.,8.5,60.,1.5,60.;                                     895P   1126
126,1,1,1,0,1,0,0.,0.,1.,1.,1.,1.,1.,0.,0.,0.,0.,0.,0.,1.,0.,        897P   1127
0.,1.;                                                               897P   1128
110,8.5,60.,-46.,8.5,60.,-75.;                                       899P   1129
126,1,1,1,0,1,0,0.,0.,1.,1.,1.,1.,0.,0.,0.,0.,3.141592654,0.,        901P   1130
0.,1.,0.,0.,1.;                                                      901P   1131
100,-75.,5.,60.,8.5,60.,1.5,60.;                                     903P   1132
126,1,1,1,0,1,0,0.,0.,1.,1.,1.,1.,0.,3.141592654,0.,1.,              905P   1133
3.141592654,0.,0.,1.,0.,0.,1.;                                       905P   1134
110,1.5,60.,-75.,1.5,60.,-46.;                                       907P   1135
102,4,891,897,901,905;                                               909P   1136
102,4,895,899,903,907;                                               911P   1137
142,1,889,909,911,1;                                                 913P   1138
144,889,1,0,913;                                                     915P   1139
110,5.,30.,60.,1005.,30.,60.;                                        917P   1140
110,0.,30.,55.5,0.85,30.,55.5;                                       919P   1141
120,917,919,0.,6.28318530717959;                                     921P   1142
126,1,1,1,0,1,0,0.,0.,1.,1.,1.,1.,1.,3.141592654,0.,1.,0.,0.,        923P   1143
0.,1.,0.,0.,1.;                                                      923P   1144
124,6.12323399573677E-17,0.,-1.,60.85,0.,1.,0.,0.,1.,0.,             925P   1145
6.12323399573677E-17,59.15;                                          925P   1146
100,60.,0.85,30.,5.35,30.,-3.65,30.;                                 927P   1147
126,1,1,1,0,1,0,0.,0.,1.,1.,1.,1.,1.,0.,0.,0.,0.,0.,0.,1.,0.,        929P   1148
0.,1.;                                                               929P   1149
110,0.85,30.,55.5,0.,30.,55.5;                                       931P   1150
126,1,1,1,0,1,0,0.,0.,1.,1.,1.,1.,0.,0.,0.,0.,3.141592654,0.,        933P   1151
0.,1.,0.,0.,1.;                                                      933P   1152
124,6.12323399573677E-17,0.,1.,-60.,0.,1.,0.,0.,-1.,0.,              935P   1153
6.12323399573677E-17,60.;                                            935P   1154
100,60.,0.,30.,4.5,30.,-4.5,30.;                                     937P   1155
126,1,1,1,0,1,0,0.,0.,1.,1.,1.,1.,0.,3.141592654,0.,1.,              939P   1156
3.141592654,0.,0.,1.,0.,0.,1.;                                       939P   1157
110,0.,30.,64.5,0.85,30.,64.5;                                       941P   1158
102,4,923,929,933,939;                                               943P   1159
102,4,927,931,937,941;                                               945P   1160
142,1,921,943,945,1;                                                 947P   1161
144,921,1,0,947;                                                     949P   1162
110,-995.,30.,60.,5.,30.,60.;                                        951P   1163
110,0.85,30.,55.5,5.,30.,51.35;                                      953P   1164
120,951,953,0.,6.28318530717959;                                     955P   1165
126,1,1,1,0,1,0,0.,0.,1.,1.,1.,1.,1.,3.141592654,0.,1.,0.,0.,        957P   1166
0.,1.,0.,0.,1.;                                                      957P   1167
124,6.12323399573677E-17,0.,-1.,65.,0.,1.,0.,0.,1.,0.,               959P   1168
6.12323399573677E-17,55.;                                            959P   1169
100,60.,5.,30.,13.65,30.,-3.65,30.;                                  961P   1170
126,1,1,1,0,1,0,0.,0.,1.,1.,1.,1.,1.,0.,0.,0.,0.,0.,0.,1.,0.,        963P   1171
0.,1.;                                                               963P   1172
110,5.,30.,51.35,0.85,30.,55.5;                                      965P   1173
126,1,1,1,0,1,0,0.,0.,1.,1.,1.,1.,0.,0.,0.,0.,3.141592654,0.,        967P   1174
0.,1.,0.,0.,1.;                                                      967P   1175
124,6.12323399573677E-17,0.,1.,-59.15,0.,1.,0.,0.,-1.,0.,            969P   1176
6.12323399573677E-17,60.85;                                          969P   1177
100,60.,0.85,30.,5.35,30.,-3.65,30.;                                 971P   1178
126,1,1,1,0,1,0,0.,0.,1.,1.,1.,1.,0.,3.141592654,0.,1.,              973P   1179
3.141592654,0.,0.,1.,0.,0.,1.;                                       973P   1180
110,0.85,30.,64.5,5.,30.,68.65;                                      975P   1181
102,4,957,963,967,973;                                               977P   1182
102,4,961,965,971,975;                                               979P   1183
142,1,955,977,979,1;                                                 981P   1184
144,955,1,0,981;                                                     983P   1185
110,5.,15.,25.,1005.,15.,25.;                                        985P   1186
110,0.,15.,20.5,0.85,15.,20.5;                                       987P   1187
120,985,987,0.,6.28318530717959;                                     989P   1188
126,1,1,1,0,1,0,0.,0.,1.,1.,1.,1.,1.,3.141592654,0.,1.,0.,0.,        991P   1189
0.,1.,0.,0.,1.;                                                      991P   1190
124,6.12323399573677E-17,0.,-1.,25.85,0.,1.,0.,0.,1.,0.,             993P   1191
6.12323399573677E-17,24.15;                                          993P   1192
100,25.,0.85,15.,5.35,15.,-3.65,15.;                                 995P   1193
126,1,1,1,0,1,0,0.,0.,1.,1.,1.,1.,1.,0.,0.,0.,0.,0.,0.,1.,0.,        997P   1194
0.,1.;                                                               997P   1195
110,0.85,15.,20.5,0.,15.,20.5;                                       999P   1196
126,1,1,1,0,1,0,0.,0.,1.,1.,1.,1.,0.,0.,0.,0.,3.141592654,0.,       1001P   1197
0.,1.,0.,0.,1.;                                                     1001P   1198
124,6.12323399573677E-17,0.,1.,-25.,0.,1.,0.,0.,-1.,0.,             1003P   1199
6.12323399573677E-17,25.;                                           1003P   1200
100,25.,0.,15.,4.5,15.,-4.5,15.;                                    1005P   1201
126,1,1,1,0,1,0,0.,0.,1.,1.,1.,1.,0.,3.141592654,0.,1.,             1007P   1202
3.141592654,0.,0.,1.,0.,0.,1.;                                      1007P   1203
110,0.,15.,29.5,0.85,15.,29.5;                                      1009P   1204
102,4,991,997,1001,1007;                                            1011P   1205
102,4,995,999,1005,1009;                                            1013P   1206
142,1,989,1011,1013,1;                                              1015P   1207
144,989,1,0,1015;                                                   1017P   1208
110,-995.,15.,25.,5.,15.,25.;                                       1019P   1209
110,0.85,15.,20.5,5.,15.,16.35;                                     1021P   1210
120,1019,1021,0.,6.28318530717959;                                  1023P   1211
126,1,1,1,0,1,0,0.,0.,1.,1.,1.,1.,1.,3.141592654,0.,1.,0.,0.,       1025P   1212
0.,1.,0.,0.,1.;                                                     1025P   1213
124,6.12323399573677E-17,0.,-1.,30.,0.,1.,0.,0.,1.,0.,              1027P   1214
6.12323399573677E-17,20.;                                           1027P   1215
100,25.,5.,15.,13.65,15.,-3.65,15.;                                 1029P   1216
126,1,1,1,0,1,0,0.,0.,1.,1.,1.,1.,1.,0.,0.,0.,0.,0.,0.,1.,0.,       1031P   1217
0.,1.;                                                              1031P   1218
110,5.,15.,16.35,0.85,15.,20.5;                                     1033P   1219
126,1,1,1,0,1,0,0.,0.,1.,1.,1.,1.,0.,0.,0.,0.,3.141592654,0.,       1035P   1220
0.,1.,0.,0.,1.;                                                     1035P   1221
124,6.12323399573677E-17,0.,1.,-24.15,0.,1.,0.,0.,-1.,0.,           1037P   1222
6.12323399573677E-17,25.85;                                         1037P   1223
100,25.,0.85,15.,5.35,15.,-3.65,15.;                                1039P   1224
126,1,1,1,0,1,0,0.,0.,1.,1.,1.,1.,0.,3.141592654,0.,1.,             1041P   1225
3.141592654,0.,0.,1.,0.,0.,1.;                                      1041P   1226
110,0.85,15.,29.5,5.,15.,33.65;                                     1043P   1227
102,4,1025,1031,1035,1041;                                          1045P   1228
102,4,1029,1033,1039,1043;                                          1047P   1229
142,1,1023,1045,1047,1;                                             1049P   1230
144,1023,1,0,1049;                                                  1051P   1231
110,5.,30.,-60.,1005.,30.,-60.;                                     1053P   1232
110,0.,30.,-64.5,0.85,30.,-64.5;                                    1055P   1233
120,1053,1055,0.,6.28318530717959;                                  1057P   1234
126,1,1,1,0,1,0,0.,0.,1.,1.,1.,1.,1.,3.141592654,0.,1.,0.,0.,       1059P   1235
0.,1.,0.,0.,1.;                                                     1059P   1236
124,6.12323399573677E-17,0.,-1.,-59.15,0.,1.,0.,0.,1.,0.,           1061P   1237
6.12323399573677E-17,-60.85;                                        1061P   1238
100,-60.,0.85,30.,5.35,30.,-3.65,30.;                               1063P   1239
126,1,1,1,0,1,0,0.,0.,1.,1.,1.,1.,1.,0.,0.,0.,0.,0.,0.,1.,0.,       1065P   1240
0.,1.;                                                              1065P   1241
110,0.85,30.,-64.5,0.,30.,-64.5;                                    1067P   1242
126,1,1,1,0,1,0,0.,0.,1.,1.,1.,1.,0.,0.,0.,0.,3.141592654,0.,       1069P   1243
0.,1.,0.,0.,1.;                                                     1069P   1244
124,6.12323399573677E-17,0.,1.,60.,0.,1.,0.,0.,-1.,0.,              1071P   1245
6.12323399573677E-17,-60.;                                          1071P   1246
100,-60.,0.,30.,4.5,30.,-4.5,30.;                                   1073P   1247
126,1,1,1,0,1,0,0.,0.,1.,1.,1.,1.,0.,3.141592654,0.,1.,             1075P   1248
3.141592654,0.,0.,1.,0.,0.,1.;                                      1075P   1249
110,0.,30.,-55.5,0.85,30.,-55.5;                                    1077P   1250
102,4,1059,1065,1069,1075;                                          1079P   1251
102,4,1063,1067,1073,1077;                                          1081P   1252
142,1,1057,1079,1081,1;                                             1083P   1253
144,1057,1,0,1083;                                                  1085P   1254
110,-995.,30.,-60.,5.,30.,-60.;                                     1087P   1255
110,0.85,30.,-64.5,5.,30.,-68.65;                                   1089P   1256
120,1087,1089,0.,6.28318530717959;                                  1091P   1257
126,1,1,1,0,1,0,0.,0.,1.,1.,1.,1.,1.,3.141592654,0.,1.,0.,0.,       1093P   1258
0.,1.,0.,0.,1.;                                                     1093P   1259
124,6.12323399573677E-17,0.,-1.,-55.,0.,1.,0.,0.,1.,0.,             1095P   1260
6.12323399573677E-17,-65.;                                          1095P   1261
100,-60.,5.,30.,13.65,30.,-3.65,30.;                                1097P   1262
126,1,1,1,0,1,0,0.,0.,1.,1.,1.,1.,1.,0.,0.,0.,0.,0.,0.,1.,0.,       1099P   1263
0.,1.;                                                              1099P   1264
110,5.,30.,-68.65,0.85,30.,-64.5;                                   1101P   1265
126,1,1,1,0,1,0,0.,0.,1.,1.,1.,1.,0.,0.,0.,0.,3.141592654,0.,       1103P   1266
0.,1.,0.,0.,1.;                                                     1103P   1267
124,6.12323399573677E-17,0.,1.,60.85,0.,1.,0.,0.,-1.,0.,            1105P   1268
6.12323399573677E-17,-59.15;                                        1105P   1269
100,-60.,0.85,30.,5.35,30.,-3.65,30.;                               1107P   1270
126,1,1,1,0,1,0,0.,0.,1.,1.,1.,1.,0.,3.141592654,0.,1.,             1109P   1271
3.141592654,0.,0.,1.,0.,0.,1.;                                      1109P   1272
110,0.85,30.,-55.5,5.,30.,-51.35;                                   1111P   1273
102,4,1093,1099,1103,1109;                                          1113P   1274
102,4,1097,1101,1107,1111;                                          1115P   1275
142,1,1091,1113,1115,1;                                             1117P   1276
144,1091,1,0,1117;                                                  1119P   1277
110,5.,15.,-25.,1005.,15.,-25.;                                     1121P   1278
110,0.,15.,-29.5,0.85,15.,-29.5;                                    1123P   1279
120,1121,1123,0.,6.28318530717959;                                  1125P   1280
126,1,1,1,0,1,0,0.,0.,1.,1.,1.,1.,1.,3.141592654,0.,1.,0.,0.,       1127P   1281
0.,1.,0.,0.,1.;                                                     1127P   1282
124,6.12323399573677E-17,0.,-1.,-24.15,0.,1.,0.,0.,1.,0.,           1129P   1283
6.12323399573677E-17,-25.85;                                        1129P   1284
100,-25.,0.85,15.,5.35,15.,-3.65,15.;                               1131P   1285
126,1,1,1,0,1,0,0.,0.,1.,1.,1.,1.,1.,0.,0.,0.,0.,0.,0.,1.,0.,       1133P   1286
0.,1.;                                                              1133P   1287
110,0.85,15.,-29.5,0.,15.,-29.5;                                    1135P   1288
126,1,1,1,0,1,0,0.,0.,1.,1.,1.,1.,0.,0.,0.,0.,3.141592654,0.,       1137P   1289
0.,1.,0.,0.,1.;                                                     1137P   1290
124,6.12323399573677E-17,0.,1.,25.,0.,1.,0.,0.,-1.,0.,              1139P   1291
6.12323399573677E-17,-25.;                                          1139P   1292
100,-25.,0.,15.,4.5,15.,-4.5,15.;                                   1141P   1293
126,1,1,1,0,1,0,0.,0.,1.,1.,1.,1.,0.,3.141592654,0.,1.,             1143P   1294
3.141592654,0.,0.,1.,0.,0.,1.;                                      1143P   1295
110,0.,15.,-20.5,0.85,15.,-20.5;                                    1145P   1296
102,4,1127,1133,1137,1143;                                          1147P   1297
102,4,1131,1135,1141,1145;                                          1149P   1298
142,1,1125,1147,1149,1;                                             1151P   1299
144,1125,1,0,1151;                                                  1153P   1300
110,-995.,15.,-25.,5.,15.,-25.;                                     1155P   1301
110,0.85,15.,-29.5,5.,15.,-33.65;                                   1157P   1302
120,1155,1157,0.,6.28318530717959;                                  1159P   1303
126,1,1,1,0,1,0,0.,0.,1.,1.,1.,1.,1.,3.141592654,0.,1.,0.,0.,       1161P   1304
0.,1.,0.,0.,1.;                                                     1161P   1305
124,6.12323399573677E-17,0.,-1.,-20.,0.,1.,0.,0.,1.,0.,             1163P   1306
6.12323399573677E-17,-30.;                                          1163P   1307
100,-25.,5.,15.,13.65,15.,-3.65,15.;                                1165P   1308
126,1,1,1,0,1,0,0.,0.,1.,1.,1.,1.,1.,0.,0.,0.,0.,0.,0.,1.,0.,       1167P   1309
0.,1.;                                                              1167P   1310
110,5.,15.,-33.65,0.85,15.,-29.5;                                   1169P   1311
126,1,1,1,0,1,0,0.,0.,1.,1.,1.,1.,0.,0.,0.,0.,3.141592654,0.,       1171P   1312
0.,1.,0.,0.,1.;                                                     1171P   1313
124,6.12323399573677E-17,0.,1.,25.85,0.,1.,0.,0.,-1.,0.,            1173P   1314
6.12323399573677E-17,-24.15;                                        1173P   1315
100,-25.,0.85,15.,5.35,15.,-3.65,15.;                               1175P   1316
126,1,1,1,0,1,0,0.,0.,1.,1.,1.,1.,0.,3.141592654,0.,1.,             1177P   1317
3.141592654,0.,0.,1.,0.,0.,1.;                                      1177P   1318
110,0.85,15.,-20.5,5.,15.,-16.35;                                   1179P   1319
102,4,1161,1167,1171,1177;                                          1181P   1320
102,4,1165,1169,1175,1179;                                          1183P   1321
142,1,1159,1181,1183,1;                                             1185P   1322
144,1159,1,0,1185;                                                  1187P   1323
128,1,1,1,1,0,0,1,0,0,0.,0.,1.,1.,0.,0.,1.,1.,1.,1.,1.,1.,0.,       1189P   1324
55.,14.,0.,55.,46.,5.,55.,14.,5.,55.,46.,0.,1.,0.,1.;               1189P   1325
126,1,1,1,0,1,0,0.,0.,1.,1.,1.,1.,1.,1.,0.,0.,1.,0.,0.,1.,0.,       1191P   1326
0.,1.;                                                              1191P   1327
110,5.,55.,46.,5.,55.,14.;                                          1193P   1328
126,1,1,1,0,1,0,0.,0.,1.,1.,1.,1.,0.,1.,0.,0.,0.,0.,0.,1.,0.,       1195P   1329
0.,1.;                                                              1195P   1330
110,5.,55.,14.,0.,55.,14.;                                          1197P   1331
126,1,1,1,0,1,0,0.,0.,1.,1.,1.,1.,0.,0.,0.,1.,0.,0.,0.,1.,0.,       1199P   1332
0.,1.;                                                              1199P   1333
110,0.,55.,14.,0.,55.,46.;                                          1201P   1334
126,1,1,1,0,1,0,0.,0.,1.,1.,1.,1.,1.,0.,0.,1.,1.,0.,0.,1.,0.,       1203P   1335
0.,1.;                                                              1203P   1336
110,0.,55.,46.,5.,55.,46.;                                          1205P   1337
102,4,1191,1195,1199,1203;                                          1207P   1338
102,4,1193,1197,1201,1205;                                          1209P   1339
142,1,1189,1207,1209,1;                                             1211P   1340
144,1189,1,0,1211;                                                  1213P   1341
128,1,1,1,1,0,0,1,0,0,0.,0.,1.,1.,0.,0.,1.,1.,1.,1.,1.,1.,          1215P   1342
10.06,55.,46.,0.,55.,46.,10.06,65.06,46.,0.,65.06,46.,0.,1.,0.,     1215P   1343
1.;                                                                 1215P   1344
126,64,2,1,0,1,0,0.,0.,0.,0.03125,0.03125,0.0625,0.0625,            1217P   1345
0.09375,0.09375,0.125,0.125,0.15625,0.15625,0.1875,0.1875,          1217P   1346
0.21875,0.21875,0.25,0.25,0.28125,0.28125,0.3125,0.3125,            1217P   1347
0.34375,0.34375,0.375,0.375,0.40625,0.40625,0.4375,0.4375,          1217P   1348
0.46875,0.46875,0.5,0.5,0.53125,0.53125,0.5625,0.5625,0.59375,      1217P   1349
0.59375,0.625,0.625,0.65625,0.65625,0.6875,0.6875,0.71875,          1217P   1350
0.71875,0.75,0.75,0.78125,0.78125,0.8125,0.8125,0.84375,            1217P   1351
0.84375,0.875,0.875,0.90625,0.90625,0.9375,0.9375,0.96875,          1217P   1352
0.96875,1.,1.,1.,1.,1.,1.,1.,1.,1.,1.,1.,1.,1.,1.,1.,1.,1.,1.,      1217P   1353
1.,1.,1.,1.,1.,1.,1.,1.,1.,1.,1.,1.,1.,1.,1.,1.,1.,1.,1.,1.,1.,     1217P   1354
1.,1.,1.,1.,1.,1.,1.,1.,1.,1.,1.,1.,1.,1.,1.,1.,1.,1.,1.,1.,1.,     1217P   1355
1.,1.,1.,1.,1.,1.,1.,1.,1.,0.497017893,0.,1.,0.533680135,0.,        1217P   1356
0.994620532,0.569945564,0.,0.989241064,0.606210993,0.,              1217P   1357
0.978598576,0.641294571,0.,0.967956089,0.67637815,0.,               1217P   1358
0.952280961,0.709520424,0.,0.936605832,0.742662699,0.,              1217P   1359
0.916237382,0.773146239,0.,0.895868931,0.803629779,0.,              1217P   1360
0.871248074,0.830794709,0.,0.846627217,0.857959639,0.,              1217P   1361
0.818286921,0.881217919,0.,0.789946624,0.904476199,0.,              1217P   1362
0.75850037,0.923324359,0.,0.727054116,0.942172518,0.,               1217P   1363
0.69318262,0.956202551,0.,0.659311125,0.970232584,0.,               1217P   1364
0.623747604,0.979140782,0.,0.588184083,0.98804898,0.,               1217P   1365
0.55169838,0.991642508,0.,0.515212676,0.995236036,0.,               1217P   1366
0.478594595,0.993437105,0.,0.441976514,0.991638175,0.,              1217P   1367
0.406018727,0.984485726,0.,0.370060939,0.977333277,0.,              1217P   1368
0.335541822,0.96498214,0.,0.301022706,0.952631002,0.,               1217P   1369
0.268689495,0.935348541,0.,0.236356284,0.91806608,0.,               1217P   1370
0.206908894,0.896226407,0.,0.177461505,0.874386735,0.,              1217P   1371
0.151537385,0.848462615,0.,0.125613265,0.822538495,0.,              1217P   1372
0.103773593,0.793091106,0.,0.08193392,0.763643716,0.,               1217P   1373
0.064651459,0.731310505,0.,0.047368998,0.698977294,0.,              1217P   1374
0.03501786,0.664458178,0.,0.022666723,0.629939061,0.,               1217P   1375
0.015514274,0.593981273,0.,0.008361825,0.558023486,0.,              1217P   1376
0.006562895,0.521405405,0.,0.004763964,0.484787324,0.,              1217P   1377
0.008357492,0.44830162,0.,0.01195102,0.411815917,0.,                1217P   1378
0.020859218,0.376252396,0.,0.029767416,0.340688875,0.,              1217P   1379
0.043797449,0.30681738,0.,0.057827482,0.272945884,0.,               1217P   1380
0.076675641,0.24149963,0.,0.095523801,0.210053376,0.,               1217P   1381
0.118782081,0.181713079,0.,0.142040361,0.153372783,0.,              1217P   1382
0.169205291,0.128751926,0.,0.196370221,0.104131069,0.,              1217P   1383
0.226853761,0.083762618,0.,0.257337301,0.063394168,0.,              1217P   1384
0.290479576,0.047719039,0.,0.32362185,0.032043911,0.,               1217P   1385
0.358705429,0.021401424,0.,0.393789007,0.010758936,0.,              1217P   1386
0.430054436,0.005379468,0.,0.466319865,0.,0.,0.502982107,0.,0.,     1217P   1387
0.,1.,0.,0.,-1.;                                                    1217P   1388
124,-1.,0.,-6.98296267768627E-15,10.0000000000003,0.,1.,0.,0.,      1219P   1389
6.98296267768627E-15,0.,-1.,92.;                                    1219P   1390
100,46.,5.,60.,10.,60.,5.,55.;                                      1221P   1391
126,1,1,1,0,1,0,0.,0.,1.,1.,1.,1.,0.502982107,0.,0.,1.,0.,0.,       1223P   1392
0.,1.,0.,0.,1.;                                                     1223P   1393
110,5.,55.,46.,0.,55.,46.;                                          1225P   1394
126,1,1,1,0,1,0,0.,0.,1.,1.,1.,1.,1.,0.,0.,1.,0.497017893,0.,       1227P   1395
0.,1.,0.,0.,1.;                                                     1227P   1396
110,0.,55.,46.,0.,60.,46.;                                          1229P   1397
102,3,1217,1223,1227;                                               1231P   1398
102,3,1221,1225,1229;                                               1233P   1399
142,1,1215,1231,1233,1;                                             1235P   1400
126,32,2,1,0,1,0,0.,0.,0.,0.0625,0.0625,0.125,0.125,0.1875,         1237P   1401
0.1875,0.25,0.25,0.3125,0.3125,0.375,0.375,0.4375,0.4375,0.5,       1237P   1402
0.5,0.5625,0.5625,0.625,0.625,0.6875,0.6875,0.75,0.75,0.8125,       1237P   1403
0.8125,0.875,0.875,0.9375,0.9375,1.,1.,1.,1.,1.,1.,1.,1.,1.,1.,     1237P   1404
1.,1.,1.,1.,1.,1.,1.,1.,1.,1.,1.,1.,1.,1.,1.,1.,1.,1.,1.,1.,1.,     1237P   1405
1.,1.,1.,1.,1.,0.155069583,0.497017893,0.,0.155069583,              1237P   1406
0.531284285,0.,0.161754624,0.564892259,0.,0.168439666,              1237P   1407
0.598500233,0.,0.181552847,0.630158252,0.,0.194666027,              1237P   1408
0.661816271,0.,0.213703415,0.690307735,0.,0.232740803,              1237P   1409
0.718799199,0.,0.256970802,0.743029198,0.,0.281200801,              1237P   1410
0.767259197,0.,0.309692265,0.786296585,0.,0.338183729,              1237P   1411
0.805333973,0.,0.369841748,0.818447153,0.,0.401499767,              1237P   1412
0.831560334,0.,0.435107741,0.838245376,0.,0.468715715,              1237P   1413
0.844930417,0.,0.502982107,0.844930417,0.,0.5372485,                1237P   1414
0.844930417,0.,0.570856474,0.838245376,0.,0.604464448,              1237P   1415
0.831560334,0.,0.636122467,0.818447153,0.,0.667780486,              1237P   1416
0.805333973,0.,0.69627195,0.786296585,0.,0.724763414,               1237P   1417
0.767259197,0.,0.748993413,0.743029198,0.,0.773223412,              1237P   1418
0.718799199,0.,0.7922608,0.690307735,0.,0.811298187,                1237P   1419
0.661816271,0.,0.824411368,0.630158252,0.,0.837524549,              1237P   1420
0.598500233,0.,0.844209591,0.564892259,0.,0.850894632,              1237P   1421
0.531284285,0.,0.850894632,0.497017893,0.,0.,1.,0.,0.,1.;           1237P   1422
100,46.,5.,60.,8.5,60.,1.5,60.;                                     1239P   1423
126,32,2,1,0,1,0,0.,0.,0.,0.0625,0.0625,0.125,0.125,0.1875,         1241P   1424
0.1875,0.25,0.25,0.3125,0.3125,0.375,0.375,0.4375,0.4375,0.5,       1241P   1425
0.5,0.5625,0.5625,0.625,0.625,0.6875,0.6875,0.75,0.75,0.8125,       1241P   1426
0.8125,0.875,0.875,0.9375,0.9375,1.,1.,1.,1.,1.,1.,1.,1.,1.,1.,     1241P   1427
1.,1.,1.,1.,1.,1.,1.,1.,1.,1.,1.,1.,1.,1.,1.,1.,1.,1.,1.,1.,1.,     1241P   1428
1.,1.,1.,1.,1.,0.850894632,0.497017893,0.,0.850894632,              1241P   1429
0.4627515,0.,0.844209591,0.429143526,0.,0.837524549,                1241P   1430
0.395535552,0.,0.824411368,0.363877533,0.,0.811298187,              1241P   1431
0.332219514,0.,0.7922608,0.30372805,0.,0.773223412,0.275236586,     1241P   1432
0.,0.748993413,0.251006587,0.,0.724763414,0.226776588,0.,           1241P   1433
0.69627195,0.2077392,0.,0.667780486,0.188701813,0.,0.636122467,     1241P   1434
0.175588632,0.,0.604464448,0.162475451,0.,0.570856474,              1241P   1435
0.155790409,0.,0.5372485,0.149105368,0.,0.502982107,                1241P   1436
0.149105368,0.,0.468715715,0.149105368,0.,0.435107741,              1241P   1437
0.155790409,0.,0.401499767,0.162475451,0.,0.369841748,              1241P   1438
0.175588632,0.,0.338183729,0.188701813,0.,0.309692265,              1241P   1439
0.2077392,0.,0.281200801,0.226776588,0.,0.256970802,                1241P   1440
0.251006587,0.,0.232740803,0.275236586,0.,0.213703415,              1241P   1441
0.30372805,0.,0.194666027,0.332219514,0.,0.181552847,               1241P   1442
0.363877533,0.,0.168439666,0.395535552,0.,0.161754624,              1241P   1443
0.429143526,0.,0.155069583,0.4627515,0.,0.155069583,                1241P   1444
0.497017893,0.,0.,1.,0.,0.,1.;                                      1241P   1445
100,46.,5.,60.,1.5,60.,8.5,60.;                                     1243P   1446
102,2,1237,1241;                                                    1245P   1447
102,2,1239,1243;                                                    1247P   1448
142,1,1215,1245,1247,1;                                             1249P   1449
144,1215,1,1,1235,1249;                                             1251P   1450
128,1,1,1,1,0,0,1,0,0,0.,0.,1.,1.,0.,0.,1.,1.,1.,1.,1.,1.,          1253P   1451
10.06,55.,14.,0.,55.,14.,10.06,65.06,14.,0.,65.06,14.,0.,1.,0.,     1253P   1452
1.;                                                                 1253P   1453
126,64,2,1,0,1,0,0.,0.,0.,0.03125,0.03125,0.0625,0.0625,            1255P   1454
0.09375,0.09375,0.125,0.125,0.15625,0.15625,0.1875,0.1875,          1255P   1455
0.21875,0.21875,0.25,0.25,0.28125,0.28125,0.3125,0.3125,            1255P   1456
0.34375,0.34375,0.375,0.375,0.40625,0.40625,0.4375,0.4375,          1255P   1457
0.46875,0.46875,0.5,0.5,0.53125,0.53125,0.5625,0.5625,0.59375,      1255P   1458
0.59375,0.625,0.625,0.65625,0.65625,0.6875,0.6875,0.71875,          1255P   1459
0.71875,0.75,0.75,0.78125,0.78125,0.8125,0.8125,0.84375,            1255P   1460
0.84375,0.875,0.875,0.90625,0.90625,0.9375,0.9375,0.96875,          1255P   1461
0.96875,1.,1.,1.,1.,1.,1.,1.,1.,1.,1.,1.,1.,1.,1.,1.,1.,1.,1.,      1255P   1462
1.,1.,1.,1.,1.,1.,1.,1.,1.,1.,1.,1.,1.,1.,1.,1.,1.,1.,1.,1.,1.,     1255P   1463
1.,1.,1.,1.,1.,1.,1.,1.,1.,1.,1.,1.,1.,1.,1.,1.,1.,1.,1.,1.,1.,     1255P   1464
1.,1.,1.,1.,1.,1.,1.,1.,1.,0.497017893,0.,1.,0.533680135,0.,        1255P   1465
0.994620532,0.569945564,0.,0.989241064,0.606210993,0.,              1255P   1466
0.978598576,0.641294571,0.,0.967956089,0.67637815,0.,               1255P   1467
0.952280961,0.709520424,0.,0.936605832,0.742662699,0.,              1255P   1468
0.916237382,0.773146239,0.,0.895868931,0.803629779,0.,              1255P   1469
0.871248074,0.830794709,0.,0.846627217,0.857959639,0.,              1255P   1470
0.818286921,0.881217919,0.,0.789946624,0.904476199,0.,              1255P   1471
0.75850037,0.923324359,0.,0.727054116,0.942172518,0.,               1255P   1472
0.69318262,0.956202551,0.,0.659311125,0.970232584,0.,               1255P   1473
0.623747604,0.979140782,0.,0.588184083,0.98804898,0.,               1255P   1474
0.55169838,0.991642508,0.,0.515212676,0.995236036,0.,               1255P   1475
0.478594595,0.993437105,0.,0.441976514,0.991638175,0.,              1255P   1476
0.406018727,0.984485726,0.,0.370060939,0.977333277,0.,              1255P   1477
0.335541822,0.96498214,0.,0.301022706,0.952631002,0.,               1255P   1478
0.268689495,0.935348541,0.,0.236356284,0.91806608,0.,               1255P   1479
0.206908894,0.896226407,0.,0.177461505,0.874386735,0.,              1255P   1480
0.151537385,0.848462615,0.,0.125613265,0.822538495,0.,              1255P   1481
0.103773593,0.793091106,0.,0.08193392,0.763643716,0.,               1255P   1482
0.064651459,0.731310505,0.,0.047368998,0.698977294,0.,              1255P   1483
0.03501786,0.664458178,0.,0.022666723,0.629939061,0.,               1255P   1484
0.015514274,0.593981273,0.,0.008361825,0.558023486,0.,              1255P   1485
0.006562895,0.521405405,0.,0.004763964,0.484787324,0.,              1255P   1486
0.008357492,0.44830162,0.,0.01195102,0.411815917,0.,                1255P   1487
0.020859218,0.376252396,0.,0.029767416,0.340688875,0.,              1255P   1488
0.043797449,0.30681738,0.,0.057827482,0.272945884,0.,               1255P   1489
0.076675641,0.24149963,0.,0.095523801,0.210053376,0.,               1255P   1490
0.118782081,0.181713079,0.,0.142040361,0.153372783,0.,              1255P   1491
0.169205291,0.128751926,0.,0.196370221,0.104131069,0.,              1255P   1492
0.226853761,0.083762618,0.,0.257337301,0.063394168,0.,              1255P   1493
0.290479576,0.047719039,0.,0.32362185,0.032043911,0.,               1255P   1494
0.358705429,0.021401424,0.,0.393789007,0.010758936,0.,              1255P   1495
0.430054436,0.005379468,0.,0.466319865,0.,0.,0.502982107,0.,0.,     1255P   1496
0.,1.,0.,0.,-1.;                                                    1255P   1497
124,-1.,0.,-6.98296267768627E-15,10.0000000000001,0.,1.,0.,0.,      1257P   1498
6.98296267768627E-15,0.,-1.,28.;                                    1257P   1499
100,14.,5.,60.,10.,60.,5.,55.;                                      1259P   1500
126,1,1,1,0,1,0,0.,0.,1.,1.,1.,1.,0.502982107,0.,0.,1.,0.,0.,       1261P   1501
0.,1.,0.,0.,1.;                                                     1261P   1502
110,5.,55.,14.,0.,55.,14.;                                          1263P   1503
126,1,1,1,0,1,0,0.,0.,1.,1.,1.,1.,1.,0.,0.,1.,0.497017893,0.,       1265P   1504
0.,1.,0.,0.,1.;                                                     1265P   1505
110,0.,55.,14.,0.,60.,14.;                                          1267P   1506
102,3,1255,1261,1265;                                               1269P   1507
102,3,1259,1263,1267;                                               1271P   1508
142,1,1253,1269,1271,1;                                             1273P   1509
126,32,2,1,0,1,0,0.,0.,0.,0.0625,0.0625,0.125,0.125,0.1875,         1275P   1510
0.1875,0.25,0.25,0.3125,0.3125,0.375,0.375,0.4375,0.4375,0.5,       1275P   1511
0.5,0.5625,0.5625,0.625,0.625,0.6875,0.6875,0.75,0.75,0.8125,       1275P   1512
0.8125,0.875,0.875,0.9375,0.9375,1.,1.,1.,1.,1.,1.,1.,1.,1.,1.,     1275P   1513
1.,1.,1.,1.,1.,1.,1.,1.,1.,1.,1.,1.,1.,1.,1.,1.,1.,1.,1.,1.,1.,     1275P   1514
1.,1.,1.,1.,1.,0.850894632,0.497017893,0.,0.850894632,              1275P   1515
0.4627515,0.,0.844209591,0.429143526,0.,0.837524549,                1275P   1516
0.395535552,0.,0.824411368,0.363877533,0.,0.811298187,              1275P   1517
0.332219514,0.,0.7922608,0.30372805,0.,0.773223412,0.275236586,     1275P   1518
0.,0.748993413,0.251006587,0.,0.724763414,0.226776588,0.,           1275P   1519
0.69627195,0.2077392,0.,0.667780486,0.188701813,0.,0.636122467,     1275P   1520
0.175588632,0.,0.604464448,0.162475451,0.,0.570856474,              1275P   1521
0.155790409,0.,0.5372485,0.149105368,0.,0.502982107,                1275P   1522
0.149105368,0.,0.468715715,0.149105368,0.,0.435107741,              1275P   1523
0.155790409,0.,0.401499767,0.162475451,0.,0.369841748,              1275P   1524
0.175588632,0.,0.338183729,0.188701813,0.,0.309692265,              1275P   1525
0.2077392,0.,0.281200801,0.226776588,0.,0.256970802,                1275P   1526
0.251006587,0.,0.232740803,0.275236586,0.,0.213703415,              1275P   1527
0.30372805,0.,0.194666027,0.332219514,0.,0.181552847,               1275P   1528
0.363877533,0.,0.168439666,0.395535552,0.,0.161754624,              1275P   1529
0.429143526,0.,0.155069583,0.4627515,0.,0.155069583,                1275P   1530
0.497017893,0.,0.,1.,0.,0.,1.;                                      1275P   1531
100,14.,5.,60.,1.5,60.,8.5,60.;                                     1277P   1532
126,32,2,1,0,1,0,0.,0.,0.,0.0625,0.0625,0.125,0.125,0.1875,         1279P   1533
0.1875,0.25,0.25,0.3125,0.3125,0.375,0.375,0.4375,0.4375,0.5,       1279P   1534
0.5,0.5625,0.5625,0.625,0.625,0.6875,0.6875,0.75,0.75,0.8125,       1279P   1535
0.8125,0.875,0.875,0.9375,0.9375,1.,1.,1.,1.,1.,1.,1.,1.,1.,1.,     1279P   1536
1.,1.,1.,1.,1.,1.,1.,1.,1.,1.,1.,1.,1.,1.,1.,1.,1.,1.,1.,1.,1.,     1279P   1537
1.,1.,1.,1.,1.,0.155069583,0.497017893,0.,0.155069583,              1279P   1538
0.531284285,0.,0.161754624,0.564892259,0.,0.168439666,              1279P   1539
0.598500233,0.,0.181552847,0.630158252,0.,0.194666027,              1279P   1540
0.661816271,0.,0.213703415,0.690307735,0.,0.232740803,              1279P   1541
0.718799199,0.,0.256970802,0.743029198,0.,0.281200801,              1279P   1542
0.767259197,0.,0.309692265,0.786296585,0.,0.338183729,              1279P   1543
0.805333973,0.,0.369841748,0.818447153,0.,0.401499767,              1279P   1544
0.831560334,0.,0.435107741,0.838245376,0.,0.468715715,              1279P   1545
0.844930417,0.,0.502982107,0.844930417,0.,0.5372485,                1279P   1546
0.844930417,0.,0.570856474,0.838245376,0.,0.604464448,              1279P   1547
0.831560334,0.,0.636122467,0.818447153,0.,0.667780486,              1279P   1548
0.805333973,0.,0.69627195,0.786296585,0.,0.724763414,               1279P   1549
0.767259197,0.,0.748993413,0.743029198,0.,0.773223412,              1279P   1550
0.718799199,0.,0.7922608,0.690307735,0.,0.811298187,                1279P   1551
0.661816271,0.,0.824411368,0.630158252,0.,0.837524549,              1279P   1552
0.598500233,0.,0.844209591,0.564892259,0.,0.850894632,              1279P   1553
0.531284285,0.,0.850894632,0.497017893,0.,0.,1.,0.,0.,1.;           1279P   1554
100,14.,5.,60.,8.5,60.,1.5,60.;                                     1281P   1555
102,2,1275,1279;                                                    1283P   1556
102,2,1277,1281;                                                    1285P   1557
142,1,1253,1283,1285,1;                                             1287P   1558
144,1253,1,1,1273,1287;                                             1289P   1559
128,1,1,1,1,0,0,1,0,0,0.,0.,1.,1.,0.,0.,1.,1.,1.,1.,1.,1.,0.,       1291P   1560
55.,-46.,0.,55.,-14.,5.,55.,-46.,5.,55.,-14.,0.,1.,0.,1.;           1291P   1561
126,1,1,1,0,1,0,0.,0.,1.,1.,1.,1.,1.,1.,0.,0.,1.,0.,0.,1.,0.,       1293P   1562
0.,1.;                                                              1293P   1563
110,5.,55.,-14.,5.,55.,-46.;                                        1295P   1564
126,1,1,1,0,1,0,0.,0.,1.,1.,1.,1.,0.,1.,0.,0.,0.,0.,0.,1.,0.,       1297P   1565
0.,1.;                                                              1297P   1566
110,5.,55.,-46.,0.,55.,-46.;                                        1299P   1567
126,1,1,1,0,1,0,0.,0.,1.,1.,1.,1.,0.,0.,0.,1.,0.,0.,0.,1.,0.,       1301P   1568
0.,1.;                                                              1301P   1569
110,0.,55.,-46.,0.,55.,-14.;                                        1303P   1570
126,1,1,1,0,1,0,0.,0.,1.,1.,1.,1.,1.,0.,0.,1.,1.,0.,0.,1.,0.,       1305P   1571
0.,1.;                                                              1305P   1572
110,0.,55.,-14.,5.,55.,-14.;                                        1307P   1573
102,4,1293,1297,1301,1305;                                          1309P   1574
102,4,1295,1299,1303,1307;                                          1311P   1575
142,1,1291,1309,1311,1;                                             1313P   1576
144,1291,1,0,1313;                                                  1315P   1577
128,1,1,1,1,0,0,1,0,0,0.,0.,1.,1.,0.,0.,1.,1.,1.,1.,1.,1.,          1317P   1578
10.06,55.,-14.,0.,55.,-14.,10.06,65.06,-14.,0.,65.06,-14.,0.,       1317P   1579
1.,0.,1.;                                                           1317P   1580
126,64,2,1,0,1,0,0.,0.,0.,0.03125,0.03125,0.0625,0.0625,            1319P   1581
0.09375,0.09375,0.125,0.125,0.15625,0.15625,0.1875,0.1875,          1319P   1582
0.21875,0.21875,0.25,0.25,0.28125,0.28125,0.3125,0.3125,            1319P   1583
0.34375,0.34375,0.375,0.375,0.40625,0.40625,0.4375,0.4375,          1319P   1584
0.46875,0.46875,0.5,0.5,0.53125,0.53125,0.5625,0.5625,0.59375,      1319P   1585
0.59375,0.625,0.625,0.65625,0.65625,0.6875,0.6875,0.71875,          1319P   1586
0.71875,0.75,0.75,0.78125,0.78125,0.8125,0.8125,0.84375,            1319P   1587
0.84375,0.875,0.875,0.90625,0.90625,0.9375,0.9375,0.96875,          1319P   1588
0.96875,1.,1.,1.,1.,1.,1.,1.,1.,1.,1.,1.,1.,1.,1.,1.,1.,1.,1.,      1319P   1589
1.,1.,1.,1.,1.,1.,1.,1.,1.,1.,1.,1.,1.,1.,1.,1.,1.,1.,1.,1.,1.,     1319P   1590
1.,1.,1.,1.,1.,1.,1.,1.,1.,1.,1.,1.,1.,1.,1.,1.,1.,1.,1.,1.,1.,     1319P   1591
1.,1.,1.,1.,1.,1.,1.,1.,1.,0.497017893,0.,1.,0.533680135,0.,        1319P   1592
0.994620532,0.569945564,0.,0.989241064,0.606210993,0.,              1319P   1593
0.978598576,0.641294571,0.,0.967956089,0.67637815,0.,               1319P   1594
0.952280961,0.709520424,0.,0.936605832,0.742662699,0.,              1319P   1595
0.916237382,0.773146239,0.,0.895868931,0.803629779,0.,              1319P   1596
0.871248074,0.830794709,0.,0.846627217,0.857959639,0.,              1319P   1597
0.818286921,0.881217919,0.,0.789946624,0.904476199,0.,              1319P   1598
0.75850037,0.923324359,0.,0.727054116,0.942172518,0.,               1319P   1599
0.69318262,0.956202551,0.,0.659311125,0.970232584,0.,               1319P   1600
0.623747604,0.979140782,0.,0.588184083,0.98804898,0.,               1319P   1601
0.55169838,0.991642508,0.,0.515212676,0.995236036,0.,               1319P   1602
0.478594595,0.993437105,0.,0.441976514,0.991638175,0.,              1319P   1603
0.406018727,0.984485726,0.,0.370060939,0.977333277,0.,              1319P   1604
0.335541822,0.96498214,0.,0.301022706,0.952631002,0.,               1319P   1605
0.268689495,0.935348541,0.,0.236356284,0.91806608,0.,               1319P   1606
0.206908894,0.896226407,0.,0.177461505,0.874386735,0.,              1319P   1607
0.151537385,0.848462615,0.,0.125613265,0.822538495,0.,              1319P   1608
0.103773593,0.793091106,0.,0.08193392,0.763643716,0.,               1319P   1609
0.064651459,0.731310505,0.,0.047368998,0.698977294,0.,              1319P   1610
0.03501786,0.664458178,0.,0.022666723,0.629939061,0.,               1319P   1611
0.015514274,0.593981273,0.,0.008361825,0.558023486,0.,              1319P   1612
0.006562895,0.521405405,0.,0.004763964,0.484787324,0.,              1319P   1613
0.008357492,0.44830162,0.,0.01195102,0.411815917,0.,                1319P   1614
0.020859218,0.376252396,0.,0.029767416,0.340688875,0.,              1319P   1615
0.043797449,0.30681738,0.,0.057827482,0.272945884,0.,               1319P   1616
0.076675641,0.24149963,0.,0.095523801,0.210053376,0.,               1319P   1617
0.118782081,0.181713079,0.,0.142040361,0.153372783,0.,              1319P   1618
0.169205291,0.128751926,0.,0.196370221,0.104131069,0.,              1319P   1619
0.226853761,0.083762618,0.,0.257337301,0.063394168,0.,              1319P   1620
0.290479576,0.047719039,0.,0.32362185,0.032043911,0.,               1319P   1621
0.358705429,0.021401424,0.,0.393789007,0.010758936,0.,              1319P   1622
0.430054436,0.005379468,0.,0.466319865,0.,0.,0.502982107,0.,0.,     1319P   1623
0.,1.,0.,0.,-1.;                                                    1319P   1624
124,-1.,0.,-6.98296267768627E-15,9.9999999999999,0.,1.,0.,0.,       1321P   1625
6.98296267768627E-15,0.,-1.,-28.;                                   1321P   1626
100,-14.,5.,60.,10.,60.,5.,55.;                                     1323P   1627
126,1,1,1,0,1,0,0.,0.,1.,1.,1.,1.,0.502982107,0.,0.,1.,0.,0.,       1325P   1628
0.,1.,0.,0.,1.;                                                     1325P   1629
110,5.,55.,-14.,0.,55.,-14.;                                        1327P   1630
126,1,1,1,0,1,0,0.,0.,1.,1.,1.,1.,1.,0.,0.,1.,0.497017893,0.,       1329P   1631
0.,1.,0.,0.,1.;                                                     1329P   1632
110,0.,55.,-14.,0.,60.,-14.;                                        1331P   1633
102,3,1319,1325,1329;                                               1333P   1634
102,3,1323,1327,1331;                                               1335P   1635
142,1,1317,1333,1335,1;                                             1337P   1636
126,32,2,1,0,1,0,0.,0.,0.,0.0625,0.0625,0.125,0.125,0.1875,         1339P   1637
0.1875,0.25,0.25,0.3125,0.3125,0.375,0.375,0.4375,0.4375,0.5,       1339P   1638
0.5,0.5625,0.5625,0.625,0.625,0.6875,0.6875,0.75,0.75,0.8125,       1339P   1639
0.8125,0.875,0.875,0.9375,0.9375,1.,1.,1.,1.,1.,1.,1.,1.,1.,1.,     1339P   1640
1.,1.,1.,1.,1.,1.,1.,1.,1.,1.,1.,1.,1.,1.,1.,1.,1.,1.,1.,1.,1.,     1339P   1641
1.,1.,1.,1.,1.,0.155069583,0.497017893,0.,0.155069583,              1339P   1642
0.531284285,0.,0.161754624,0.564892259,0.,0.168439666,              1339P   1643
0.598500233,0.,0.181552847,0.630158252,0.,0.194666027,              1339P   1644
0.661816271,0.,0.213703415,0.690307735,0.,0.232740803,              1339P   1645
0.718799199,0.,0.256970802,0.743029198,0.,0.281200801,              1339P   1646
0.767259197,0.,0.309692265,0.786296585,0.,0.338183729,              1339P   1647
0.805333973,0.,0.369841748,0.818447153,0.,0.401499767,              1339P   1648
0.831560334,0.,0.435107741,0.838245376,0.,0.468715715,              1339P   1649
0.844930417,0.,0.502982107,0.844930417,0.,0.5372485,                1339P   1650
0.844930417,0.,0.570856474,0.838245376,0.,0.604464448,              1339P   1651
0.831560334,0.,0.636122467,0.818447153,0.,0.667780486,              1339P   1652
0.805333973,0.,0.69627195,0.786296585,0.,0.724763414,               1339P   1653
0.767259197,0.,0.748993413,0.743029198,0.,0.773223412,              1339P   1654
0.718799199,0.,0.7922608,0.690307735,0.,0.811298187,                1339P   1655
0.661816271,0.,0.824411368,0.630158252,0.,0.837524549,              1339P   1656
0.598500233,0.,0.844209591,0.564892259,0.,0.850894632,              1339P   1657
0.531284285,0.,0.850894632,0.497017893,0.,0.,1.,0.,0.,1.;           1339P   1658
100,-14.,5.,60.,8.5,60.,1.5,60.;                                    1341P   1659
126,32,2,1,0,1,0,0.,0.,0.,0.0625,0.0625,0.125,0.125,0.1875,         1343P   1660
0.1875,0.25,0.25,0.3125,0.3125,0.375,0.375,0.4375,0.4375,0.5,       1343P   1661
0.5,0.5625,0.5625,0.625,0.625,0.6875,0.6875,0.75,0.75,0.8125,       1343P   1662
0.8125,0.875,0.875,0.9375,0.9375,1.,1.,1.,1.,1.,1.,1.,1.,1.,1.,     1343P   1663
1.,1.,1.,1.,1.,1.,1.,1.,1.,1.,1.,1.,1.,1.,1.,1.,1.,1.,1.,1.,1.,     1343P   1664
1.,1.,1.,1.,1.,0.850894632,0.497017893,0.,0.850894632,              1343P   1665
0.4627515,0.,0.844209591,0.429143526,0.,0.837524549,                1343P   1666
0.395535552,0.,0.824411368,0.363877533,0.,0.811298187,              1343P   1667
0.332219514,0.,0.7922608,0.30372805,0.,0.773223412,0.275236586,     1343P   1668
0.,0.748993413,0.251006587,0.,0.724763414,0.226776588,0.,           1343P   1669
0.69627195,0.2077392,0.,0.667780486,0.188701813,0.,0.636122467,     1343P   1670
0.175588632,0.,0.604464448,0.162475451,0.,0.570856474,              1343P   1671
0.155790409,0.,0.5372485,0.149105368,0.,0.502982107,                1343P   1672
0.149105368,0.,0.468715715,0.149105368,0.,0.435107741,              1343P   1673
0.155790409,0.,0.401499767,0.162475451,0.,0.369841748,              1343P   1674
0.175588632,0.,0.338183729,0.188701813,0.,0.309692265,              1343P   1675
0.2077392,0.,0.281200801,0.226776588,0.,0.256970802,                1343P   1676
0.251006587,0.,0.232740803,0.275236586,0.,0.213703415,              1343P   1677
0.30372805,0.,0.194666027,0.332219514,0.,0.181552847,               1343P   1678
0.363877533,0.,0.168439666,0.395535552,0.,0.161754624,              1343P   1679
0.429143526,0.,0.155069583,0.4627515,0.,0.155069583,                1343P   1680
0.497017893,0.,0.,1.,0.,0.,1.;                                      1343P   1681
100,-14.,5.,60.,1.5,60.,8.5,60.;                                    1345P   1682
102,2,1339,1343;                                                    1347P   1683
102,2,1341,1345;                                                    1349P   1684
142,1,1317,1347,1349,1;                                             1351P   1685
144,1317,1,1,1337,1351;                                             1353P   1686
128,1,1,1,1,0,0,1,0,0,0.,0.,1.,1.,0.,0.,1.,1.,1.,1.,1.,1.,          1355P   1687
10.06,55.,-46.,0.,55.,-46.,10.06,65.06,-46.,0.,65.06,-46.,0.,       1355P   1688
1.,0.,1.;                                                           1355P   1689
126,64,2,1,0,1,0,0.,0.,0.,0.03125,0.03125,0.0625,0.0625,            1357P   1690
0.09375,0.09375,0.125,0.125,0.15625,0.15625,0.1875,0.1875,          1357P   1691
0.21875,0.21875,0.25,0.25,0.28125,0.28125,0.3125,0.3125,            1357P   1692
0.34375,0.34375,0.375,0.375,0.40625,0.40625,0.4375,0.4375,          1357P   1693
0.46875,0.46875,0.5,0.5,0.53125,0.53125,0.5625,0.5625,0.59375,      1357P   1694
0.59375,0.625,0.625,0.65625,0.65625,0.6875,0.6875,0.71875,          1357P   1695
0.71875,0.75,0.75,0.78125,0.78125,0.8125,0.8125,0.84375,            1357P   1696
0.84375,0.875,0.875,0.90625,0.90625,0.9375,0.9375,0.96875,          1357P   1697
0.96875,1.,1.,1.,1.,1.,1.,1.,1.,1.,1.,1.,1.,1.,1.,1.,1.,1.,1.,      1357P   1698
1.,1.,1.,1.,1.,1.,1.,1.,1.,1.,1.,1.,1.,1.,1.,1.,1.,1.,1.,1.,1.,     1357P   1699
1.,1.,1.,1.,1.,1.,1.,1.,1.,1.,1.,1.,1.,1.,1.,1.,1.,1.,1.,1.,1.,     1357P   1700
1.,1.,1.,1.,1.,1.,1.,1.,1.,0.497017893,0.,1.,0.533680135,0.,        1357P   1701
0.994620532,0.569945564,0.,0.989241064,0.606210993,0.,              1357P   1702
0.978598576,0.641294571,0.,0.967956089,0.67637815,0.,               1357P   1703
0.952280961,0.709520424,0.,0.936605832,0.742662699,0.,              1357P   1704
0.916237382,0.773146239,0.,0.895868931,0.803629779,0.,              1357P   1705
0.871248074,0.830794709,0.,0.846627217,0.857959639,0.,              1357P   1706
0.818286921,0.881217919,0.,0.789946624,0.904476199,0.,              1357P   1707
0.75850037,0.923324359,0.,0.727054116,0.942172518,0.,               1357P   1708
0.69318262,0.956202551,0.,0.659311125,0.970232584,0.,               1357P   1709
0.623747604,0.979140782,0.,0.588184083,0.98804898,0.,               1357P   1710
0.55169838,0.991642508,0.,0.515212676,0.995236036,0.,               1357P   1711
0.478594595,0.993437105,0.,0.441976514,0.991638175,0.,              1357P   1712
0.406018727,0.984485726,0.,0.370060939,0.977333277,0.,              1357P   1713
0.335541822,0.96498214,0.,0.301022706,0.952631002,0.,               1357P   1714
0.268689495,0.935348541,0.,0.236356284,0.91806608,0.,               1357P   1715
0.206908894,0.896226407,0.,0.177461505,0.874386735,0.,              1357P   1716
0.151537385,0.848462615,0.,0.125613265,0.822538495,0.,              1357P   1717
0.103773593,0.793091106,0.,0.08193392,0.763643716,0.,               1357P   1718
0.064651459,0.731310505,0.,0.047368998,0.698977294,0.,              1357P   1719
0.03501786,0.664458178,0.,0.022666723,0.629939061,0.,               1357P   1720
0.015514274,0.593981273,0.,0.008361825,0.558023486,0.,              1357P   1721
0.006562895,0.521405405,0.,0.004763964,0.484787324,0.,              1357P   1722
0.008357492,0.44830162,0.,0.01195102,0.411815917,0.,                1357P   1723
0.020859218,0.376252396,0.,0.029767416,0.340688875,0.,              1357P   1724
0.043797449,0.30681738,0.,0.057827482,0.272945884,0.,               1357P   1725
0.076675641,0.24149963,0.,0.095523801,0.210053376,0.,               1357P   1726
0.118782081,0.181713079,0.,0.142040361,0.153372783,0.,              1357P   1727
0.169205291,0.128751926,0.,0.196370221,0.104131069,0.,              1357P   1728
0.226853761,0.083762618,0.,0.257337301,0.063394168,0.,              1357P   1729
0.290479576,0.047719039,0.,0.32362185,0.032043911,0.,               1357P   1730
0.358705429,0.021401424,0.,0.393789007,0.010758936,0.,              1357P   1731
0.430054436,0.005379468,0.,0.466319865,0.,0.,0.502982107,0.,0.,     1357P   1732
0.,1.,0.,0.,-1.;                                                    1357P   1733
124,-1.,0.,-6.98296267768627E-15,9.99999999999968,0.,1.,0.,0.,      1359P   1734
6.98296267768627E-15,0.,-1.,-92.;                                   1359P   1735
100,-46.,5.,60.,10.,60.,5.,55.;                                     1361P   1736
126,1,1,1,0,1,0,0.,0.,1.,1.,1.,1.,0.502982107,0.,0.,1.,0.,0.,       1363P   1737
0.,1.,0.,0.,1.;                                                     1363P   1738
110,5.,55.,-46.,0.,55.,-46.;                                        1365P   1739
126,1,1,1,0,1,0,0.,0.,1.,1.,1.,1.,1.,0.,0.,1.,0.497017893,0.,       1367P   1740
0.,1.,0.,0.,1.;                                                     1367P   1741
110,0.,55.,-46.,0.,60.,-46.;                                        1369P   1742
102,3,1357,1363,1367;                                               1371P   1743
102,3,1361,1365,1369;                                               1373P   1744
142,1,1355,1371,1373,1;                                             1375P   1745
126,32,2,1,0,1,0,0.,0.,0.,0.0625,0.0625,0.125,0.125,0.1875,         1377P   1746
0.1875,0.25,0.25,0.3125,0.3125,0.375,0.375,0.4375,0.4375,0.5,       1377P   1747
0.5,0.5625,0.5625,0.625,0.625,0.6875,0.6875,0.75,0.75,0.8125,       1377P   1748
0.8125,0.875,0.875,0.9375,0.9375,1.,1.,1.,1.,1.,1.,1.,1.,1.,1.,     1377P   1749
1.,1.,1.,1.,1.,1.,1.,1.,1.,1.,1.,1.,1.,1.,1.,1.,1.,1.,1.,1.,1.,     1377P   1750
1.,1.,1.,1.,1.,0.850894632,0.497017893,0.,0.850894632,              1377P   1751
0.4627515,0.,0.844209591,0.429143526,0.,0.837524549,                1377P   1752
0.395535552,0.,0.824411368,0.363877533,0.,0.811298187,              1377P   1753
0.332219514,0.,0.7922608,0.30372805,0.,0.773223412,0.275236586,     1377P   1754
0.,0.748993413,0.251006587,0.,0.724763414,0.226776588,0.,           1377P   1755
0.69627195,0.2077392,0.,0.667780486,0.188701813,0.,0.636122467,     1377P   1756
0.175588632,0.,0.604464448,0.162475451,0.,0.570856474,              1377P   1757
0.155790409,0.,0.5372485,0.149105368,0.,0.502982107,                1377P   1758
0.149105368,0.,0.468715715,0.149105368,0.,0.435107741,              1377P   1759
0.155790409,0.,0.401499767,0.162475451,0.,0.369841748,              1377P   1760
0.175588632,0.,0.338183729,0.188701813,0.,0.309692265,              1377P   1761
0.2077392,0.,0.281200801,0.226776588,0.,0.256970802,                1377P   1762
0.251006587,0.,0.232740803,0.275236586,0.,0.213703415,              1377P   1763
0.30372805,0.,0.194666027,0.332219514,0.,0.181552847,               1377P   1764
0.363877533,0.,0.168439666,0.395535552,0.,0.161754624,              1377P   1765
0.429143526,0.,0.155069583,0.4627515,0.,0.155069583,                1377P   1766
0.497017893,0.,0.,1.,0.,0.,1.;                                      1377P   1767
100,-46.,5.,60.,1.5,60.,8.5,60.;                                    1379P   1768
126,32,2,1,0,1,0,0.,0.,0.,0.0625,0.0625,0.125,0.125,0.1875,         1381P   1769
0.1875,0.25,0.25,0.3125,0.3125,0.375,0.375,0.4375,0.4375,0.5,       1381P   1770
0.5,0.5625,0.5625,0.625,0.625,0.6875,0.6875,0.75,0.75,0.8125,       1381P   1771
0.8125,0.875,0.875,0.9375,0.9375,1.,1.,1.,1.,1.,1.,1.,1.,1.,1.,     1381P   1772
1.,1.,1.,1.,1.,1.,1.,1.,1.,1.,1.,1.,1.,1.,1.,1.,1.,1.,1.,1.,1.,     1381P   1773
1.,1.,1.,1.,1.,0.155069583,0.497017893,0.,0.155069583,              1381P   1774
0.531284285,0.,0.161754624,0.564892259,0.,0.168439666,              1381P   1775
0.598500233,0.,0.181552847,0.630158252,0.,0.194666027,              1381P   1776
0.661816271,0.,0.213703415,0.690307735,0.,0.232740803,              1381P   1777
0.718799199,0.,0.256970802,0.743029198,0.,0.281200801,              1381P   1778
0.767259197,0.,0.309692265,0.786296585,0.,0.338183729,              1381P   1779
0.805333973,0.,0.369841748,0.818447153,0.,0.401499767,              1381P   1780
0.831560334,0.,0.435107741,0.838245376,0.,0.468715715,              1381P   1781
0.844930417,0.,0.502982107,0.844930417,0.,0.5372485,                1381P   1782
0.844930417,0.,0.570856474,0.838245376,0.,0.604464448,              1381P   1783
0.831560334,0.,0.636122467,0.818447153,0.,0.667780486,              1381P   1784
0.805333973,0.,0.69627195,0.786296585,0.,0.724763414,               1381P   1785
0.767259197,0.,0.748993413,0.743029198,0.,0.773223412,              1381P   1786
0.718799199,0.,0.7922608,0.690307735,0.,0.811298187,                1381P   1787
0.661816271,0.,0.824411368,0.630158252,0.,0.837524549,              1381P   1788
0.598500233,0.,0.844209591,0.564892259,0.,0.850894632,              1381P   1789
0.531284285,0.,0.850894632,0.497017893,0.,0.,1.,0.,0.,1.;           1381P   1790
100,-46.,5.,60.,8.5,60.,1.5,60.;                                    1383P   1791
102,2,1377,1381;                                                    1385P   1792
102,2,1379,1383;                                                    1387P   1793
142,1,1355,1385,1387,1;                                             1389P   1794
144,1355,1,1,1375,1389;                                             1391P   1795
S      1G      4D   1392P   1795                                        T      1
