SolidWorks IGES file using analytic representation for surfaces         S      1
1H,,1H;,11H粣創.SLDASM,54HC:\Users\Administrator\Desktop\tzb\陔膘恅璃標\G      1
粣創.IGS,15HSolidWorks 2024,15HSolidWorks 2024,32,308,15,308,15,11H粣創.G      2
SLDASM,1.,2,2HMM,50,0.125,13H241123.201501,1E-08,499990.,13HAdministratoG      3
r,,11,0,13H241123.201501;                                               G      4
     314       1       0       0       0                        00000200D      1
     314       0       6       1       0                               0D      2
     110       2       0       0       0                        01010000D      3
     110       0       0       1       0                               0D      4
     110       3       0       0       0                        01010000D      5
     110       0       0       1       0                               0D      6
     120       4       0       0       0                        01010000D      7
     120       0       0       1       0                               0D      8
     126       5       0       0       0                        01010500D      9
     126       0       0       2       0                               0D     10
     124       7       0       0       0                        00000000D     11
     124       0       0       3       0                               0D     12
     100      10       0       0       0              11        01010000D     13
     100       0       0       1       0                               0D     14
     126      11       0       0       0                        01010500D     15
     126       0       0       2       0                               0D     16
     110      13       0       0       0                        01010000D     17
     110       0       0       1       0                               0D     18
     126      14       0       0       0                        01010500D     19
     126       0       0       2       0                               0D     20
     124      16       0       0       0                        00000000D     21
     124       0       0       3       0                               0D     22
     100      19       0       0       0              21        01010000D     23
     100       0       0       1       0                               0D     24
     126      20       0       0       0                        01010500D     25
     126       0       0       2       0                               0D     26
     110      22       0       0       0                        01010000D     27
     110       0       0       1       0                               0D     28
     102      23       0       0       0                        01010500D     29
     102       0       0       1       0                               0D     30
     102      24       0       0       0                        01010000D     31
     102       0       0       1       0                               0D     32
     142      25       0       0       0                        00010500D     33
     142       0       0       1       0                               0D     34
     144      26       0       0       1                        00010000D     35
     144       0      -1       1       0                               0D     36
     110      27       0       0       0                        01010000D     37
     110       0       0       1       0                               0D     38
     110      28       0       0       0                        01010000D     39
     110       0       0       1       0                               0D     40
     120      29       0       0       0                        01010000D     41
     120       0       0       1       0                               0D     42
     126      30       0       0       0                        01010500D     43
     126       0       0       2       0                               0D     44
     110      32       0       0       0                        01010000D     45
     110       0       0       1       0                               0D     46
     126      33       0       0       0                        01010500D     47
     126       0       0       2       0                               0D     48
     124      35       0       0       0                        00000000D     49
     124       0       0       3       0                               0D     50
     100      38       0       0       0              49        01010000D     51
     100       0       0       1       0                               0D     52
     126      39       0       0       0                        01010500D     53
     126       0       0       2       0                               0D     54
     110      41       0       0       0                        01010000D     55
     110       0       0       1       0                               0D     56
     126      42       0       0       0                        01010500D     57
     126       0       0       2       0                               0D     58
     124      44       0       0       0                        00000000D     59
     124       0       0       3       0                               0D     60
     100      47       0       0       0              59        01010000D     61
     100       0       0       1       0                               0D     62
     102      48       0       0       0                        01010500D     63
     102       0       0       1       0                               0D     64
     102      49       0       0       0                        01010000D     65
     102       0       0       1       0                               0D     66
     142      50       0       0       0                        00010500D     67
     142       0       0       1       0                               0D     68
     144      51       0       0       1                        00010000D     69
     144       0      -1       1       0                               0D     70
     110      52       0       0       0                        01010000D     71
     110       0       0       1       0                               0D     72
     110      53       0       0       0                        01010000D     73
     110       0       0       1       0                               0D     74
     120      54       0       0       0                        01010000D     75
     120       0       0       1       0                               0D     76
     126      55       0       0       0                        01010500D     77
     126       0       0       2       0                               0D     78
     110      57       0       0       0                        01010000D     79
     110       0       0       1       0                               0D     80
     126      58       0       0       0                        01010500D     81
     126       0       0       2       0                               0D     82
     124      60       0       0       0                        00000000D     83
     124       0       0       3       0                               0D     84
     100      63       0       0       0              83        01010000D     85
     100       0       0       1       0                               0D     86
     126      64       0       0       0                        01010500D     87
     126       0       0       2       0                               0D     88
     110      66       0       0       0                        01010000D     89
     110       0       0       1       0                               0D     90
     126      67       0       0       0                        01010500D     91
     126       0       0       2       0                               0D     92
     124      69       0       0       0                        00000000D     93
     124       0       0       3       0                               0D     94
     100      72       0       0       0              93        01010000D     95
     100       0       0       1       0                               0D     96
     102      73       0       0       0                        01010500D     97
     102       0       0       1       0                               0D     98
     102      74       0       0       0                        01010000D     99
     102       0       0       1       0                               0D    100
     142      75       0       0       0                        00010500D    101
     142       0       0       1       0                               0D    102
     144      76       0       0       1                        00010000D    103
     144       0      -1       1       0                               0D    104
     110      77       0       0       0                        01010000D    105
     110       0       0       1       0                               0D    106
     110      78       0       0       0                        01010000D    107
     110       0       0       1       0                               0D    108
     120      79       0       0       0                        01010000D    109
     120       0       0       1       0                               0D    110
     126      80       0       0       0                        01010500D    111
     126       0       0       2       0                               0D    112
     124      82       0       0       0                        00000000D    113
     124       0       0       3       0                               0D    114
     100      85       0       0       0             113        01010000D    115
     100       0       0       1       0                               0D    116
     126      86       0       0       0                        01010500D    117
     126       0       0       2       0                               0D    118
     110      88       0       0       0                        01010000D    119
     110       0       0       1       0                               0D    120
     126      89       0       0       0                        01010500D    121
     126       0       0       2       0                               0D    122
     124      91       0       0       0                        00000000D    123
     124       0       0       3       0                               0D    124
     100      94       0       0       0             123        01010000D    125
     100       0       0       1       0                               0D    126
     126      95       0       0       0                        01010500D    127
     126       0       0       2       0                               0D    128
     110      97       0       0       0                        01010000D    129
     110       0       0       1       0                               0D    130
     102      98       0       0       0                        01010500D    131
     102       0       0       1       0                               0D    132
     102      99       0       0       0                        01010000D    133
     102       0       0       1       0                               0D    134
     142     100       0       0       0                        00010500D    135
     142       0       0       1       0                               0D    136
     144     101       0       0       1                        00010000D    137
     144       0      -1       1       0                               0D    138
     128     102       0       0       0                        01010000D    139
     128       0       0       3       0                               0D    140
     126     105       0       0       0                        01010500D    141
     126       0       0      44       0                               0D    142
     124     149       0       0       0                        00000000D    143
     124       0       0       3       0                               0D    144
     100     152       0       0       0             143        01010000D    145
     100       0       0       1       0                               0D    146
     126     153       0       0       0                        01010500D    147
     126       0       0      44       0                               0D    148
     124     197       0       0       0                        00000000D    149
     124       0       0       3       0                               0D    150
     100     200       0       0       0             149        01010000D    151
     100       0       0       1       0                               0D    152
     102     201       0       0       0                        01010500D    153
     102       0       0       1       0                               0D    154
     102     202       0       0       0                        01010000D    155
     102       0       0       1       0                               0D    156
     142     203       0       0       0                        00010500D    157
     142       0       0       1       0                               0D    158
     126     204       0       0       0                        01010500D    159
     126       0       0      44       0                               0D    160
     124     248       0       0       0                        00000000D    161
     124       0       0       3       0                               0D    162
     100     251       0       0       0             161        01010000D    163
     100       0       0       1       0                               0D    164
     126     252       0       0       0                        01010500D    165
     126       0       0      44       0                               0D    166
     124     296       0       0       0                        00000000D    167
     124       0       0       3       0                               0D    168
     100     299       0       0       0             167        01010000D    169
     100       0       0       1       0                               0D    170
     102     300       0       0       0                        01010500D    171
     102       0       0       1       0                               0D    172
     102     301       0       0       0                        01010000D    173
     102       0       0       1       0                               0D    174
     142     302       0       0       0                        00010500D    175
     142       0       0       1       0                               0D    176
     144     303       0       0       1                        00010000D    177
     144       0      -1       1       0                               0D    178
     128     304       0       0       0                        01010000D    179
     128       0       0       3       0                               0D    180
     126     307       0       0       0                        01010500D    181
     126       0       0      44       0                               0D    182
     124     351       0       0       0                        00000000D    183
     124       0       0       3       0                               0D    184
     100     354       0       0       0             183        01010000D    185
     100       0       0       1       0                               0D    186
     126     355       0       0       0                        01010500D    187
     126       0       0      44       0                               0D    188
     124     399       0       0       0                        00000000D    189
     124       0       0       3       0                               0D    190
     100     402       0       0       0             189        01010000D    191
     100       0       0       1       0                               0D    192
     102     403       0       0       0                        01010500D    193
     102       0       0       1       0                               0D    194
     102     404       0       0       0                        01010000D    195
     102       0       0       1       0                               0D    196
     142     405       0       0       0                        00010500D    197
     142       0       0       1       0                               0D    198
     126     406       0       0       0                        01010500D    199
     126       0       0      44       0                               0D    200
     124     450       0       0       0                        00000000D    201
     124       0       0       3       0                               0D    202
     100     453       0       0       0             201        01010000D    203
     100       0       0       1       0                               0D    204
     126     454       0       0       0                        01010500D    205
     126       0       0      44       0                               0D    206
     124     498       0       0       0                        00000000D    207
     124       0       0       3       0                               0D    208
     100     501       0       0       0             207        01010000D    209
     100       0       0       1       0                               0D    210
     102     502       0       0       0                        01010500D    211
     102       0       0       1       0                               0D    212
     102     503       0       0       0                        01010000D    213
     102       0       0       1       0                               0D    214
     142     504       0       0       0                        00010500D    215
     142       0       0       1       0                               0D    216
     144     505       0       0       1                        00010000D    217
     144       0      -1       1       0                               0D    218
     128     506       0       0       0                        01010000D    219
     128       0       0       3       0                               0D    220
     126     509       0       0       0                        01010500D    221
     126       0       0      44       0                               0D    222
     124     553       0       0       0                        00000000D    223
     124       0       0       3       0                               0D    224
     100     556       0       0       0             223        01010000D    225
     100       0       0       1       0                               0D    226
     126     557       0       0       0                        01010500D    227
     126       0       0      44       0                               0D    228
     124     601       0       0       0                        00000000D    229
     124       0       0       3       0                               0D    230
     100     604       0       0       0             229        01010000D    231
     100       0       0       1       0                               0D    232
     102     605       0       0       0                        01010500D    233
     102       0       0       1       0                               0D    234
     102     606       0       0       0                        01010000D    235
     102       0       0       1       0                               0D    236
     142     607       0       0       0                        00010500D    237
     142       0       0       1       0                               0D    238
     126     608       0       0       0                        01010500D    239
     126       0       0      44       0                               0D    240
     124     652       0       0       0                        00000000D    241
     124       0       0       3       0                               0D    242
     100     655       0       0       0             241        01010000D    243
     100       0       0       1       0                               0D    244
     126     656       0       0       0                        01010500D    245
     126       0       0      44       0                               0D    246
     124     700       0       0       0                        00000000D    247
     124       0       0       3       0                               0D    248
     100     703       0       0       0             247        01010000D    249
     100       0       0       1       0                               0D    250
     102     704       0       0       0                        01010500D    251
     102       0       0       1       0                               0D    252
     102     705       0       0       0                        01010000D    253
     102       0       0       1       0                               0D    254
     142     706       0       0       0                        00010500D    255
     142       0       0       1       0                               0D    256
     144     707       0       0       1                        00010000D    257
     144       0      -1       1       0                               0D    258
     110     708       0       0       0                        01010000D    259
     110       0       0       1       0                               0D    260
     110     709       0       0       0                        01010000D    261
     110       0       0       1       0                               0D    262
     120     710       0       0       0                        01010000D    263
     120       0       0       1       0                               0D    264
     126     711       0       0       0                        01010500D    265
     126       0       0       2       0                               0D    266
     110     713       0       0       0                        01010000D    267
     110       0       0       1       0                               0D    268
     126     714       0       0       0                        01010500D    269
     126       0       0       2       0                               0D    270
     124     716       0       0       0                        00000000D    271
     124       0       0       3       0                               0D    272
     100     719       0       0       0             271        01010000D    273
     100       0       0       1       0                               0D    274
     126     720       0       0       0                        01010500D    275
     126       0       0       2       0                               0D    276
     110     722       0       0       0                        01010000D    277
     110       0       0       1       0                               0D    278
     126     723       0       0       0                        01010500D    279
     126       0       0       2       0                               0D    280
     124     725       0       0       0                        00000000D    281
     124       0       0       3       0                               0D    282
     100     728       0       0       0             281        01010000D    283
     100       0       0       1       0                               0D    284
     102     729       0       0       0                        01010500D    285
     102       0       0       1       0                               0D    286
     102     730       0       0       0                        01010000D    287
     102       0       0       1       0                               0D    288
     142     731       0       0       0                        00010500D    289
     142       0       0       1       0                               0D    290
     144     732       0       0       1                        00010000D    291
     144       0      -1       1       0                               0D    292
     110     733       0       0       0                        01010000D    293
     110       0       0       1       0                               0D    294
     110     734       0       0       0                        01010000D    295
     110       0       0       1       0                               0D    296
     120     735       0       0       0                        01010000D    297
     120       0       0       1       0                               0D    298
     126     736       0       0       0                        01010500D    299
     126       0       0       2       0                               0D    300
     124     738       0       0       0                        00000000D    301
     124       0       0       3       0                               0D    302
     100     741       0       0       0             301        01010000D    303
     100       0       0       1       0                               0D    304
     126     742       0       0       0                        01010500D    305
     126       0       0       2       0                               0D    306
     110     744       0       0       0                        01010000D    307
     110       0       0       1       0                               0D    308
     126     745       0       0       0                        01010500D    309
     126       0       0       2       0                               0D    310
     124     747       0       0       0                        00000000D    311
     124       0       0       3       0                               0D    312
     100     750       0       0       0             311        01010000D    313
     100       0       0       1       0                               0D    314
     126     751       0       0       0                        01010500D    315
     126       0       0       2       0                               0D    316
     110     753       0       0       0                        01010000D    317
     110       0       0       1       0                               0D    318
     102     754       0       0       0                        01010500D    319
     102       0       0       1       0                               0D    320
     102     755       0       0       0                        01010000D    321
     102       0       0       1       0                               0D    322
     142     756       0       0       0                        00010500D    323
     142       0       0       1       0                               0D    324
     144     757       0       0       1                        00010000D    325
     144       0      -1       1       0                               0D    326
     110     758       0       0       0                        01010000D    327
     110       0       0       1       0                               0D    328
     110     759       0       0       0                        01010000D    329
     110       0       0       1       0                               0D    330
     120     760       0       0       0                        01010000D    331
     120       0       0       1       0                               0D    332
     126     761       0       0       0                        01010500D    333
     126       0       0       2       0                               0D    334
     124     763       0       0       0                        00000000D    335
     124       0       0       3       0                               0D    336
     100     766       0       0       0             335        01010000D    337
     100       0       0       1       0                               0D    338
     126     767       0       0       0                        01010500D    339
     126       0       0       2       0                               0D    340
     110     769       0       0       0                        01010000D    341
     110       0       0       1       0                               0D    342
     126     770       0       0       0                        01010500D    343
     126       0       0       2       0                               0D    344
     124     772       0       0       0                        00000000D    345
     124       0       0       3       0                               0D    346
     100     775       0       0       0             345        01010000D    347
     100       0       0       1       0                               0D    348
     126     776       0       0       0                        01010500D    349
     126       0       0       2       0                               0D    350
     110     778       0       0       0                        01010000D    351
     110       0       0       1       0                               0D    352
     102     779       0       0       0                        01010500D    353
     102       0       0       1       0                               0D    354
     102     780       0       0       0                        01010000D    355
     102       0       0       1       0                               0D    356
     142     781       0       0       0                        00010500D    357
     142       0       0       1       0                               0D    358
     144     782       0       0       1                        00010000D    359
     144       0      -1       1       0                               0D    360
     128     783       0       0       0                        01010000D    361
     128       0       0       3       0                               0D    362
     126     786       0       0       0                        01010500D    363
     126       0       0      44       0                               0D    364
     124     830       0       0       0                        00000000D    365
     124       0       0       3       0                               0D    366
     100     833       0       0       0             365        01010000D    367
     100       0       0       1       0                               0D    368
     126     834       0       0       0                        01010500D    369
     126       0       0      44       0                               0D    370
     124     878       0       0       0                        00000000D    371
     124       0       0       3       0                               0D    372
     100     881       0       0       0             371        01010000D    373
     100       0       0       1       0                               0D    374
     102     882       0       0       0                        01010500D    375
     102       0       0       1       0                               0D    376
     102     883       0       0       0                        01010000D    377
     102       0       0       1       0                               0D    378
     142     884       0       0       0                        00010500D    379
     142       0       0       1       0                               0D    380
     126     885       0       0       0                        01010500D    381
     126       0       0      44       0                               0D    382
     124     929       0       0       0                        00000000D    383
     124       0       0       3       0                               0D    384
     100     932       0       0       0             383        01010000D    385
     100       0       0       1       0                               0D    386
     126     933       0       0       0                        01010500D    387
     126       0       0      44       0                               0D    388
     124     977       0       0       0                        00000000D    389
     124       0       0       3       0                               0D    390
     100     980       0       0       0             389        01010000D    391
     100       0       0       1       0                               0D    392
     102     981       0       0       0                        01010500D    393
     102       0       0       1       0                               0D    394
     102     982       0       0       0                        01010000D    395
     102       0       0       1       0                               0D    396
     142     983       0       0       0                        00010500D    397
     142       0       0       1       0                               0D    398
     144     984       0       0       1                        00010000D    399
     144       0      -1       1       0                               0D    400
     110     985       0       0       0                        01010000D    401
     110       0       0       1       0                               0D    402
     110     986       0       0       0                        01010000D    403
     110       0       0       1       0                               0D    404
     120     987       0       0       0                        01010000D    405
     120       0       0       1       0                               0D    406
     126     988       0       0       0                        01010500D    407
     126       0       0       2       0                               0D    408
     110     990       0       0       0                        01010000D    409
     110       0       0       1       0                               0D    410
     126     991       0       0       0                        01010500D    411
     126       0       0       2       0                               0D    412
     124     993       0       0       0                        00000000D    413
     124       0       0       3       0                               0D    414
     100     996       0       0       0             413        01010000D    415
     100       0       0       1       0                               0D    416
     126     997       0       0       0                        01010500D    417
     126       0       0       2       0                               0D    418
     110     999       0       0       0                        01010000D    419
     110       0       0       1       0                               0D    420
     126    1000       0       0       0                        01010500D    421
     126       0       0       2       0                               0D    422
     124    1002       0       0       0                        00000000D    423
     124       0       0       3       0                               0D    424
     100    1005       0       0       0             423        01010000D    425
     100       0       0       1       0                               0D    426
     102    1006       0       0       0                        01010500D    427
     102       0       0       1       0                               0D    428
     102    1007       0       0       0                        01010000D    429
     102       0       0       1       0                               0D    430
     142    1008       0       0       0                        00010500D    431
     142       0       0       1       0                               0D    432
     144    1009       0       0       1                        00010000D    433
     144       0      -1       1       0                               0D    434
     308    1010       0       0       1                        00010201D    435
     308       0       0       1       0                               0D    436
     124    1011       0       0       0                        00000000D    437
     124       0       0       2       0                               0D    438
     408    1013       0       0       2             437        00000001D    439
     408       0       0       1       0                               0D    440
     110    1014       0       0       0                        01010000D    441
     110       0       0       1       0                               0D    442
     100    1015       0       0       0                        01010000D    443
     100       0       0       1       0                               0D    444
     120    1016       0       0       0                        01010000D    445
     120       0       0       1       0                               0D    446
     126    1017       0       0       0                        01010500D    447
     126       0       0       2       0                               0D    448
     124    1019       0       0       0                        00000000D    449
     124       0       0       3       0                               0D    450
     100    1022       0       0       0             449        01010000D    451
     100       0       0       1       0                               0D    452
     126    1023       0       0       0                        01010500D    453
     126       0       0       2       0                               0D    454
     124    1025       0       0       0                        00000000D    455
     124       0       0       3       0                               0D    456
     100    1028       0       0       0             455        01010000D    457
     100       0       0       1       0                               0D    458
     126    1029       0       0       0                        01010500D    459
     126       0       0       2       0                               0D    460
     102    1031       0       0       0                        01010500D    461
     102       0       0       1       0                               0D    462
     102    1032       0       0       0                        01010000D    463
     102       0       0       1       0                               0D    464
     142    1033       0       0       0                        00010500D    465
     142       0       0       1       0                               0D    466
     144    1034       0       0       3                        00010000D    467
     144       0      -1       1       0                               0D    468
     110    1035       0       0       0                        01010000D    469
     110       0       0       1       0                               0D    470
     100    1036       0       0       0                        01010000D    471
     100       0       0       1       0                               0D    472
     120    1037       0       0       0                        01010000D    473
     120       0       0       1       0                               0D    474
     126    1038       0       0       0                        01010500D    475
     126       0       0       2       0                               0D    476
     100    1040       0       0       0                        01010000D    477
     100       0       0       1       0                               0D    478
     126    1041       0       0       0                        01010500D    479
     126       0       0       2       0                               0D    480
     126    1043       0       0       0                        01010500D    481
     126       0       0       2       0                               0D    482
     100    1045       0       0       0                        01010000D    483
     100       0       0       1       0                               0D    484
     102    1046       0       0       0                        01010500D    485
     102       0       0       1       0                               0D    486
     102    1047       0       0       0                        01010000D    487
     102       0       0       1       0                               0D    488
     142    1048       0       0       0                        00010500D    489
     142       0       0       1       0                               0D    490
     144    1049       0       0       3                        00010000D    491
     144       0      -1       1       0                               0D    492
     308    1050       0       0       3                        00010201D    493
     308       0       0       1       0                               0D    494
     124    1051       0       0       0                        00000000D    495
     124       0       0       4       0                               0D    496
     408    1055       0       0       4             495        00000001D    497
     408       0       0       1       0                               0D    498
     124    1056       0       0       0                        00000000D    499
     124       0       0       4       0                               0D    500
     408    1060       0       0       5             499        00000001D    501
     408       0       0       1       0                               0D    502
     124    1061       0       0       0                        00000000D    503
     124       0       0       4       0                               0D    504
     408    1065       0       0       6             503        00000001D    505
     408       0       0       1       0                               0D    506
     124    1066       0       0       0                        00000000D    507
     124       0       0       4       0                               0D    508
     408    1070       0       0       7             507        00000001D    509
     408       0       0       1       0                               0D    510
     124    1071       0       0       0                        00000000D    511
     124       0       0       4       0                               0D    512
     408    1075       0       0       8             511        00000001D    513
     408       0       0       1       0                               0D    514
     124    1076       0       0       0                        00000000D    515
     124       0       0       4       0                               0D    516
     408    1080       0       0       9             515        00000001D    517
     408       0       0       1       0                               0D    518
     124    1081       0       0       0                        00000000D    519
     124       0       0       4       0                               0D    520
     408    1085       0       0      10             519        00000001D    521
     408       0       0       1       0                               0D    522
     124    1086       0       0       0                        00000000D    523
     124       0       0       4       0                               0D    524
     408    1090       0       0      11             523        00000001D    525
     408       0       0       1       0                               0D    526
     124    1091       0       0       0                        00000000D    527
     124       0       0       4       0                               0D    528
     408    1095       0       0      12             527        00000001D    529
     408       0       0       1       0                               0D    530
     124    1096       0       0       0                        00000000D    531
     124       0       0       4       0                               0D    532
     408    1100       0       0      13             531        00000001D    533
     408       0       0       1       0                               0D    534
     124    1101       0       0       0                        00000000D    535
     124       0       0       4       0                               0D    536
     408    1105       0       0      14             535        00000001D    537
     408       0       0       1       0                               0D    538
     124    1106       0       0       0                        00000000D    539
     124       0       0       4       0                               0D    540
     408    1110       0       0      15             539        00000001D    541
     408       0       0       1       0                               0D    542
     124    1111       0       0       0                        00000000D    543
     124       0       0       4       0                               0D    544
     408    1115       0       0      16             543        00000001D    545
     408       0       0       1       0                               0D    546
     124    1116       0       0       0                        00000000D    547
     124       0       0       4       0                               0D    548
     408    1120       0       0      17             547        00000001D    549
     408       0       0       1       0                               0D    550
     124    1121       0       0       0                        00000000D    551
     124       0       0       4       0                               0D    552
     408    1125       0       0      18             551        00000001D    553
     408       0       0       1       0                               0D    554
     124    1126       0       0       0                        00000000D    555
     124       0       0       4       0                               0D    556
     408    1130       0       0      19             555        00000001D    557
     408       0       0       1       0                               0D    558
     124    1131       0       0       0                        00000000D    559
     124       0       0       4       0                               0D    560
     408    1135       0       0      20             559        00000001D    561
     408       0       0       1       0                               0D    562
     124    1136       0       0       0                        00000000D    563
     124       0       0       4       0                               0D    564
     408    1140       0       0      21             563        00000001D    565
     408       0       0       1       0                               0D    566
     124    1141       0       0       0                        00000000D    567
     124       0       0       4       0                               0D    568
     408    1145       0       0      22             567        00000001D    569
     408       0       0       1       0                               0D    570
     124    1146       0       0       0                        00000000D    571
     124       0       0       4       0                               0D    572
     408    1150       0       0      23             571        00000001D    573
     408       0       0       1       0                               0D    574
     124    1151       0       0       0                        00000000D    575
     124       0       0       4       0                               0D    576
     408    1155       0       0      24             575        00000001D    577
     408       0       0       1       0                               0D    578
     124    1156       0       0       0                        00000000D    579
     124       0       0       4       0                               0D    580
     408    1160       0       0      25             579        00000001D    581
     408       0       0       1       0                               0D    582
     124    1161       0       0       0                        00000000D    583
     124       0       0       4       0                               0D    584
     408    1165       0       0      26             583        00000001D    585
     408       0       0       1       0                               0D    586
     124    1166       0       0       0                        00000000D    587
     124       0       0       4       0                               0D    588
     408    1170       0       0      27             587        00000001D    589
     408       0       0       1       0                               0D    590
     124    1171       0       0       0                        00000000D    591
     124       0       0       4       0                               0D    592
     408    1175       0       0      28             591        00000001D    593
     408       0       0       1       0                               0D    594
314,64.7058823529412,61.9607843137255,58.8235294117647,;               1P      1
110,0.,3.,0.,0.,1003.,0.;                                              3P      2
110,0.,3.,55.,0.,13.,55.;                                              5P      3
120,3,5,0.,6.28318530717959;                                           7P      4
126,1,1,1,0,1,0,0.,0.,1.,1.,1.,1.,0.,0.,0.,0.,3.141592654,0.,          9P      5
0.,1.,0.,0.,1.;                                                        9P      6
124,1.40271576953299E-14,1.,0.,-3.,-6.12323399573677E-17,             11P      7
8.58915688636046E-31,1.,3.,1.,-1.40271576953299E-14,                  11P      8
6.12323399573677E-17,4.20814730859897E-14;                            11P      9
100,0.,0.,3.,55.,3.,-55.,3.;                                          13P     10
126,1,1,1,0,1,0,0.,0.,1.,1.,1.,1.,0.,3.141592654,0.,1.,               15P     11
3.141592654,0.,0.,1.,0.,0.,1.;                                        15P     12
110,0.,3.,-55.,0.,13.,-55.;                                           17P     13
126,1,1,1,0,1,0,0.,0.,1.,1.,1.,1.,1.,3.141592654,0.,1.,0.,0.,         19P     14
0.,1.,0.,0.,1.;                                                       19P     15
124,1.40271576953299E-14,1.,0.,-13.,-6.12323399573677E-17,            21P     16
8.58915688636046E-31,-1.,13.,-1.,1.40271576953299E-14,                21P     17
6.12323399573677E-17,-1.82353050039289E-13;                           21P     18
100,0.,0.,13.,55.,13.,-55.,13.;                                       23P     19
126,1,1,1,0,1,0,0.,0.,1.,1.,1.,1.,1.,0.,0.,0.,0.,0.,0.,1.,0.,         25P     20
0.,1.;                                                                25P     21
110,0.,13.,55.,0.,3.,55.;                                             27P     22
102,4,9,15,19,25;                                                     29P     23
102,4,13,17,23,27;                                                    31P     24
142,1,7,29,31,1;                                                      33P     25
144,7,1,0,33;                                                         35P     26
110,0.,3.,0.,0.,1003.,0.;                                             37P     27
110,0.,3.,65.,0.,13.,65.;                                             39P     28
120,37,39,0.,6.28318530717959;                                        41P     29
126,1,1,1,0,1,0,0.,0.,1.,1.,1.,1.,0.,6.283185307,0.,1.,               43P     30
6.283185307,0.,0.,1.,0.,0.,1.;                                        43P     31
110,0.,3.,65.,0.,13.,65.;                                             45P     32
126,1,1,1,0,1,0,0.,0.,1.,1.,1.,1.,1.,6.283185307,0.,1.,               47P     33
3.141592654,0.,0.,1.,0.,0.,1.;                                        47P     34
124,6.12323399573677E-17,-1.,0.,13.,6.12323399573677E-17,             49P     35
3.74939945665464E-33,-1.,13.,1.,6.12323399573677E-17,                 49P     36
6.12323399573677E-17,-7.9602041944578E-16;                            49P     37
100,0.,0.,13.,65.,13.,-65.,13.;                                       51P     38
126,1,1,1,0,1,0,0.,0.,1.,1.,1.,1.,1.,3.141592654,0.,0.,               53P     39
3.141592654,0.,0.,1.,0.,0.,1.;                                        53P     40
110,0.,13.,-65.,0.,3.,-65.;                                           55P     41
126,1,1,1,0,1,0,0.,0.,1.,1.,1.,1.,0.,3.141592654,0.,0.,               57P     42
6.283185307,0.,0.,1.,0.,0.,1.;                                        57P     43
124,6.12323399573677E-17,-1.,0.,3.,6.12323399573677E-17,              59P     44
3.74939945665464E-33,1.,3.,-1.,-6.12323399573677E-17,                 59P     45
6.12323399573677E-17,1.83697019872103E-16;                            59P     46
100,0.,0.,3.,65.,3.,-65.,3.;                                          61P     47
102,4,43,47,53,57;                                                    63P     48
102,4,45,51,55,61;                                                    65P     49
142,1,41,63,65,1;                                                     67P     50
144,41,1,0,67;                                                        69P     51
110,0.,13.,0.,0.,-987.,0.;                                            71P     52
110,0.,13.,-50.,0.,0.,-50.;                                           73P     53
120,71,73,0.,6.28318530717959;                                        75P     54
126,1,1,1,0,1,0,0.,0.,1.,1.,1.,1.,0.,6.283185307,0.,1.,               77P     55
6.283185307,0.,0.,1.,0.,0.,1.;                                        77P     56
110,0.,13.,-50.,0.,0.,-50.;                                           79P     57
126,1,1,1,0,1,0,0.,0.,1.,1.,1.,1.,1.,6.283185307,0.,1.,               81P     58
3.141592654,0.,0.,1.,0.,0.,1.;                                        81P     59
124,6.12323399573677E-17,-1.,0.,0.,6.12323399573677E-17,              83P     60
3.74939945665464E-33,1.,0.,-1.,-6.12323399573677E-17,                 83P     61
6.12323399573677E-17,0.;                                              83P     62
100,0.,0.,0.,50.,0.,-50.,0.;                                          85P     63
126,1,1,1,0,1,0,0.,0.,1.,1.,1.,1.,1.,3.141592654,0.,0.,               87P     64
3.141592654,0.,0.,1.,0.,0.,1.;                                        87P     65
110,0.,0.,50.,0.,13.,50.;                                             89P     66
126,1,1,1,0,1,0,0.,0.,1.,1.,1.,1.,0.,3.141592654,0.,0.,               91P     67
6.283185307,0.,0.,1.,0.,0.,1.;                                        91P     68
124,6.12323399573677E-17,-1.,0.,13.,6.12323399573677E-17,             93P     69
3.74939945665464E-33,-1.,13.,1.,6.12323399573677E-17,                 93P     70
6.12323399573677E-17,-7.9602041944578E-16;                            93P     71
100,0.,0.,13.,50.,13.,-50.,13.;                                       95P     72
102,4,77,81,87,91;                                                    97P     73
102,4,79,85,89,95;                                                    99P     74
142,1,75,97,99,1;                                                    101P     75
144,75,1,0,101;                                                      103P     76
110,0.,13.,0.,0.,-987.,0.;                                           105P     77
110,0.,13.,-72.5,0.,0.,-72.5;                                        107P     78
120,105,107,0.,6.28318530717959;                                     109P     79
126,1,1,1,0,1,0,0.,0.,1.,1.,1.,1.,0.,0.,0.,0.,3.141592654,0.,        111P     80
0.,1.,0.,0.,1.;                                                      111P     81
124,1.40271576953299E-14,1.,0.,-13.,-6.12323399573677E-17,           113P     82
8.58915688636046E-31,-1.,13.,-1.,1.40271576953299E-14,               113P     83
6.12323399573677E-17,-1.82353050039289E-13;                          113P     84
100,0.,0.,13.,72.5,13.,-72.5,13.;                                    115P     85
126,1,1,1,0,1,0,0.,0.,1.,1.,1.,1.,0.,3.141592654,0.,1.,              117P     86
3.141592654,0.,0.,1.,0.,0.,1.;                                       117P     87
110,0.,13.,72.5,0.,0.,72.5;                                          119P     88
126,1,1,1,0,1,0,0.,0.,1.,1.,1.,1.,1.,3.141592654,0.,1.,0.,0.,        121P     89
0.,1.,0.,0.,1.;                                                      121P     90
124,1.40271576953299E-14,1.,0.,0.,-6.12323399573677E-17,             123P     91
8.58915688636046E-31,1.,0.,1.,-1.40271576953299E-14,                 123P     92
6.12323399573677E-17,0.;                                             123P     93
100,0.,0.,0.,72.5,0.,-72.5,0.;                                       125P     94
126,1,1,1,0,1,0,0.,0.,1.,1.,1.,1.,1.,0.,0.,0.,0.,0.,0.,1.,0.,        127P     95
0.,1.;                                                               127P     96
110,0.,0.,-72.5,0.,13.,-72.5;                                        129P     97
102,4,111,117,121,127;                                               131P     98
102,4,115,119,125,129;                                               133P     99
142,1,109,131,133,1;                                                 135P    100
144,109,1,0,135;                                                     137P    101
128,1,1,1,1,0,0,1,0,0,0.,0.,1.,1.,0.,0.,1.,1.,1.,1.,1.,1.,           139P    102
-55.66,13.,-55.66,-55.66,13.,55.66,55.66,13.,-55.66,55.66,13.,       139P    103
55.66,0.,1.,0.,1.;                                                   139P    104
126,64,2,1,0,1,0,0.,0.,0.,0.03125,0.03125,0.0625,0.0625,             141P    105
0.09375,0.09375,0.125,0.125,0.15625,0.15625,0.1875,0.1875,           141P    106
0.21875,0.21875,0.25,0.25,0.28125,0.28125,0.3125,0.3125,             141P    107
0.34375,0.34375,0.375,0.375,0.40625,0.40625,0.4375,0.4375,           141P    108
0.46875,0.46875,0.5,0.5,0.53125,0.53125,0.5625,0.5625,0.59375,       141P    109
0.59375,0.625,0.625,0.65625,0.65625,0.6875,0.6875,0.71875,           141P    110
0.71875,0.75,0.75,0.78125,0.78125,0.8125,0.8125,0.84375,             141P    111
0.84375,0.875,0.875,0.90625,0.90625,0.9375,0.9375,0.96875,           141P    112
0.96875,1.,1.,1.,1.,1.,1.,1.,1.,1.,1.,1.,1.,1.,1.,1.,1.,1.,1.,       141P    113
1.,1.,1.,1.,1.,1.,1.,1.,1.,1.,1.,1.,1.,1.,1.,1.,1.,1.,1.,1.,1.,      141P    114
1.,1.,1.,1.,1.,1.,1.,1.,1.,1.,1.,1.,1.,1.,1.,1.,1.,1.,1.,1.,1.,      141P    115
1.,1.,1.,1.,1.,1.,1.,1.,0.994071146,0.5,0.,0.994071146,              141P    116
0.524272159,0.,0.991692059,0.548427441,0.,0.989312971,               141P    117
0.572582723,0.,0.984577708,0.596388499,0.,0.979842444,               141P    118
0.620194275,0.,0.972796609,0.643421283,0.,0.965750773,               141P    119
0.666648291,0.,0.95646222,0.689072842,0.,0.947173667,                141P    120
0.711497393,0.,0.93573185,0.732903526,0.,0.924290033,                141P    121
0.754309659,0.,0.910805144,0.774491222,0.,0.897320255,               141P    122
0.794672784,0.,0.881922161,0.813435417,0.,0.866524066,               141P    123
0.83219805,0.,0.849361058,0.849361058,0.,0.83219805,                 141P    124
0.866524066,0.,0.813435417,0.881922161,0.,0.794672784,               141P    125
0.897320255,0.,0.774491222,0.910805144,0.,0.754309659,               141P    126
0.924290033,0.,0.732903526,0.93573185,0.,0.711497393,                141P    127
0.947173667,0.,0.689072842,0.95646222,0.,0.666648291,                141P    128
0.965750773,0.,0.643421283,0.972796609,0.,0.620194275,               141P    129
0.979842444,0.,0.596388499,0.984577708,0.,0.572582723,               141P    130
0.989312971,0.,0.548427441,0.991692059,0.,0.524272159,               141P    131
0.994071146,0.,0.5,0.994071146,0.,0.475727841,0.994071146,0.,        141P    132
0.451572559,0.991692059,0.,0.427417277,0.989312971,0.,               141P    133
0.403611501,0.984577708,0.,0.379805725,0.979842444,0.,               141P    134
0.356578717,0.972796609,0.,0.333351709,0.965750773,0.,               141P    135
0.310927158,0.95646222,0.,0.288502607,0.947173667,0.,                141P    136
0.267096474,0.93573185,0.,0.245690341,0.924290033,0.,                141P    137
0.225508778,0.910805144,0.,0.205327216,0.897320255,0.,               141P    138
0.186564583,0.881922161,0.,0.16780195,0.866524066,0.,                141P    139
0.150638942,0.849361058,0.,0.133475934,0.83219805,0.,                141P    140
0.118077839,0.813435417,0.,0.102679745,0.794672784,0.,               141P    141
0.089194856,0.774491222,0.,0.075709967,0.754309659,0.,               141P    142
0.06426815,0.732903526,0.,0.052826333,0.711497393,0.,                141P    143
0.04353778,0.689072842,0.,0.034249227,0.666648291,0.,                141P    144
0.027203391,0.643421283,0.,0.020157556,0.620194275,0.,               141P    145
0.015422292,0.596388499,0.,0.010687029,0.572582723,0.,               141P    146
0.008307941,0.548427441,0.,0.005928854,0.524272159,0.,               141P    147
0.005928854,0.5,0.,0.,1.,0.,0.,-1.;                                  141P    148
124,1.40271576953299E-14,1.,0.,-13.,-6.12323399573677E-17,           143P    149
8.58915688636046E-31,1.,13.,1.,-1.40271576953299E-14,                143P    150
6.12323399573677E-17,1.82353050039289E-13;                           143P    151
100,0.,0.,13.,55.,13.,-55.,13.;                                      145P    152
126,64,2,1,0,1,0,0.,0.,0.,0.03125,0.03125,0.0625,0.0625,             147P    153
0.09375,0.09375,0.125,0.125,0.15625,0.15625,0.1875,0.1875,           147P    154
0.21875,0.21875,0.25,0.25,0.28125,0.28125,0.3125,0.3125,             147P    155
0.34375,0.34375,0.375,0.375,0.40625,0.40625,0.4375,0.4375,           147P    156
0.46875,0.46875,0.5,0.5,0.53125,0.53125,0.5625,0.5625,0.59375,       147P    157
0.59375,0.625,0.625,0.65625,0.65625,0.6875,0.6875,0.71875,           147P    158
0.71875,0.75,0.75,0.78125,0.78125,0.8125,0.8125,0.84375,             147P    159
0.84375,0.875,0.875,0.90625,0.90625,0.9375,0.9375,0.96875,           147P    160
0.96875,1.,1.,1.,1.,1.,1.,1.,1.,1.,1.,1.,1.,1.,1.,1.,1.,1.,1.,       147P    161
1.,1.,1.,1.,1.,1.,1.,1.,1.,1.,1.,1.,1.,1.,1.,1.,1.,1.,1.,1.,1.,      147P    162
1.,1.,1.,1.,1.,1.,1.,1.,1.,1.,1.,1.,1.,1.,1.,1.,1.,1.,1.,1.,1.,      147P    163
1.,1.,1.,1.,1.,1.,1.,1.,0.005928854,0.5,0.,0.005928854,              147P    164
0.475727841,0.,0.008307941,0.451572559,0.,0.010687029,               147P    165
0.427417277,0.,0.015422292,0.403611501,0.,0.020157556,               147P    166
0.379805725,0.,0.027203391,0.356578717,0.,0.034249227,               147P    167
0.333351709,0.,0.04353778,0.310927158,0.,0.052826333,                147P    168
0.288502607,0.,0.06426815,0.267096474,0.,0.075709967,                147P    169
0.245690341,0.,0.089194856,0.225508778,0.,0.102679745,               147P    170
0.205327216,0.,0.118077839,0.186564583,0.,0.133475934,               147P    171
0.16780195,0.,0.150638942,0.150638942,0.,0.16780195,                 147P    172
0.133475934,0.,0.186564583,0.118077839,0.,0.205327216,               147P    173
0.102679745,0.,0.225508778,0.089194856,0.,0.245690341,               147P    174
0.075709967,0.,0.267096474,0.06426815,0.,0.288502607,                147P    175
0.052826333,0.,0.310927158,0.04353778,0.,0.333351709,                147P    176
0.034249227,0.,0.356578717,0.027203391,0.,0.379805725,               147P    177
0.020157556,0.,0.403611501,0.015422292,0.,0.427417277,               147P    178
0.010687029,0.,0.451572559,0.008307941,0.,0.475727841,               147P    179
0.005928854,0.,0.5,0.005928854,0.,0.524272159,0.005928854,0.,        147P    180
0.548427441,0.008307941,0.,0.572582723,0.010687029,0.,               147P    181
0.596388499,0.015422292,0.,0.620194275,0.020157556,0.,               147P    182
0.643421283,0.027203391,0.,0.666648291,0.034249227,0.,               147P    183
0.689072842,0.04353778,0.,0.711497393,0.052826333,0.,                147P    184
0.732903526,0.06426815,0.,0.754309659,0.075709967,0.,                147P    185
0.774491222,0.089194856,0.,0.794672784,0.102679745,0.,               147P    186
0.813435417,0.118077839,0.,0.83219805,0.133475934,0.,                147P    187
0.849361058,0.150638942,0.,0.866524066,0.16780195,0.,                147P    188
0.881922161,0.186564583,0.,0.897320255,0.205327216,0.,               147P    189
0.910805144,0.225508778,0.,0.924290033,0.245690341,0.,               147P    190
0.93573185,0.267096474,0.,0.947173667,0.288502607,0.,                147P    191
0.95646222,0.310927158,0.,0.965750773,0.333351709,0.,                147P    192
0.972796609,0.356578717,0.,0.979842444,0.379805725,0.,               147P    193
0.984577708,0.403611501,0.,0.989312971,0.427417277,0.,               147P    194
0.991692059,0.451572559,0.,0.994071146,0.475727841,0.,               147P    195
0.994071146,0.5,0.,0.,1.,0.,0.,-1.;                                  147P    196
124,6.12323399573677E-17,-1.,0.,13.,6.12323399573677E-17,            149P    197
3.74939945665464E-33,1.,13.,-1.,-6.12323399573677E-17,               149P    198
6.12323399573677E-17,7.9602041944578E-16;                            149P    199
100,0.,0.,13.,55.,13.,-55.,13.;                                      151P    200
102,2,141,147;                                                       153P    201
102,2,145,151;                                                       155P    202
142,1,139,153,155,1;                                                 157P    203
126,64,2,1,0,1,0,0.,0.,0.,0.03125,0.03125,0.0625,0.0625,             159P    204
0.09375,0.09375,0.125,0.125,0.15625,0.15625,0.1875,0.1875,           159P    205
0.21875,0.21875,0.25,0.25,0.28125,0.28125,0.3125,0.3125,             159P    206
0.34375,0.34375,0.375,0.375,0.40625,0.40625,0.4375,0.4375,           159P    207
0.46875,0.46875,0.5,0.5,0.53125,0.53125,0.5625,0.5625,0.59375,       159P    208
0.59375,0.625,0.625,0.65625,0.65625,0.6875,0.6875,0.71875,           159P    209
0.71875,0.75,0.75,0.78125,0.78125,0.8125,0.8125,0.84375,             159P    210
0.84375,0.875,0.875,0.90625,0.90625,0.9375,0.9375,0.96875,           159P    211
0.96875,1.,1.,1.,1.,1.,1.,1.,1.,1.,1.,1.,1.,1.,1.,1.,1.,1.,1.,       159P    212
1.,1.,1.,1.,1.,1.,1.,1.,1.,1.,1.,1.,1.,1.,1.,1.,1.,1.,1.,1.,1.,      159P    213
1.,1.,1.,1.,1.,1.,1.,1.,1.,1.,1.,1.,1.,1.,1.,1.,1.,1.,1.,1.,1.,      159P    214
1.,1.,1.,1.,1.,1.,1.,1.,0.949155587,0.5,0.,0.949155587,              159P    215
0.477934401,0.,0.946992781,0.455975054,0.,0.944829974,               159P    216
0.434015707,0.,0.940525189,0.412374092,0.,0.936220404,               159P    217
0.390732477,0.,0.929815099,0.369617015,0.,0.923409793,               159P    218
0.348501553,0.,0.914965654,0.328115598,0.,0.906521515,               159P    219
0.307729643,0.,0.896119864,0.288269522,0.,0.885718212,               159P    220
0.268809401,0.,0.873459222,0.250462526,0.,0.861200232,               159P    221
0.23211565,0.,0.847201964,0.215058712,0.,0.833203696,                159P    222
0.198001773,0.,0.817600962,0.182399038,0.,0.801998227,               159P    223
0.166796304,0.,0.784941288,0.152798036,0.,0.76788435,                159P    224
0.138799768,0.,0.749537474,0.126540778,0.,0.731190599,               159P    225
0.114281788,0.,0.711730478,0.103880136,0.,0.692270357,               159P    226
0.093478485,0.,0.671884402,0.085034346,0.,0.651498447,               159P    227
0.076590207,0.,0.630382985,0.070184901,0.,0.609267523,               159P    228
0.063779596,0.,0.587625908,0.059474811,0.,0.565984293,               159P    229
0.055170026,0.,0.544024946,0.053007219,0.,0.522065599,               159P    230
0.050844413,0.,0.5,0.050844413,0.,0.477934401,0.050844413,0.,        159P    231
0.455975054,0.053007219,0.,0.434015707,0.055170026,0.,               159P    232
0.412374092,0.059474811,0.,0.390732477,0.063779596,0.,               159P    233
0.369617015,0.070184901,0.,0.348501553,0.076590207,0.,               159P    234
0.328115598,0.085034346,0.,0.307729643,0.093478485,0.,               159P    235
0.288269522,0.103880136,0.,0.268809401,0.114281788,0.,               159P    236
0.250462526,0.126540778,0.,0.23211565,0.138799768,0.,                159P    237
0.215058712,0.152798036,0.,0.198001773,0.166796304,0.,               159P    238
0.182399038,0.182399038,0.,0.166796304,0.198001773,0.,               159P    239
0.152798036,0.215058712,0.,0.138799768,0.23211565,0.,                159P    240
0.126540778,0.250462526,0.,0.114281788,0.268809401,0.,               159P    241
0.103880136,0.288269522,0.,0.093478485,0.307729643,0.,               159P    242
0.085034346,0.328115598,0.,0.076590207,0.348501553,0.,               159P    243
0.070184901,0.369617015,0.,0.063779596,0.390732477,0.,               159P    244
0.059474811,0.412374092,0.,0.055170026,0.434015707,0.,               159P    245
0.053007219,0.455975054,0.,0.050844413,0.477934401,0.,               159P    246
0.050844413,0.5,0.,0.,1.,0.,0.,1.;                                   159P    247
124,6.12323399573677E-17,-1.,0.,13.,6.12323399573677E-17,            161P    248
3.74939945665464E-33,-1.,13.,1.,6.12323399573677E-17,                161P    249
6.12323399573677E-17,-7.9602041944578E-16;                           161P    250
100,0.,0.,13.,50.,13.,-50.,13.;                                      163P    251
126,64,2,1,0,1,0,0.,0.,0.,0.03125,0.03125,0.0625,0.0625,             165P    252
0.09375,0.09375,0.125,0.125,0.15625,0.15625,0.1875,0.1875,           165P    253
0.21875,0.21875,0.25,0.25,0.28125,0.28125,0.3125,0.3125,             165P    254
0.34375,0.34375,0.375,0.375,0.40625,0.40625,0.4375,0.4375,           165P    255
0.46875,0.46875,0.5,0.5,0.53125,0.53125,0.5625,0.5625,0.59375,       165P    256
0.59375,0.625,0.625,0.65625,0.65625,0.6875,0.6875,0.71875,           165P    257
0.71875,0.75,0.75,0.78125,0.78125,0.8125,0.8125,0.84375,             165P    258
0.84375,0.875,0.875,0.90625,0.90625,0.9375,0.9375,0.96875,           165P    259
0.96875,1.,1.,1.,1.,1.,1.,1.,1.,1.,1.,1.,1.,1.,1.,1.,1.,1.,1.,       165P    260
1.,1.,1.,1.,1.,1.,1.,1.,1.,1.,1.,1.,1.,1.,1.,1.,1.,1.,1.,1.,1.,      165P    261
1.,1.,1.,1.,1.,1.,1.,1.,1.,1.,1.,1.,1.,1.,1.,1.,1.,1.,1.,1.,1.,      165P    262
1.,1.,1.,1.,1.,1.,1.,1.,0.050844413,0.5,0.,0.050844413,              165P    263
0.522065599,0.,0.053007219,0.544024946,0.,0.055170026,               165P    264
0.565984293,0.,0.059474811,0.587625908,0.,0.063779596,               165P    265
0.609267523,0.,0.070184901,0.630382985,0.,0.076590207,               165P    266
0.651498447,0.,0.085034346,0.671884402,0.,0.093478485,               165P    267
0.692270357,0.,0.103880136,0.711730478,0.,0.114281788,               165P    268
0.731190599,0.,0.126540778,0.749537474,0.,0.138799768,               165P    269
0.76788435,0.,0.152798036,0.784941288,0.,0.166796304,                165P    270
0.801998227,0.,0.182399038,0.817600962,0.,0.198001773,               165P    271
0.833203696,0.,0.215058712,0.847201964,0.,0.23211565,                165P    272
0.861200232,0.,0.250462526,0.873459222,0.,0.268809401,               165P    273
0.885718212,0.,0.288269522,0.896119864,0.,0.307729643,               165P    274
0.906521515,0.,0.328115598,0.914965654,0.,0.348501553,               165P    275
0.923409793,0.,0.369617015,0.929815099,0.,0.390732477,               165P    276
0.936220404,0.,0.412374092,0.940525189,0.,0.434015707,               165P    277
0.944829974,0.,0.455975054,0.946992781,0.,0.477934401,               165P    278
0.949155587,0.,0.5,0.949155587,0.,0.522065599,0.949155587,0.,        165P    279
0.544024946,0.946992781,0.,0.565984293,0.944829974,0.,               165P    280
0.587625908,0.940525189,0.,0.609267523,0.936220404,0.,               165P    281
0.630382985,0.929815099,0.,0.651498447,0.923409793,0.,               165P    282
0.671884402,0.914965654,0.,0.692270357,0.906521515,0.,               165P    283
0.711730478,0.896119864,0.,0.731190599,0.885718212,0.,               165P    284
0.749537474,0.873459222,0.,0.76788435,0.861200232,0.,                165P    285
0.784941288,0.847201964,0.,0.801998227,0.833203696,0.,               165P    286
0.817600962,0.817600962,0.,0.833203696,0.801998227,0.,               165P    287
0.847201964,0.784941288,0.,0.861200232,0.76788435,0.,                165P    288
0.873459222,0.749537474,0.,0.885718212,0.731190599,0.,               165P    289
0.896119864,0.711730478,0.,0.906521515,0.692270357,0.,               165P    290
0.914965654,0.671884402,0.,0.923409793,0.651498447,0.,               165P    291
0.929815099,0.630382985,0.,0.936220404,0.609267523,0.,               165P    292
0.940525189,0.587625908,0.,0.944829974,0.565984293,0.,               165P    293
0.946992781,0.544024946,0.,0.949155587,0.522065599,0.,               165P    294
0.949155587,0.5,0.,0.,1.,0.,0.,1.;                                   165P    295
124,1.40271576953299E-14,1.,0.,-13.,-6.12323399573677E-17,           167P    296
8.58915688636046E-31,-1.,13.,-1.,1.40271576953299E-14,               167P    297
6.12323399573677E-17,-1.82353050039289E-13;                          167P    298
100,0.,0.,13.,50.,13.,-50.,13.;                                      169P    299
102,2,159,165;                                                       171P    300
102,2,163,169;                                                       173P    301
142,1,139,171,173,1;                                                 175P    302
144,139,1,1,157,175;                                                 177P    303
128,1,1,1,1,0,0,1,0,0,0.,0.,1.,1.,0.,0.,1.,1.,1.,1.,1.,1.,           179P    304
-73.37,13.,-73.37,-73.37,13.,73.37,73.37,13.,-73.37,73.37,13.,       179P    305
73.37,0.,1.,0.,1.;                                                   179P    306
126,64,2,1,0,1,0,0.,0.,0.,0.03125,0.03125,0.0625,0.0625,             181P    307
0.09375,0.09375,0.125,0.125,0.15625,0.15625,0.1875,0.1875,           181P    308
0.21875,0.21875,0.25,0.25,0.28125,0.28125,0.3125,0.3125,             181P    309
0.34375,0.34375,0.375,0.375,0.40625,0.40625,0.4375,0.4375,           181P    310
0.46875,0.46875,0.5,0.5,0.53125,0.53125,0.5625,0.5625,0.59375,       181P    311
0.59375,0.625,0.625,0.65625,0.65625,0.6875,0.6875,0.71875,           181P    312
0.71875,0.75,0.75,0.78125,0.78125,0.8125,0.8125,0.84375,             181P    313
0.84375,0.875,0.875,0.90625,0.90625,0.9375,0.9375,0.96875,           181P    314
0.96875,1.,1.,1.,1.,1.,1.,1.,1.,1.,1.,1.,1.,1.,1.,1.,1.,1.,1.,       181P    315
1.,1.,1.,1.,1.,1.,1.,1.,1.,1.,1.,1.,1.,1.,1.,1.,1.,1.,1.,1.,1.,      181P    316
1.,1.,1.,1.,1.,1.,1.,1.,1.,1.,1.,1.,1.,1.,1.,1.,1.,1.,1.,1.,1.,      181P    317
1.,1.,1.,1.,1.,1.,1.,1.,0.005928854,0.5,0.,0.005928854,              181P    318
0.475727841,0.,0.008307941,0.451572559,0.,0.010687029,               181P    319
0.427417277,0.,0.015422292,0.403611501,0.,0.020157556,               181P    320
0.379805725,0.,0.027203391,0.356578717,0.,0.034249227,               181P    321
0.333351709,0.,0.04353778,0.310927158,0.,0.052826333,                181P    322
0.288502607,0.,0.06426815,0.267096474,0.,0.075709967,                181P    323
0.245690341,0.,0.089194856,0.225508778,0.,0.102679745,               181P    324
0.205327216,0.,0.118077839,0.186564583,0.,0.133475934,               181P    325
0.16780195,0.,0.150638942,0.150638942,0.,0.16780195,                 181P    326
0.133475934,0.,0.186564583,0.118077839,0.,0.205327216,               181P    327
0.102679745,0.,0.225508778,0.089194856,0.,0.245690341,               181P    328
0.075709967,0.,0.267096474,0.06426815,0.,0.288502607,                181P    329
0.052826333,0.,0.310927158,0.04353778,0.,0.333351709,                181P    330
0.034249227,0.,0.356578717,0.027203391,0.,0.379805725,               181P    331
0.020157556,0.,0.403611501,0.015422292,0.,0.427417277,               181P    332
0.010687029,0.,0.451572559,0.008307941,0.,0.475727841,               181P    333
0.005928854,0.,0.5,0.005928854,0.,0.524272159,0.005928854,0.,        181P    334
0.548427441,0.008307941,0.,0.572582723,0.010687029,0.,               181P    335
0.596388499,0.015422292,0.,0.620194275,0.020157556,0.,               181P    336
0.643421283,0.027203391,0.,0.666648291,0.034249227,0.,               181P    337
0.689072842,0.04353778,0.,0.711497393,0.052826333,0.,                181P    338
0.732903526,0.06426815,0.,0.754309659,0.075709967,0.,                181P    339
0.774491222,0.089194856,0.,0.794672784,0.102679745,0.,               181P    340
0.813435417,0.118077839,0.,0.83219805,0.133475934,0.,                181P    341
0.849361058,0.150638942,0.,0.866524066,0.16780195,0.,                181P    342
0.881922161,0.186564583,0.,0.897320255,0.205327216,0.,               181P    343
0.910805144,0.225508778,0.,0.924290033,0.245690341,0.,               181P    344
0.93573185,0.267096474,0.,0.947173667,0.288502607,0.,                181P    345
0.95646222,0.310927158,0.,0.965750773,0.333351709,0.,                181P    346
0.972796609,0.356578717,0.,0.979842444,0.379805725,0.,               181P    347
0.984577708,0.403611501,0.,0.989312971,0.427417277,0.,               181P    348
0.991692059,0.451572559,0.,0.994071146,0.475727841,0.,               181P    349
0.994071146,0.5,0.,0.,1.,0.,0.,-1.;                                  181P    350
124,6.12323399573677E-17,-1.,0.,13.,6.12323399573677E-17,            183P    351
3.74939945665464E-33,1.,13.,-1.,-6.12323399573677E-17,               183P    352
6.12323399573677E-17,7.9602041944578E-16;                            183P    353
100,0.,0.,13.,72.5,13.,-72.5,13.;                                    185P    354
126,64,2,1,0,1,0,0.,0.,0.,0.03125,0.03125,0.0625,0.0625,             187P    355
0.09375,0.09375,0.125,0.125,0.15625,0.15625,0.1875,0.1875,           187P    356
0.21875,0.21875,0.25,0.25,0.28125,0.28125,0.3125,0.3125,             187P    357
0.34375,0.34375,0.375,0.375,0.40625,0.40625,0.4375,0.4375,           187P    358
0.46875,0.46875,0.5,0.5,0.53125,0.53125,0.5625,0.5625,0.59375,       187P    359
0.59375,0.625,0.625,0.65625,0.65625,0.6875,0.6875,0.71875,           187P    360
0.71875,0.75,0.75,0.78125,0.78125,0.8125,0.8125,0.84375,             187P    361
0.84375,0.875,0.875,0.90625,0.90625,0.9375,0.9375,0.96875,           187P    362
0.96875,1.,1.,1.,1.,1.,1.,1.,1.,1.,1.,1.,1.,1.,1.,1.,1.,1.,1.,       187P    363
1.,1.,1.,1.,1.,1.,1.,1.,1.,1.,1.,1.,1.,1.,1.,1.,1.,1.,1.,1.,1.,      187P    364
1.,1.,1.,1.,1.,1.,1.,1.,1.,1.,1.,1.,1.,1.,1.,1.,1.,1.,1.,1.,1.,      187P    365
1.,1.,1.,1.,1.,1.,1.,1.,0.994071146,0.5,0.,0.994071146,              187P    366
0.524272159,0.,0.991692059,0.548427441,0.,0.989312971,               187P    367
0.572582723,0.,0.984577708,0.596388499,0.,0.979842444,               187P    368
0.620194275,0.,0.972796609,0.643421283,0.,0.965750773,               187P    369
0.666648291,0.,0.95646222,0.689072842,0.,0.947173667,                187P    370
0.711497393,0.,0.93573185,0.732903526,0.,0.924290033,                187P    371
0.754309659,0.,0.910805144,0.774491222,0.,0.897320255,               187P    372
0.794672784,0.,0.881922161,0.813435417,0.,0.866524066,               187P    373
0.83219805,0.,0.849361058,0.849361058,0.,0.83219805,                 187P    374
0.866524066,0.,0.813435417,0.881922161,0.,0.794672784,               187P    375
0.897320255,0.,0.774491222,0.910805144,0.,0.754309659,               187P    376
0.924290033,0.,0.732903526,0.93573185,0.,0.711497393,                187P    377
0.947173667,0.,0.689072842,0.95646222,0.,0.666648291,                187P    378
0.965750773,0.,0.643421283,0.972796609,0.,0.620194275,               187P    379
0.979842444,0.,0.596388499,0.984577708,0.,0.572582723,               187P    380
0.989312971,0.,0.548427441,0.991692059,0.,0.524272159,               187P    381
0.994071146,0.,0.5,0.994071146,0.,0.475727841,0.994071146,0.,        187P    382
0.451572559,0.991692059,0.,0.427417277,0.989312971,0.,               187P    383
0.403611501,0.984577708,0.,0.379805725,0.979842444,0.,               187P    384
0.356578717,0.972796609,0.,0.333351709,0.965750773,0.,               187P    385
0.310927158,0.95646222,0.,0.288502607,0.947173667,0.,                187P    386
0.267096474,0.93573185,0.,0.245690341,0.924290033,0.,                187P    387
0.225508778,0.910805144,0.,0.205327216,0.897320255,0.,               187P    388
0.186564583,0.881922161,0.,0.16780195,0.866524066,0.,                187P    389
0.150638942,0.849361058,0.,0.133475934,0.83219805,0.,                187P    390
0.118077839,0.813435417,0.,0.102679745,0.794672784,0.,               187P    391
0.089194856,0.774491222,0.,0.075709967,0.754309659,0.,               187P    392
0.06426815,0.732903526,0.,0.052826333,0.711497393,0.,                187P    393
0.04353778,0.689072842,0.,0.034249227,0.666648291,0.,                187P    394
0.027203391,0.643421283,0.,0.020157556,0.620194275,0.,               187P    395
0.015422292,0.596388499,0.,0.010687029,0.572582723,0.,               187P    396
0.008307941,0.548427441,0.,0.005928854,0.524272159,0.,               187P    397
0.005928854,0.5,0.,0.,1.,0.,0.,-1.;                                  187P    398
124,1.40271576953299E-14,1.,0.,-13.,-6.12323399573677E-17,           189P    399
8.58915688636046E-31,1.,13.,1.,-1.40271576953299E-14,                189P    400
6.12323399573677E-17,1.82353050039289E-13;                           189P    401
100,0.,0.,13.,72.5,13.,-72.5,13.;                                    191P    402
102,2,181,187;                                                       193P    403
102,2,185,191;                                                       195P    404
142,1,179,193,195,1;                                                 197P    405
126,64,2,1,0,1,0,0.,0.,0.,0.03125,0.03125,0.0625,0.0625,             199P    406
0.09375,0.09375,0.125,0.125,0.15625,0.15625,0.1875,0.1875,           199P    407
0.21875,0.21875,0.25,0.25,0.28125,0.28125,0.3125,0.3125,             199P    408
0.34375,0.34375,0.375,0.375,0.40625,0.40625,0.4375,0.4375,           199P    409
0.46875,0.46875,0.5,0.5,0.53125,0.53125,0.5625,0.5625,0.59375,       199P    410
0.59375,0.625,0.625,0.65625,0.65625,0.6875,0.6875,0.71875,           199P    411
0.71875,0.75,0.75,0.78125,0.78125,0.8125,0.8125,0.84375,             199P    412
0.84375,0.875,0.875,0.90625,0.90625,0.9375,0.9375,0.96875,           199P    413
0.96875,1.,1.,1.,1.,1.,1.,1.,1.,1.,1.,1.,1.,1.,1.,1.,1.,1.,1.,       199P    414
1.,1.,1.,1.,1.,1.,1.,1.,1.,1.,1.,1.,1.,1.,1.,1.,1.,1.,1.,1.,1.,      199P    415
1.,1.,1.,1.,1.,1.,1.,1.,1.,1.,1.,1.,1.,1.,1.,1.,1.,1.,1.,1.,1.,      199P    416
1.,1.,1.,1.,1.,1.,1.,1.,0.057039662,0.5,0.,0.057039662,              199P    417
0.521761246,0.,0.059172637,0.543417706,0.,0.061305612,               199P    418
0.565074165,0.,0.065551021,0.586417275,0.,0.069796429,               199P    419
0.607760385,0.,0.076113385,0.628584599,0.,0.082430342,               199P    420
0.649408813,0.,0.09075801,0.669513583,0.,0.099085678,                199P    421
0.689618352,0.,0.109343859,0.708810058,0.,0.119602039,               199P    422
0.728001763,0.,0.131691939,0.746095578,0.,0.14378184,                199P    423
0.764189393,0.,0.157587028,0.781011064,0.,0.171392217,               199P    424
0.797832734,0.,0.186779741,0.813220259,0.,0.202167266,               199P    425
0.828607783,0.,0.218988936,0.842412972,0.,0.235810607,               199P    426
0.85621816,0.,0.253904422,0.868308061,0.,0.271998237,                199P    427
0.880397961,0.,0.291189942,0.890656141,0.,0.310381648,               199P    428
0.900914322,0.,0.330486417,0.90924199,0.,0.350591187,                199P    429
0.917569658,0.,0.371415401,0.923886615,0.,0.392239615,               199P    430
0.930203571,0.,0.413582725,0.934448979,0.,0.434925835,               199P    431
0.938694388,0.,0.456582294,0.940827363,0.,0.478238754,               199P    432
0.942960338,0.,0.5,0.942960338,0.,0.521761246,0.942960338,0.,        199P    433
0.543417706,0.940827363,0.,0.565074165,0.938694388,0.,               199P    434
0.586417275,0.934448979,0.,0.607760385,0.930203571,0.,               199P    435
0.628584599,0.923886615,0.,0.649408813,0.917569658,0.,               199P    436
0.669513583,0.90924199,0.,0.689618352,0.900914322,0.,                199P    437
0.708810058,0.890656141,0.,0.728001763,0.880397961,0.,               199P    438
0.746095578,0.868308061,0.,0.764189393,0.85621816,0.,                199P    439
0.781011064,0.842412972,0.,0.797832734,0.828607783,0.,               199P    440
0.813220259,0.813220259,0.,0.828607783,0.797832734,0.,               199P    441
0.842412972,0.781011064,0.,0.85621816,0.764189393,0.,                199P    442
0.868308061,0.746095578,0.,0.880397961,0.728001763,0.,               199P    443
0.890656141,0.708810058,0.,0.900914322,0.689618352,0.,               199P    444
0.90924199,0.669513583,0.,0.917569658,0.649408813,0.,                199P    445
0.923886615,0.628584599,0.,0.930203571,0.607760385,0.,               199P    446
0.934448979,0.586417275,0.,0.938694388,0.565074165,0.,               199P    447
0.940827363,0.543417706,0.,0.942960338,0.521761246,0.,               199P    448
0.942960338,0.5,0.,0.,1.,0.,0.,1.;                                   199P    449
124,1.40271576953299E-14,1.,0.,-13.,-6.12323399573677E-17,           201P    450
8.58915688636046E-31,-1.,13.,-1.,1.40271576953299E-14,               201P    451
6.12323399573677E-17,-1.82353050039289E-13;                          201P    452
100,0.,0.,13.,65.,13.,-65.,13.;                                      203P    453
126,64,2,1,0,1,0,0.,0.,0.,0.03125,0.03125,0.0625,0.0625,             205P    454
0.09375,0.09375,0.125,0.125,0.15625,0.15625,0.1875,0.1875,           205P    455
0.21875,0.21875,0.25,0.25,0.28125,0.28125,0.3125,0.3125,             205P    456
0.34375,0.34375,0.375,0.375,0.40625,0.40625,0.4375,0.4375,           205P    457
0.46875,0.46875,0.5,0.5,0.53125,0.53125,0.5625,0.5625,0.59375,       205P    458
0.59375,0.625,0.625,0.65625,0.65625,0.6875,0.6875,0.71875,           205P    459
0.71875,0.75,0.75,0.78125,0.78125,0.8125,0.8125,0.84375,             205P    460
0.84375,0.875,0.875,0.90625,0.90625,0.9375,0.9375,0.96875,           205P    461
0.96875,1.,1.,1.,1.,1.,1.,1.,1.,1.,1.,1.,1.,1.,1.,1.,1.,1.,1.,       205P    462
1.,1.,1.,1.,1.,1.,1.,1.,1.,1.,1.,1.,1.,1.,1.,1.,1.,1.,1.,1.,1.,      205P    463
1.,1.,1.,1.,1.,1.,1.,1.,1.,1.,1.,1.,1.,1.,1.,1.,1.,1.,1.,1.,1.,      205P    464
1.,1.,1.,1.,1.,1.,1.,1.,0.942960338,0.5,0.,0.942960338,              205P    465
0.478238754,0.,0.940827363,0.456582294,0.,0.938694388,               205P    466
0.434925835,0.,0.934448979,0.413582725,0.,0.930203571,               205P    467
0.392239615,0.,0.923886615,0.371415401,0.,0.917569658,               205P    468
0.350591187,0.,0.90924199,0.330486417,0.,0.900914322,                205P    469
0.310381648,0.,0.890656141,0.291189942,0.,0.880397961,               205P    470
0.271998237,0.,0.868308061,0.253904422,0.,0.85621816,                205P    471
0.235810607,0.,0.842412972,0.218988936,0.,0.828607783,               205P    472
0.202167266,0.,0.813220259,0.186779741,0.,0.797832734,               205P    473
0.171392217,0.,0.781011064,0.157587028,0.,0.764189393,               205P    474
0.14378184,0.,0.746095578,0.131691939,0.,0.728001763,                205P    475
0.119602039,0.,0.708810058,0.109343859,0.,0.689618352,               205P    476
0.099085678,0.,0.669513583,0.09075801,0.,0.649408813,                205P    477
0.082430342,0.,0.628584599,0.076113385,0.,0.607760385,               205P    478
0.069796429,0.,0.586417275,0.065551021,0.,0.565074165,               205P    479
0.061305612,0.,0.543417706,0.059172637,0.,0.521761246,               205P    480
0.057039662,0.,0.5,0.057039662,0.,0.478238754,0.057039662,0.,        205P    481
0.456582294,0.059172637,0.,0.434925835,0.061305612,0.,               205P    482
0.413582725,0.065551021,0.,0.392239615,0.069796429,0.,               205P    483
0.371415401,0.076113385,0.,0.350591187,0.082430342,0.,               205P    484
0.330486417,0.09075801,0.,0.310381648,0.099085678,0.,                205P    485
0.291189942,0.109343859,0.,0.271998237,0.119602039,0.,               205P    486
0.253904422,0.131691939,0.,0.235810607,0.14378184,0.,                205P    487
0.218988936,0.157587028,0.,0.202167266,0.171392217,0.,               205P    488
0.186779741,0.186779741,0.,0.171392217,0.202167266,0.,               205P    489
0.157587028,0.218988936,0.,0.14378184,0.235810607,0.,                205P    490
0.131691939,0.253904422,0.,0.119602039,0.271998237,0.,               205P    491
0.109343859,0.291189942,0.,0.099085678,0.310381648,0.,               205P    492
0.09075801,0.330486417,0.,0.082430342,0.350591187,0.,                205P    493
0.076113385,0.371415401,0.,0.069796429,0.392239615,0.,               205P    494
0.065551021,0.413582725,0.,0.061305612,0.434925835,0.,               205P    495
0.059172637,0.456582294,0.,0.057039662,0.478238754,0.,               205P    496
0.057039662,0.5,0.,0.,1.,0.,0.,1.;                                   205P    497
124,6.12323399573677E-17,-1.,0.,13.,6.12323399573677E-17,            207P    498
3.74939945665464E-33,-1.,13.,1.,6.12323399573677E-17,                207P    499
6.12323399573677E-17,-7.9602041944578E-16;                           207P    500
100,0.,0.,13.,65.,13.,-65.,13.;                                      209P    501
102,2,199,205;                                                       211P    502
102,2,203,209;                                                       213P    503
142,1,179,211,213,1;                                                 215P    504
144,179,1,1,197,215;                                                 217P    505
128,1,1,1,1,0,0,1,0,0,0.,0.,1.,1.,0.,0.,1.,1.,1.,1.,1.,1.,           219P    506
-73.37,0.,-73.37,-73.37,0.,73.37,73.37,0.,-73.37,73.37,0.,           219P    507
73.37,0.,1.,0.,1.;                                                   219P    508
126,64,2,1,0,1,0,0.,0.,0.,0.03125,0.03125,0.0625,0.0625,             221P    509
0.09375,0.09375,0.125,0.125,0.15625,0.15625,0.1875,0.1875,           221P    510
0.21875,0.21875,0.25,0.25,0.28125,0.28125,0.3125,0.3125,             221P    511
0.34375,0.34375,0.375,0.375,0.40625,0.40625,0.4375,0.4375,           221P    512
0.46875,0.46875,0.5,0.5,0.53125,0.53125,0.5625,0.5625,0.59375,       221P    513
0.59375,0.625,0.625,0.65625,0.65625,0.6875,0.6875,0.71875,           221P    514
0.71875,0.75,0.75,0.78125,0.78125,0.8125,0.8125,0.84375,             221P    515
0.84375,0.875,0.875,0.90625,0.90625,0.9375,0.9375,0.96875,           221P    516
0.96875,1.,1.,1.,1.,1.,1.,1.,1.,1.,1.,1.,1.,1.,1.,1.,1.,1.,1.,       221P    517
1.,1.,1.,1.,1.,1.,1.,1.,1.,1.,1.,1.,1.,1.,1.,1.,1.,1.,1.,1.,1.,      221P    518
1.,1.,1.,1.,1.,1.,1.,1.,1.,1.,1.,1.,1.,1.,1.,1.,1.,1.,1.,1.,1.,      221P    519
1.,1.,1.,1.,1.,1.,1.,1.,0.994071146,0.5,0.,0.994071146,              221P    520
0.524272159,0.,0.991692059,0.548427441,0.,0.989312971,               221P    521
0.572582723,0.,0.984577708,0.596388499,0.,0.979842444,               221P    522
0.620194275,0.,0.972796609,0.643421283,0.,0.965750773,               221P    523
0.666648291,0.,0.95646222,0.689072842,0.,0.947173667,                221P    524
0.711497393,0.,0.93573185,0.732903526,0.,0.924290033,                221P    525
0.754309659,0.,0.910805144,0.774491222,0.,0.897320255,               221P    526
0.794672784,0.,0.881922161,0.813435417,0.,0.866524066,               221P    527
0.83219805,0.,0.849361058,0.849361058,0.,0.83219805,                 221P    528
0.866524066,0.,0.813435417,0.881922161,0.,0.794672784,               221P    529
0.897320255,0.,0.774491222,0.910805144,0.,0.754309659,               221P    530
0.924290033,0.,0.732903526,0.93573185,0.,0.711497393,                221P    531
0.947173667,0.,0.689072842,0.95646222,0.,0.666648291,                221P    532
0.965750773,0.,0.643421283,0.972796609,0.,0.620194275,               221P    533
0.979842444,0.,0.596388499,0.984577708,0.,0.572582723,               221P    534
0.989312971,0.,0.548427441,0.991692059,0.,0.524272159,               221P    535
0.994071146,0.,0.5,0.994071146,0.,0.475727841,0.994071146,0.,        221P    536
0.451572559,0.991692059,0.,0.427417277,0.989312971,0.,               221P    537
0.403611501,0.984577708,0.,0.379805725,0.979842444,0.,               221P    538
0.356578717,0.972796609,0.,0.333351709,0.965750773,0.,               221P    539
0.310927158,0.95646222,0.,0.288502607,0.947173667,0.,                221P    540
0.267096474,0.93573185,0.,0.245690341,0.924290033,0.,                221P    541
0.225508778,0.910805144,0.,0.205327216,0.897320255,0.,               221P    542
0.186564583,0.881922161,0.,0.16780195,0.866524066,0.,                221P    543
0.150638942,0.849361058,0.,0.133475934,0.83219805,0.,                221P    544
0.118077839,0.813435417,0.,0.102679745,0.794672784,0.,               221P    545
0.089194856,0.774491222,0.,0.075709967,0.754309659,0.,               221P    546
0.06426815,0.732903526,0.,0.052826333,0.711497393,0.,                221P    547
0.04353778,0.689072842,0.,0.034249227,0.666648291,0.,                221P    548
0.027203391,0.643421283,0.,0.020157556,0.620194275,0.,               221P    549
0.015422292,0.596388499,0.,0.010687029,0.572582723,0.,               221P    550
0.008307941,0.548427441,0.,0.005928854,0.524272159,0.,               221P    551
0.005928854,0.5,0.,0.,1.,0.,0.,-1.;                                  221P    552
124,1.40271576953299E-14,1.,0.,0.,-6.12323399573677E-17,             223P    553
8.58915688636046E-31,1.,0.,1.,-1.40271576953299E-14,                 223P    554
6.12323399573677E-17,0.;                                             223P    555
100,0.,0.,0.,72.5,0.,-72.5,0.;                                       225P    556
126,64,2,1,0,1,0,0.,0.,0.,0.03125,0.03125,0.0625,0.0625,             227P    557
0.09375,0.09375,0.125,0.125,0.15625,0.15625,0.1875,0.1875,           227P    558
0.21875,0.21875,0.25,0.25,0.28125,0.28125,0.3125,0.3125,             227P    559
0.34375,0.34375,0.375,0.375,0.40625,0.40625,0.4375,0.4375,           227P    560
0.46875,0.46875,0.5,0.5,0.53125,0.53125,0.5625,0.5625,0.59375,       227P    561
0.59375,0.625,0.625,0.65625,0.65625,0.6875,0.6875,0.71875,           227P    562
0.71875,0.75,0.75,0.78125,0.78125,0.8125,0.8125,0.84375,             227P    563
0.84375,0.875,0.875,0.90625,0.90625,0.9375,0.9375,0.96875,           227P    564
0.96875,1.,1.,1.,1.,1.,1.,1.,1.,1.,1.,1.,1.,1.,1.,1.,1.,1.,1.,       227P    565
1.,1.,1.,1.,1.,1.,1.,1.,1.,1.,1.,1.,1.,1.,1.,1.,1.,1.,1.,1.,1.,      227P    566
1.,1.,1.,1.,1.,1.,1.,1.,1.,1.,1.,1.,1.,1.,1.,1.,1.,1.,1.,1.,1.,      227P    567
1.,1.,1.,1.,1.,1.,1.,1.,0.005928854,0.5,0.,0.005928854,              227P    568
0.475727841,0.,0.008307941,0.451572559,0.,0.010687029,               227P    569
0.427417277,0.,0.015422292,0.403611501,0.,0.020157556,               227P    570
0.379805725,0.,0.027203391,0.356578717,0.,0.034249227,               227P    571
0.333351709,0.,0.04353778,0.310927158,0.,0.052826333,                227P    572
0.288502607,0.,0.06426815,0.267096474,0.,0.075709967,                227P    573
0.245690341,0.,0.089194856,0.225508778,0.,0.102679745,               227P    574
0.205327216,0.,0.118077839,0.186564583,0.,0.133475934,               227P    575
0.16780195,0.,0.150638942,0.150638942,0.,0.16780195,                 227P    576
0.133475934,0.,0.186564583,0.118077839,0.,0.205327216,               227P    577
0.102679745,0.,0.225508778,0.089194856,0.,0.245690341,               227P    578
0.075709967,0.,0.267096474,0.06426815,0.,0.288502607,                227P    579
0.052826333,0.,0.310927158,0.04353778,0.,0.333351709,                227P    580
0.034249227,0.,0.356578717,0.027203391,0.,0.379805725,               227P    581
0.020157556,0.,0.403611501,0.015422292,0.,0.427417277,               227P    582
0.010687029,0.,0.451572559,0.008307941,0.,0.475727841,               227P    583
0.005928854,0.,0.5,0.005928854,0.,0.524272159,0.005928854,0.,        227P    584
0.548427441,0.008307941,0.,0.572582723,0.010687029,0.,               227P    585
0.596388499,0.015422292,0.,0.620194275,0.020157556,0.,               227P    586
0.643421283,0.027203391,0.,0.666648291,0.034249227,0.,               227P    587
0.689072842,0.04353778,0.,0.711497393,0.052826333,0.,                227P    588
0.732903526,0.06426815,0.,0.754309659,0.075709967,0.,                227P    589
0.774491222,0.089194856,0.,0.794672784,0.102679745,0.,               227P    590
0.813435417,0.118077839,0.,0.83219805,0.133475934,0.,                227P    591
0.849361058,0.150638942,0.,0.866524066,0.16780195,0.,                227P    592
0.881922161,0.186564583,0.,0.897320255,0.205327216,0.,               227P    593
0.910805144,0.225508778,0.,0.924290033,0.245690341,0.,               227P    594
0.93573185,0.267096474,0.,0.947173667,0.288502607,0.,                227P    595
0.95646222,0.310927158,0.,0.965750773,0.333351709,0.,                227P    596
0.972796609,0.356578717,0.,0.979842444,0.379805725,0.,               227P    597
0.984577708,0.403611501,0.,0.989312971,0.427417277,0.,               227P    598
0.991692059,0.451572559,0.,0.994071146,0.475727841,0.,               227P    599
0.994071146,0.5,0.,0.,1.,0.,0.,-1.;                                  227P    600
124,6.12323399573677E-17,-1.,0.,0.,6.12323399573677E-17,             229P    601
3.74939945665464E-33,1.,0.,-1.,-6.12323399573677E-17,                229P    602
6.12323399573677E-17,0.;                                             229P    603
100,0.,0.,0.,72.5,0.,-72.5,0.;                                       231P    604
102,2,221,227;                                                       233P    605
102,2,225,231;                                                       235P    606
142,1,219,233,235,1;                                                 237P    607
126,64,2,1,0,1,0,0.,0.,0.,0.03125,0.03125,0.0625,0.0625,             239P    608
0.09375,0.09375,0.125,0.125,0.15625,0.15625,0.1875,0.1875,           239P    609
0.21875,0.21875,0.25,0.25,0.28125,0.28125,0.3125,0.3125,             239P    610
0.34375,0.34375,0.375,0.375,0.40625,0.40625,0.4375,0.4375,           239P    611
0.46875,0.46875,0.5,0.5,0.53125,0.53125,0.5625,0.5625,0.59375,       239P    612
0.59375,0.625,0.625,0.65625,0.65625,0.6875,0.6875,0.71875,           239P    613
0.71875,0.75,0.75,0.78125,0.78125,0.8125,0.8125,0.84375,             239P    614
0.84375,0.875,0.875,0.90625,0.90625,0.9375,0.9375,0.96875,           239P    615
0.96875,1.,1.,1.,1.,1.,1.,1.,1.,1.,1.,1.,1.,1.,1.,1.,1.,1.,1.,       239P    616
1.,1.,1.,1.,1.,1.,1.,1.,1.,1.,1.,1.,1.,1.,1.,1.,1.,1.,1.,1.,1.,      239P    617
1.,1.,1.,1.,1.,1.,1.,1.,1.,1.,1.,1.,1.,1.,1.,1.,1.,1.,1.,1.,1.,      239P    618
1.,1.,1.,1.,1.,1.,1.,1.,0.159261278,0.5,0.,0.159261278,              239P    619
0.51673942,0.,0.160902029,0.533398235,0.,0.162542779,                239P    620
0.55005705,0.,0.165808477,0.566474827,0.,0.169074176,                239P    621
0.582892604,0.,0.173933373,0.59891123,0.,0.178792571,                239P    622
0.614929856,0.,0.185198469,0.630395064,0.,0.191604368,               239P    623
0.645860271,0.,0.199495276,0.660623121,0.,0.207386184,               239P    624
0.675385972,0.,0.216686107,0.689304291,0.,0.225986031,               239P    625
0.70322261,0.,0.236605406,0.716162357,0.,0.247224782,                239P    626
0.729102103,0.,0.259061339,0.740938661,0.,0.270897897,               239P    627
0.752775218,0.,0.283837643,0.763394594,0.,0.29677739,                239P    628
0.774013969,0.,0.310695709,0.783313893,0.,0.324614028,               239P    629
0.792613816,0.,0.339376879,0.800504724,0.,0.354139729,               239P    630
0.808395632,0.,0.369604936,0.814801531,0.,0.385070144,               239P    631
0.821207429,0.,0.40108877,0.826066627,0.,0.417107396,                239P    632
0.830925824,0.,0.433525173,0.834191523,0.,0.44994295,                239P    633
0.837457221,0.,0.466601765,0.839097971,0.,0.48326058,                239P    634
0.840738722,0.,0.5,0.840738722,0.,0.51673942,0.840738722,0.,         239P    635
0.533398235,0.839097971,0.,0.55005705,0.837457221,0.,                239P    636
0.566474827,0.834191523,0.,0.582892604,0.830925824,0.,               239P    637
0.59891123,0.826066627,0.,0.614929856,0.821207429,0.,                239P    638
0.630395064,0.814801531,0.,0.645860271,0.808395632,0.,               239P    639
0.660623121,0.800504724,0.,0.675385972,0.792613816,0.,               239P    640
0.689304291,0.783313893,0.,0.70322261,0.774013969,0.,                239P    641
0.716162357,0.763394594,0.,0.729102103,0.752775218,0.,               239P    642
0.740938661,0.740938661,0.,0.752775218,0.729102103,0.,               239P    643
0.763394594,0.716162357,0.,0.774013969,0.70322261,0.,                239P    644
0.783313893,0.689304291,0.,0.792613816,0.675385972,0.,               239P    645
0.800504724,0.660623121,0.,0.808395632,0.645860271,0.,               239P    646
0.814801531,0.630395064,0.,0.821207429,0.614929856,0.,               239P    647
0.826066627,0.59891123,0.,0.830925824,0.582892604,0.,                239P    648
0.834191523,0.566474827,0.,0.837457221,0.55005705,0.,                239P    649
0.839097971,0.533398235,0.,0.840738722,0.51673942,0.,                239P    650
0.840738722,0.5,0.,0.,1.,0.,0.,1.;                                   239P    651
124,1.40271576953299E-14,1.,0.,0.,-6.12323399573677E-17,             241P    652
8.58915688636046E-31,-1.,0.,-1.,1.40271576953299E-14,                241P    653
6.12323399573677E-17,0.;                                             241P    654
100,0.,0.,0.,50.,0.,-50.,0.;                                         243P    655
126,64,2,1,0,1,0,0.,0.,0.,0.03125,0.03125,0.0625,0.0625,             245P    656
0.09375,0.09375,0.125,0.125,0.15625,0.15625,0.1875,0.1875,           245P    657
0.21875,0.21875,0.25,0.25,0.28125,0.28125,0.3125,0.3125,             245P    658
0.34375,0.34375,0.375,0.375,0.40625,0.40625,0.4375,0.4375,           245P    659
0.46875,0.46875,0.5,0.5,0.53125,0.53125,0.5625,0.5625,0.59375,       245P    660
0.59375,0.625,0.625,0.65625,0.65625,0.6875,0.6875,0.71875,           245P    661
0.71875,0.75,0.75,0.78125,0.78125,0.8125,0.8125,0.84375,             245P    662
0.84375,0.875,0.875,0.90625,0.90625,0.9375,0.9375,0.96875,           245P    663
0.96875,1.,1.,1.,1.,1.,1.,1.,1.,1.,1.,1.,1.,1.,1.,1.,1.,1.,1.,       245P    664
1.,1.,1.,1.,1.,1.,1.,1.,1.,1.,1.,1.,1.,1.,1.,1.,1.,1.,1.,1.,1.,      245P    665
1.,1.,1.,1.,1.,1.,1.,1.,1.,1.,1.,1.,1.,1.,1.,1.,1.,1.,1.,1.,1.,      245P    666
1.,1.,1.,1.,1.,1.,1.,1.,0.840738722,0.5,0.,0.840738722,              245P    667
0.48326058,0.,0.839097971,0.466601765,0.,0.837457221,                245P    668
0.44994295,0.,0.834191523,0.433525173,0.,0.830925824,                245P    669
0.417107396,0.,0.826066627,0.40108877,0.,0.821207429,                245P    670
0.385070144,0.,0.814801531,0.369604936,0.,0.808395632,               245P    671
0.354139729,0.,0.800504724,0.339376879,0.,0.792613816,               245P    672
0.324614028,0.,0.783313893,0.310695709,0.,0.774013969,               245P    673
0.29677739,0.,0.763394594,0.283837643,0.,0.752775218,                245P    674
0.270897897,0.,0.740938661,0.259061339,0.,0.729102103,               245P    675
0.247224782,0.,0.716162357,0.236605406,0.,0.70322261,                245P    676
0.225986031,0.,0.689304291,0.216686107,0.,0.675385972,               245P    677
0.207386184,0.,0.660623121,0.199495276,0.,0.645860271,               245P    678
0.191604368,0.,0.630395064,0.185198469,0.,0.614929856,               245P    679
0.178792571,0.,0.59891123,0.173933373,0.,0.582892604,                245P    680
0.169074176,0.,0.566474827,0.165808477,0.,0.55005705,                245P    681
0.162542779,0.,0.533398235,0.160902029,0.,0.51673942,                245P    682
0.159261278,0.,0.5,0.159261278,0.,0.48326058,0.159261278,0.,         245P    683
0.466601765,0.160902029,0.,0.44994295,0.162542779,0.,                245P    684
0.433525173,0.165808477,0.,0.417107396,0.169074176,0.,               245P    685
0.40108877,0.173933373,0.,0.385070144,0.178792571,0.,                245P    686
0.369604936,0.185198469,0.,0.354139729,0.191604368,0.,               245P    687
0.339376879,0.199495276,0.,0.324614028,0.207386184,0.,               245P    688
0.310695709,0.216686107,0.,0.29677739,0.225986031,0.,                245P    689
0.283837643,0.236605406,0.,0.270897897,0.247224782,0.,               245P    690
0.259061339,0.259061339,0.,0.247224782,0.270897897,0.,               245P    691
0.236605406,0.283837643,0.,0.225986031,0.29677739,0.,                245P    692
0.216686107,0.310695709,0.,0.207386184,0.324614028,0.,               245P    693
0.199495276,0.339376879,0.,0.191604368,0.354139729,0.,               245P    694
0.185198469,0.369604936,0.,0.178792571,0.385070144,0.,               245P    695
0.173933373,0.40108877,0.,0.169074176,0.417107396,0.,                245P    696
0.165808477,0.433525173,0.,0.162542779,0.44994295,0.,                245P    697
0.160902029,0.466601765,0.,0.159261278,0.48326058,0.,                245P    698
0.159261278,0.5,0.,0.,1.,0.,0.,1.;                                   245P    699
124,6.12323399573677E-17,-1.,0.,0.,6.12323399573677E-17,             247P    700
3.74939945665464E-33,-1.,0.,1.,6.12323399573677E-17,                 247P    701
6.12323399573677E-17,0.;                                             247P    702
100,0.,0.,0.,50.,0.,-50.,0.;                                         249P    703
102,2,239,245;                                                       251P    704
102,2,243,249;                                                       253P    705
142,1,219,251,253,1;                                                 255P    706
144,219,1,1,237,255;                                                 257P    707
110,0.,13.,0.,0.,-987.,0.;                                           259P    708
110,0.,13.,-72.5,0.,0.,-72.5;                                        261P    709
120,259,261,0.,6.28318530717959;                                     263P    710
126,1,1,1,0,1,0,0.,0.,1.,1.,1.,1.,1.,3.141592654,0.,0.,              265P    711
3.141592654,0.,0.,1.,0.,0.,1.;                                       265P    712
110,0.,0.,72.5,0.,13.,72.5;                                          267P    713
126,1,1,1,0,1,0,0.,0.,1.,1.,1.,1.,0.,3.141592654,0.,0.,              269P    714
6.283185307,0.,0.,1.,0.,0.,1.;                                       269P    715
124,6.12323399573677E-17,-1.,0.,13.,6.12323399573677E-17,            271P    716
3.74939945665464E-33,-1.,13.,1.,6.12323399573677E-17,                271P    717
6.12323399573677E-17,-7.9602041944578E-16;                           271P    718
100,0.,0.,13.,72.5,13.,-72.5,13.;                                    273P    719
126,1,1,1,0,1,0,0.,0.,1.,1.,1.,1.,0.,6.283185307,0.,1.,              275P    720
6.283185307,0.,0.,1.,0.,0.,1.;                                       275P    721
110,0.,13.,-72.5,0.,0.,-72.5;                                        277P    722
126,1,1,1,0,1,0,0.,0.,1.,1.,1.,1.,1.,6.283185307,0.,1.,              279P    723
3.141592654,0.,0.,1.,0.,0.,1.;                                       279P    724
124,6.12323399573677E-17,-1.,0.,0.,6.12323399573677E-17,             281P    725
3.74939945665464E-33,1.,0.,-1.,-6.12323399573677E-17,                281P    726
6.12323399573677E-17,0.;                                             281P    727
100,0.,0.,0.,72.5,0.,-72.5,0.;                                       283P    728
102,4,265,269,275,279;                                               285P    729
102,4,267,273,277,283;                                               287P    730
142,1,263,285,287,1;                                                 289P    731
144,263,1,0,289;                                                     291P    732
110,0.,13.,0.,0.,-987.,0.;                                           293P    733
110,0.,13.,-50.,0.,0.,-50.;                                          295P    734
120,293,295,0.,6.28318530717959;                                     297P    735
126,1,1,1,0,1,0,0.,0.,1.,1.,1.,1.,1.,3.141592654,0.,1.,0.,0.,        299P    736
0.,1.,0.,0.,1.;                                                      299P    737
124,1.40271576953299E-14,1.,0.,0.,-6.12323399573677E-17,             301P    738
8.58915688636046E-31,1.,0.,1.,-1.40271576953299E-14,                 301P    739
6.12323399573677E-17,0.;                                             301P    740
100,0.,0.,0.,50.,0.,-50.,0.;                                         303P    741
126,1,1,1,0,1,0,0.,0.,1.,1.,1.,1.,1.,0.,0.,0.,0.,0.,0.,1.,0.,        305P    742
0.,1.;                                                               305P    743
110,0.,0.,-50.,0.,13.,-50.;                                          307P    744
126,1,1,1,0,1,0,0.,0.,1.,1.,1.,1.,0.,0.,0.,0.,3.141592654,0.,        309P    745
0.,1.,0.,0.,1.;                                                      309P    746
124,1.40271576953299E-14,1.,0.,-13.,-6.12323399573677E-17,           311P    747
8.58915688636046E-31,-1.,13.,-1.,1.40271576953299E-14,               311P    748
6.12323399573677E-17,-1.82353050039289E-13;                          311P    749
100,0.,0.,13.,50.,13.,-50.,13.;                                      313P    750
126,1,1,1,0,1,0,0.,0.,1.,1.,1.,1.,0.,3.141592654,0.,1.,              315P    751
3.141592654,0.,0.,1.,0.,0.,1.;                                       315P    752
110,0.,13.,50.,0.,0.,50.;                                            317P    753
102,4,299,305,309,315;                                               319P    754
102,4,303,307,313,317;                                               321P    755
142,1,297,319,321,1;                                                 323P    756
144,297,1,0,323;                                                     325P    757
110,0.,3.,0.,0.,1003.,0.;                                            327P    758
110,0.,3.,65.,0.,13.,65.;                                            329P    759
120,327,329,0.,6.28318530717959;                                     331P    760
126,1,1,1,0,1,0,0.,0.,1.,1.,1.,1.,1.,3.141592654,0.,1.,0.,0.,        333P    761
0.,1.,0.,0.,1.;                                                      333P    762
124,1.40271576953299E-14,1.,0.,-13.,-6.12323399573677E-17,           335P    763
8.58915688636046E-31,-1.,13.,-1.,1.40271576953299E-14,               335P    764
6.12323399573677E-17,-1.82353050039289E-13;                          335P    765
100,0.,0.,13.,65.,13.,-65.,13.;                                      337P    766
126,1,1,1,0,1,0,0.,0.,1.,1.,1.,1.,1.,0.,0.,0.,0.,0.,0.,1.,0.,        339P    767
0.,1.;                                                               339P    768
110,0.,13.,65.,0.,3.,65.;                                            341P    769
126,1,1,1,0,1,0,0.,0.,1.,1.,1.,1.,0.,0.,0.,0.,3.141592654,0.,        343P    770
0.,1.,0.,0.,1.;                                                      343P    771
124,1.40271576953299E-14,1.,0.,-3.,-6.12323399573677E-17,            345P    772
8.58915688636046E-31,1.,3.,1.,-1.40271576953299E-14,                 345P    773
6.12323399573677E-17,4.20814730859897E-14;                           345P    774
100,0.,0.,3.,65.,3.,-65.,3.;                                         347P    775
126,1,1,1,0,1,0,0.,0.,1.,1.,1.,1.,0.,3.141592654,0.,1.,              349P    776
3.141592654,0.,0.,1.,0.,0.,1.;                                       349P    777
110,0.,3.,-65.,0.,13.,-65.;                                          351P    778
102,4,333,339,343,349;                                               353P    779
102,4,337,341,347,351;                                               355P    780
142,1,331,353,355,1;                                                 357P    781
144,331,1,0,357;                                                     359P    782
128,1,1,1,1,0,0,1,0,0,0.,0.,1.,1.,0.,0.,1.,1.,1.,1.,1.,1.,           361P    783
-65.78,3.,-65.78,-65.78,3.,65.78,65.78,3.,-65.78,65.78,3.,           361P    784
65.78,0.,1.,0.,1.;                                                   361P    785
126,64,2,1,0,1,0,0.,0.,0.,0.03125,0.03125,0.0625,0.0625,             363P    786
0.09375,0.09375,0.125,0.125,0.15625,0.15625,0.1875,0.1875,           363P    787
0.21875,0.21875,0.25,0.25,0.28125,0.28125,0.3125,0.3125,             363P    788
0.34375,0.34375,0.375,0.375,0.40625,0.40625,0.4375,0.4375,           363P    789
0.46875,0.46875,0.5,0.5,0.53125,0.53125,0.5625,0.5625,0.59375,       363P    790
0.59375,0.625,0.625,0.65625,0.65625,0.6875,0.6875,0.71875,           363P    791
0.71875,0.75,0.75,0.78125,0.78125,0.8125,0.8125,0.84375,             363P    792
0.84375,0.875,0.875,0.90625,0.90625,0.9375,0.9375,0.96875,           363P    793
0.96875,1.,1.,1.,1.,1.,1.,1.,1.,1.,1.,1.,1.,1.,1.,1.,1.,1.,1.,       363P    794
1.,1.,1.,1.,1.,1.,1.,1.,1.,1.,1.,1.,1.,1.,1.,1.,1.,1.,1.,1.,1.,      363P    795
1.,1.,1.,1.,1.,1.,1.,1.,1.,1.,1.,1.,1.,1.,1.,1.,1.,1.,1.,1.,1.,      363P    796
1.,1.,1.,1.,1.,1.,1.,1.,0.994071146,0.5,0.,0.994071146,              363P    797
0.524272159,0.,0.991692059,0.548427441,0.,0.989312971,               363P    798
0.572582723,0.,0.984577708,0.596388499,0.,0.979842444,               363P    799
0.620194275,0.,0.972796609,0.643421283,0.,0.965750773,               363P    800
0.666648291,0.,0.95646222,0.689072842,0.,0.947173667,                363P    801
0.711497393,0.,0.93573185,0.732903526,0.,0.924290033,                363P    802
0.754309659,0.,0.910805144,0.774491222,0.,0.897320255,               363P    803
0.794672784,0.,0.881922161,0.813435417,0.,0.866524066,               363P    804
0.83219805,0.,0.849361058,0.849361058,0.,0.83219805,                 363P    805
0.866524066,0.,0.813435417,0.881922161,0.,0.794672784,               363P    806
0.897320255,0.,0.774491222,0.910805144,0.,0.754309659,               363P    807
0.924290033,0.,0.732903526,0.93573185,0.,0.711497393,                363P    808
0.947173667,0.,0.689072842,0.95646222,0.,0.666648291,                363P    809
0.965750773,0.,0.643421283,0.972796609,0.,0.620194275,               363P    810
0.979842444,0.,0.596388499,0.984577708,0.,0.572582723,               363P    811
0.989312971,0.,0.548427441,0.991692059,0.,0.524272159,               363P    812
0.994071146,0.,0.5,0.994071146,0.,0.475727841,0.994071146,0.,        363P    813
0.451572559,0.991692059,0.,0.427417277,0.989312971,0.,               363P    814
0.403611501,0.984577708,0.,0.379805725,0.979842444,0.,               363P    815
0.356578717,0.972796609,0.,0.333351709,0.965750773,0.,               363P    816
0.310927158,0.95646222,0.,0.288502607,0.947173667,0.,                363P    817
0.267096474,0.93573185,0.,0.245690341,0.924290033,0.,                363P    818
0.225508778,0.910805144,0.,0.205327216,0.897320255,0.,               363P    819
0.186564583,0.881922161,0.,0.16780195,0.866524066,0.,                363P    820
0.150638942,0.849361058,0.,0.133475934,0.83219805,0.,                363P    821
0.118077839,0.813435417,0.,0.102679745,0.794672784,0.,               363P    822
0.089194856,0.774491222,0.,0.075709967,0.754309659,0.,               363P    823
0.06426815,0.732903526,0.,0.052826333,0.711497393,0.,                363P    824
0.04353778,0.689072842,0.,0.034249227,0.666648291,0.,                363P    825
0.027203391,0.643421283,0.,0.020157556,0.620194275,0.,               363P    826
0.015422292,0.596388499,0.,0.010687029,0.572582723,0.,               363P    827
0.008307941,0.548427441,0.,0.005928854,0.524272159,0.,               363P    828
0.005928854,0.5,0.,0.,1.,0.,0.,-1.;                                  363P    829
124,1.40271576953299E-14,1.,0.,-3.,-6.12323399573677E-17,            365P    830
8.58915688636046E-31,1.,3.,1.,-1.40271576953299E-14,                 365P    831
6.12323399573677E-17,4.20814730859897E-14;                           365P    832
100,0.,0.,3.,65.,3.,-65.,3.;                                         367P    833
126,64,2,1,0,1,0,0.,0.,0.,0.03125,0.03125,0.0625,0.0625,             369P    834
0.09375,0.09375,0.125,0.125,0.15625,0.15625,0.1875,0.1875,           369P    835
0.21875,0.21875,0.25,0.25,0.28125,0.28125,0.3125,0.3125,             369P    836
0.34375,0.34375,0.375,0.375,0.40625,0.40625,0.4375,0.4375,           369P    837
0.46875,0.46875,0.5,0.5,0.53125,0.53125,0.5625,0.5625,0.59375,       369P    838
0.59375,0.625,0.625,0.65625,0.65625,0.6875,0.6875,0.71875,           369P    839
0.71875,0.75,0.75,0.78125,0.78125,0.8125,0.8125,0.84375,             369P    840
0.84375,0.875,0.875,0.90625,0.90625,0.9375,0.9375,0.96875,           369P    841
0.96875,1.,1.,1.,1.,1.,1.,1.,1.,1.,1.,1.,1.,1.,1.,1.,1.,1.,1.,       369P    842
1.,1.,1.,1.,1.,1.,1.,1.,1.,1.,1.,1.,1.,1.,1.,1.,1.,1.,1.,1.,1.,      369P    843
1.,1.,1.,1.,1.,1.,1.,1.,1.,1.,1.,1.,1.,1.,1.,1.,1.,1.,1.,1.,1.,      369P    844
1.,1.,1.,1.,1.,1.,1.,1.,0.005928854,0.5,0.,0.005928854,              369P    845
0.475727841,0.,0.008307941,0.451572559,0.,0.010687029,               369P    846
0.427417277,0.,0.015422292,0.403611501,0.,0.020157556,               369P    847
0.379805725,0.,0.027203391,0.356578717,0.,0.034249227,               369P    848
0.333351709,0.,0.04353778,0.310927158,0.,0.052826333,                369P    849
0.288502607,0.,0.06426815,0.267096474,0.,0.075709967,                369P    850
0.245690341,0.,0.089194856,0.225508778,0.,0.102679745,               369P    851
0.205327216,0.,0.118077839,0.186564583,0.,0.133475934,               369P    852
0.16780195,0.,0.150638942,0.150638942,0.,0.16780195,                 369P    853
0.133475934,0.,0.186564583,0.118077839,0.,0.205327216,               369P    854
0.102679745,0.,0.225508778,0.089194856,0.,0.245690341,               369P    855
0.075709967,0.,0.267096474,0.06426815,0.,0.288502607,                369P    856
0.052826333,0.,0.310927158,0.04353778,0.,0.333351709,                369P    857
0.034249227,0.,0.356578717,0.027203391,0.,0.379805725,               369P    858
0.020157556,0.,0.403611501,0.015422292,0.,0.427417277,               369P    859
0.010687029,0.,0.451572559,0.008307941,0.,0.475727841,               369P    860
0.005928854,0.,0.5,0.005928854,0.,0.524272159,0.005928854,0.,        369P    861
0.548427441,0.008307941,0.,0.572582723,0.010687029,0.,               369P    862
0.596388499,0.015422292,0.,0.620194275,0.020157556,0.,               369P    863
0.643421283,0.027203391,0.,0.666648291,0.034249227,0.,               369P    864
0.689072842,0.04353778,0.,0.711497393,0.052826333,0.,                369P    865
0.732903526,0.06426815,0.,0.754309659,0.075709967,0.,                369P    866
0.774491222,0.089194856,0.,0.794672784,0.102679745,0.,               369P    867
0.813435417,0.118077839,0.,0.83219805,0.133475934,0.,                369P    868
0.849361058,0.150638942,0.,0.866524066,0.16780195,0.,                369P    869
0.881922161,0.186564583,0.,0.897320255,0.205327216,0.,               369P    870
0.910805144,0.225508778,0.,0.924290033,0.245690341,0.,               369P    871
0.93573185,0.267096474,0.,0.947173667,0.288502607,0.,                369P    872
0.95646222,0.310927158,0.,0.965750773,0.333351709,0.,                369P    873
0.972796609,0.356578717,0.,0.979842444,0.379805725,0.,               369P    874
0.984577708,0.403611501,0.,0.989312971,0.427417277,0.,               369P    875
0.991692059,0.451572559,0.,0.994071146,0.475727841,0.,               369P    876
0.994071146,0.5,0.,0.,1.,0.,0.,-1.;                                  369P    877
124,6.12323399573677E-17,-1.,0.,3.,6.12323399573677E-17,             371P    878
3.74939945665464E-33,1.,3.,-1.,-6.12323399573677E-17,                371P    879
6.12323399573677E-17,1.83697019872103E-16;                           371P    880
100,0.,0.,3.,65.,3.,-65.,3.;                                         373P    881
102,2,363,369;                                                       375P    882
102,2,367,373;                                                       377P    883
142,1,361,375,377,1;                                                 379P    884
126,64,2,1,0,1,0,0.,0.,0.,0.03125,0.03125,0.0625,0.0625,             381P    885
0.09375,0.09375,0.125,0.125,0.15625,0.15625,0.1875,0.1875,           381P    886
0.21875,0.21875,0.25,0.25,0.28125,0.28125,0.3125,0.3125,             381P    887
0.34375,0.34375,0.375,0.375,0.40625,0.40625,0.4375,0.4375,           381P    888
0.46875,0.46875,0.5,0.5,0.53125,0.53125,0.5625,0.5625,0.59375,       381P    889
0.59375,0.625,0.625,0.65625,0.65625,0.6875,0.6875,0.71875,           381P    890
0.71875,0.75,0.75,0.78125,0.78125,0.8125,0.8125,0.84375,             381P    891
0.84375,0.875,0.875,0.90625,0.90625,0.9375,0.9375,0.96875,           381P    892
0.96875,1.,1.,1.,1.,1.,1.,1.,1.,1.,1.,1.,1.,1.,1.,1.,1.,1.,1.,       381P    893
1.,1.,1.,1.,1.,1.,1.,1.,1.,1.,1.,1.,1.,1.,1.,1.,1.,1.,1.,1.,1.,      381P    894
1.,1.,1.,1.,1.,1.,1.,1.,1.,1.,1.,1.,1.,1.,1.,1.,1.,1.,1.,1.,1.,      381P    895
1.,1.,1.,1.,1.,1.,1.,1.,0.081939799,0.5,0.,0.081939799,              381P    896
0.520537981,0.,0.083952873,0.540977065,0.,0.085965948,               381P    897
0.56141615,0.,0.089972709,0.581559499,0.,0.09397947,                 381P    898
0.601702848,0.,0.099941331,0.62135647,0.,0.105903192,                381P    899
0.641010093,0.,0.113762737,0.659984713,0.,0.121622282,               381P    900
0.678959333,0.,0.131303819,0.697072214,0.,0.140985356,               381P    901
0.715185096,0.,0.152395647,0.732261803,0.,0.163805938,               381P    902
0.74933851,0.,0.176835095,0.765214584,0.,0.189864252,                381P    903
0.781090657,0.,0.204386797,0.795613203,0.,0.218909343,               381P    904
0.810135748,0.,0.234785416,0.823164905,0.,0.25066149,                381P    905
0.836194062,0.,0.267738197,0.847604353,0.,0.284814904,               381P    906
0.859014644,0.,0.302927786,0.868696181,0.,0.321040667,               381P    907
0.878377718,0.,0.340015287,0.886237263,0.,0.358989907,               381P    908
0.894096808,0.,0.37864353,0.900058669,0.,0.398297152,                381P    909
0.90602053,0.,0.418440501,0.910027291,0.,0.43858385,                 381P    910
0.914034052,0.,0.459022935,0.916047127,0.,0.479462019,               381P    911
0.918060201,0.,0.5,0.918060201,0.,0.520537981,0.918060201,0.,        381P    912
0.540977065,0.916047127,0.,0.56141615,0.914034052,0.,                381P    913
0.581559499,0.910027291,0.,0.601702848,0.90602053,0.,                381P    914
0.62135647,0.900058669,0.,0.641010093,0.894096808,0.,                381P    915
0.659984713,0.886237263,0.,0.678959333,0.878377718,0.,               381P    916
0.697072214,0.868696181,0.,0.715185096,0.859014644,0.,               381P    917
0.732261803,0.847604353,0.,0.74933851,0.836194062,0.,                381P    918
0.765214584,0.823164905,0.,0.781090657,0.810135748,0.,               381P    919
0.795613203,0.795613203,0.,0.810135748,0.781090657,0.,               381P    920
0.823164905,0.765214584,0.,0.836194062,0.74933851,0.,                381P    921
0.847604353,0.732261803,0.,0.859014644,0.715185096,0.,               381P    922
0.868696181,0.697072214,0.,0.878377718,0.678959333,0.,               381P    923
0.886237263,0.659984713,0.,0.894096808,0.641010093,0.,               381P    924
0.900058669,0.62135647,0.,0.90602053,0.601702848,0.,                 381P    925
0.910027291,0.581559499,0.,0.914034052,0.56141615,0.,                381P    926
0.916047127,0.540977065,0.,0.918060201,0.520537981,0.,               381P    927
0.918060201,0.5,0.,0.,1.,0.,0.,1.;                                   381P    928
124,1.40271576953299E-14,1.,0.,-3.,-6.12323399573677E-17,            383P    929
8.58915688636046E-31,-1.,3.,-1.,1.40271576953299E-14,                383P    930
6.12323399573677E-17,-4.20814730859897E-14;                          383P    931
100,0.,0.,3.,55.,3.,-55.,3.;                                         385P    932
126,64,2,1,0,1,0,0.,0.,0.,0.03125,0.03125,0.0625,0.0625,             387P    933
0.09375,0.09375,0.125,0.125,0.15625,0.15625,0.1875,0.1875,           387P    934
0.21875,0.21875,0.25,0.25,0.28125,0.28125,0.3125,0.3125,             387P    935
0.34375,0.34375,0.375,0.375,0.40625,0.40625,0.4375,0.4375,           387P    936
0.46875,0.46875,0.5,0.5,0.53125,0.53125,0.5625,0.5625,0.59375,       387P    937
0.59375,0.625,0.625,0.65625,0.65625,0.6875,0.6875,0.71875,           387P    938
0.71875,0.75,0.75,0.78125,0.78125,0.8125,0.8125,0.84375,             387P    939
0.84375,0.875,0.875,0.90625,0.90625,0.9375,0.9375,0.96875,           387P    940
0.96875,1.,1.,1.,1.,1.,1.,1.,1.,1.,1.,1.,1.,1.,1.,1.,1.,1.,1.,       387P    941
1.,1.,1.,1.,1.,1.,1.,1.,1.,1.,1.,1.,1.,1.,1.,1.,1.,1.,1.,1.,1.,      387P    942
1.,1.,1.,1.,1.,1.,1.,1.,1.,1.,1.,1.,1.,1.,1.,1.,1.,1.,1.,1.,1.,      387P    943
1.,1.,1.,1.,1.,1.,1.,1.,0.918060201,0.5,0.,0.918060201,              387P    944
0.479462019,0.,0.916047127,0.459022935,0.,0.914034052,               387P    945
0.43858385,0.,0.910027291,0.418440501,0.,0.90602053,                 387P    946
0.398297152,0.,0.900058669,0.37864353,0.,0.894096808,                387P    947
0.358989907,0.,0.886237263,0.340015287,0.,0.878377718,               387P    948
0.321040667,0.,0.868696181,0.302927786,0.,0.859014644,               387P    949
0.284814904,0.,0.847604353,0.267738197,0.,0.836194062,               387P    950
0.25066149,0.,0.823164905,0.234785416,0.,0.810135748,                387P    951
0.218909343,0.,0.795613203,0.204386797,0.,0.781090657,               387P    952
0.189864252,0.,0.765214584,0.176835095,0.,0.74933851,                387P    953
0.163805938,0.,0.732261803,0.152395647,0.,0.715185096,               387P    954
0.140985356,0.,0.697072214,0.131303819,0.,0.678959333,               387P    955
0.121622282,0.,0.659984713,0.113762737,0.,0.641010093,               387P    956
0.105903192,0.,0.62135647,0.099941331,0.,0.601702848,                387P    957
0.09397947,0.,0.581559499,0.089972709,0.,0.56141615,                 387P    958
0.085965948,0.,0.540977065,0.083952873,0.,0.520537981,               387P    959
0.081939799,0.,0.5,0.081939799,0.,0.479462019,0.081939799,0.,        387P    960
0.459022935,0.083952873,0.,0.43858385,0.085965948,0.,                387P    961
0.418440501,0.089972709,0.,0.398297152,0.09397947,0.,                387P    962
0.37864353,0.099941331,0.,0.358989907,0.105903192,0.,                387P    963
0.340015287,0.113762737,0.,0.321040667,0.121622282,0.,               387P    964
0.302927786,0.131303819,0.,0.284814904,0.140985356,0.,               387P    965
0.267738197,0.152395647,0.,0.25066149,0.163805938,0.,                387P    966
0.234785416,0.176835095,0.,0.218909343,0.189864252,0.,               387P    967
0.204386797,0.204386797,0.,0.189864252,0.218909343,0.,               387P    968
0.176835095,0.234785416,0.,0.163805938,0.25066149,0.,                387P    969
0.152395647,0.267738197,0.,0.140985356,0.284814904,0.,               387P    970
0.131303819,0.302927786,0.,0.121622282,0.321040667,0.,               387P    971
0.113762737,0.340015287,0.,0.105903192,0.358989907,0.,               387P    972
0.099941331,0.37864353,0.,0.09397947,0.398297152,0.,                 387P    973
0.089972709,0.418440501,0.,0.085965948,0.43858385,0.,                387P    974
0.083952873,0.459022935,0.,0.081939799,0.479462019,0.,               387P    975
0.081939799,0.5,0.,0.,1.,0.,0.,1.;                                   387P    976
124,6.12323399573677E-17,-1.,0.,3.,6.12323399573677E-17,             389P    977
3.74939945665464E-33,-1.,3.,1.,6.12323399573677E-17,                 389P    978
6.12323399573677E-17,-1.83697019872103E-16;                          389P    979
100,0.,0.,3.,55.,3.,-55.,3.;                                         391P    980
102,2,381,387;                                                       393P    981
102,2,385,391;                                                       395P    982
142,1,361,393,395,1;                                                 397P    983
144,361,1,1,379,397;                                                 399P    984
110,0.,3.,0.,0.,1003.,0.;                                            401P    985
110,0.,3.,55.,0.,13.,55.;                                            403P    986
120,401,403,0.,6.28318530717959;                                     405P    987
126,1,1,1,0,1,0,0.,0.,1.,1.,1.,1.,1.,3.141592654,0.,0.,              407P    988
3.141592654,0.,0.,1.,0.,0.,1.;                                       407P    989
110,0.,13.,-55.,0.,3.,-55.;                                          409P    990
126,1,1,1,0,1,0,0.,0.,1.,1.,1.,1.,0.,3.141592654,0.,0.,              411P    991
6.283185307,0.,0.,1.,0.,0.,1.;                                       411P    992
124,6.12323399573677E-17,-1.,0.,3.,6.12323399573677E-17,             413P    993
3.74939945665464E-33,1.,3.,-1.,-6.12323399573677E-17,                413P    994
6.12323399573677E-17,1.83697019872103E-16;                           413P    995
100,0.,0.,3.,55.,3.,-55.,3.;                                         415P    996
126,1,1,1,0,1,0,0.,0.,1.,1.,1.,1.,0.,6.283185307,0.,1.,              417P    997
6.283185307,0.,0.,1.,0.,0.,1.;                                       417P    998
110,0.,3.,55.,0.,13.,55.;                                            419P    999
126,1,1,1,0,1,0,0.,0.,1.,1.,1.,1.,1.,6.283185307,0.,1.,              421P   1000
3.141592654,0.,0.,1.,0.,0.,1.;                                       421P   1001
124,6.12323399573677E-17,-1.,0.,13.,6.12323399573677E-17,            423P   1002
3.74939945665464E-33,-1.,13.,1.,6.12323399573677E-17,                423P   1003
6.12323399573677E-17,-7.9602041944578E-16;                           423P   1004
100,0.,0.,13.,55.,13.,-55.,13.;                                      425P   1005
102,4,407,411,417,421;                                               427P   1006
102,4,409,415,419,425;                                               429P   1007
142,1,405,427,429,1;                                                 431P   1008
144,405,1,0,431;                                                     433P   1009
308,0,4H粣創,12,35,69,103,137,177,217,257,291,325,359,399,433;       435P   1010
124,1.,0.,0.,-9.06783400205313,0.,1.,0.,-0.401714076855569,0.,       437P   1011
0.,1.,2.97053914738399;                                              437P   1012
408,435,0.,0.,0.,1.;                                                 439P   1013
110,0.,0.,0.,-5.,0.,0.;                                              441P   1014
100,0.,0.,0.,5.,0.,-5.,0.;                                           443P   1015
120,441,443,0.,6.28318530717959;                                     445P   1016
126,1,1,1,0,1,0,0.,0.,1.,1.,1.,1.,3.141592644,0.,0.,1E-08,0.,        447P   1017
0.,0.,1.,0.,0.,1.;                                                   447P   1018
124,-1.,-7.105427357601E-15,4.27583144589696E-31,0.,                 449P   1019
-7.105427357601E-15,1.,-6.98296267768627E-15,0.,                     449P   1020
4.91893509025491E-29,-6.98296267768627E-15,-1.,0.;                   449P   1021
100,0.,0.,0.,5.,0.,-5.,0.;                                           451P   1022
126,1,1,1,0,1,0,0.,0.,1.,1.,1.,1.,1E-08,3.141592654,0.,              453P   1023
3.141592644,3.141592654,0.,0.,1.,0.,0.,1.;                           453P   1024
124,1.,-7.22789203751574E-15,4.27583144589696E-31,0.,                455P   1025
-7.22789203751574E-15,-1.,6.98296267768627E-15,0.,                   455P   1026
-5.00445171917284E-29,-6.98296267768627E-15,-1.,0.;                  455P   1027
100,0.,0.,0.,5.,0.,-5.,0.;                                           457P   1028
126,1,1,1,0,1,0,0.,0.,1.,1.,1.,1.,3.141592644,3.141592654,0.,        459P   1029
3.141592644,0.,0.,0.,1.,0.,0.,1.;                                    459P   1030
102,3,447,453,459;                                                   461P   1031
102,2,451,457;                                                       463P   1032
142,1,445,461,463,1;                                                 465P   1033
144,445,1,0,465;                                                     467P   1034
110,0.,0.,0.,-5.,0.,0.;                                              469P   1035
100,0.,0.,0.,5.,0.,-5.,0.;                                           471P   1036
120,469,471,0.,6.28318530717959;                                     473P   1037
126,1,1,1,0,1,0,0.,0.,1.,1.,1.,1.,3.141592644,3.141592654,0.,        475P   1038
1E-08,3.141592654,0.,0.,1.,0.,0.,1.;                                 475P   1039
100,0.,0.,0.,-5.,0.,5.,0.;                                           477P   1040
126,1,1,1,0,1,0,0.,0.,1.,1.,1.,1.,1E-08,3.141592654,0.,1E-08,        479P   1041
6.283185307,0.,0.,1.,0.,0.,1.;                                       479P   1042
126,1,1,1,0,1,0,0.,0.,1.,1.,1.,1.,1E-08,6.283185307,0.,              481P   1043
3.141592644,6.283185307,0.,0.,1.,0.,0.,1.;                           481P   1044
100,0.,0.,0.,5.,0.,-5.,0.;                                           483P   1045
102,3,475,479,481;                                                   485P   1046
102,2,477,483;                                                       487P   1047
142,1,473,485,487,1;                                                 489P   1048
144,473,1,0,489;                                                     491P   1049
308,0,6H粣創紩,2,467,491;                                            493P   1050
124,-0.329679769298286,0.721462136177156,-0.608936479263743,         495P   1051
34.6615371019726,-0.576601969619878,-0.664594252485199,              495P   1052
-0.475231152381782,7.59828592314443,-0.747556966622548,              495P   1053
0.194439876636284,0.635099768562201,-38.1115993418232;               495P   1054
408,493,0.,0.,0.,1.;                                                 497P   1055
124,-0.505232130785755,0.747151307474111,-0.431862730229656,         499P   1056
23.0709861106792,-0.576601969619878,-0.664594252485199,              499P   1057
-0.475231152381782,7.59828592314443,-0.642083065227672,              499P   1058
0.00891085312222009,0.766583285784703,-47.6959807820668;             499P   1059
408,493,0.,0.,0.,1.;                                                 501P   1060
124,-0.649038899382155,0.725894214292171,-0.227653457575219,         503P   1061
9.46103485339056,-0.576601969619878,-0.664594252485199,              503P   1062
-0.475231152381782,7.59828592314443,-0.496264723428211,              503P   1063
-0.177178072065338,0.849899555865239,-54.0967984367172;              503P   1064
408,493,0.,0.,0.,1.;                                                 505P   1065
124,-0.752064166932275,0.65902651797408,-0.00913988093048163,        507P   1066
-5.31315337849848,-0.576601969619878,-0.664594252485199,             507P   1067
-0.475231152381782,7.59828592314443,-0.319264243921772,              507P   1068
-0.352134247369663,0.879813511138844,-56.9118653919722;              507P   1069
408,493,0.,0.,0.,1.;                                                 509P   1070
124,-0.807834476975511,0.550749761801686,0.209947988047249,          511P   1071
-20.3232620027149,-0.576601969619878,-0.664594252485199,             511P   1072
-0.475231152381782,7.59828592314443,-0.122203217797974,              511P   1073
-0.504964532852581,0.854445547779843,-55.964300637941;               511P   1074
408,493,0.,0.,0.,1.;                                                 513P   1075
124,-0.812845575822996,0.407867372579356,0.415844052801283,          515P   1076
-34.6261506910811,-0.576601969619878,-0.664594252485199,             515P   1077
-0.475231152381782,7.59828592314443,0.0825362859320677,              515P   1078
-0.626066039606727,0.775389628222926,-51.3136431530188;              515P   1079
408,493,0.,0.,0.,1.;                                                 517P   1080
124,-0.766782597704607,0.239357176306596,0.595611106350366,          519P   1081
-47.323116344962,-0.576601969619878,-0.664594252485199,              519P   1082
-0.475231152381782,7.59828592314443,0.282089731269771,               519P   1083
-0.707829514582553,0.647613126641189,-43.252110850905;               519P   1084
408,493,0.,0.,0.,1.;                                                 521P   1085
124,-0.672539848943308,0.0558072883523768,0.737953723583035,         523P   1086
-57.6163619161512,-0.576601969619878,-0.664594252485199,             523P   1087
-0.475231152381782,7.59828592314443,0.463918441338334,               523P   1088
-0.745117457942299,0.479144710558112,-32.2862394543833;              523P   1089
408,493,0.,0.,0.,1.;                                                 525P   1090
124,-0.536038948044355,-0.131249176773872,0.833927994359034,         527P   1091
-64.8591249295016,-0.576601969619878,-0.664594252485199,             527P   1092
-0.475231152381782,7.59828592314443,0.616597449564932,               527P   1093
-0.735586931069211,0.280569870139689,-19.1050549929512;              527P   1094
408,493,0.,0.,0.,1.;                                                 529P   1095
124,-0.365856748626427,-0.310058773422712,0.87750350227683,          531P   1096
-68.5963159478654,-0.576601969619878,-0.664594252485199,             531P   1097
-0.475231152381782,7.59828592314443,0.730533372348571,               531P   1098
-0.67983677201755,0.0643657929165871,-4.53677976332578;              531P   1099
408,493,0.,0.,0.,1.;                                                 533P   1100
124,-0.1726864241653,-0.469386237021,0.865942237914439,              535P   1101
-68.5931135151316,-0.576601969619878,-0.664594252485199,             535P   1102
-0.475231152381782,7.59828592314443,0.798567196633746,               535P   1103
-0.581369968315276,-0.155882623796292,10.5032079234472;              535P   1104
408,493,0.,0.,0.,1.;                                                 537P   1105
124,0.0313344234223751,-0.599220437065435,0.799970638031107,         539P   1106
-64.8497188519267,-0.576601969619878,-0.664594252485199,             539P   1107
-0.475231152381782,7.59828592314443,0.816424107029713,               539P   1108
-0.446373551374573,-0.366336361959862,25.0698903278022;              539P   1109
408,493,0.,0.,0.,1.;                                                 541P   1110
124,0.233386413946474,-0.691403413270437,0.683733940874076,          543P   1111
-57.6013432121822,-0.576601969619878,-0.664594252485199,             543P   1112
-0.475231152381782,7.59828592314443,0.782982088183173,               543P   1113
-0.283329842553919,-0.553771839210598,38.2479892217632;              543P   1114
408,493,0.,0.,0.,1.;                                                 545P   1115
124,0.420773877747127,-0.740142970215775,0.524535725614391,          547P   1116
-47.3034286950043,-0.576601969619878,-0.664594252485199,             547P   1117
-0.475231152381782,7.59828592314443,0.700342425129395,               547P   1118
-0.102483477711332,-0.706411795173373,49.2094761861651;              547P   1119
408,493,0.,0.,0.,1.;                                                 549P   1120
124,0.581722571310855,-0.742376622287023,0.332379001606898,          551P   1121
-34.6030311425876,-0.576601969619878,-0.664594252485199,             551P   1122
-0.475231152381782,7.59828592314443,0.57369767182547,                551P   1123
0.0848023009437249,-0.814665300044555,57.2656006815055;              551P   1124
408,493,0.,0.,0.,1.;                                                 553P   1125
124,0.70611949629316,-0.697964020909745,0.119337682523984,           555P   1126
-20.2981632419452,-0.576601969619878,-0.664594252485199,             555P   1127
-0.475231152381782,7.59828592314443,0.411005383888303,               555P   1128
0.266759639149441,-0.871730387984547,61.9101667773888;               555P   1129
408,493,0.,0.,0.,1.;                                                 557P   1130
124,0.786148336397515,-0.609695773166599,-0.101202062045207,         559P   1131
-5.28765245289859,-0.576601969619878,-0.664594252485199,             559P   1132
-0.475231152381782,7.59828592314443,0.222488116109369,               559P   1133
0.431955488154071,-0.874021449647365,62.8513393044914;               559P   1134
408,493,0.,0.,0.,1.;                                                 561P   1135
124,0.81678058527468,-0.483118097691193,-0.315382908860949,          563P   1136
9.48533562687938,-0.576601969619878,-0.664594252485199,              563P   1137
-0.475231152381782,7.59828592314443,0.0199911017412298,              563P   1138
0.570009985216822,-0.8213945292028,60.029980931545;                  563P   1139
408,493,0.,0.,0.,1.;                                                 565P   1140
124,0.796091506070171,-0.326184335353775,-0.509747087615755,         567P   1141
23.0925598250867,-0.576601969619878,-0.664594252485199,              567P   1142
-0.475231152381782,7.59828592314443,-0.18376202707144,               567P   1143
0.672248658558316,-0.717156369610659,53.6233679813521;               567P   1144
408,493,0.,0.,0.,1.;                                                 569P   1145
124,0.725381069719517,-0.148755211604007,-0.672081982137013,         571P   1146
34.6790282014799,-0.576601969619878,-0.664594252485199,              571P   1147
-0.475231152381782,7.59828592314443,-0.375968711893751,              571P   1148
0.732247476324969,-0.567856637799249,44.0340515074476;               571P   1149
408,493,0.,0.,0.,1.;                                                 573P   1150
124,0.609092272993424,0.038020749174239,-0.792187493975973,          575P   1151
43.5167203359204,-0.576601969619878,-0.664594252485199,              575P   1152
-0.475231152381782,7.59828592314443,-0.544551899831578,              575P   1153
0.746236492136286,-0.382876385004286,31.8645635309259;               575P   1154
408,493,0.,0.,0.,1.;                                                 577P   1155
124,0.454531968670472,0.222407726451333,-0.86251695210662,           579P   1156
49.0503315288431,-0.576601969619878,-0.664594252485199,              579P   1157
-0.475231152381782,7.59828592314443,-0.678918889181191,              579P   1158
0.71333672468084,-0.17383860081866,17.8795577375979;                 579P   1159
408,493,0.,0.,0.,1.;                                                 581P   1160
124,0.271411749104305,0.39282000831709,-0.878651298020951,           583P   1161
50.9321646377984,-0.576601969619878,-0.664594252485199,              583P   1162
-0.475231152381782,7.59828592314443,-0.770626907834536,              583P   1163
0.635615387344737,0.0461221019900546,2.9577634747119;                583P   1164
408,493,0.,0.,0.,1.;                                                 585P   1165
124,0.071237731159327,0.538549964369351,-0.839576751427195,          587P   1166
49.0439771676526,-0.576601969619878,-0.664594252485199,              587P   1167
-0.475231152381782,7.59828592314443,-0.813913603701123,              587P   1168
0.51795599759189,0.263184783505508,-11.9632280456744;                587P   1169
408,493,0.,0.,0.,1.;                                                 589P   1170
124,-0.13341241542844,0.650440845512064,-0.747748509793968,          591P   1171
43.5044108814226,-0.576601969619878,-0.664594252485199,              591P   1172
-0.475231152381782,7.59828592314443,-0.806059114482323,              591P   1173
0.367751527601436,0.463710597147384,-25.9458760507671;               591P   1174
408,493,0.,0.,0.,1.;                                                 593P   1175
S      1G      4D    594P   1175                                        T      1
