STEP to UG
! INFO-     NX STEP AP203 - V10.0
! INFO-      
! INFO-     Start of Translation: 19-JUN-2026  8:58:52 PM
! INFO-      
! STATUS-   Converting Part: C:\OneHistory\OneHistory-Projects\2026-012-咖啡冷萃机\3-Module-GE\esp32\YD-ESP32-S3 v34.step
! SUMMARY-   
! SUMMARY-    STEP Header Information
! SUMMARY-   
! SUMMARY-  Description      Unknown
! SUMMARY-  Imp_Level        2;1
! SUMMARY-  File_Name        YD-ESP32-S3 v34.step
! SUMMARY-  Date             2023-12-28T19:41:12Z
! SUMMARY-  Author           Unknown
! SUMMARY-  Organization     Unknown
! SUMMARY-  Pre_Version      ST-DEVELOPER v20
! SUMMARY-  Orig_System      Autodesk Translation Framework v12.14.0.127
! SUMMARY-  Authorization    Unknown
! SUMMARY-  Schema_ID        automotive_design
! SUMMARY-   
! SUMMARY-    Summary of STEP Entities
! SUMMARY-   
! SUMMARY-  Entity Type                                                   Count
! SUMMARY-  -----------                                                   ------
! SUMMARY-  advanced_brep_shape_representation .........................:     63
! SUMMARY-  advanced_face ..............................................:   8971
! SUMMARY-  application_context ........................................:      1
! SUMMARY-  application_protocol_definition ............................:      1
! SUMMARY-  axis2_placement_3d .........................................:   6711
! SUMMARY-  b_spline_curve_with_knots ..................................:   7860
! SUMMARY-  b_spline_curve_with_knots_and_rational_b_spline_curve ......:      4
! SUMMARY-  b_spline_surface_with_knots ................................:   3931
! SUMMARY-  b_spline_surface_with_knots_and_rational_b_spline_surface ..:      5
! SUMMARY-  brep_with_voids ............................................:      1
! SUMMARY-  cartesian_point ............................................: 123052
! SUMMARY-  circle .....................................................:   1227
! SUMMARY-  closed_shell ...............................................:    272
! SUMMARY-  conical_surface ............................................:      4
! SUMMARY-  context_dependent_shape_representation .....................:    227
! SUMMARY-  cylindrical_surface ........................................:    588
! SUMMARY-  direction ..................................................:  28051
! SUMMARY-  edge_curve .................................................:  23832
! SUMMARY-  edge_loop ..................................................:   9702
! SUMMARY-  ellipse ....................................................:    112
! SUMMARY-  face_bound .................................................:    731
! SUMMARY-  face_outer_bound ...........................................:   8971
! SUMMARY-  geometric_representation_context_and_global_uncertainty_a ..:    110
! SUMMARY-  item_defined_transformation ................................:    227
! SUMMARY-  length_unit_and_si_unit ....................................:      2
! SUMMARY-  line .......................................................:  14629
! SUMMARY-  manifold_solid_brep ........................................:    251
! SUMMARY-  mapped_item ................................................:      1
! SUMMARY-  mass_unit ..................................................:      1
! SUMMARY-  next_assembly_usage_occurrence .............................:    227
! SUMMARY-  oriented_closed_shell ......................................:     20
! SUMMARY-  oriented_edge ..............................................:  47664
! SUMMARY-  plane ......................................................:   4380
! SUMMARY-  plane_angle_unit_and_si_unit ...............................:      1
! SUMMARY-  product ....................................................:    109
! SUMMARY-  product_context ............................................:      1
! SUMMARY-  product_definition .........................................:    109
! SUMMARY-  product_definition_context .................................:      1
! SUMMARY-  product_definition_formation ...............................:    109
! SUMMARY-  product_definition_shape ...................................:    336
! SUMMARY-  product_related_product_category ...........................:    109
! SUMMARY-  property_definition ........................................:    126
! SUMMARY-  property_definition_representation .........................:    126
! SUMMARY-  representation .............................................:    126
! SUMMARY-  representation_map .........................................:      1
! SUMMARY-  representation_relationship_with_transformation_and_shape ..:    227
! SUMMARY-  shape_definition_representation ............................:    109
! SUMMARY-  shape_representation .......................................:    109
! SUMMARY-  shape_representation_relationship ..........................:     63
! SUMMARY-  si_unit_and_solid_angle_unit ...............................:      1
! SUMMARY-  spherical_surface ..........................................:     42
! SUMMARY-  toroidal_surface ...........................................:     21
! SUMMARY-  uncertainty_measure_with_unit ..............................:    110
! SUMMARY-  vector .....................................................:  14629
! SUMMARY-  vertex_point ...............................................:  15720
! SUMMARY-                                                               -------
! SUMMARY-  Total                                                         324014
! STATUS-    
! STATUS-   Converting to Output Form (Phase 2 of 3): 19-JUN-2026 8:58:53 PM
! STATUS-    
! STATUS-    
! STATUS-   Generating UG geometry and placing them in parts
! STATUS-    
! STATUS-   Creating the UG part (Phase 3 of 3): 19-JUN-2026  8:58:53 PM
! STATUS-    
! STATUS-   Creating UG solid body from Input Ent Id 1530
! STATUS-    
! STATUS-   simplifying Bsplines to analytics
! STATUS-    
! STATUS-   converting tolerant edges into exact edges
! STATUS-    
! STATUS-   doing final check of body to report any faults
! STATUS-    
! STATUS-    
! STATUS-   Creating UG solid body from Input Ent Id 1531
! STATUS-    
! STATUS-   simplifying Bsplines to analytics
! STATUS-    
! STATUS-   converting tolerant edges into exact edges
! STATUS-    
! STATUS-   doing final check of body to report any faults
! STATUS-    
! STATUS-    
! STATUS-   Creating UG solid body from Input Ent Id 1532
! STATUS-    
! STATUS-   simplifying Bsplines to analytics
! STATUS-    
! STATUS-   converting tolerant edges into exact edges
! STATUS-    
! STATUS-   doing final check of body to report any faults
! STATUS-    
! STATUS-    
! STATUS-   Creating UG solid body from Input Ent Id 1533
! STATUS-    
! STATUS-   simplifying Bsplines to analytics
! STATUS-    
! STATUS-   converting tolerant edges into exact edges
! STATUS-    
! STATUS-   doing final check of body to report any faults
! STATUS-    
! STATUS-    
! STATUS-   Creating UG solid body from Input Ent Id 1534
! STATUS-    
! STATUS-   simplifying Bsplines to analytics
! STATUS-    
! STATUS-   converting tolerant edges into exact edges
! STATUS-    
! STATUS-   doing final check of body to report any faults
! STATUS-    
! STATUS-    
! STATUS-   Creating UG solid body from Input Ent Id 1535
! STATUS-    
! STATUS-   simplifying Bsplines to analytics
! STATUS-    
! STATUS-   converting tolerant edges into exact edges
! STATUS-    
! STATUS-   doing final check of body to report any faults
! STATUS-    
! STATUS-    
! STATUS-   Creating UG solid body from Input Ent Id 1536
! STATUS-    
! STATUS-   simplifying Bsplines to analytics
! STATUS-    
! STATUS-   converting tolerant edges into exact edges
! STATUS-    
! STATUS-   doing final check of body to report any faults
! STATUS-    
! STATUS-    
! STATUS-   Creating UG solid body from Input Ent Id 1537
! STATUS-    
! STATUS-   simplifying Bsplines to analytics
! STATUS-    
! STATUS-   converting tolerant edges into exact edges
! STATUS-    
! STATUS-   doing final check of body to report any faults
! STATUS-    
! STATUS-    
! STATUS-   Creating UG solid body from Input Ent Id 1538
! STATUS-    
! STATUS-   simplifying Bsplines to analytics
! STATUS-    
! STATUS-   converting tolerant edges into exact edges
! STATUS-    
! STATUS-   doing final check of body to report any faults
! STATUS-    
! STATUS-    
! STATUS-   Creating UG solid body from Input Ent Id 1539
! STATUS-    
! STATUS-   simplifying Bsplines to analytics
! STATUS-    
! STATUS-   converting tolerant edges into exact edges
! STATUS-    
! STATUS-   doing final check of body to report any faults
! STATUS-    
! STATUS-    
! STATUS-   Creating UG solid body from Input Ent Id 1540
! STATUS-    
! STATUS-   simplifying Bsplines to analytics
! STATUS-    
! STATUS-   converting tolerant edges into exact edges
! STATUS-    
! STATUS-   doing final check of body to report any faults
! STATUS-    
! STATUS-    
! STATUS-   Creating UG solid body from Input Ent Id 1541
! STATUS-    
! STATUS-   simplifying Bsplines to analytics
! STATUS-    
! STATUS-   converting tolerant edges into exact edges
! STATUS-    
! STATUS-   doing final check of body to report any faults
! STATUS-    
! STATUS-    
! STATUS-   Creating UG solid body from Input Ent Id 1542
! STATUS-    
! STATUS-   simplifying Bsplines to analytics
! STATUS-    
! STATUS-   converting tolerant edges into exact edges
! STATUS-    
! STATUS-   doing final check of body to report any faults
! STATUS-    
! STATUS-    
! STATUS-   Creating UG solid body from Input Ent Id 1543
! STATUS-    
! STATUS-   simplifying Bsplines to analytics
! STATUS-    
! STATUS-   converting tolerant edges into exact edges
! STATUS-    
! STATUS-   doing final check of body to report any faults
! STATUS-    
! STATUS-    
! STATUS-   Creating UG solid body from Input Ent Id 1544
! STATUS-    
! STATUS-   simplifying Bsplines to analytics
! STATUS-    
! STATUS-   converting tolerant edges into exact edges
! STATUS-    
! STATUS-   doing final check of body to report any faults
! STATUS-    
! STATUS-    
! STATUS-   Creating UG solid body from Input Ent Id 1545
! STATUS-    
! STATUS-   simplifying Bsplines to analytics
! STATUS-    
! STATUS-   converting tolerant edges into exact edges
! STATUS-    
! STATUS-   doing final check of body to report any faults
! STATUS-    
! STATUS-    
! STATUS-   Creating UG solid body from Input Ent Id 1546
! STATUS-    
! STATUS-   simplifying Bsplines to analytics
! STATUS-    
! STATUS-   converting tolerant edges into exact edges
! STATUS-    
! STATUS-   doing final check of body to report any faults
! STATUS-    
! STATUS-    
! STATUS-   Creating UG solid body from Input Ent Id 1547
! STATUS-    
! STATUS-   simplifying Bsplines to analytics
! STATUS-    
! STATUS-   converting tolerant edges into exact edges
! STATUS-    
! STATUS-   doing final check of body to report any faults
! STATUS-    
! STATUS-    
! STATUS-   Creating UG solid body from Input Ent Id 1548
! STATUS-    
! STATUS-   simplifying Bsplines to analytics
! STATUS-    
! STATUS-   converting tolerant edges into exact edges
! STATUS-    
! STATUS-   doing final check of body to report any faults
! STATUS-    
! STATUS-    
! STATUS-   Creating UG solid body from Input Ent Id 1549
! STATUS-    
! STATUS-   simplifying Bsplines to analytics
! STATUS-    
! STATUS-   converting tolerant edges into exact edges
! STATUS-    
! STATUS-   doing final check of body to report any faults
! STATUS-    
! STATUS-    
! STATUS-   Creating UG solid body from Input Ent Id 1550
! STATUS-    
! STATUS-   simplifying Bsplines to analytics
! STATUS-    
! STATUS-   converting tolerant edges into exact edges
! STATUS-    
! STATUS-   doing final check of body to report any faults
! STATUS-    
! STATUS-    
! STATUS-   Creating UG solid body from Input Ent Id 1551
! STATUS-    
! STATUS-   simplifying Bsplines to analytics
! STATUS-    
! STATUS-   converting tolerant edges into exact edges
! STATUS-    
! STATUS-   doing final check of body to report any faults
! STATUS-    
! STATUS-    
! STATUS-   Creating UG solid body from Input Ent Id 1552
! STATUS-    
! STATUS-   simplifying Bsplines to analytics
! STATUS-    
! STATUS-   converting tolerant edges into exact edges
! STATUS-    
! STATUS-   doing final check of body to report any faults
! STATUS-    
! INFO-     Filing Part ..: C:\OneHistory\OneHistory-Projects\2026-012-咖啡冷萃机\3-Module-GE\esp32\22way PCB Header
! SUMMARY-   
! SUMMARY-  Summary of Unigraphics Part Entities
! SUMMARY-   
! SUMMARY-  Entities Processed             Count
! SUMMARY-  ------------------             -----
! SUMMARY-  Solid .......................:    23
! SUMMARY-                                 -----
! SUMMARY-  Total                             23
! STATUS-   Creating the UG part (Phase 3 of 3): 19-JUN-2026  8:58:54 PM
! STATUS-    
! STATUS-   Creating UG solid body from Input Ent Id 79
! STATUS-    
! STATUS-   simplifying Bsplines to analytics
! STATUS-    
! STATUS-   converting tolerant edges into exact edges
! STATUS-    
! STATUS-   doing final check of body to report any faults
! STATUS-    
! WARNING-  solid body contains fault: 13828 - RTSTSH: Inconsistent shells.
! WARNING-  solid body (Body1) contains faults that could not be corrected
! WARNING-   
! INFO-     Filing Part ..: C:\OneHistory\OneHistory-Projects\2026-012-咖啡冷萃机\3-Module-GE\esp32\3x4x2mm - 2 Pad
! SUMMARY-   
! SUMMARY-  Summary of Unigraphics Part Entities
! SUMMARY-   
! SUMMARY-  Entities Processed             Count
! SUMMARY-  ------------------             -----
! SUMMARY-  Solid .......................:     1
! SUMMARY-                                 -----
! SUMMARY-  Total                              1
! STATUS-   Creating the UG part (Phase 3 of 3): 19-JUN-2026  8:58:54 PM
! STATUS-    
! STATUS-   Creating UG solid body from Input Ent Id 1529
! STATUS-    
! STATUS-   simplifying Bsplines to analytics
! STATUS-    
! STATUS-   converting tolerant edges into exact edges
! STATUS-    
! STATUS-   doing final check of body to report any faults
! STATUS-    
! INFO-     Filing Part ..: C:\OneHistory\OneHistory-Projects\2026-012-咖啡冷萃机\3-Module-GE\esp32\Part 1_3
! SUMMARY-   
! SUMMARY-  Summary of Unigraphics Part Entities
! SUMMARY-   
! SUMMARY-  Entities Processed             Count
! SUMMARY-  ------------------             -----
! SUMMARY-  Solid .......................:     1
! SUMMARY-                                 -----
! SUMMARY-  Total                              1
! STATUS-   Creating the UG part (Phase 3 of 3): 19-JUN-2026  8:58:54 PM
! STATUS-    
! STATUS-   Creating UG solid body from Input Ent Id 1528
! STATUS-    
! STATUS-   simplifying Bsplines to analytics
! STATUS-    
! STATUS-   converting tolerant edges into exact edges
! STATUS-    
! STATUS-   doing final check of body to report any faults
! STATUS-    
! INFO-     Filing Part ..: C:\OneHistory\OneHistory-Projects\2026-012-咖啡冷萃机\3-Module-GE\esp32\Part 2_3
! SUMMARY-   
! SUMMARY-  Summary of Unigraphics Part Entities
! SUMMARY-   
! SUMMARY-  Entities Processed             Count
! SUMMARY-  ------------------             -----
! SUMMARY-  Solid .......................:     1
! SUMMARY-                                 -----
! SUMMARY-  Total                              1
! STATUS-   Creating the UG part (Phase 3 of 3): 19-JUN-2026  8:58:54 PM
! STATUS-    
! STATUS-   Creating UG solid body from Input Ent Id 1527
! STATUS-    
! STATUS-   simplifying Bsplines to analytics
! STATUS-    
! STATUS-   converting tolerant edges into exact edges
! STATUS-    
! STATUS-   doing final check of body to report any faults
! STATUS-    
! INFO-     Filing Part ..: C:\OneHistory\OneHistory-Projects\2026-012-咖啡冷萃机\3-Module-GE\esp32\Part 3_3
! SUMMARY-   
! SUMMARY-  Summary of Unigraphics Part Entities
! SUMMARY-   
! SUMMARY-  Entities Processed             Count
! SUMMARY-  ------------------             -----
! SUMMARY-  Solid .......................:     1
! SUMMARY-                                 -----
! SUMMARY-  Total                              1
! STATUS-   Creating the UG part (Phase 3 of 3): 19-JUN-2026  8:58:54 PM
! STATUS-    
! STATUS-   Creating UG solid body from Input Ent Id 1526
! STATUS-    
! STATUS-   simplifying Bsplines to analytics
! STATUS-    
! STATUS-   converting tolerant edges into exact edges
! STATUS-    
! STATUS-   doing final check of body to report any faults
! STATUS-    
! INFO-     Filing Part ..: C:\OneHistory\OneHistory-Projects\2026-012-咖啡冷萃机\3-Module-GE\esp32\Part 1_2
! SUMMARY-   
! SUMMARY-  Summary of Unigraphics Part Entities
! SUMMARY-   
! SUMMARY-  Entities Processed             Count
! SUMMARY-  ------------------             -----
! SUMMARY-  Solid .......................:     1
! SUMMARY-                                 -----
! SUMMARY-  Total                              1
! STATUS-   Creating the UG part (Phase 3 of 3): 19-JUN-2026  8:58:54 PM
! STATUS-    
! STATUS-   Creating UG solid body from Input Ent Id 1525
! STATUS-    
! STATUS-   simplifying Bsplines to analytics
! STATUS-    
! STATUS-   converting tolerant edges into exact edges
! STATUS-    
! STATUS-   doing final check of body to report any faults
! STATUS-    
! INFO-     Filing Part ..: C:\OneHistory\OneHistory-Projects\2026-012-咖啡冷萃机\3-Module-GE\esp32\Part 2_2
! SUMMARY-   
! SUMMARY-  Summary of Unigraphics Part Entities
! SUMMARY-   
! SUMMARY-  Entities Processed             Count
! SUMMARY-  ------------------             -----
! SUMMARY-  Solid .......................:     1
! SUMMARY-                                 -----
! SUMMARY-  Total                              1
! STATUS-   Creating the UG part (Phase 3 of 3): 19-JUN-2026  8:58:54 PM
! STATUS-    
! STATUS-   Creating UG solid body from Input Ent Id 1524
! STATUS-    
! STATUS-   simplifying Bsplines to analytics
! STATUS-    
! STATUS-   converting tolerant edges into exact edges
! STATUS-    
! STATUS-   doing final check of body to report any faults
! STATUS-    
! INFO-     Filing Part ..: C:\OneHistory\OneHistory-Projects\2026-012-咖啡冷萃机\3-Module-GE\esp32\Part 3_2
! SUMMARY-   
! SUMMARY-  Summary of Unigraphics Part Entities
! SUMMARY-   
! SUMMARY-  Entities Processed             Count
! SUMMARY-  ------------------             -----
! SUMMARY-  Solid .......................:     1
! SUMMARY-                                 -----
! SUMMARY-  Total                              1
! STATUS-   Creating the UG part (Phase 3 of 3): 19-JUN-2026  8:58:54 PM
! STATUS-    
! STATUS-   Creating UG solid body from Input Ent Id 1523
! STATUS-    
! STATUS-   simplifying Bsplines to analytics
! STATUS-    
! STATUS-   converting tolerant edges into exact edges
! STATUS-    
! STATUS-   doing final check of body to report any faults
! STATUS-    
! INFO-     Filing Part ..: C:\OneHistory\OneHistory-Projects\2026-012-咖啡冷萃机\3-Module-GE\esp32\Part 4_1
! SUMMARY-   
! SUMMARY-  Summary of Unigraphics Part Entities
! SUMMARY-   
! SUMMARY-  Entities Processed             Count
! SUMMARY-  ------------------             -----
! SUMMARY-  Solid .......................:     1
! SUMMARY-                                 -----
! SUMMARY-  Total                              1
! STATUS-   Creating the UG part (Phase 3 of 3): 19-JUN-2026  8:58:54 PM
! STATUS-    
! STATUS-   Creating UG solid body from Input Ent Id 1522
! STATUS-    
! STATUS-   simplifying Bsplines to analytics
! STATUS-    
! STATUS-   converting tolerant edges into exact edges
! STATUS-    
! STATUS-   doing final check of body to report any faults
! STATUS-    
! INFO-     Filing Part ..: C:\OneHistory\OneHistory-Projects\2026-012-咖啡冷萃机\3-Module-GE\esp32\Part 5_1
! SUMMARY-   
! SUMMARY-  Summary of Unigraphics Part Entities
! SUMMARY-   
! SUMMARY-  Entities Processed             Count
! SUMMARY-  ------------------             -----
! SUMMARY-  Solid .......................:     1
! SUMMARY-                                 -----
! SUMMARY-  Total                              1
! STATUS-   Creating the UG part (Phase 3 of 3): 19-JUN-2026  8:58:54 PM
! STATUS-    
! STATUS-   Creating UG solid body from Input Ent Id 1521
! STATUS-    
! STATUS-   simplifying Bsplines to analytics
! STATUS-    
! STATUS-   converting tolerant edges into exact edges
! STATUS-    
! STATUS-   doing final check of body to report any faults
! STATUS-    
! INFO-     Filing Part ..: C:\OneHistory\OneHistory-Projects\2026-012-咖啡冷萃机\3-Module-GE\esp32\Part 6_1
! SUMMARY-   
! SUMMARY-  Summary of Unigraphics Part Entities
! SUMMARY-   
! SUMMARY-  Entities Processed             Count
! SUMMARY-  ------------------             -----
! SUMMARY-  Solid .......................:     1
! SUMMARY-                                 -----
! SUMMARY-  Total                              1
! STATUS-   Creating the UG part (Phase 3 of 3): 19-JUN-2026  8:58:54 PM
! STATUS-    
! STATUS-   Creating UG solid body from Input Ent Id 1520
! STATUS-    
! STATUS-   simplifying Bsplines to analytics
! STATUS-    
! STATUS-   converting tolerant edges into exact edges
! STATUS-    
! STATUS-   doing final check of body to report any faults
! STATUS-    
! INFO-     Filing Part ..: C:\OneHistory\OneHistory-Projects\2026-012-咖啡冷萃机\3-Module-GE\esp32\SOT-23
! SUMMARY-   
! SUMMARY-  Summary of Unigraphics Part Entities
! SUMMARY-   
! SUMMARY-  Entities Processed             Count
! SUMMARY-  ------------------             -----
! SUMMARY-  Solid .......................:     1
! SUMMARY-                                 -----
! SUMMARY-  Total                              1
! STATUS-   Creating the UG part (Phase 3 of 3): 19-JUN-2026  8:58:55 PM
! STATUS-    
! STATUS-   Creating UG solid body from Input Ent Id 1519
! STATUS-    
! STATUS-   simplifying Bsplines to analytics
! STATUS-    
! STATUS-   converting tolerant edges into exact edges
! STATUS-    
! STATUS-   doing final check of body to report any faults
! STATUS-    
! INFO-     Filing Part ..: C:\OneHistory\OneHistory-Projects\2026-012-咖啡冷萃机\3-Module-GE\esp32\Part 1_1
! SUMMARY-   
! SUMMARY-  Summary of Unigraphics Part Entities
! SUMMARY-   
! SUMMARY-  Entities Processed             Count
! SUMMARY-  ------------------             -----
! SUMMARY-  Solid .......................:     1
! SUMMARY-                                 -----
! SUMMARY-  Total                              1
! STATUS-   Creating the UG part (Phase 3 of 3): 19-JUN-2026  8:58:55 PM
! STATUS-    
! STATUS-   Creating UG solid body from Input Ent Id 1518
! STATUS-    
! STATUS-   simplifying Bsplines to analytics
! STATUS-    
! STATUS-   converting tolerant edges into exact edges
! STATUS-    
! STATUS-   doing final check of body to report any faults
! STATUS-    
! INFO-     Filing Part ..: C:\OneHistory\OneHistory-Projects\2026-012-咖啡冷萃机\3-Module-GE\esp32\Part 2_1
! SUMMARY-   
! SUMMARY-  Summary of Unigraphics Part Entities
! SUMMARY-   
! SUMMARY-  Entities Processed             Count
! SUMMARY-  ------------------             -----
! SUMMARY-  Solid .......................:     1
! SUMMARY-                                 -----
! SUMMARY-  Total                              1
! STATUS-   Creating the UG part (Phase 3 of 3): 19-JUN-2026  8:58:55 PM
! STATUS-    
! STATUS-   Creating UG solid body from Input Ent Id 1517
! STATUS-    
! STATUS-   simplifying Bsplines to analytics
! STATUS-    
! STATUS-   converting tolerant edges into exact edges
! STATUS-    
! STATUS-   doing final check of body to report any faults
! STATUS-    
! INFO-     Filing Part ..: C:\OneHistory\OneHistory-Projects\2026-012-咖啡冷萃机\3-Module-GE\esp32\Part 3_1
! SUMMARY-   
! SUMMARY-  Summary of Unigraphics Part Entities
! SUMMARY-   
! SUMMARY-  Entities Processed             Count
! SUMMARY-  ------------------             -----
! SUMMARY-  Solid .......................:     1
! SUMMARY-                                 -----
! SUMMARY-  Total                              1
! STATUS-   Creating the UG part (Phase 3 of 3): 19-JUN-2026  8:58:55 PM
! STATUS-    
! STATUS-   Creating UG solid body from Input Ent Id 1516
! STATUS-    
! STATUS-   simplifying Bsplines to analytics
! STATUS-    
! STATUS-   converting tolerant edges into exact edges
! STATUS-    
! STATUS-   doing final check of body to report any faults
! STATUS-    
! INFO-     Filing Part ..: C:\OneHistory\OneHistory-Projects\2026-012-咖啡冷萃机\3-Module-GE\esp32\SOT-223
! SUMMARY-   
! SUMMARY-  Summary of Unigraphics Part Entities
! SUMMARY-   
! SUMMARY-  Entities Processed             Count
! SUMMARY-  ------------------             -----
! SUMMARY-  Solid .......................:     1
! SUMMARY-                                 -----
! SUMMARY-  Total                              1
! STATUS-   Creating the UG part (Phase 3 of 3): 19-JUN-2026  8:58:55 PM
! STATUS-    
! STATUS-   Creating UG solid body from Input Ent Id 1515
! STATUS-    
! STATUS-   simplifying Bsplines to analytics
! STATUS-    
! STATUS-   converting tolerant edges into exact edges
! STATUS-    
! STATUS-   doing final check of body to report any faults
! STATUS-    
! INFO-     Filing Part ..: C:\OneHistory\OneHistory-Projects\2026-012-咖啡冷萃机\3-Module-GE\esp32\Base_2
! SUMMARY-   
! SUMMARY-  Summary of Unigraphics Part Entities
! SUMMARY-   
! SUMMARY-  Entities Processed             Count
! SUMMARY-  ------------------             -----
! SUMMARY-  Solid .......................:     1
! SUMMARY-                                 -----
! SUMMARY-  Total                              1
! STATUS-   Creating the UG part (Phase 3 of 3): 19-JUN-2026  8:58:55 PM
! STATUS-    
! STATUS-   Creating UG solid body from Input Ent Id 1514
! STATUS-    
! STATUS-   simplifying Bsplines to analytics
! STATUS-    
! STATUS-   converting tolerant edges into exact edges
! STATUS-    
! STATUS-   doing final check of body to report any faults
! STATUS-    
! INFO-     Filing Part ..: C:\OneHistory\OneHistory-Projects\2026-012-咖啡冷萃机\3-Module-GE\esp32\Cathode_2
! SUMMARY-   
! SUMMARY-  Summary of Unigraphics Part Entities
! SUMMARY-   
! SUMMARY-  Entities Processed             Count
! SUMMARY-  ------------------             -----
! SUMMARY-  Solid .......................:     1
! SUMMARY-                                 -----
! SUMMARY-  Total                              1
! STATUS-   Creating the UG part (Phase 3 of 3): 19-JUN-2026  8:58:55 PM
! STATUS-    
! STATUS-   Creating UG solid body from Input Ent Id 1513
! STATUS-    
! STATUS-   simplifying Bsplines to analytics
! STATUS-    
! STATUS-   converting tolerant edges into exact edges
! STATUS-    
! STATUS-   doing final check of body to report any faults
! STATUS-    
! INFO-     Filing Part ..: C:\OneHistory\OneHistory-Projects\2026-012-咖啡冷萃机\3-Module-GE\esp32\Anode_2
! SUMMARY-   
! SUMMARY-  Summary of Unigraphics Part Entities
! SUMMARY-   
! SUMMARY-  Entities Processed             Count
! SUMMARY-  ------------------             -----
! SUMMARY-  Solid .......................:     1
! SUMMARY-                                 -----
! SUMMARY-  Total                              1
! STATUS-   Creating the UG part (Phase 3 of 3): 19-JUN-2026  8:58:55 PM
! STATUS-    
! STATUS-   Creating UG solid body from Input Ent Id 1512
! STATUS-    
! STATUS-   simplifying Bsplines to analytics
! STATUS-    
! STATUS-   converting tolerant edges into exact edges
! STATUS-    
! STATUS-   doing final check of body to report any faults
! STATUS-    
! INFO-     Filing Part ..: C:\OneHistory\OneHistory-Projects\2026-012-咖啡冷萃机\3-Module-GE\esp32\Cathode Bottom_2
! SUMMARY-   
! SUMMARY-  Summary of Unigraphics Part Entities
! SUMMARY-   
! SUMMARY-  Entities Processed             Count
! SUMMARY-  ------------------             -----
! SUMMARY-  Solid .......................:     1
! SUMMARY-                                 -----
! SUMMARY-  Total                              1
! STATUS-   Creating the UG part (Phase 3 of 3): 19-JUN-2026  8:58:55 PM
! STATUS-    
! STATUS-   Creating UG solid body from Input Ent Id 1511
! STATUS-    
! STATUS-   simplifying Bsplines to analytics
! STATUS-    
! STATUS-   converting tolerant edges into exact edges
! STATUS-    
! STATUS-   doing final check of body to report any faults
! STATUS-    
! INFO-     Filing Part ..: C:\OneHistory\OneHistory-Projects\2026-012-咖啡冷萃机\3-Module-GE\esp32\Anode Bottom_2
! SUMMARY-   
! SUMMARY-  Summary of Unigraphics Part Entities
! SUMMARY-   
! SUMMARY-  Entities Processed             Count
! SUMMARY-  ------------------             -----
! SUMMARY-  Solid .......................:     1
! SUMMARY-                                 -----
! SUMMARY-  Total                              1
! STATUS-   Creating the UG part (Phase 3 of 3): 19-JUN-2026  8:58:55 PM
! STATUS-    
! STATUS-   Creating UG solid body from Input Ent Id 1510
! STATUS-    
! STATUS-   simplifying Bsplines to analytics
! STATUS-    
! STATUS-   converting tolerant edges into exact edges
! STATUS-    
! STATUS-   doing final check of body to report any faults
! STATUS-    
! INFO-     Filing Part ..: C:\OneHistory\OneHistory-Projects\2026-012-咖啡冷萃机\3-Module-GE\esp32\Body_2
! SUMMARY-   
! SUMMARY-  Summary of Unigraphics Part Entities
! SUMMARY-   
! SUMMARY-  Entities Processed             Count
! SUMMARY-  ------------------             -----
! SUMMARY-  Solid .......................:     1
! SUMMARY-                                 -----
! SUMMARY-  Total                              1
! STATUS-   Creating the UG part (Phase 3 of 3): 19-JUN-2026  8:58:55 PM
! STATUS-    
! STATUS-   Creating UG solid body from Input Ent Id 1509
! STATUS-    
! STATUS-   simplifying Bsplines to analytics
! STATUS-    
! STATUS-   converting tolerant edges into exact edges
! STATUS-    
! STATUS-   doing final check of body to report any faults
! STATUS-    
! INFO-     Filing Part ..: C:\OneHistory\OneHistory-Projects\2026-012-咖啡冷萃机\3-Module-GE\esp32\Light_2
! SUMMARY-   
! SUMMARY-  Summary of Unigraphics Part Entities
! SUMMARY-   
! SUMMARY-  Entities Processed             Count
! SUMMARY-  ------------------             -----
! SUMMARY-  Solid .......................:     1
! SUMMARY-                                 -----
! SUMMARY-  Total                              1
! STATUS-   Creating the UG part (Phase 3 of 3): 19-JUN-2026  8:58:55 PM
! STATUS-    
! STATUS-   Creating UG solid body from Input Ent Id 1508
! STATUS-    
! STATUS-   simplifying Bsplines to analytics
! STATUS-    
! STATUS-   converting tolerant edges into exact edges
! STATUS-    
! STATUS-   doing final check of body to report any faults
! STATUS-    
! INFO-     Filing Part ..: C:\OneHistory\OneHistory-Projects\2026-012-咖啡冷萃机\3-Module-GE\esp32\Base_1
! SUMMARY-   
! SUMMARY-  Summary of Unigraphics Part Entities
! SUMMARY-   
! SUMMARY-  Entities Processed             Count
! SUMMARY-  ------------------             -----
! SUMMARY-  Solid .......................:     1
! SUMMARY-                                 -----
! SUMMARY-  Total                              1
! STATUS-   Creating the UG part (Phase 3 of 3): 19-JUN-2026  8:58:55 PM
! STATUS-    
! STATUS-   Creating UG solid body from Input Ent Id 1507
! STATUS-    
! STATUS-   simplifying Bsplines to analytics
! STATUS-    
! STATUS-   converting tolerant edges into exact edges
! STATUS-    
! STATUS-   doing final check of body to report any faults
! STATUS-    
! INFO-     Filing Part ..: C:\OneHistory\OneHistory-Projects\2026-012-咖啡冷萃机\3-Module-GE\esp32\Cathode_1
! SUMMARY-   
! SUMMARY-  Summary of Unigraphics Part Entities
! SUMMARY-   
! SUMMARY-  Entities Processed             Count
! SUMMARY-  ------------------             -----
! SUMMARY-  Solid .......................:     1
! SUMMARY-                                 -----
! SUMMARY-  Total                              1
! STATUS-   Creating the UG part (Phase 3 of 3): 19-JUN-2026  8:58:55 PM
! STATUS-    
! STATUS-   Creating UG solid body from Input Ent Id 1506
! STATUS-    
! STATUS-   simplifying Bsplines to analytics
! STATUS-    
! STATUS-   converting tolerant edges into exact edges
! STATUS-    
! STATUS-   doing final check of body to report any faults
! STATUS-    
! INFO-     Filing Part ..: C:\OneHistory\OneHistory-Projects\2026-012-咖啡冷萃机\3-Module-GE\esp32\Anode_1
! SUMMARY-   
! SUMMARY-  Summary of Unigraphics Part Entities
! SUMMARY-   
! SUMMARY-  Entities Processed             Count
! SUMMARY-  ------------------             -----
! SUMMARY-  Solid .......................:     1
! SUMMARY-                                 -----
! SUMMARY-  Total                              1
! STATUS-   Creating the UG part (Phase 3 of 3): 19-JUN-2026  8:58:55 PM
! STATUS-    
! STATUS-   Creating UG solid body from Input Ent Id 1505
! STATUS-    
! STATUS-   simplifying Bsplines to analytics
! STATUS-    
! STATUS-   converting tolerant edges into exact edges
! STATUS-    
! STATUS-   doing final check of body to report any faults
! STATUS-    
! INFO-     Filing Part ..: C:\OneHistory\OneHistory-Projects\2026-012-咖啡冷萃机\3-Module-GE\esp32\Cathode Bottom_1
! SUMMARY-   
! SUMMARY-  Summary of Unigraphics Part Entities
! SUMMARY-   
! SUMMARY-  Entities Processed             Count
! SUMMARY-  ------------------             -----
! SUMMARY-  Solid .......................:     1
! SUMMARY-                                 -----
! SUMMARY-  Total                              1
! STATUS-   Creating the UG part (Phase 3 of 3): 19-JUN-2026  8:58:55 PM
! STATUS-    
! STATUS-   Creating UG solid body from Input Ent Id 1504
! STATUS-    
! STATUS-   simplifying Bsplines to analytics
! STATUS-    
! STATUS-   converting tolerant edges into exact edges
! STATUS-    
! STATUS-   doing final check of body to report any faults
! STATUS-    
! INFO-     Filing Part ..: C:\OneHistory\OneHistory-Projects\2026-012-咖啡冷萃机\3-Module-GE\esp32\Anode Bottom_1
! SUMMARY-   
! SUMMARY-  Summary of Unigraphics Part Entities
! SUMMARY-   
! SUMMARY-  Entities Processed             Count
! SUMMARY-  ------------------             -----
! SUMMARY-  Solid .......................:     1
! SUMMARY-                                 -----
! SUMMARY-  Total                              1
! STATUS-   Creating the UG part (Phase 3 of 3): 19-JUN-2026  8:58:55 PM
! STATUS-    
! STATUS-   Creating UG solid body from Input Ent Id 1503
! STATUS-    
! STATUS-   simplifying Bsplines to analytics
! STATUS-    
! STATUS-   converting tolerant edges into exact edges
! STATUS-    
! STATUS-   doing final check of body to report any faults
! STATUS-    
! INFO-     Filing Part ..: C:\OneHistory\OneHistory-Projects\2026-012-咖啡冷萃机\3-Module-GE\esp32\Body_1
! SUMMARY-   
! SUMMARY-  Summary of Unigraphics Part Entities
! SUMMARY-   
! SUMMARY-  Entities Processed             Count
! SUMMARY-  ------------------             -----
! SUMMARY-  Solid .......................:     1
! SUMMARY-                                 -----
! SUMMARY-  Total                              1
! STATUS-   Creating the UG part (Phase 3 of 3): 19-JUN-2026  8:58:55 PM
! STATUS-    
! STATUS-   Creating UG solid body from Input Ent Id 1502
! STATUS-    
! STATUS-   simplifying Bsplines to analytics
! STATUS-    
! STATUS-   converting tolerant edges into exact edges
! STATUS-    
! STATUS-   doing final check of body to report any faults
! STATUS-    
! INFO-     Filing Part ..: C:\OneHistory\OneHistory-Projects\2026-012-咖啡冷萃机\3-Module-GE\esp32\Light_1
! SUMMARY-   
! SUMMARY-  Summary of Unigraphics Part Entities
! SUMMARY-   
! SUMMARY-  Entities Processed             Count
! SUMMARY-  ------------------             -----
! SUMMARY-  Solid .......................:     1
! SUMMARY-                                 -----
! SUMMARY-  Total                              1
! STATUS-   Creating the UG part (Phase 3 of 3): 19-JUN-2026  8:58:55 PM
! STATUS-    
! STATUS-   Creating UG solid body from Input Ent Id 1501
! STATUS-    
! STATUS-   simplifying Bsplines to analytics
! STATUS-    
! STATUS-   converting tolerant edges into exact edges
! STATUS-    
! STATUS-   doing final check of body to report any faults
! STATUS-    
! INFO-     Filing Part ..: C:\OneHistory\OneHistory-Projects\2026-012-咖啡冷萃机\3-Module-GE\esp32\Base
! SUMMARY-   
! SUMMARY-  Summary of Unigraphics Part Entities
! SUMMARY-   
! SUMMARY-  Entities Processed             Count
! SUMMARY-  ------------------             -----
! SUMMARY-  Solid .......................:     1
! SUMMARY-                                 -----
! SUMMARY-  Total                              1
! STATUS-   Creating the UG part (Phase 3 of 3): 19-JUN-2026  8:58:55 PM
! STATUS-    
! STATUS-   Creating UG solid body from Input Ent Id 1500
! STATUS-    
! STATUS-   simplifying Bsplines to analytics
! STATUS-    
! STATUS-   converting tolerant edges into exact edges
! STATUS-    
! STATUS-   doing final check of body to report any faults
! STATUS-    
! INFO-     Filing Part ..: C:\OneHistory\OneHistory-Projects\2026-012-咖啡冷萃机\3-Module-GE\esp32\Cathode
! SUMMARY-   
! SUMMARY-  Summary of Unigraphics Part Entities
! SUMMARY-   
! SUMMARY-  Entities Processed             Count
! SUMMARY-  ------------------             -----
! SUMMARY-  Solid .......................:     1
! SUMMARY-                                 -----
! SUMMARY-  Total                              1
! STATUS-   Creating the UG part (Phase 3 of 3): 19-JUN-2026  8:58:56 PM
! STATUS-    
! STATUS-   Creating UG solid body from Input Ent Id 1499
! STATUS-    
! STATUS-   simplifying Bsplines to analytics
! STATUS-    
! STATUS-   converting tolerant edges into exact edges
! STATUS-    
! STATUS-   doing final check of body to report any faults
! STATUS-    
! INFO-     Filing Part ..: C:\OneHistory\OneHistory-Projects\2026-012-咖啡冷萃机\3-Module-GE\esp32\Anode
! SUMMARY-   
! SUMMARY-  Summary of Unigraphics Part Entities
! SUMMARY-   
! SUMMARY-  Entities Processed             Count
! SUMMARY-  ------------------             -----
! SUMMARY-  Solid .......................:     1
! SUMMARY-                                 -----
! SUMMARY-  Total                              1
! STATUS-   Creating the UG part (Phase 3 of 3): 19-JUN-2026  8:58:56 PM
! STATUS-    
! STATUS-   Creating UG solid body from Input Ent Id 1498
! STATUS-    
! STATUS-   simplifying Bsplines to analytics
! STATUS-    
! STATUS-   converting tolerant edges into exact edges
! STATUS-    
! STATUS-   doing final check of body to report any faults
! STATUS-    
! INFO-     Filing Part ..: C:\OneHistory\OneHistory-Projects\2026-012-咖啡冷萃机\3-Module-GE\esp32\Cathode Bottom
! SUMMARY-   
! SUMMARY-  Summary of Unigraphics Part Entities
! SUMMARY-   
! SUMMARY-  Entities Processed             Count
! SUMMARY-  ------------------             -----
! SUMMARY-  Solid .......................:     1
! SUMMARY-                                 -----
! SUMMARY-  Total                              1
! STATUS-   Creating the UG part (Phase 3 of 3): 19-JUN-2026  8:58:56 PM
! STATUS-    
! STATUS-   Creating UG solid body from Input Ent Id 1497
! STATUS-    
! STATUS-   simplifying Bsplines to analytics
! STATUS-    
! STATUS-   converting tolerant edges into exact edges
! STATUS-    
! STATUS-   doing final check of body to report any faults
! STATUS-    
! INFO-     Filing Part ..: C:\OneHistory\OneHistory-Projects\2026-012-咖啡冷萃机\3-Module-GE\esp32\Anode Bottom
! SUMMARY-   
! SUMMARY-  Summary of Unigraphics Part Entities
! SUMMARY-   
! SUMMARY-  Entities Processed             Count
! SUMMARY-  ------------------             -----
! SUMMARY-  Solid .......................:     1
! SUMMARY-                                 -----
! SUMMARY-  Total                              1
! STATUS-   Creating the UG part (Phase 3 of 3): 19-JUN-2026  8:58:56 PM
! STATUS-    
! STATUS-   Creating UG solid body from Input Ent Id 1496
! STATUS-    
! STATUS-   simplifying Bsplines to analytics
! STATUS-    
! STATUS-   converting tolerant edges into exact edges
! STATUS-    
! STATUS-   doing final check of body to report any faults
! STATUS-    
! INFO-     Filing Part ..: C:\OneHistory\OneHistory-Projects\2026-012-咖啡冷萃机\3-Module-GE\esp32\Body
! SUMMARY-   
! SUMMARY-  Summary of Unigraphics Part Entities
! SUMMARY-   
! SUMMARY-  Entities Processed             Count
! SUMMARY-  ------------------             -----
! SUMMARY-  Solid .......................:     1
! SUMMARY-                                 -----
! SUMMARY-  Total                              1
! STATUS-   Creating the UG part (Phase 3 of 3): 19-JUN-2026  8:58:56 PM
! STATUS-    
! STATUS-   Creating UG solid body from Input Ent Id 1495
! STATUS-    
! STATUS-   simplifying Bsplines to analytics
! STATUS-    
! STATUS-   converting tolerant edges into exact edges
! STATUS-    
! STATUS-   doing final check of body to report any faults
! STATUS-    
! INFO-     Filing Part ..: C:\OneHistory\OneHistory-Projects\2026-012-咖啡冷萃机\3-Module-GE\esp32\Light
! SUMMARY-   
! SUMMARY-  Summary of Unigraphics Part Entities
! SUMMARY-   
! SUMMARY-  Entities Processed             Count
! SUMMARY-  ------------------             -----
! SUMMARY-  Solid .......................:     1
! SUMMARY-                                 -----
! SUMMARY-  Total                              1
! STATUS-   Creating the UG part (Phase 3 of 3): 19-JUN-2026  8:58:56 PM
! STATUS-    
! STATUS-   Creating UG solid body from Input Ent Id 1475
! STATUS-    
! INFO-     Degeneracy in b-surface entity 103 in V direction was corrected at
! INFO-     or around these locations.  A shape change has resulted:
! INFO-         2.500000 2.500000 0.104702
! INFO-      
! INFO-     SOLID_BODY geometry problem.  self-intersecting B-spline surface
! INFO-     Input Ent Id 103
! INFO-      
! STATUS-   fixing self-intersecting, invalid and/or degenerate edge faults
! STATUS-    
! STATUS-   simplifying Bsplines to analytics
! STATUS-    
! STATUS-   converting tolerant edges into exact edges
! STATUS-    
! STATUS-   doing final check of body to report any faults
! STATUS-    
! WARNING-  solid body contains fault: 13805 - RTSTGX: Self-intersecting face surface
! WARNING-  solid body (Body) contains faults that could not be corrected
! WARNING-   
! STATUS-    
! STATUS-   Creating UG solid body from Input Ent Id 1476
! STATUS-    
! STATUS-   simplifying Bsplines to analytics
! STATUS-    
! STATUS-   converting tolerant edges into exact edges
! STATUS-    
! STATUS-   doing final check of body to report any faults
! STATUS-    
! STATUS-    
! STATUS-   Creating UG solid body from Input Ent Id 1477
! STATUS-    
! STATUS-   simplifying Bsplines to analytics
! STATUS-    
! STATUS-   converting tolerant edges into exact edges
! STATUS-    
! STATUS-   doing final check of body to report any faults
! STATUS-    
! STATUS-    
! STATUS-   Creating UG solid body from Input Ent Id 1478
! STATUS-    
! STATUS-   fixing vertex and/or edge off surface faults
! STATUS-    
! STATUS-   simplifying Bsplines to analytics
! STATUS-    
! STATUS-   converting tolerant edges into exact edges
! STATUS-    
! STATUS-   doing final check of body to report any faults
! STATUS-    
! STATUS-    
! STATUS-   Creating UG solid body from Input Ent Id 1479
! STATUS-    
! STATUS-   simplifying Bsplines to analytics
! STATUS-    
! STATUS-   converting tolerant edges into exact edges
! STATUS-    
! STATUS-   doing final check of body to report any faults
! STATUS-    
! STATUS-    
! STATUS-   Creating UG solid body from Input Ent Id 1480
! STATUS-    
! STATUS-   simplifying Bsplines to analytics
! STATUS-    
! STATUS-   converting tolerant edges into exact edges
! STATUS-    
! STATUS-   doing final check of body to report any faults
! STATUS-    
! STATUS-    
! STATUS-   Creating UG solid body from Input Ent Id 1481
! STATUS-    
! STATUS-   simplifying Bsplines to analytics
! STATUS-    
! STATUS-   converting tolerant edges into exact edges
! STATUS-    
! STATUS-   doing final check of body to report any faults
! STATUS-    
! STATUS-    
! STATUS-   Creating UG solid body from Input Ent Id 1482
! STATUS-    
! STATUS-   simplifying Bsplines to analytics
! STATUS-    
! STATUS-   converting tolerant edges into exact edges
! STATUS-    
! STATUS-   doing final check of body to report any faults
! STATUS-    
! STATUS-    
! STATUS-   Creating UG solid body from Input Ent Id 1483
! STATUS-    
! STATUS-   fixing vertex and/or edge off surface faults
! STATUS-    
! STATUS-   simplifying Bsplines to analytics
! STATUS-    
! STATUS-   converting tolerant edges into exact edges
! STATUS-    
! STATUS-   doing final check of body to report any faults
! STATUS-    
! STATUS-    
! STATUS-   Creating UG solid body from Input Ent Id 1484
! STATUS-    
! STATUS-   simplifying Bsplines to analytics
! STATUS-    
! STATUS-   converting tolerant edges into exact edges
! STATUS-    
! STATUS-   doing final check of body to report any faults
! STATUS-    
! STATUS-    
! STATUS-   Creating UG solid body from Input Ent Id 1485
! STATUS-    
! STATUS-   simplifying Bsplines to analytics
! STATUS-    
! STATUS-   converting tolerant edges into exact edges
! STATUS-    
! STATUS-   doing final check of body to report any faults
! STATUS-    
! STATUS-    
! STATUS-   Creating UG solid body from Input Ent Id 1486
! STATUS-    
! STATUS-   fixing vertex off curve and/or edge reversed faults
! STATUS-    
! STATUS-   fixing vertex and/or edge off surface faults
! STATUS-    
! STATUS-   simplifying Bsplines to analytics
! STATUS-    
! STATUS-   converting tolerant edges into exact edges
! STATUS-    
! STATUS-   doing final check of body to report any faults
! STATUS-    
! STATUS-    
! STATUS-   Creating UG solid body from Input Ent Id 1487
! STATUS-    
! STATUS-   fixing vertex off curve and/or edge reversed faults
! STATUS-    
! STATUS-   fixing vertex and/or edge off surface faults
! STATUS-    
! STATUS-   simplifying Bsplines to analytics
! STATUS-    
! STATUS-   converting tolerant edges into exact edges
! STATUS-    
! STATUS-   doing final check of body to report any faults
! STATUS-    
! STATUS-    
! STATUS-   Creating UG solid body from Input Ent Id 1488
! STATUS-    
! STATUS-   fixing vertex off curve and/or edge reversed faults
! STATUS-    
! STATUS-   fixing vertex and/or edge off surface faults
! STATUS-    
! STATUS-   simplifying Bsplines to analytics
! STATUS-    
! STATUS-   converting tolerant edges into exact edges
! STATUS-    
! STATUS-   doing final check of body to report any faults
! STATUS-    
! STATUS-    
! STATUS-   Creating UG solid body from Input Ent Id 1489
! STATUS-    
! STATUS-   fixing vertex off curve and/or edge reversed faults
! STATUS-    
! STATUS-   fixing vertex and/or edge off surface faults
! STATUS-    
! STATUS-   simplifying Bsplines to analytics
! STATUS-    
! STATUS-   converting tolerant edges into exact edges
! STATUS-    
! STATUS-   doing final check of body to report any faults
! STATUS-    
! STATUS-    
! STATUS-   Creating UG solid body from Input Ent Id 1490
! STATUS-    
! STATUS-   fixing vertex off curve and/or edge reversed faults
! STATUS-    
! STATUS-   fixing vertex and/or edge off surface faults
! STATUS-    
! STATUS-   fixing inconsistent loop faults
! STATUS-    
! STATUS-   simplifying Bsplines to analytics
! STATUS-    
! STATUS-   converting tolerant edges into exact edges
! STATUS-    
! STATUS-   doing final check of body to report any faults
! STATUS-    
! WARNING-  solid body contains fault: 13818 - RTSTVC: Vertex not on curve.
! WARNING-  solid body (Wire (4)) contains faults that could not be corrected
! WARNING-   
! STATUS-    
! STATUS-   Creating UG solid body from Input Ent Id 1491
! STATUS-    
! STATUS-   fixing vertex off curve and/or edge reversed faults
! STATUS-    
! STATUS-   fixing vertex and/or edge off surface faults
! STATUS-    
! STATUS-   simplifying Bsplines to analytics
! STATUS-    
! STATUS-   converting tolerant edges into exact edges
! STATUS-    
! STATUS-   doing final check of body to report any faults
! STATUS-    
! STATUS-    
! STATUS-   Creating UG solid body from Input Ent Id 1492
! STATUS-    
! STATUS-   fixing vertex off curve and/or edge reversed faults
! STATUS-    
! STATUS-   fixing vertex and/or edge off surface faults
! STATUS-    
! STATUS-   simplifying Bsplines to analytics
! STATUS-    
! STATUS-   converting tolerant edges into exact edges
! STATUS-    
! STATUS-   doing final check of body to report any faults
! STATUS-    
! WARNING-  solid body contains fault: 13823 - RTSTES: Edge not on surface.
! WARNING-  solid body (Wire (6)) contains faults that could not be corrected
! WARNING-   
! STATUS-    
! STATUS-   Creating UG solid body from Input Ent Id 1493
! STATUS-    
! STATUS-   fixing vertex off curve and/or edge reversed faults
! STATUS-    
! STATUS-   fixing vertex and/or edge off surface faults
! STATUS-    
! STATUS-   fixing self-intersecting topology faults
! STATUS-    
! STATUS-   simplifying Bsplines to analytics
! STATUS-    
! STATUS-   converting tolerant edges into exact edges
! STATUS-    
! STATUS-   doing final check of body to report any faults
! STATUS-    
! WARNING-  solid body contains fault: 13821 - RTSTVT: Vertices touch.
! WARNING-  solid body contains fault: 13821 - RTSTVT: Vertices touch.
! WARNING-  solid body (Wire (7)) contains faults that could not be corrected
! WARNING-   
! STATUS-    
! STATUS-   Creating UG solid body from Input Ent Id 1494
! STATUS-    
! STATUS-   fixing vertex off curve and/or edge reversed faults
! STATUS-    
! STATUS-   fixing vertex and/or edge off surface faults
! STATUS-    
! STATUS-   simplifying Bsplines to analytics
! STATUS-    
! STATUS-   converting tolerant edges into exact edges
! STATUS-    
! STATUS-   doing final check of body to report any faults
! STATUS-    
! INFO-     Filing Part ..: C:\OneHistory\OneHistory-Projects\2026-012-咖啡冷萃机\3-Module-GE\esp32\WS2812B
! SUMMARY-   
! SUMMARY-  Summary of Unigraphics Part Entities
! SUMMARY-   
! SUMMARY-  Entities Processed             Count
! SUMMARY-  ------------------             -----
! SUMMARY-  Solid .......................:    20
! SUMMARY-                                 -----
! SUMMARY-  Total                             20
! STATUS-   Creating the UG part (Phase 3 of 3): 19-JUN-2026  8:58:57 PM
! STATUS-    
! STATUS-   Creating UG solid body from Input Ent Id 1474
! STATUS-    
! STATUS-   simplifying Bsplines to analytics
! STATUS-    
! STATUS-   converting tolerant edges into exact edges
! STATUS-    
! STATUS-   doing final check of body to report any faults
! STATUS-    
! INFO-     Filing Part ..: C:\OneHistory\OneHistory-Projects\2026-012-咖啡冷萃机\3-Module-GE\esp32\Part 1
! SUMMARY-   
! SUMMARY-  Summary of Unigraphics Part Entities
! SUMMARY-   
! SUMMARY-  Entities Processed             Count
! SUMMARY-  ------------------             -----
! SUMMARY-  Solid .......................:     1
! SUMMARY-                                 -----
! SUMMARY-  Total                              1
! STATUS-   Creating the UG part (Phase 3 of 3): 19-JUN-2026  8:58:57 PM
! STATUS-    
! STATUS-   Creating UG solid body from Input Ent Id 1473
! STATUS-    
! STATUS-   simplifying Bsplines to analytics
! STATUS-    
! STATUS-   converting tolerant edges into exact edges
! STATUS-    
! STATUS-   doing final check of body to report any faults
! STATUS-    
! INFO-     Filing Part ..: C:\OneHistory\OneHistory-Projects\2026-012-咖啡冷萃机\3-Module-GE\esp32\Part 2
! SUMMARY-   
! SUMMARY-  Summary of Unigraphics Part Entities
! SUMMARY-   
! SUMMARY-  Entities Processed             Count
! SUMMARY-  ------------------             -----
! SUMMARY-  Solid .......................:     1
! SUMMARY-                                 -----
! SUMMARY-  Total                              1
! STATUS-   Creating the UG part (Phase 3 of 3): 19-JUN-2026  8:58:58 PM
! STATUS-    
! STATUS-   Creating UG solid body from Input Ent Id 1472
! STATUS-    
! STATUS-   simplifying Bsplines to analytics
! STATUS-    
! STATUS-   converting tolerant edges into exact edges
! STATUS-    
! STATUS-   doing final check of body to report any faults
! STATUS-    
! INFO-     Filing Part ..: C:\OneHistory\OneHistory-Projects\2026-012-咖啡冷萃机\3-Module-GE\esp32\Part 4
! SUMMARY-   
! SUMMARY-  Summary of Unigraphics Part Entities
! SUMMARY-   
! SUMMARY-  Entities Processed             Count
! SUMMARY-  ------------------             -----
! SUMMARY-  Solid .......................:     1
! SUMMARY-                                 -----
! SUMMARY-  Total                              1
! STATUS-   Creating the UG part (Phase 3 of 3): 19-JUN-2026  8:58:58 PM
! STATUS-    
! STATUS-   Creating UG solid body from Input Ent Id 1471
! STATUS-    
! STATUS-   simplifying Bsplines to analytics
! STATUS-    
! STATUS-   converting tolerant edges into exact edges
! STATUS-    
! STATUS-   doing final check of body to report any faults
! STATUS-    
! INFO-     Filing Part ..: C:\OneHistory\OneHistory-Projects\2026-012-咖啡冷萃机\3-Module-GE\esp32\Part 3
! SUMMARY-   
! SUMMARY-  Summary of Unigraphics Part Entities
! SUMMARY-   
! SUMMARY-  Entities Processed             Count
! SUMMARY-  ------------------             -----
! SUMMARY-  Solid .......................:     1
! SUMMARY-                                 -----
! SUMMARY-  Total                              1
! STATUS-   Creating the UG part (Phase 3 of 3): 19-JUN-2026  8:58:58 PM
! STATUS-    
! STATUS-   Creating UG solid body from Input Ent Id 1470
! STATUS-    
! STATUS-   simplifying Bsplines to analytics
! STATUS-    
! STATUS-   converting tolerant edges into exact edges
! STATUS-    
! STATUS-   doing final check of body to report any faults
! STATUS-    
! INFO-     Filing Part ..: C:\OneHistory\OneHistory-Projects\2026-012-咖啡冷萃机\3-Module-GE\esp32\Part 5
! SUMMARY-   
! SUMMARY-  Summary of Unigraphics Part Entities
! SUMMARY-   
! SUMMARY-  Entities Processed             Count
! SUMMARY-  ------------------             -----
! SUMMARY-  Solid .......................:     1
! SUMMARY-                                 -----
! SUMMARY-  Total                              1
! STATUS-   Creating the UG part (Phase 3 of 3): 19-JUN-2026  8:58:58 PM
! STATUS-    
! STATUS-   Creating UG solid body from Input Ent Id 1469
! STATUS-    
! STATUS-   simplifying Bsplines to analytics
! STATUS-    
! STATUS-   converting tolerant edges into exact edges
! STATUS-    
! STATUS-   doing final check of body to report any faults
! STATUS-    
! INFO-     Filing Part ..: C:\OneHistory\OneHistory-Projects\2026-012-咖啡冷萃机\3-Module-GE\esp32\Part 6
! SUMMARY-   
! SUMMARY-  Summary of Unigraphics Part Entities
! SUMMARY-   
! SUMMARY-  Entities Processed             Count
! SUMMARY-  ------------------             -----
! SUMMARY-  Solid .......................:     1
! SUMMARY-                                 -----
! SUMMARY-  Total                              1
! STATUS-   Creating the UG part (Phase 3 of 3): 19-JUN-2026  8:58:58 PM
! STATUS-    
! STATUS-   Creating UG solid body from Input Ent Id 1468
! STATUS-    
! STATUS-   simplifying Bsplines to analytics
! STATUS-    
! STATUS-   converting tolerant edges into exact edges
! STATUS-    
! STATUS-   doing final check of body to report any faults
! STATUS-    
! INFO-     Filing Part ..: C:\OneHistory\OneHistory-Projects\2026-012-咖啡冷萃机\3-Module-GE\esp32\Part 8
! SUMMARY-   
! SUMMARY-  Summary of Unigraphics Part Entities
! SUMMARY-   
! SUMMARY-  Entities Processed             Count
! SUMMARY-  ------------------             -----
! SUMMARY-  Solid .......................:     1
! SUMMARY-                                 -----
! SUMMARY-  Total                              1
! STATUS-   Creating the UG part (Phase 3 of 3): 19-JUN-2026  8:58:58 PM
! STATUS-    
! STATUS-   Creating UG solid body from Input Ent Id 1467
! STATUS-    
! STATUS-   simplifying Bsplines to analytics
! STATUS-    
! STATUS-   converting tolerant edges into exact edges
! STATUS-    
! STATUS-   doing final check of body to report any faults
! STATUS-    
! INFO-     Filing Part ..: C:\OneHistory\OneHistory-Projects\2026-012-咖啡冷萃机\3-Module-GE\esp32\Part 7
! SUMMARY-   
! SUMMARY-  Summary of Unigraphics Part Entities
! SUMMARY-   
! SUMMARY-  Entities Processed             Count
! SUMMARY-  ------------------             -----
! SUMMARY-  Solid .......................:     1
! SUMMARY-                                 -----
! SUMMARY-  Total                              1
! STATUS-   Creating the UG part (Phase 3 of 3): 19-JUN-2026  8:58:58 PM
! STATUS-    
! STATUS-   Creating UG solid body from Input Ent Id 1466
! STATUS-    
! STATUS-   simplifying Bsplines to analytics
! STATUS-    
! STATUS-   converting tolerant edges into exact edges
! STATUS-    
! STATUS-   doing final check of body to report any faults
! STATUS-    
! INFO-     Filing Part ..: C:\OneHistory\OneHistory-Projects\2026-012-咖啡冷萃机\3-Module-GE\esp32\Part 9
! SUMMARY-   
! SUMMARY-  Summary of Unigraphics Part Entities
! SUMMARY-   
! SUMMARY-  Entities Processed             Count
! SUMMARY-  ------------------             -----
! SUMMARY-  Solid .......................:     1
! SUMMARY-                                 -----
! SUMMARY-  Total                              1
! STATUS-   Creating the UG part (Phase 3 of 3): 19-JUN-2026  8:58:58 PM
! STATUS-    
! STATUS-   Creating UG solid body from Input Ent Id 1465
! STATUS-    
! STATUS-   simplifying Bsplines to analytics
! STATUS-    
! STATUS-   converting tolerant edges into exact edges
! STATUS-    
! STATUS-   doing final check of body to report any faults
! STATUS-    
! INFO-     Filing Part ..: C:\OneHistory\OneHistory-Projects\2026-012-咖啡冷萃机\3-Module-GE\esp32\Part 10
! SUMMARY-   
! SUMMARY-  Summary of Unigraphics Part Entities
! SUMMARY-   
! SUMMARY-  Entities Processed             Count
! SUMMARY-  ------------------             -----
! SUMMARY-  Solid .......................:     1
! SUMMARY-                                 -----
! SUMMARY-  Total                              1
! STATUS-   Creating the UG part (Phase 3 of 3): 19-JUN-2026  8:58:58 PM
! STATUS-    
! STATUS-   Creating UG solid body from Input Ent Id 1464
! STATUS-    
! STATUS-   simplifying Bsplines to analytics
! STATUS-    
! STATUS-   converting tolerant edges into exact edges
! STATUS-    
! STATUS-   doing final check of body to report any faults
! STATUS-    
! INFO-     Filing Part ..: C:\OneHistory\OneHistory-Projects\2026-012-咖啡冷萃机\3-Module-GE\esp32\Part 16
! SUMMARY-   
! SUMMARY-  Summary of Unigraphics Part Entities
! SUMMARY-   
! SUMMARY-  Entities Processed             Count
! SUMMARY-  ------------------             -----
! SUMMARY-  Solid .......................:     1
! SUMMARY-                                 -----
! SUMMARY-  Total                              1
! STATUS-   Creating the UG part (Phase 3 of 3): 19-JUN-2026  8:58:58 PM
! STATUS-    
! STATUS-   Creating UG solid body from Input Ent Id 1463
! STATUS-    
! STATUS-   simplifying Bsplines to analytics
! STATUS-    
! STATUS-   converting tolerant edges into exact edges
! STATUS-    
! STATUS-   doing final check of body to report any faults
! STATUS-    
! INFO-     Filing Part ..: C:\OneHistory\OneHistory-Projects\2026-012-咖啡冷萃机\3-Module-GE\esp32\Part 15
! SUMMARY-   
! SUMMARY-  Summary of Unigraphics Part Entities
! SUMMARY-   
! SUMMARY-  Entities Processed             Count
! SUMMARY-  ------------------             -----
! SUMMARY-  Solid .......................:     1
! SUMMARY-                                 -----
! SUMMARY-  Total                              1
! STATUS-   Creating the UG part (Phase 3 of 3): 19-JUN-2026  8:58:58 PM
! STATUS-    
! STATUS-   Creating UG solid body from Input Ent Id 1462
! STATUS-    
! STATUS-   simplifying Bsplines to analytics
! STATUS-    
! STATUS-   converting tolerant edges into exact edges
! STATUS-    
! STATUS-   doing final check of body to report any faults
! STATUS-    
! INFO-     Filing Part ..: C:\OneHistory\OneHistory-Projects\2026-012-咖啡冷萃机\3-Module-GE\esp32\Part 17
! SUMMARY-   
! SUMMARY-  Summary of Unigraphics Part Entities
! SUMMARY-   
! SUMMARY-  Entities Processed             Count
! SUMMARY-  ------------------             -----
! SUMMARY-  Solid .......................:     1
! SUMMARY-                                 -----
! SUMMARY-  Total                              1
! STATUS-   Creating the UG part (Phase 3 of 3): 19-JUN-2026  8:58:58 PM
! STATUS-    
! STATUS-   Creating UG solid body from Input Ent Id 1461
! STATUS-    
! STATUS-   simplifying Bsplines to analytics
! STATUS-    
! STATUS-   converting tolerant edges into exact edges
! STATUS-    
! STATUS-   doing final check of body to report any faults
! STATUS-    
! INFO-     Filing Part ..: C:\OneHistory\OneHistory-Projects\2026-012-咖啡冷萃机\3-Module-GE\esp32\Part 18
! SUMMARY-   
! SUMMARY-  Summary of Unigraphics Part Entities
! SUMMARY-   
! SUMMARY-  Entities Processed             Count
! SUMMARY-  ------------------             -----
! SUMMARY-  Solid .......................:     1
! SUMMARY-                                 -----
! SUMMARY-  Total                              1
! STATUS-   Creating the UG part (Phase 3 of 3): 19-JUN-2026  8:58:58 PM
! STATUS-    
! STATUS-   Creating UG solid body from Input Ent Id 1460
! STATUS-    
! STATUS-   simplifying Bsplines to analytics
! STATUS-    
! STATUS-   converting tolerant edges into exact edges
! STATUS-    
! STATUS-   doing final check of body to report any faults
! STATUS-    
! INFO-     Filing Part ..: C:\OneHistory\OneHistory-Projects\2026-012-咖啡冷萃机\3-Module-GE\esp32\Part 14
! SUMMARY-   
! SUMMARY-  Summary of Unigraphics Part Entities
! SUMMARY-   
! SUMMARY-  Entities Processed             Count
! SUMMARY-  ------------------             -----
! SUMMARY-  Solid .......................:     1
! SUMMARY-                                 -----
! SUMMARY-  Total                              1
! STATUS-   Creating the UG part (Phase 3 of 3): 19-JUN-2026  8:58:58 PM
! STATUS-    
! STATUS-   Creating UG solid body from Input Ent Id 1459
! STATUS-    
! STATUS-   simplifying Bsplines to analytics
! STATUS-    
! STATUS-   converting tolerant edges into exact edges
! STATUS-    
! STATUS-   doing final check of body to report any faults
! STATUS-    
! INFO-     Filing Part ..: C:\OneHistory\OneHistory-Projects\2026-012-咖啡冷萃机\3-Module-GE\esp32\Part 13
! SUMMARY-   
! SUMMARY-  Summary of Unigraphics Part Entities
! SUMMARY-   
! SUMMARY-  Entities Processed             Count
! SUMMARY-  ------------------             -----
! SUMMARY-  Solid .......................:     1
! SUMMARY-                                 -----
! SUMMARY-  Total                              1
! STATUS-   Creating the UG part (Phase 3 of 3): 19-JUN-2026  8:58:58 PM
! STATUS-    
! STATUS-   Creating UG solid body from Input Ent Id 1458
! STATUS-    
! STATUS-   simplifying Bsplines to analytics
! STATUS-    
! STATUS-   converting tolerant edges into exact edges
! STATUS-    
! STATUS-   doing final check of body to report any faults
! STATUS-    
! INFO-     Filing Part ..: C:\OneHistory\OneHistory-Projects\2026-012-咖啡冷萃机\3-Module-GE\esp32\Part 11
! SUMMARY-   
! SUMMARY-  Summary of Unigraphics Part Entities
! SUMMARY-   
! SUMMARY-  Entities Processed             Count
! SUMMARY-  ------------------             -----
! SUMMARY-  Solid .......................:     1
! SUMMARY-                                 -----
! SUMMARY-  Total                              1
! STATUS-   Creating the UG part (Phase 3 of 3): 19-JUN-2026  8:58:58 PM
! STATUS-    
! STATUS-   Creating UG solid body from Input Ent Id 1457
! STATUS-    
! STATUS-   simplifying Bsplines to analytics
! STATUS-    
! STATUS-   converting tolerant edges into exact edges
! STATUS-    
! STATUS-   doing final check of body to report any faults
! STATUS-    
! INFO-     Filing Part ..: C:\OneHistory\OneHistory-Projects\2026-012-咖啡冷萃机\3-Module-GE\esp32\Part 12
! SUMMARY-   
! SUMMARY-  Summary of Unigraphics Part Entities
! SUMMARY-   
! SUMMARY-  Entities Processed             Count
! SUMMARY-  ------------------             -----
! SUMMARY-  Solid .......................:     1
! SUMMARY-                                 -----
! SUMMARY-  Total                              1
! STATUS-   Creating the UG part (Phase 3 of 3): 19-JUN-2026  8:58:58 PM
! STATUS-    
! STATUS-   Creating UG solid body from Input Ent Id 1456
! STATUS-    
! STATUS-   fixing vertex off curve and/or edge reversed faults
! STATUS-    
! STATUS-   fixing vertex and/or edge off surface faults
! STATUS-    
! STATUS-   fixing self-intersecting topology faults
! STATUS-    
! STATUS-   simplifying Bsplines to analytics
! STATUS-    
! STATUS-   converting tolerant edges into exact edges
! STATUS-    
! STATUS-   doing final check of body to report any faults
! STATUS-    
! INFO-     Filing Part ..: C:\OneHistory\OneHistory-Projects\2026-012-咖啡冷萃机\3-Module-GE\esp32\DO220AA
! SUMMARY-   
! SUMMARY-  Summary of Unigraphics Part Entities
! SUMMARY-   
! SUMMARY-  Entities Processed             Count
! SUMMARY-  ------------------             -----
! SUMMARY-  Solid .......................:     1
! SUMMARY-                                 -----
! SUMMARY-  Total                              1
! STATUS-   Creating the UG part (Phase 3 of 3): 19-JUN-2026  8:58:58 PM
! STATUS-    
! STATUS-   Creating UG solid body from Input Ent Id 1440
! STATUS-    
! STATUS-   simplifying Bsplines to analytics
! STATUS-    
! STATUS-   converting tolerant edges into exact edges
! STATUS-    
! STATUS-   doing final check of body to report any faults
! STATUS-    
! STATUS-    
! STATUS-   Creating UG solid body from Input Ent Id 1441
! STATUS-    
! STATUS-   simplifying Bsplines to analytics
! STATUS-    
! STATUS-   converting tolerant edges into exact edges
! STATUS-    
! STATUS-   doing final check of body to report any faults
! STATUS-    
! STATUS-    
! STATUS-   Creating UG solid body from Input Ent Id 1442
! STATUS-    
! STATUS-   simplifying Bsplines to analytics
! STATUS-    
! STATUS-   converting tolerant edges into exact edges
! STATUS-    
! STATUS-   doing final check of body to report any faults
! STATUS-    
! STATUS-    
! STATUS-   Creating UG solid body from Input Ent Id 1443
! STATUS-    
! STATUS-   simplifying Bsplines to analytics
! STATUS-    
! STATUS-   converting tolerant edges into exact edges
! STATUS-    
! STATUS-   doing final check of body to report any faults
! STATUS-    
! STATUS-    
! STATUS-   Creating UG solid body from Input Ent Id 1444
! STATUS-    
! STATUS-   simplifying Bsplines to analytics
! STATUS-    
! STATUS-   converting tolerant edges into exact edges
! STATUS-    
! STATUS-   doing final check of body to report any faults
! STATUS-    
! STATUS-    
! STATUS-   Creating UG solid body from Input Ent Id 1445
! STATUS-    
! STATUS-   simplifying Bsplines to analytics
! STATUS-    
! STATUS-   converting tolerant edges into exact edges
! STATUS-    
! STATUS-   doing final check of body to report any faults
! STATUS-    
! STATUS-    
! STATUS-   Creating UG solid body from Input Ent Id 1446
! STATUS-    
! STATUS-   simplifying Bsplines to analytics
! STATUS-    
! STATUS-   converting tolerant edges into exact edges
! STATUS-    
! STATUS-   doing final check of body to report any faults
! STATUS-    
! STATUS-    
! STATUS-   Creating UG solid body from Input Ent Id 1447
! STATUS-    
! STATUS-   simplifying Bsplines to analytics
! STATUS-    
! STATUS-   converting tolerant edges into exact edges
! STATUS-    
! STATUS-   doing final check of body to report any faults
! STATUS-    
! STATUS-    
! STATUS-   Creating UG solid body from Input Ent Id 1448
! STATUS-    
! STATUS-   simplifying Bsplines to analytics
! STATUS-    
! STATUS-   converting tolerant edges into exact edges
! STATUS-    
! STATUS-   doing final check of body to report any faults
! STATUS-    
! STATUS-    
! STATUS-   Creating UG solid body from Input Ent Id 1449
! STATUS-    
! STATUS-   fixing vertex off curve and/or edge reversed faults
! STATUS-    
! STATUS-   fixing vertex and/or edge off surface faults
! STATUS-    
! STATUS-   simplifying Bsplines to analytics
! STATUS-    
! STATUS-   converting tolerant edges into exact edges
! STATUS-    
! STATUS-   doing final check of body to report any faults
! STATUS-    
! STATUS-    
! STATUS-   Creating UG solid body from Input Ent Id 1450
! STATUS-    
! STATUS-   simplifying Bsplines to analytics
! STATUS-    
! STATUS-   converting tolerant edges into exact edges
! STATUS-    
! STATUS-   doing final check of body to report any faults
! STATUS-    
! STATUS-    
! STATUS-   Creating UG solid body from Input Ent Id 1451
! STATUS-    
! STATUS-   simplifying Bsplines to analytics
! STATUS-    
! STATUS-   converting tolerant edges into exact edges
! STATUS-    
! STATUS-   doing final check of body to report any faults
! STATUS-    
! STATUS-    
! STATUS-   Creating UG solid body from Input Ent Id 1452
! STATUS-    
! STATUS-   simplifying Bsplines to analytics
! STATUS-    
! STATUS-   converting tolerant edges into exact edges
! STATUS-    
! STATUS-   doing final check of body to report any faults
! STATUS-    
! STATUS-    
! STATUS-   Creating UG solid body from Input Ent Id 1453
! STATUS-    
! STATUS-   simplifying Bsplines to analytics
! STATUS-    
! STATUS-   converting tolerant edges into exact edges
! STATUS-    
! STATUS-   doing final check of body to report any faults
! STATUS-    
! STATUS-    
! STATUS-   Creating UG solid body from Input Ent Id 1454
! STATUS-    
! STATUS-   simplifying Bsplines to analytics
! STATUS-    
! STATUS-   converting tolerant edges into exact edges
! STATUS-    
! STATUS-   doing final check of body to report any faults
! STATUS-    
! STATUS-    
! STATUS-   Creating UG solid body from Input Ent Id 1455
! STATUS-    
! STATUS-   simplifying Bsplines to analytics
! STATUS-    
! STATUS-   converting tolerant edges into exact edges
! STATUS-    
! STATUS-   doing final check of body to report any faults
! STATUS-    
! INFO-     Filing Part ..: C:\OneHistory\OneHistory-Projects\2026-012-咖啡冷萃机\3-Module-GE\esp32\USB Connector Type C female 6pin
! SUMMARY-   
! SUMMARY-  Summary of Unigraphics Part Entities
! SUMMARY-   
! SUMMARY-  Entities Processed             Count
! SUMMARY-  ------------------             -----
! SUMMARY-  Solid .......................:    16
! SUMMARY-                                 -----
! SUMMARY-  Total                             16
! STATUS-   Creating the UG part (Phase 3 of 3): 19-JUN-2026  8:58:59 PM
! STATUS-    
! STATUS-   Creating UG solid body from Input Ent Id 1439
! STATUS-    
! STATUS-   simplifying Bsplines to analytics
! STATUS-    
! STATUS-   converting tolerant edges into exact edges
! STATUS-    
! STATUS-   doing final check of body to report any faults
! STATUS-    
! INFO-     Filing Part ..: C:\OneHistory\OneHistory-Projects\2026-012-咖啡冷萃机\3-Module-GE\esp32\ESP-S3-WROOM_via v3
! SUMMARY-   
! SUMMARY-  Summary of Unigraphics Part Entities
! SUMMARY-   
! SUMMARY-  Entities Processed             Count
! SUMMARY-  ------------------             -----
! SUMMARY-  Solid .......................:     1
! SUMMARY-                                 -----
! SUMMARY-  Total                              1
! STATUS-   Creating the UG part (Phase 3 of 3): 19-JUN-2026  8:58:59 PM
! STATUS-    
! STATUS-   Creating UG solid body from Input Ent Id 1438
! STATUS-    
! STATUS-   simplifying Bsplines to analytics
! STATUS-    
! STATUS-   converting tolerant edges into exact edges
! STATUS-    
! STATUS-   doing final check of body to report any faults
! STATUS-    
! INFO-     Filing Part ..: C:\OneHistory\OneHistory-Projects\2026-012-咖啡冷萃机\3-Module-GE\esp32\ESP-S3-WROOM_via v3(镜像)
! SUMMARY-   
! SUMMARY-  Summary of Unigraphics Part Entities
! SUMMARY-   
! SUMMARY-  Entities Processed             Count
! SUMMARY-  ------------------             -----
! SUMMARY-  Solid .......................:     1
! SUMMARY-                                 -----
! SUMMARY-  Total                              1
! STATUS-   Creating the UG part (Phase 3 of 3): 19-JUN-2026  8:58:59 PM
! STATUS-    
! STATUS-   Creating UG solid body from Input Ent Id 1428
! STATUS-    
! STATUS-   simplifying Bsplines to analytics
! STATUS-    
! STATUS-   converting tolerant edges into exact edges
! STATUS-    
! STATUS-   doing final check of body to report any faults
! STATUS-    
! STATUS-    
! STATUS-   Creating UG solid body from Input Ent Id 1429
! STATUS-    
! STATUS-   simplifying Bsplines to analytics
! STATUS-    
! STATUS-   converting tolerant edges into exact edges
! STATUS-    
! STATUS-   doing final check of body to report any faults
! STATUS-    
! STATUS-    
! STATUS-   Creating UG solid body from Input Ent Id 1430
! STATUS-    
! STATUS-   simplifying Bsplines to analytics
! STATUS-    
! STATUS-   converting tolerant edges into exact edges
! STATUS-    
! STATUS-   doing final check of body to report any faults
! STATUS-    
! STATUS-    
! STATUS-   Creating UG solid body from Input Ent Id 1431
! STATUS-    
! STATUS-   simplifying Bsplines to analytics
! STATUS-    
! STATUS-   converting tolerant edges into exact edges
! STATUS-    
! STATUS-   doing final check of body to report any faults
! STATUS-    
! STATUS-    
! STATUS-   Creating UG solid body from Input Ent Id 1432
! STATUS-    
! STATUS-   simplifying Bsplines to analytics
! STATUS-    
! STATUS-   converting tolerant edges into exact edges
! STATUS-    
! STATUS-   doing final check of body to report any faults
! STATUS-    
! STATUS-    
! STATUS-   Creating UG solid body from Input Ent Id 1433
! STATUS-    
! STATUS-   simplifying Bsplines to analytics
! STATUS-    
! STATUS-   converting tolerant edges into exact edges
! STATUS-    
! STATUS-   doing final check of body to report any faults
! STATUS-    
! STATUS-    
! STATUS-   Creating UG solid body from Input Ent Id 1434
! STATUS-    
! STATUS-   simplifying Bsplines to analytics
! STATUS-    
! STATUS-   converting tolerant edges into exact edges
! STATUS-    
! STATUS-   doing final check of body to report any faults
! STATUS-    
! STATUS-    
! STATUS-   Creating UG solid body from Input Ent Id 1435
! STATUS-    
! STATUS-   simplifying Bsplines to analytics
! STATUS-    
! STATUS-   converting tolerant edges into exact edges
! STATUS-    
! STATUS-   doing final check of body to report any faults
! STATUS-    
! STATUS-    
! STATUS-   Creating UG solid body from Input Ent Id 1436
! STATUS-    
! STATUS-   simplifying Bsplines to analytics
! STATUS-    
! STATUS-   converting tolerant edges into exact edges
! STATUS-    
! STATUS-   doing final check of body to report any faults
! STATUS-    
! STATUS-    
! STATUS-   Creating UG solid body from Input Ent Id 1437
! STATUS-    
! STATUS-   simplifying Bsplines to analytics
! STATUS-    
! STATUS-   converting tolerant edges into exact edges
! STATUS-    
! STATUS-   doing final check of body to report any faults
! STATUS-    
! INFO-     Filing Part ..: C:\OneHistory\OneHistory-Projects\2026-012-咖啡冷萃机\3-Module-GE\esp32\ESP32-S3-WROOM_body v12
! SUMMARY-   
! SUMMARY-  Summary of Unigraphics Part Entities
! SUMMARY-   
! SUMMARY-  Entities Processed             Count
! SUMMARY-  ------------------             -----
! SUMMARY-  Solid .......................:    10
! SUMMARY-                                 -----
! SUMMARY-  Total                             10
! STATUS-   Creating the UG part (Phase 3 of 3): 19-JUN-2026  8:58:59 PM
! STATUS-    
! STATUS-   Creating UG solid body from Input Ent Id 1347
! STATUS-    
! STATUS-   simplifying Bsplines to analytics
! STATUS-    
! STATUS-   converting tolerant edges into exact edges
! STATUS-    
! STATUS-   doing final check of body to report any faults
! STATUS-    
! STATUS-    
! STATUS-   Creating UG solid body from Input Ent Id 1348
! STATUS-    
! STATUS-   simplifying Bsplines to analytics
! STATUS-    
! STATUS-   converting tolerant edges into exact edges
! STATUS-    
! STATUS-   doing final check of body to report any faults
! STATUS-    
! STATUS-    
! STATUS-   Creating UG solid body from Input Ent Id 1349
! STATUS-    
! STATUS-   simplifying Bsplines to analytics
! STATUS-    
! STATUS-   converting tolerant edges into exact edges
! STATUS-    
! STATUS-   doing final check of body to report any faults
! STATUS-    
! STATUS-    
! STATUS-   Creating UG solid body from Input Ent Id 1350
! STATUS-    
! STATUS-   simplifying Bsplines to analytics
! STATUS-    
! STATUS-   converting tolerant edges into exact edges
! STATUS-    
! STATUS-   doing final check of body to report any faults
! STATUS-    
! STATUS-    
! STATUS-   Creating UG solid body from Input Ent Id 1351
! STATUS-    
! STATUS-   simplifying Bsplines to analytics
! STATUS-    
! STATUS-   converting tolerant edges into exact edges
! STATUS-    
! STATUS-   doing final check of body to report any faults
! STATUS-    
! STATUS-    
! STATUS-   Creating UG solid body from Input Ent Id 1352
! STATUS-    
! STATUS-   simplifying Bsplines to analytics
! STATUS-    
! STATUS-   converting tolerant edges into exact edges
! STATUS-    
! STATUS-   doing final check of body to report any faults
! STATUS-    
! STATUS-    
! STATUS-   Creating UG solid body from Input Ent Id 1353
! STATUS-    
! STATUS-   simplifying Bsplines to analytics
! STATUS-    
! STATUS-   converting tolerant edges into exact edges
! STATUS-    
! STATUS-   doing final check of body to report any faults
! STATUS-    
! STATUS-    
! STATUS-   Creating UG solid body from Input Ent Id 1354
! STATUS-    
! STATUS-   simplifying Bsplines to analytics
! STATUS-    
! STATUS-   converting tolerant edges into exact edges
! STATUS-    
! STATUS-   doing final check of body to report any faults
! STATUS-    
! STATUS-    
! STATUS-   Creating UG solid body from Input Ent Id 1355
! STATUS-    
! STATUS-   simplifying Bsplines to analytics
! STATUS-    
! STATUS-   converting tolerant edges into exact edges
! STATUS-    
! STATUS-   doing final check of body to report any faults
! STATUS-    
! STATUS-    
! STATUS-   Creating UG solid body from Input Ent Id 1356
! STATUS-    
! STATUS-   simplifying Bsplines to analytics
! STATUS-    
! STATUS-   converting tolerant edges into exact edges
! STATUS-    
! STATUS-   doing final check of body to report any faults
! STATUS-    
! STATUS-    
! STATUS-   Creating UG solid body from Input Ent Id 1357
! STATUS-    
! STATUS-   simplifying Bsplines to analytics
! STATUS-    
! STATUS-   converting tolerant edges into exact edges
! STATUS-    
! STATUS-   doing final check of body to report any faults
! STATUS-    
! STATUS-    
! STATUS-   Creating UG solid body from Input Ent Id 1358
! STATUS-    
! STATUS-   simplifying Bsplines to analytics
! STATUS-    
! STATUS-   converting tolerant edges into exact edges
! STATUS-    
! STATUS-   doing final check of body to report any faults
! STATUS-    
! STATUS-    
! STATUS-   Creating UG solid body from Input Ent Id 1359
! STATUS-    
! STATUS-   simplifying Bsplines to analytics
! STATUS-    
! STATUS-   converting tolerant edges into exact edges
! STATUS-    
! STATUS-   doing final check of body to report any faults
! STATUS-    
! STATUS-    
! STATUS-   Creating UG solid body from Input Ent Id 1360
! STATUS-    
! STATUS-   simplifying Bsplines to analytics
! STATUS-    
! STATUS-   converting tolerant edges into exact edges
! STATUS-    
! STATUS-   doing final check of body to report any faults
! STATUS-    
! STATUS-    
! STATUS-   Creating UG solid body from Input Ent Id 1361
! STATUS-    
! STATUS-   simplifying Bsplines to analytics
! STATUS-    
! STATUS-   converting tolerant edges into exact edges
! STATUS-    
! STATUS-   doing final check of body to report any faults
! STATUS-    
! STATUS-    
! STATUS-   Creating UG solid body from Input Ent Id 1362
! STATUS-    
! STATUS-   simplifying Bsplines to analytics
! STATUS-    
! STATUS-   converting tolerant edges into exact edges
! STATUS-    
! STATUS-   doing final check of body to report any faults
! STATUS-    
! STATUS-    
! STATUS-   Creating UG solid body from Input Ent Id 1363
! STATUS-    
! STATUS-   simplifying Bsplines to analytics
! STATUS-    
! STATUS-   converting tolerant edges into exact edges
! STATUS-    
! STATUS-   doing final check of body to report any faults
! STATUS-    
! STATUS-    
! STATUS-   Creating UG solid body from Input Ent Id 1364
! STATUS-    
! STATUS-   simplifying Bsplines to analytics
! STATUS-    
! STATUS-   converting tolerant edges into exact edges
! STATUS-    
! STATUS-   doing final check of body to report any faults
! STATUS-    
! STATUS-    
! STATUS-   Creating UG solid body from Input Ent Id 1365
! STATUS-    
! STATUS-   simplifying Bsplines to analytics
! STATUS-    
! STATUS-   converting tolerant edges into exact edges
! STATUS-    
! STATUS-   doing final check of body to report any faults
! STATUS-    
! STATUS-    
! STATUS-   Creating UG solid body from Input Ent Id 1366
! STATUS-    
! STATUS-   simplifying Bsplines to analytics
! STATUS-    
! STATUS-   converting tolerant edges into exact edges
! STATUS-    
! STATUS-   doing final check of body to report any faults
! STATUS-    
! STATUS-    
! STATUS-   Creating UG solid body from Input Ent Id 1367
! STATUS-    
! STATUS-   simplifying Bsplines to analytics
! STATUS-    
! STATUS-   converting tolerant edges into exact edges
! STATUS-    
! STATUS-   doing final check of body to report any faults
! STATUS-    
! STATUS-    
! STATUS-   Creating UG solid body from Input Ent Id 1368
! STATUS-    
! INFO-     Degeneracy in b-surface entity 16102 in U direction was corrected at
! INFO-     or around these locations.  A shape change has resulted:
! INFO-         2.074155 2.312000 -1.175181
! INFO-     Degeneracy in b-surface entity 16102 in U direction was corrected at
! INFO-     or around these locations.  A shape change has resulted:
! INFO-         2.074155 2.300000 -1.175181
! INFO-     Degeneracy in b-spline entity 11208 was corrected at or around these
! INFO-     locations.  A shape change has resulted:
! INFO-         2.074155 2.300000 -1.175181
! INFO-     Degeneracy in b-spline entity 11209 was corrected at or around these
! INFO-     locations.  A shape change has resulted:
! INFO-         2.074155 2.310000 -1.175181
! STATUS-   simplifying Bsplines to analytics
! STATUS-    
! STATUS-   converting tolerant edges into exact edges
! STATUS-    
! STATUS-   doing final check of body to report any faults
! STATUS-    
! STATUS-    
! STATUS-   Creating UG solid body from Input Ent Id 1369
! STATUS-    
! STATUS-   simplifying Bsplines to analytics
! STATUS-    
! STATUS-   converting tolerant edges into exact edges
! STATUS-    
! STATUS-   doing final check of body to report any faults
! STATUS-    
! STATUS-    
! STATUS-   Creating UG solid body from Input Ent Id 1370
! STATUS-    
! STATUS-   simplifying Bsplines to analytics
! STATUS-    
! STATUS-   converting tolerant edges into exact edges
! STATUS-    
! STATUS-   doing final check of body to report any faults
! STATUS-    
! STATUS-    
! STATUS-   Creating UG solid body from Input Ent Id 1371
! STATUS-    
! STATUS-   simplifying Bsplines to analytics
! STATUS-    
! STATUS-   converting tolerant edges into exact edges
! STATUS-    
! STATUS-   doing final check of body to report any faults
! STATUS-    
! STATUS-    
! STATUS-   Creating UG solid body from Input Ent Id 1372
! STATUS-    
! STATUS-   simplifying Bsplines to analytics
! STATUS-    
! STATUS-   converting tolerant edges into exact edges
! STATUS-    
! STATUS-   doing final check of body to report any faults
! STATUS-    
! STATUS-    
! STATUS-   Creating UG solid body from Input Ent Id 1373
! STATUS-    
! INFO-     Degeneracy in b-surface entity 16131 in U direction was corrected at
! INFO-     or around these locations.  A shape change has resulted:
! INFO-         -2.808555 2.312000 2.164815
! INFO-     Degeneracy in b-surface entity 16131 in U direction was corrected at
! INFO-     or around these locations.  A shape change has resulted:
! INFO-         -2.808555 2.300000 2.164815
! INFO-     Degeneracy in b-spline entity 11266 was corrected at or around these
! INFO-     locations.  A shape change has resulted:
! INFO-         -2.808555 2.300000 2.164815
! INFO-     Degeneracy in b-spline entity 11267 was corrected at or around these
! INFO-     locations.  A shape change has resulted:
! INFO-         -2.808555 2.310000 2.164815
! STATUS-   simplifying Bsplines to analytics
! STATUS-    
! STATUS-   converting tolerant edges into exact edges
! STATUS-    
! STATUS-   doing final check of body to report any faults
! STATUS-    
! STATUS-    
! STATUS-   Creating UG solid body from Input Ent Id 1374
! STATUS-    
! STATUS-   simplifying Bsplines to analytics
! STATUS-    
! STATUS-   converting tolerant edges into exact edges
! STATUS-    
! STATUS-   doing final check of body to report any faults
! STATUS-    
! STATUS-    
! STATUS-   Creating UG solid body from Input Ent Id 1375
! STATUS-    
! STATUS-   simplifying Bsplines to analytics
! STATUS-    
! STATUS-   converting tolerant edges into exact edges
! STATUS-    
! STATUS-   doing final check of body to report any faults
! STATUS-    
! STATUS-    
! STATUS-   Creating UG solid body from Input Ent Id 1376
! STATUS-    
! STATUS-   simplifying Bsplines to analytics
! STATUS-    
! STATUS-   converting tolerant edges into exact edges
! STATUS-    
! STATUS-   doing final check of body to report any faults
! STATUS-    
! STATUS-    
! STATUS-   Creating UG solid body from Input Ent Id 1377
! STATUS-    
! STATUS-   simplifying Bsplines to analytics
! STATUS-    
! STATUS-   converting tolerant edges into exact edges
! STATUS-    
! STATUS-   doing final check of body to report any faults
! STATUS-    
! STATUS-    
! STATUS-   Creating UG solid body from Input Ent Id 1378
! STATUS-    
! STATUS-   simplifying Bsplines to analytics
! STATUS-    
! STATUS-   converting tolerant edges into exact edges
! STATUS-    
! STATUS-   doing final check of body to report any faults
! STATUS-    
! STATUS-    
! STATUS-   Creating UG solid body from Input Ent Id 1379
! STATUS-    
! STATUS-   simplifying Bsplines to analytics
! STATUS-    
! STATUS-   converting tolerant edges into exact edges
! STATUS-    
! STATUS-   doing final check of body to report any faults
! STATUS-    
! STATUS-    
! STATUS-   Creating UG solid body from Input Ent Id 1380
! STATUS-    
! STATUS-   simplifying Bsplines to analytics
! STATUS-    
! STATUS-   converting tolerant edges into exact edges
! STATUS-    
! STATUS-   doing final check of body to report any faults
! STATUS-    
! STATUS-    
! STATUS-   Creating UG solid body from Input Ent Id 1381
! STATUS-    
! STATUS-   simplifying Bsplines to analytics
! STATUS-    
! STATUS-   converting tolerant edges into exact edges
! STATUS-    
! STATUS-   doing final check of body to report any faults
! STATUS-    
! STATUS-    
! STATUS-   Creating UG solid body from Input Ent Id 1382
! STATUS-    
! STATUS-   simplifying Bsplines to analytics
! STATUS-    
! STATUS-   converting tolerant edges into exact edges
! STATUS-    
! STATUS-   doing final check of body to report any faults
! STATUS-    
! STATUS-    
! STATUS-   Creating UG solid body from Input Ent Id 1383
! STATUS-    
! STATUS-   simplifying Bsplines to analytics
! STATUS-    
! STATUS-   converting tolerant edges into exact edges
! STATUS-    
! STATUS-   doing final check of body to report any faults
! STATUS-    
! STATUS-    
! STATUS-   Creating UG solid body from Input Ent Id 1384
! STATUS-    
! STATUS-   simplifying Bsplines to analytics
! STATUS-    
! STATUS-   converting tolerant edges into exact edges
! STATUS-    
! STATUS-   doing final check of body to report any faults
! STATUS-    
! STATUS-    
! STATUS-   Creating UG solid body from Input Ent Id 1385
! STATUS-    
! STATUS-   simplifying Bsplines to analytics
! STATUS-    
! STATUS-   converting tolerant edges into exact edges
! STATUS-    
! STATUS-   doing final check of body to report any faults
! STATUS-    
! STATUS-    
! STATUS-   Creating UG solid body from Input Ent Id 1386
! STATUS-    
! STATUS-   simplifying Bsplines to analytics
! STATUS-    
! STATUS-   converting tolerant edges into exact edges
! STATUS-    
! STATUS-   doing final check of body to report any faults
! STATUS-    
! STATUS-    
! STATUS-   Creating UG solid body from Input Ent Id 1387
! STATUS-    
! STATUS-   simplifying Bsplines to analytics
! STATUS-    
! STATUS-   converting tolerant edges into exact edges
! STATUS-    
! STATUS-   doing final check of body to report any faults
! STATUS-    
! STATUS-    
! STATUS-   Creating UG solid body from Input Ent Id 1388
! STATUS-    
! INFO-     Degeneracy in b-surface entity 16266 in U direction was corrected at
! INFO-     or around these locations.  A shape change has resulted:
! INFO-         -5.819374 2.312000 1.919035
! INFO-     Degeneracy in b-surface entity 16266 in U direction was corrected at
! INFO-     or around these locations.  A shape change has resulted:
! INFO-         -5.819374 2.300000 1.919035
! INFO-     Degeneracy in b-spline entity 11528 was corrected at or around these
! INFO-     locations.  A shape change has resulted:
! INFO-         -5.819374 2.300000 1.919035
! INFO-     Degeneracy in b-spline entity 11529 was corrected at or around these
! INFO-     locations.  A shape change has resulted:
! INFO-         -5.819374 2.310000 1.919035
! STATUS-   simplifying Bsplines to analytics
! STATUS-    
! STATUS-   converting tolerant edges into exact edges
! STATUS-    
! STATUS-   doing final check of body to report any faults
! STATUS-    
! STATUS-    
! STATUS-   Creating UG solid body from Input Ent Id 1389
! STATUS-    
! STATUS-   simplifying Bsplines to analytics
! STATUS-    
! STATUS-   converting tolerant edges into exact edges
! STATUS-    
! STATUS-   doing final check of body to report any faults
! STATUS-    
! STATUS-    
! STATUS-   Creating UG solid body from Input Ent Id 1390
! STATUS-    
! STATUS-   simplifying Bsplines to analytics
! STATUS-    
! STATUS-   converting tolerant edges into exact edges
! STATUS-    
! STATUS-   doing final check of body to report any faults
! STATUS-    
! STATUS-    
! STATUS-   Creating UG solid body from Input Ent Id 1391
! STATUS-    
! STATUS-   simplifying Bsplines to analytics
! STATUS-    
! STATUS-   converting tolerant edges into exact edges
! STATUS-    
! STATUS-   doing final check of body to report any faults
! STATUS-    
! STATUS-    
! STATUS-   Creating UG solid body from Input Ent Id 1392
! STATUS-    
! STATUS-   simplifying Bsplines to analytics
! STATUS-    
! STATUS-   converting tolerant edges into exact edges
! STATUS-    
! STATUS-   doing final check of body to report any faults
! STATUS-    
! STATUS-    
! STATUS-   Creating UG solid body from Input Ent Id 1393
! STATUS-    
! STATUS-   simplifying Bsplines to analytics
! STATUS-    
! STATUS-   converting tolerant edges into exact edges
! STATUS-    
! STATUS-   doing final check of body to report any faults
! STATUS-    
! STATUS-    
! STATUS-   Creating UG solid body from Input Ent Id 1394
! STATUS-    
! STATUS-   simplifying Bsplines to analytics
! STATUS-    
! STATUS-   converting tolerant edges into exact edges
! STATUS-    
! STATUS-   doing final check of body to report any faults
! STATUS-    
! STATUS-    
! STATUS-   Creating UG solid body from Input Ent Id 1395
! STATUS-    
! STATUS-   simplifying Bsplines to analytics
! STATUS-    
! STATUS-   converting tolerant edges into exact edges
! STATUS-    
! STATUS-   doing final check of body to report any faults
! STATUS-    
! STATUS-    
! STATUS-   Creating UG solid body from Input Ent Id 1396
! STATUS-    
! STATUS-   simplifying Bsplines to analytics
! STATUS-    
! STATUS-   converting tolerant edges into exact edges
! STATUS-    
! STATUS-   doing final check of body to report any faults
! STATUS-    
! STATUS-    
! STATUS-   Creating UG solid body from Input Ent Id 1397
! STATUS-    
! STATUS-   simplifying Bsplines to analytics
! STATUS-    
! STATUS-   converting tolerant edges into exact edges
! STATUS-    
! STATUS-   doing final check of body to report any faults
! STATUS-    
! STATUS-    
! STATUS-   Creating UG solid body from Input Ent Id 1398
! STATUS-    
! STATUS-   simplifying Bsplines to analytics
! STATUS-    
! STATUS-   converting tolerant edges into exact edges
! STATUS-    
! STATUS-   doing final check of body to report any faults
! STATUS-    
! STATUS-    
! STATUS-   Creating UG solid body from Input Ent Id 1399
! STATUS-    
! STATUS-   simplifying Bsplines to analytics
! STATUS-    
! STATUS-   converting tolerant edges into exact edges
! STATUS-    
! STATUS-   doing final check of body to report any faults
! STATUS-    
! STATUS-    
! STATUS-   Creating UG solid body from Input Ent Id 1400
! STATUS-    
! STATUS-   simplifying Bsplines to analytics
! STATUS-    
! STATUS-   converting tolerant edges into exact edges
! STATUS-    
! STATUS-   doing final check of body to report any faults
! STATUS-    
! STATUS-    
! STATUS-   Creating UG solid body from Input Ent Id 1401
! STATUS-    
! INFO-     Degeneracy in b-surface entity 16425 in U direction was corrected at
! INFO-     or around these locations.  A shape change has resulted:
! INFO-         -4.748477 2.312000 2.112147
! INFO-     Degeneracy in b-surface entity 16425 in U direction was corrected at
! INFO-     or around these locations.  A shape change has resulted:
! INFO-         -4.748477 2.300000 2.112147
! INFO-     Degeneracy in b-spline entity 11836 was corrected at or around these
! INFO-     locations.  A shape change has resulted:
! INFO-         -4.748477 2.300000 2.112147
! INFO-     Degeneracy in b-spline entity 11837 was corrected at or around these
! INFO-     locations.  A shape change has resulted:
! INFO-         -4.748477 2.310000 2.112147
! INFO-     Degeneracy in b-surface entity 16438 in U direction was corrected at
! INFO-     or around these locations.  A shape change has resulted:
! INFO-         -5.055704 2.312000 2.114342
! INFO-     Degeneracy in b-surface entity 16438 in U direction was corrected at
! INFO-     or around these locations.  A shape change has resulted:
! INFO-         -5.055704 2.300000 2.114342
! INFO-     Degeneracy in b-spline entity 11862 was corrected at or around these
! INFO-     locations.  A shape change has resulted:
! INFO-         -5.055704 2.300000 2.114342
! INFO-     Degeneracy in b-spline entity 11863 was corrected at or around these
! INFO-     locations.  A shape change has resulted:
! INFO-         -5.055704 2.310000 2.114342
! STATUS-   simplifying Bsplines to analytics
! STATUS-    
! STATUS-   converting tolerant edges into exact edges
! STATUS-    
! STATUS-   doing final check of body to report any faults
! STATUS-    
! STATUS-    
! STATUS-   Creating UG solid body from Input Ent Id 1402
! STATUS-    
! STATUS-   simplifying Bsplines to analytics
! STATUS-    
! STATUS-   converting tolerant edges into exact edges
! STATUS-    
! STATUS-   doing final check of body to report any faults
! STATUS-    
! STATUS-    
! STATUS-   Creating UG solid body from Input Ent Id 1403
! STATUS-    
! STATUS-   simplifying Bsplines to analytics
! STATUS-    
! STATUS-   converting tolerant edges into exact edges
! STATUS-    
! STATUS-   doing final check of body to report any faults
! STATUS-    
! STATUS-    
! STATUS-   Creating UG solid body from Input Ent Id 1404
! STATUS-    
! STATUS-   simplifying Bsplines to analytics
! STATUS-    
! STATUS-   converting tolerant edges into exact edges
! STATUS-    
! STATUS-   doing final check of body to report any faults
! STATUS-    
! STATUS-    
! STATUS-   Creating UG solid body from Input Ent Id 1405
! STATUS-    
! INFO-     Degeneracy in b-surface entity 16518 in U direction was corrected at
! INFO-     or around these locations.  A shape change has resulted:
! INFO-         -1.930764 2.312000 2.204313
! INFO-     Degeneracy in b-surface entity 16518 in U direction was corrected at
! INFO-     or around these locations.  A shape change has resulted:
! INFO-         -1.930764 2.300000 2.204313
! INFO-     Degeneracy in b-spline entity 12016 was corrected at or around these
! INFO-     locations.  A shape change has resulted:
! INFO-         -1.930764 2.300000 2.204313
! INFO-     Degeneracy in b-spline entity 12017 was corrected at or around these
! INFO-     locations.  A shape change has resulted:
! INFO-         -1.930764 2.310000 2.204313
! STATUS-   simplifying Bsplines to analytics
! STATUS-    
! STATUS-   converting tolerant edges into exact edges
! STATUS-    
! STATUS-   doing final check of body to report any faults
! STATUS-    
! STATUS-    
! STATUS-   Creating UG solid body from Input Ent Id 1406
! STATUS-    
! STATUS-   simplifying Bsplines to analytics
! STATUS-    
! STATUS-   converting tolerant edges into exact edges
! STATUS-    
! STATUS-   doing final check of body to report any faults
! STATUS-    
! STATUS-    
! STATUS-   Creating UG solid body from Input Ent Id 1407
! STATUS-    
! STATUS-   simplifying Bsplines to analytics
! STATUS-    
! STATUS-   converting tolerant edges into exact edges
! STATUS-    
! STATUS-   doing final check of body to report any faults
! STATUS-    
! STATUS-    
! STATUS-   Creating UG solid body from Input Ent Id 1408
! STATUS-    
! STATUS-   simplifying Bsplines to analytics
! STATUS-    
! STATUS-   converting tolerant edges into exact edges
! STATUS-    
! STATUS-   doing final check of body to report any faults
! STATUS-    
! STATUS-    
! STATUS-   Creating UG solid body from Input Ent Id 1409
! STATUS-    
! STATUS-   simplifying Bsplines to analytics
! STATUS-    
! STATUS-   converting tolerant edges into exact edges
! STATUS-    
! STATUS-   doing final check of body to report any faults
! STATUS-    
! STATUS-    
! STATUS-   Creating UG solid body from Input Ent Id 1410
! STATUS-    
! STATUS-   simplifying Bsplines to analytics
! STATUS-    
! STATUS-   converting tolerant edges into exact edges
! STATUS-    
! STATUS-   doing final check of body to report any faults
! STATUS-    
! STATUS-    
! STATUS-   Creating UG solid body from Input Ent Id 1411
! STATUS-    
! STATUS-   simplifying Bsplines to analytics
! STATUS-    
! STATUS-   converting tolerant edges into exact edges
! STATUS-    
! STATUS-   doing final check of body to report any faults
! STATUS-    
! STATUS-    
! STATUS-   Creating UG solid body from Input Ent Id 1412
! STATUS-    
! ERROR-    CRTOBY Failure - Error code : 15116 - Non-manifold Vertex. : 75246
! ERROR-     
! INFO-     Could not create solid body because of topology creation, geometry
! INFO-     creation, or failure to attach geometry to topology.  Will attempt
! INFO-     to convert as many solid body faces to individual single-faced sheet
! INFO-     bodies as possible.
! INFO-      
! INFO-     Degeneracy in b-surface entity 16621 in U direction was corrected at
! INFO-     or around these locations.  A shape change has resulted:
! INFO-         5.091566 2.312000 4.201286
! INFO-     Degeneracy in b-surface entity 16621 in U direction was corrected at
! INFO-     or around these locations.  A shape change has resulted:
! INFO-         5.091566 2.300000 4.201286
! INFO-     Degeneracy in b-spline entity 12220 was corrected at or around these
! INFO-     locations.  A shape change has resulted:
! INFO-         5.091566 2.300000 4.201286
! INFO-     Degeneracy in b-spline entity 12221 was corrected at or around these
! INFO-     locations.  A shape change has resulted:
! INFO-         5.091566 2.310000 4.201286
! INFO-     Degeneracy in b-surface entity 16676 in U direction was corrected at
! INFO-     or around these locations.  A shape change has resulted:
! INFO-         4.016271 2.312000 3.674616
! INFO-     Degeneracy in b-surface entity 16676 in U direction was corrected at
! INFO-     or around these locations.  A shape change has resulted:
! INFO-         4.016271 2.300000 3.674616
! INFO-     Degeneracy in b-spline entity 12330 was corrected at or around these
! INFO-     locations.  A shape change has resulted:
! INFO-         4.016271 2.300000 3.674616
! INFO-     Degeneracy in b-spline entity 12331 was corrected at or around these
! INFO-     locations.  A shape change has resulted:
! INFO-         4.016271 2.310000 3.674616
! INFO-     Degeneracy in b-surface entity 16677 in U direction was corrected at
! INFO-     or around these locations.  A shape change has resulted:
! INFO-         4.016273 2.312000 3.499055
! INFO-     Degeneracy in b-surface entity 16677 in U direction was corrected at
! INFO-     or around these locations.  A shape change has resulted:
! INFO-         4.016273 2.300000 3.499055
! INFO-     Degeneracy in b-spline entity 12332 was corrected at or around these
! INFO-     locations.  A shape change has resulted:
! INFO-         4.016273 2.300000 3.499055
! INFO-     Degeneracy in b-spline entity 12333 was corrected at or around these
! INFO-     locations.  A shape change has resulted:
! INFO-         4.016273 2.310000 3.499055
! INFO-     Degeneracy in b-surface entity 16678 in U direction was corrected at
! INFO-     or around these locations.  A shape change has resulted:
! INFO-         4.016271 2.312000 3.345437
! INFO-     Degeneracy in b-surface entity 16678 in U direction was corrected at
! INFO-     or around these locations.  A shape change has resulted:
! INFO-         4.016271 2.300000 3.345437
! INFO-     Degeneracy in b-spline entity 12334 was corrected at or around these
! INFO-     locations.  A shape change has resulted:
! INFO-         4.016271 2.300000 3.345437
! INFO-     Degeneracy in b-spline entity 12335 was corrected at or around these
! INFO-     locations.  A shape change has resulted:
! INFO-         4.016271 2.310000 3.345437
! INFO-     Degeneracy in b-surface entity 16682 in U direction was corrected at
! INFO-     or around these locations.  A shape change has resulted:
! INFO-         3.489594 2.312000 2.292096
! INFO-     Degeneracy in b-surface entity 16682 in U direction was corrected at
! INFO-     or around these locations.  A shape change has resulted:
! INFO-         3.489594 2.300000 2.292096
! INFO-     Degeneracy in b-spline entity 12342 was corrected at or around these
! INFO-     locations.  A shape change has resulted:
! INFO-         3.489594 2.300000 2.292096
! INFO-     Degeneracy in b-spline entity 12343 was corrected at or around these
! INFO-     locations.  A shape change has resulted:
! INFO-         3.489594 2.310000 2.292096
! INFO-     Degeneracy in b-surface entity 16687 in U direction was corrected at
! INFO-     or around these locations.  A shape change has resulted:
! INFO-         5.947405 2.312000 6.110482
! INFO-     Degeneracy in b-surface entity 16687 in U direction was corrected at
! INFO-     or around these locations.  A shape change has resulted:
! INFO-         5.947405 2.300000 6.110482
! INFO-     Degeneracy in b-spline entity 12352 was corrected at or around these
! INFO-     locations.  A shape change has resulted:
! INFO-         5.947405 2.300000 6.110482
! INFO-     Degeneracy in b-spline entity 12353 was corrected at or around these
! INFO-     locations.  A shape change has resulted:
! INFO-         5.947405 2.310000 6.110482
! INFO-     Degeneracy in b-surface entity 16688 in U direction was corrected at
! INFO-     or around these locations.  A shape change has resulted:
! INFO-         5.618238 2.312000 6.110484
! INFO-     Degeneracy in b-surface entity 16688 in U direction was corrected at
! INFO-     or around these locations.  A shape change has resulted:
! INFO-         5.618238 2.300000 6.110484
! INFO-     Degeneracy in b-spline entity 12354 was corrected at or around these
! INFO-     locations.  A shape change has resulted:
! INFO-         5.618238 2.300000 6.110484
! INFO-     Degeneracy in b-spline entity 12355 was corrected at or around these
! INFO-     locations.  A shape change has resulted:
! INFO-         5.618238 2.310000 6.110484
! INFO-     Degeneracy in b-surface entity 16689 in U direction was corrected at
! INFO-     or around these locations.  A shape change has resulted:
! INFO-         5.420731 2.312000 6.110482
! INFO-     Degeneracy in b-surface entity 16689 in U direction was corrected at
! INFO-     or around these locations.  A shape change has resulted:
! INFO-         5.420731 2.300000 6.110482
! INFO-     Degeneracy in b-spline entity 12356 was corrected at or around these
! INFO-     locations.  A shape change has resulted:
! INFO-         5.420731 2.300000 6.110482
! INFO-     Degeneracy in b-spline entity 12357 was corrected at or around these
! INFO-     locations.  A shape change has resulted:
! INFO-         5.420731 2.310000 6.110482
! INFO-     Degeneracy in b-surface entity 16690 in U direction was corrected at
! INFO-     or around these locations.  A shape change has resulted:
! INFO-         5.091564 2.312000 6.110484
! INFO-     Degeneracy in b-surface entity 16690 in U direction was corrected at
! INFO-     or around these locations.  A shape change has resulted:
! INFO-         5.091564 2.300000 6.110484
! INFO-     Degeneracy in b-spline entity 12358 was corrected at or around these
! INFO-     locations.  A shape change has resulted:
! INFO-         5.091564 2.300000 6.110484
! INFO-     Degeneracy in b-spline entity 12359 was corrected at or around these
! INFO-     locations.  A shape change has resulted:
! INFO-         5.091564 2.310000 6.110484
! STATUS-    
! STATUS-   Creating UG solid body from Input Ent Id 1413
! STATUS-    
! STATUS-   simplifying Bsplines to analytics
! STATUS-    
! STATUS-   converting tolerant edges into exact edges
! STATUS-    
! STATUS-   doing final check of body to report any faults
! STATUS-    
! STATUS-    
! STATUS-   Creating UG solid body from Input Ent Id 1414
! STATUS-    
! STATUS-   simplifying Bsplines to analytics
! STATUS-    
! STATUS-   converting tolerant edges into exact edges
! STATUS-    
! STATUS-   doing final check of body to report any faults
! STATUS-    
! STATUS-    
! STATUS-   Creating UG solid body from Input Ent Id 1415
! STATUS-    
! STATUS-   simplifying Bsplines to analytics
! STATUS-    
! STATUS-   converting tolerant edges into exact edges
! STATUS-    
! STATUS-   doing final check of body to report any faults
! STATUS-    
! STATUS-    
! STATUS-   Creating UG solid body from Input Ent Id 1416
! STATUS-    
! STATUS-   simplifying Bsplines to analytics
! STATUS-    
! STATUS-   converting tolerant edges into exact edges
! STATUS-    
! STATUS-   doing final check of body to report any faults
! STATUS-    
! STATUS-    
! STATUS-   Creating UG solid body from Input Ent Id 1417
! STATUS-    
! STATUS-   simplifying Bsplines to analytics
! STATUS-    
! STATUS-   converting tolerant edges into exact edges
! STATUS-    
! STATUS-   doing final check of body to report any faults
! STATUS-    
! STATUS-    
! STATUS-   Creating UG solid body from Input Ent Id 1418
! STATUS-    
! STATUS-   simplifying Bsplines to analytics
! STATUS-    
! STATUS-   converting tolerant edges into exact edges
! STATUS-    
! STATUS-   doing final check of body to report any faults
! STATUS-    
! STATUS-    
! STATUS-   Creating UG solid body from Input Ent Id 1419
! STATUS-    
! STATUS-   simplifying Bsplines to analytics
! STATUS-    
! STATUS-   converting tolerant edges into exact edges
! STATUS-    
! STATUS-   doing final check of body to report any faults
! STATUS-    
! STATUS-    
! STATUS-   Creating UG solid body from Input Ent Id 1420
! STATUS-    
! STATUS-   simplifying Bsplines to analytics
! STATUS-    
! STATUS-   converting tolerant edges into exact edges
! STATUS-    
! STATUS-   doing final check of body to report any faults
! STATUS-    
! STATUS-    
! STATUS-   Creating UG solid body from Input Ent Id 1421
! STATUS-    
! STATUS-   simplifying Bsplines to analytics
! STATUS-    
! STATUS-   converting tolerant edges into exact edges
! STATUS-    
! STATUS-   doing final check of body to report any faults
! STATUS-    
! STATUS-    
! STATUS-   Creating UG solid body from Input Ent Id 1422
! STATUS-    
! STATUS-   simplifying Bsplines to analytics
! STATUS-    
! STATUS-   converting tolerant edges into exact edges
! STATUS-    
! STATUS-   doing final check of body to report any faults
! STATUS-    
! STATUS-    
! STATUS-   Creating UG solid body from Input Ent Id 1423
! STATUS-    
! STATUS-   simplifying Bsplines to analytics
! STATUS-    
! STATUS-   converting tolerant edges into exact edges
! STATUS-    
! STATUS-   doing final check of body to report any faults
! STATUS-    
! STATUS-    
! STATUS-   Creating UG solid body from Input Ent Id 1424
! STATUS-    
! STATUS-   simplifying Bsplines to analytics
! STATUS-    
! STATUS-   converting tolerant edges into exact edges
! STATUS-    
! STATUS-   doing final check of body to report any faults
! STATUS-    
! STATUS-    
! STATUS-   Creating UG solid body from Input Ent Id 1425
! STATUS-    
! STATUS-   simplifying Bsplines to analytics
! STATUS-    
! STATUS-   converting tolerant edges into exact edges
! STATUS-    
! STATUS-   doing final check of body to report any faults
! STATUS-    
! STATUS-    
! STATUS-   Creating UG solid body from Input Ent Id 1426
! STATUS-    
! STATUS-   simplifying Bsplines to analytics
! STATUS-    
! STATUS-   converting tolerant edges into exact edges
! STATUS-    
! STATUS-   doing final check of body to report any faults
! STATUS-    
! STATUS-    
! STATUS-   Creating UG solid body from Input Ent Id 1427
! STATUS-    
! STATUS-   simplifying Bsplines to analytics
! STATUS-    
! STATUS-   converting tolerant edges into exact edges
! STATUS-    
! STATUS-   doing final check of body to report any faults
! STATUS-    
! INFO-     Filing Part ..: C:\OneHistory\OneHistory-Projects\2026-012-咖啡冷萃机\3-Module-GE\esp32\ESP32-S3-WROOM_shell v11
! SUMMARY-   
! SUMMARY-  Summary of Unigraphics Part Entities
! SUMMARY-   
! SUMMARY-  Entities Processed             Count
! SUMMARY-  ------------------             -----
! SUMMARY-  Group .......................:     1
! SUMMARY-  Solid .......................:    80
! SUMMARY-                                 -----
! SUMMARY-  Total                             81
! STATUS-   Creating the UG part (Phase 3 of 3): 19-JUN-2026  8:59:01 PM
! STATUS-    
! STATUS-   Creating UG solid body from Input Ent Id 1302
! STATUS-    
! STATUS-   simplifying Bsplines to analytics
! STATUS-    
! STATUS-   converting tolerant edges into exact edges
! STATUS-    
! STATUS-   doing final check of body to report any faults
! STATUS-    
! STATUS-    
! STATUS-   Creating UG solid body from Input Ent Id 1303
! STATUS-    
! STATUS-   simplifying Bsplines to analytics
! STATUS-    
! STATUS-   converting tolerant edges into exact edges
! STATUS-    
! STATUS-   doing final check of body to report any faults
! STATUS-    
! STATUS-    
! STATUS-   Creating UG solid body from Input Ent Id 1304
! STATUS-    
! STATUS-   simplifying Bsplines to analytics
! STATUS-    
! STATUS-   converting tolerant edges into exact edges
! STATUS-    
! STATUS-   doing final check of body to report any faults
! STATUS-    
! STATUS-    
! STATUS-   Creating UG solid body from Input Ent Id 1305
! STATUS-    
! STATUS-   simplifying Bsplines to analytics
! STATUS-    
! STATUS-   converting tolerant edges into exact edges
! STATUS-    
! STATUS-   doing final check of body to report any faults
! STATUS-    
! STATUS-    
! STATUS-   Creating UG solid body from Input Ent Id 1306
! STATUS-    
! STATUS-   simplifying Bsplines to analytics
! STATUS-    
! STATUS-   converting tolerant edges into exact edges
! STATUS-    
! STATUS-   doing final check of body to report any faults
! STATUS-    
! STATUS-    
! STATUS-   Creating UG solid body from Input Ent Id 1307
! STATUS-    
! STATUS-   simplifying Bsplines to analytics
! STATUS-    
! STATUS-   converting tolerant edges into exact edges
! STATUS-    
! STATUS-   doing final check of body to report any faults
! STATUS-    
! STATUS-    
! STATUS-   Creating UG solid body from Input Ent Id 1308
! STATUS-    
! STATUS-   simplifying Bsplines to analytics
! STATUS-    
! STATUS-   converting tolerant edges into exact edges
! STATUS-    
! STATUS-   doing final check of body to report any faults
! STATUS-    
! STATUS-    
! STATUS-   Creating UG solid body from Input Ent Id 1309
! STATUS-    
! STATUS-   simplifying Bsplines to analytics
! STATUS-    
! STATUS-   converting tolerant edges into exact edges
! STATUS-    
! STATUS-   doing final check of body to report any faults
! STATUS-    
! STATUS-    
! STATUS-   Creating UG solid body from Input Ent Id 1310
! STATUS-    
! STATUS-   simplifying Bsplines to analytics
! STATUS-    
! STATUS-   converting tolerant edges into exact edges
! STATUS-    
! STATUS-   doing final check of body to report any faults
! STATUS-    
! STATUS-    
! STATUS-   Creating UG solid body from Input Ent Id 1311
! STATUS-    
! STATUS-   simplifying Bsplines to analytics
! STATUS-    
! STATUS-   converting tolerant edges into exact edges
! STATUS-    
! STATUS-   doing final check of body to report any faults
! STATUS-    
! STATUS-    
! STATUS-   Creating UG solid body from Input Ent Id 1312
! STATUS-    
! STATUS-   simplifying Bsplines to analytics
! STATUS-    
! STATUS-   converting tolerant edges into exact edges
! STATUS-    
! STATUS-   doing final check of body to report any faults
! STATUS-    
! STATUS-    
! STATUS-   Creating UG solid body from Input Ent Id 1313
! STATUS-    
! STATUS-   simplifying Bsplines to analytics
! STATUS-    
! STATUS-   converting tolerant edges into exact edges
! STATUS-    
! STATUS-   doing final check of body to report any faults
! STATUS-    
! STATUS-    
! STATUS-   Creating UG solid body from Input Ent Id 1314
! STATUS-    
! STATUS-   simplifying Bsplines to analytics
! STATUS-    
! STATUS-   converting tolerant edges into exact edges
! STATUS-    
! STATUS-   doing final check of body to report any faults
! STATUS-    
! STATUS-    
! STATUS-   Creating UG solid body from Input Ent Id 1315
! STATUS-    
! STATUS-   simplifying Bsplines to analytics
! STATUS-    
! STATUS-   converting tolerant edges into exact edges
! STATUS-    
! STATUS-   doing final check of body to report any faults
! STATUS-    
! STATUS-    
! STATUS-   Creating UG solid body from Input Ent Id 1316
! STATUS-    
! STATUS-   simplifying Bsplines to analytics
! STATUS-    
! STATUS-   converting tolerant edges into exact edges
! STATUS-    
! STATUS-   doing final check of body to report any faults
! STATUS-    
! STATUS-    
! STATUS-   Creating UG solid body from Input Ent Id 1317
! STATUS-    
! STATUS-   simplifying Bsplines to analytics
! STATUS-    
! STATUS-   converting tolerant edges into exact edges
! STATUS-    
! STATUS-   doing final check of body to report any faults
! STATUS-    
! STATUS-    
! STATUS-   Creating UG solid body from Input Ent Id 1318
! STATUS-    
! STATUS-   simplifying Bsplines to analytics
! STATUS-    
! STATUS-   converting tolerant edges into exact edges
! STATUS-    
! STATUS-   doing final check of body to report any faults
! STATUS-    
! STATUS-    
! STATUS-   Creating UG solid body from Input Ent Id 1319
! STATUS-    
! STATUS-   simplifying Bsplines to analytics
! STATUS-    
! STATUS-   converting tolerant edges into exact edges
! STATUS-    
! STATUS-   doing final check of body to report any faults
! STATUS-    
! STATUS-    
! STATUS-   Creating UG solid body from Input Ent Id 1320
! STATUS-    
! STATUS-   simplifying Bsplines to analytics
! STATUS-    
! STATUS-   converting tolerant edges into exact edges
! STATUS-    
! STATUS-   doing final check of body to report any faults
! STATUS-    
! STATUS-    
! STATUS-   Creating UG solid body from Input Ent Id 1321
! STATUS-    
! STATUS-   simplifying Bsplines to analytics
! STATUS-    
! STATUS-   converting tolerant edges into exact edges
! STATUS-    
! STATUS-   doing final check of body to report any faults
! STATUS-    
! STATUS-    
! STATUS-   Creating UG solid body from Input Ent Id 1322
! STATUS-    
! STATUS-   simplifying Bsplines to analytics
! STATUS-    
! STATUS-   converting tolerant edges into exact edges
! STATUS-    
! STATUS-   doing final check of body to report any faults
! STATUS-    
! STATUS-    
! STATUS-   Creating UG solid body from Input Ent Id 1323
! STATUS-    
! STATUS-   simplifying Bsplines to analytics
! STATUS-    
! STATUS-   converting tolerant edges into exact edges
! STATUS-    
! STATUS-   doing final check of body to report any faults
! STATUS-    
! STATUS-    
! STATUS-   Creating UG solid body from Input Ent Id 1324
! STATUS-    
! STATUS-   simplifying Bsplines to analytics
! STATUS-    
! STATUS-   converting tolerant edges into exact edges
! STATUS-    
! STATUS-   doing final check of body to report any faults
! STATUS-    
! STATUS-    
! STATUS-   Creating UG solid body from Input Ent Id 1325
! STATUS-    
! STATUS-   simplifying Bsplines to analytics
! STATUS-    
! STATUS-   converting tolerant edges into exact edges
! STATUS-    
! STATUS-   doing final check of body to report any faults
! STATUS-    
! STATUS-    
! STATUS-   Creating UG solid body from Input Ent Id 1326
! STATUS-    
! STATUS-   simplifying Bsplines to analytics
! STATUS-    
! STATUS-   converting tolerant edges into exact edges
! STATUS-    
! STATUS-   doing final check of body to report any faults
! STATUS-    
! STATUS-    
! STATUS-   Creating UG solid body from Input Ent Id 1327
! STATUS-    
! STATUS-   simplifying Bsplines to analytics
! STATUS-    
! STATUS-   converting tolerant edges into exact edges
! STATUS-    
! STATUS-   doing final check of body to report any faults
! STATUS-    
! STATUS-    
! STATUS-   Creating UG solid body from Input Ent Id 1328
! STATUS-    
! STATUS-   simplifying Bsplines to analytics
! STATUS-    
! STATUS-   converting tolerant edges into exact edges
! STATUS-    
! STATUS-   doing final check of body to report any faults
! STATUS-    
! STATUS-    
! STATUS-   Creating UG solid body from Input Ent Id 1329
! STATUS-    
! STATUS-   simplifying Bsplines to analytics
! STATUS-    
! STATUS-   converting tolerant edges into exact edges
! STATUS-    
! STATUS-   doing final check of body to report any faults
! STATUS-    
! STATUS-    
! STATUS-   Creating UG solid body from Input Ent Id 1330
! STATUS-    
! STATUS-   simplifying Bsplines to analytics
! STATUS-    
! STATUS-   converting tolerant edges into exact edges
! STATUS-    
! STATUS-   doing final check of body to report any faults
! STATUS-    
! STATUS-    
! STATUS-   Creating UG solid body from Input Ent Id 1331
! STATUS-    
! STATUS-   simplifying Bsplines to analytics
! STATUS-    
! STATUS-   converting tolerant edges into exact edges
! STATUS-    
! STATUS-   doing final check of body to report any faults
! STATUS-    
! STATUS-    
! STATUS-   Creating UG solid body from Input Ent Id 1332
! STATUS-    
! STATUS-   simplifying Bsplines to analytics
! STATUS-    
! STATUS-   converting tolerant edges into exact edges
! STATUS-    
! STATUS-   doing final check of body to report any faults
! STATUS-    
! STATUS-    
! STATUS-   Creating UG solid body from Input Ent Id 1333
! STATUS-    
! STATUS-   simplifying Bsplines to analytics
! STATUS-    
! STATUS-   converting tolerant edges into exact edges
! STATUS-    
! STATUS-   doing final check of body to report any faults
! STATUS-    
! STATUS-    
! STATUS-   Creating UG solid body from Input Ent Id 1334
! STATUS-    
! STATUS-   simplifying Bsplines to analytics
! STATUS-    
! STATUS-   converting tolerant edges into exact edges
! STATUS-    
! STATUS-   doing final check of body to report any faults
! STATUS-    
! STATUS-    
! STATUS-   Creating UG solid body from Input Ent Id 1335
! STATUS-    
! STATUS-   simplifying Bsplines to analytics
! STATUS-    
! STATUS-   converting tolerant edges into exact edges
! STATUS-    
! STATUS-   doing final check of body to report any faults
! STATUS-    
! STATUS-    
! STATUS-   Creating UG solid body from Input Ent Id 1336
! STATUS-    
! STATUS-   simplifying Bsplines to analytics
! STATUS-    
! STATUS-   converting tolerant edges into exact edges
! STATUS-    
! STATUS-   doing final check of body to report any faults
! STATUS-    
! STATUS-    
! STATUS-   Creating UG solid body from Input Ent Id 1337
! STATUS-    
! STATUS-   simplifying Bsplines to analytics
! STATUS-    
! STATUS-   converting tolerant edges into exact edges
! STATUS-    
! STATUS-   doing final check of body to report any faults
! STATUS-    
! STATUS-    
! STATUS-   Creating UG solid body from Input Ent Id 1338
! STATUS-    
! STATUS-   simplifying Bsplines to analytics
! STATUS-    
! STATUS-   converting tolerant edges into exact edges
! STATUS-    
! STATUS-   doing final check of body to report any faults
! STATUS-    
! STATUS-    
! STATUS-   Creating UG solid body from Input Ent Id 1339
! STATUS-    
! STATUS-   simplifying Bsplines to analytics
! STATUS-    
! STATUS-   converting tolerant edges into exact edges
! STATUS-    
! STATUS-   doing final check of body to report any faults
! STATUS-    
! STATUS-    
! STATUS-   Creating UG solid body from Input Ent Id 1340
! STATUS-    
! STATUS-   simplifying Bsplines to analytics
! STATUS-    
! STATUS-   converting tolerant edges into exact edges
! STATUS-    
! STATUS-   doing final check of body to report any faults
! STATUS-    
! STATUS-    
! STATUS-   Creating UG solid body from Input Ent Id 1341
! STATUS-    
! STATUS-   simplifying Bsplines to analytics
! STATUS-    
! STATUS-   converting tolerant edges into exact edges
! STATUS-    
! STATUS-   doing final check of body to report any faults
! STATUS-    
! STATUS-    
! STATUS-   Creating UG solid body from Input Ent Id 1342
! STATUS-    
! STATUS-   simplifying Bsplines to analytics
! STATUS-    
! STATUS-   converting tolerant edges into exact edges
! STATUS-    
! STATUS-   doing final check of body to report any faults
! STATUS-    
! STATUS-    
! STATUS-   Creating UG solid body from Input Ent Id 1343
! STATUS-    
! STATUS-   simplifying Bsplines to analytics
! STATUS-    
! STATUS-   converting tolerant edges into exact edges
! STATUS-    
! STATUS-   doing final check of body to report any faults
! STATUS-    
! STATUS-    
! STATUS-   Creating UG solid body from Input Ent Id 1344
! STATUS-    
! STATUS-   simplifying Bsplines to analytics
! STATUS-    
! STATUS-   converting tolerant edges into exact edges
! STATUS-    
! STATUS-   doing final check of body to report any faults
! STATUS-    
! STATUS-    
! STATUS-   Creating UG solid body from Input Ent Id 1345
! STATUS-    
! STATUS-   simplifying Bsplines to analytics
! STATUS-    
! STATUS-   converting tolerant edges into exact edges
! STATUS-    
! STATUS-   doing final check of body to report any faults
! STATUS-    
! STATUS-    
! STATUS-   Creating UG solid body from Input Ent Id 1346
! STATUS-    
! STATUS-   simplifying Bsplines to analytics
! STATUS-    
! STATUS-   converting tolerant edges into exact edges
! STATUS-    
! STATUS-   doing final check of body to report any faults
! STATUS-    
! INFO-     Filing Part ..: C:\OneHistory\OneHistory-Projects\2026-012-咖啡冷萃机\3-Module-GE\esp32\PCB
! SUMMARY-   
! SUMMARY-  Summary of Unigraphics Part Entities
! SUMMARY-   
! SUMMARY-  Entities Processed             Count
! SUMMARY-  ------------------             -----
! SUMMARY-  Solid .......................:    45
! SUMMARY-                                 -----
! SUMMARY-  Total                             45
! STATUS-   Creating the UG part (Phase 3 of 3): 19-JUN-2026  8:59:06 PM
! INFO-     Filing Part ..: C:\OneHistory\OneHistory-Projects\2026-012-咖啡冷萃机\3-Module-GE\esp32\ESP32-S3-WROOM
! SUMMARY-   
! SUMMARY-  Summary of Unigraphics Part Entities
! SUMMARY-   
! SUMMARY-  Entities Processed             Count
! SUMMARY-  ------------------             -----
! SUMMARY-  Component ...................:    42
! SUMMARY-                                 -----
! SUMMARY-  Total                             42
! STATUS-   Creating the UG part (Phase 3 of 3): 19-JUN-2026  8:59:06 PM
! INFO-     Filing Part ..: C:\OneHistory\OneHistory-Projects\2026-012-咖啡冷萃机\3-Module-GE\esp32\QFN-16 (4x4x0.9)_1
! SUMMARY-   
! SUMMARY-  Summary of Unigraphics Part Entities
! SUMMARY-   
! SUMMARY-  Entities Processed             Count
! SUMMARY-  ------------------             -----
! SUMMARY-  Component ...................:    18
! SUMMARY-                                 -----
! SUMMARY-  Total                             18
! STATUS-   Creating the UG part (Phase 3 of 3): 19-JUN-2026  8:59:06 PM
! INFO-     Filing Part ..: C:\OneHistory\OneHistory-Projects\2026-012-咖啡冷萃机\3-Module-GE\esp32\QFN-16 (4x4x0.9)
! SUMMARY-   
! SUMMARY-  Summary of Unigraphics Part Entities
! SUMMARY-   
! SUMMARY-  Entities Processed             Count
! SUMMARY-  ------------------             -----
! SUMMARY-  Component ...................:     1
! SUMMARY-                                 -----
! SUMMARY-  Total                              1
! STATUS-   Creating the UG part (Phase 3 of 3): 19-JUN-2026  8:59:06 PM
! INFO-     Filing Part ..: C:\OneHistory\OneHistory-Projects\2026-012-咖啡冷萃机\3-Module-GE\esp32\0805 Red_1
! SUMMARY-   
! SUMMARY-  Summary of Unigraphics Part Entities
! SUMMARY-   
! SUMMARY-  Entities Processed             Count
! SUMMARY-  ------------------             -----
! SUMMARY-  Component ...................:     7
! SUMMARY-                                 -----
! SUMMARY-  Total                              7
! STATUS-   Creating the UG part (Phase 3 of 3): 19-JUN-2026  8:59:06 PM
! INFO-     Filing Part ..: C:\OneHistory\OneHistory-Projects\2026-012-咖啡冷萃机\3-Module-GE\esp32\0805 Red
! SUMMARY-   
! SUMMARY-  Summary of Unigraphics Part Entities
! SUMMARY-   
! SUMMARY-  Entities Processed             Count
! SUMMARY-  ------------------             -----
! SUMMARY-  Component ...................:     1
! SUMMARY-                                 -----
! SUMMARY-  Total                              1
! STATUS-   Creating the UG part (Phase 3 of 3): 19-JUN-2026  8:59:06 PM
! INFO-     Filing Part ..: C:\OneHistory\OneHistory-Projects\2026-012-咖啡冷萃机\3-Module-GE\esp32\0805 Red_2
! SUMMARY-   
! SUMMARY-  Summary of Unigraphics Part Entities
! SUMMARY-   
! SUMMARY-  Entities Processed             Count
! SUMMARY-  ------------------             -----
! SUMMARY-  Component ...................:     7
! SUMMARY-                                 -----
! SUMMARY-  Total                              7
! STATUS-   Creating the UG part (Phase 3 of 3): 19-JUN-2026  8:59:06 PM
! INFO-     Filing Part ..: C:\OneHistory\OneHistory-Projects\2026-012-咖啡冷萃机\3-Module-GE\esp32\0805 Green
! SUMMARY-   
! SUMMARY-  Summary of Unigraphics Part Entities
! SUMMARY-   
! SUMMARY-  Entities Processed             Count
! SUMMARY-  ------------------             -----
! SUMMARY-  Component ...................:     1
! SUMMARY-                                 -----
! SUMMARY-  Total                              1
! STATUS-   Creating the UG part (Phase 3 of 3): 19-JUN-2026  8:59:06 PM
! INFO-     Filing Part ..: C:\OneHistory\OneHistory-Projects\2026-012-咖啡冷萃机\3-Module-GE\esp32\0805 Red_3
! SUMMARY-   
! SUMMARY-  Summary of Unigraphics Part Entities
! SUMMARY-   
! SUMMARY-  Entities Processed             Count
! SUMMARY-  ------------------             -----
! SUMMARY-  Component ...................:     7
! SUMMARY-                                 -----
! SUMMARY-  Total                              7
! STATUS-   Creating the UG part (Phase 3 of 3): 19-JUN-2026  8:59:06 PM
! INFO-     Filing Part ..: C:\OneHistory\OneHistory-Projects\2026-012-咖啡冷萃机\3-Module-GE\esp32\0805 Amber
! SUMMARY-   
! SUMMARY-  Summary of Unigraphics Part Entities
! SUMMARY-   
! SUMMARY-  Entities Processed             Count
! SUMMARY-  ------------------             -----
! SUMMARY-  Component ...................:     1
! SUMMARY-                                 -----
! SUMMARY-  Total                              1
! STATUS-   Creating the UG part (Phase 3 of 3): 19-JUN-2026  8:59:06 PM
! INFO-     Filing Part ..: C:\OneHistory\OneHistory-Projects\2026-012-咖啡冷萃机\3-Module-GE\esp32\C1206_120_1
! SUMMARY-   
! SUMMARY-  Summary of Unigraphics Part Entities
! SUMMARY-   
! SUMMARY-  Entities Processed             Count
! SUMMARY-  ------------------             -----
! SUMMARY-  Component ...................:     3
! SUMMARY-                                 -----
! SUMMARY-  Total                              3
! STATUS-   Creating the UG part (Phase 3 of 3): 19-JUN-2026  8:59:06 PM
! INFO-     Filing Part ..: C:\OneHistory\OneHistory-Projects\2026-012-咖啡冷萃机\3-Module-GE\esp32\C1206_120
! SUMMARY-   
! SUMMARY-  Summary of Unigraphics Part Entities
! SUMMARY-   
! SUMMARY-  Entities Processed             Count
! SUMMARY-  ------------------             -----
! SUMMARY-  Component ...................:     1
! SUMMARY-                                 -----
! SUMMARY-  Total                              1
! STATUS-   Creating the UG part (Phase 3 of 3): 19-JUN-2026  8:59:06 PM
! INFO-     Filing Part ..: C:\OneHistory\OneHistory-Projects\2026-012-咖啡冷萃机\3-Module-GE\esp32\C1206_120_3
! SUMMARY-   
! SUMMARY-  Summary of Unigraphics Part Entities
! SUMMARY-   
! SUMMARY-  Entities Processed             Count
! SUMMARY-  ------------------             -----
! SUMMARY-  Component ...................:     3
! SUMMARY-                                 -----
! SUMMARY-  Total                              3
! STATUS-   Creating the UG part (Phase 3 of 3): 19-JUN-2026  8:59:06 PM
! INFO-     Filing Part ..: C:\OneHistory\OneHistory-Projects\2026-012-咖啡冷萃机\3-Module-GE\esp32\C1206_120_2
! SUMMARY-   
! SUMMARY-  Summary of Unigraphics Part Entities
! SUMMARY-   
! SUMMARY-  Entities Processed             Count
! SUMMARY-  ------------------             -----
! SUMMARY-  Component ...................:     1
! SUMMARY-                                 -----
! SUMMARY-  Total                              1
! STATUS-   Creating the UG part (Phase 3 of 3): 19-JUN-2026  8:59:06 PM
! INFO-     Filing Part ..: C:\OneHistory\OneHistory-Projects\2026-012-咖啡冷萃机\3-Module-GE\esp32\R0402_detailed_1
! SUMMARY-   
! SUMMARY-  Summary of Unigraphics Part Entities
! SUMMARY-   
! SUMMARY-  Entities Processed             Count
! SUMMARY-  ------------------             -----
! SUMMARY-  Component ...................:     6
! SUMMARY-                                 -----
! SUMMARY-  Total                              6
! STATUS-   Creating the UG part (Phase 3 of 3): 19-JUN-2026  8:59:06 PM
! INFO-     Filing Part ..: C:\OneHistory\OneHistory-Projects\2026-012-咖啡冷萃机\3-Module-GE\esp32\R0402_detailed
! SUMMARY-   
! SUMMARY-  Summary of Unigraphics Part Entities
! SUMMARY-   
! SUMMARY-  Entities Processed             Count
! SUMMARY-  ------------------             -----
! SUMMARY-  Component ...................:     1
! SUMMARY-                                 -----
! SUMMARY-  Total                              1
! STATUS-   Creating the UG part (Phase 3 of 3): 19-JUN-2026  8:59:06 PM
! INFO-     Filing Part ..: C:\OneHistory\OneHistory-Projects\2026-012-咖啡冷萃机\3-Module-GE\esp32\R0402_detailed_3
! SUMMARY-   
! SUMMARY-  Summary of Unigraphics Part Entities
! SUMMARY-   
! SUMMARY-  Entities Processed             Count
! SUMMARY-  ------------------             -----
! SUMMARY-  Component ...................:     6
! SUMMARY-                                 -----
! SUMMARY-  Total                              6
! STATUS-   Creating the UG part (Phase 3 of 3): 19-JUN-2026  8:59:06 PM
! INFO-     Filing Part ..: C:\OneHistory\OneHistory-Projects\2026-012-咖啡冷萃机\3-Module-GE\esp32\R0402_detailed_2
! SUMMARY-   
! SUMMARY-  Summary of Unigraphics Part Entities
! SUMMARY-   
! SUMMARY-  Entities Processed             Count
! SUMMARY-  ------------------             -----
! SUMMARY-  Component ...................:     1
! SUMMARY-                                 -----
! SUMMARY-  Total                              1
! STATUS-   Creating the UG part (Phase 3 of 3): 19-JUN-2026  8:59:06 PM
! INFO-     Filing Part ..: C:\OneHistory\OneHistory-Projects\2026-012-咖啡冷萃机\3-Module-GE\esp32\R0402_detailed_5
! SUMMARY-   
! SUMMARY-  Summary of Unigraphics Part Entities
! SUMMARY-   
! SUMMARY-  Entities Processed             Count
! SUMMARY-  ------------------             -----
! SUMMARY-  Component ...................:     6
! SUMMARY-                                 -----
! SUMMARY-  Total                              6
! STATUS-   Creating the UG part (Phase 3 of 3): 19-JUN-2026  8:59:06 PM
! INFO-     Filing Part ..: C:\OneHistory\OneHistory-Projects\2026-012-咖啡冷萃机\3-Module-GE\esp32\R0402_detailed_4
! SUMMARY-   
! SUMMARY-  Summary of Unigraphics Part Entities
! SUMMARY-   
! SUMMARY-  Entities Processed             Count
! SUMMARY-  ------------------             -----
! SUMMARY-  Component ...................:     1
! SUMMARY-                                 -----
! SUMMARY-  Total                              1
! STATUS-   Creating the UG part (Phase 3 of 3): 19-JUN-2026  8:59:06 PM
! INFO-     Filing Part ..: C:\OneHistory\OneHistory-Projects\2026-012-咖啡冷萃机\3-Module-GE\esp32\R0402_detailed_7
! SUMMARY-   
! SUMMARY-  Summary of Unigraphics Part Entities
! SUMMARY-   
! SUMMARY-  Entities Processed             Count
! SUMMARY-  ------------------             -----
! SUMMARY-  Component ...................:     6
! SUMMARY-                                 -----
! SUMMARY-  Total                              6
! STATUS-   Creating the UG part (Phase 3 of 3): 19-JUN-2026  8:59:06 PM
! INFO-     Filing Part ..: C:\OneHistory\OneHistory-Projects\2026-012-咖啡冷萃机\3-Module-GE\esp32\R0402_detailed_6
! SUMMARY-   
! SUMMARY-  Summary of Unigraphics Part Entities
! SUMMARY-   
! SUMMARY-  Entities Processed             Count
! SUMMARY-  ------------------             -----
! SUMMARY-  Component ...................:     1
! SUMMARY-                                 -----
! SUMMARY-  Total                              1
! STATUS-   Creating the UG part (Phase 3 of 3): 19-JUN-2026  8:59:06 PM
! INFO-     Filing Part ..: C:\OneHistory\OneHistory-Projects\2026-012-咖啡冷萃机\3-Module-GE\esp32\R0402_detailed_9
! SUMMARY-   
! SUMMARY-  Summary of Unigraphics Part Entities
! SUMMARY-   
! SUMMARY-  Entities Processed             Count
! SUMMARY-  ------------------             -----
! SUMMARY-  Component ...................:     6
! SUMMARY-                                 -----
! SUMMARY-  Total                              6
! STATUS-   Creating the UG part (Phase 3 of 3): 19-JUN-2026  8:59:06 PM
! INFO-     Filing Part ..: C:\OneHistory\OneHistory-Projects\2026-012-咖啡冷萃机\3-Module-GE\esp32\R0402_detailed_8
! SUMMARY-   
! SUMMARY-  Summary of Unigraphics Part Entities
! SUMMARY-   
! SUMMARY-  Entities Processed             Count
! SUMMARY-  ------------------             -----
! SUMMARY-  Component ...................:     1
! SUMMARY-                                 -----
! SUMMARY-  Total                              1
! STATUS-   Creating the UG part (Phase 3 of 3): 19-JUN-2026  8:59:06 PM
! INFO-     Filing Part ..: C:\OneHistory\OneHistory-Projects\2026-012-咖啡冷萃机\3-Module-GE\esp32\R0402_detailed_11
! SUMMARY-   
! SUMMARY-  Summary of Unigraphics Part Entities
! SUMMARY-   
! SUMMARY-  Entities Processed             Count
! SUMMARY-  ------------------             -----
! SUMMARY-  Component ...................:     6
! SUMMARY-                                 -----
! SUMMARY-  Total                              6
! STATUS-   Creating the UG part (Phase 3 of 3): 19-JUN-2026  8:59:06 PM
! INFO-     Filing Part ..: C:\OneHistory\OneHistory-Projects\2026-012-咖啡冷萃机\3-Module-GE\esp32\R0402_detailed_10
! SUMMARY-   
! SUMMARY-  Summary of Unigraphics Part Entities
! SUMMARY-   
! SUMMARY-  Entities Processed             Count
! SUMMARY-  ------------------             -----
! SUMMARY-  Component ...................:     1
! SUMMARY-                                 -----
! SUMMARY-  Total                              1
! STATUS-   Creating the UG part (Phase 3 of 3): 19-JUN-2026  8:59:06 PM
! INFO-     Filing Part ..: C:\OneHistory\OneHistory-Projects\2026-012-咖啡冷萃机\3-Module-GE\esp32\R0402_detailed_13
! SUMMARY-   
! SUMMARY-  Summary of Unigraphics Part Entities
! SUMMARY-   
! SUMMARY-  Entities Processed             Count
! SUMMARY-  ------------------             -----
! SUMMARY-  Component ...................:     6
! SUMMARY-                                 -----
! SUMMARY-  Total                              6
! STATUS-   Creating the UG part (Phase 3 of 3): 19-JUN-2026  8:59:07 PM
! INFO-     Filing Part ..: C:\OneHistory\OneHistory-Projects\2026-012-咖啡冷萃机\3-Module-GE\esp32\R0402_detailed_12
! SUMMARY-   
! SUMMARY-  Summary of Unigraphics Part Entities
! SUMMARY-   
! SUMMARY-  Entities Processed             Count
! SUMMARY-  ------------------             -----
! SUMMARY-  Component ...................:     1
! SUMMARY-                                 -----
! SUMMARY-  Total                              1
! STATUS-   Creating the UG part (Phase 3 of 3): 19-JUN-2026  8:59:07 PM
! INFO-     Filing Part ..: C:\OneHistory\OneHistory-Projects\2026-012-咖啡冷萃机\3-Module-GE\esp32\R0402_detailed_15
! SUMMARY-   
! SUMMARY-  Summary of Unigraphics Part Entities
! SUMMARY-   
! SUMMARY-  Entities Processed             Count
! SUMMARY-  ------------------             -----
! SUMMARY-  Component ...................:     6
! SUMMARY-                                 -----
! SUMMARY-  Total                              6
! STATUS-   Creating the UG part (Phase 3 of 3): 19-JUN-2026  8:59:07 PM
! INFO-     Filing Part ..: C:\OneHistory\OneHistory-Projects\2026-012-咖啡冷萃机\3-Module-GE\esp32\R0402_detailed_14
! SUMMARY-   
! SUMMARY-  Summary of Unigraphics Part Entities
! SUMMARY-   
! SUMMARY-  Entities Processed             Count
! SUMMARY-  ------------------             -----
! SUMMARY-  Component ...................:     1
! SUMMARY-                                 -----
! SUMMARY-  Total                              1
! STATUS-   Creating the UG part (Phase 3 of 3): 19-JUN-2026  8:59:07 PM
! INFO-     Filing Part ..: C:\OneHistory\OneHistory-Projects\2026-012-咖啡冷萃机\3-Module-GE\esp32\R0402_detailed_17
! SUMMARY-   
! SUMMARY-  Summary of Unigraphics Part Entities
! SUMMARY-   
! SUMMARY-  Entities Processed             Count
! SUMMARY-  ------------------             -----
! SUMMARY-  Component ...................:     6
! SUMMARY-                                 -----
! SUMMARY-  Total                              6
! STATUS-   Creating the UG part (Phase 3 of 3): 19-JUN-2026  8:59:07 PM
! INFO-     Filing Part ..: C:\OneHistory\OneHistory-Projects\2026-012-咖啡冷萃机\3-Module-GE\esp32\R0402_detailed_16
! SUMMARY-   
! SUMMARY-  Summary of Unigraphics Part Entities
! SUMMARY-   
! SUMMARY-  Entities Processed             Count
! SUMMARY-  ------------------             -----
! SUMMARY-  Component ...................:     1
! SUMMARY-                                 -----
! SUMMARY-  Total                              1
! STATUS-   Creating the UG part (Phase 3 of 3): 19-JUN-2026  8:59:07 PM
! INFO-     Filing Part ..: C:\OneHistory\OneHistory-Projects\2026-012-咖啡冷萃机\3-Module-GE\esp32\R0402_detailed_19
! SUMMARY-   
! SUMMARY-  Summary of Unigraphics Part Entities
! SUMMARY-   
! SUMMARY-  Entities Processed             Count
! SUMMARY-  ------------------             -----
! SUMMARY-  Component ...................:     6
! SUMMARY-                                 -----
! SUMMARY-  Total                              6
! STATUS-   Creating the UG part (Phase 3 of 3): 19-JUN-2026  8:59:07 PM
! INFO-     Filing Part ..: C:\OneHistory\OneHistory-Projects\2026-012-咖啡冷萃机\3-Module-GE\esp32\R0402_detailed_18
! SUMMARY-   
! SUMMARY-  Summary of Unigraphics Part Entities
! SUMMARY-   
! SUMMARY-  Entities Processed             Count
! SUMMARY-  ------------------             -----
! SUMMARY-  Component ...................:     1
! SUMMARY-                                 -----
! SUMMARY-  Total                              1
! STATUS-   Creating the UG part (Phase 3 of 3): 19-JUN-2026  8:59:07 PM
! INFO-     Filing Part ..: C:\OneHistory\OneHistory-Projects\2026-012-咖啡冷萃机\3-Module-GE\esp32\R0402_detailed_21
! SUMMARY-   
! SUMMARY-  Summary of Unigraphics Part Entities
! SUMMARY-   
! SUMMARY-  Entities Processed             Count
! SUMMARY-  ------------------             -----
! SUMMARY-  Component ...................:     6
! SUMMARY-                                 -----
! SUMMARY-  Total                              6
! STATUS-   Creating the UG part (Phase 3 of 3): 19-JUN-2026  8:59:07 PM
! INFO-     Filing Part ..: C:\OneHistory\OneHistory-Projects\2026-012-咖啡冷萃机\3-Module-GE\esp32\R0402_detailed_20
! SUMMARY-   
! SUMMARY-  Summary of Unigraphics Part Entities
! SUMMARY-   
! SUMMARY-  Entities Processed             Count
! SUMMARY-  ------------------             -----
! SUMMARY-  Component ...................:     1
! SUMMARY-                                 -----
! SUMMARY-  Total                              1
! STATUS-   Creating the UG part (Phase 3 of 3): 19-JUN-2026  8:59:07 PM
! INFO-     Filing Part ..: C:\OneHistory\OneHistory-Projects\2026-012-咖啡冷萃机\3-Module-GE\esp32\C0402_035_1
! SUMMARY-   
! SUMMARY-  Summary of Unigraphics Part Entities
! SUMMARY-   
! SUMMARY-  Entities Processed             Count
! SUMMARY-  ------------------             -----
! SUMMARY-  Component ...................:     3
! SUMMARY-                                 -----
! SUMMARY-  Total                              3
! STATUS-   Creating the UG part (Phase 3 of 3): 19-JUN-2026  8:59:07 PM
! INFO-     Filing Part ..: C:\OneHistory\OneHistory-Projects\2026-012-咖啡冷萃机\3-Module-GE\esp32\C0402_035
! SUMMARY-   
! SUMMARY-  Summary of Unigraphics Part Entities
! SUMMARY-   
! SUMMARY-  Entities Processed             Count
! SUMMARY-  ------------------             -----
! SUMMARY-  Component ...................:     1
! SUMMARY-                                 -----
! SUMMARY-  Total                              1
! STATUS-   Creating the UG part (Phase 3 of 3): 19-JUN-2026  8:59:07 PM
! INFO-     Filing Part ..: C:\OneHistory\OneHistory-Projects\2026-012-咖啡冷萃机\3-Module-GE\esp32\C0402_035_3
! SUMMARY-   
! SUMMARY-  Summary of Unigraphics Part Entities
! SUMMARY-   
! SUMMARY-  Entities Processed             Count
! SUMMARY-  ------------------             -----
! SUMMARY-  Component ...................:     3
! SUMMARY-                                 -----
! SUMMARY-  Total                              3
! STATUS-   Creating the UG part (Phase 3 of 3): 19-JUN-2026  8:59:07 PM
! INFO-     Filing Part ..: C:\OneHistory\OneHistory-Projects\2026-012-咖啡冷萃机\3-Module-GE\esp32\C0402_035_2
! SUMMARY-   
! SUMMARY-  Summary of Unigraphics Part Entities
! SUMMARY-   
! SUMMARY-  Entities Processed             Count
! SUMMARY-  ------------------             -----
! SUMMARY-  Component ...................:     1
! SUMMARY-                                 -----
! SUMMARY-  Total                              1
! STATUS-   Creating the UG part (Phase 3 of 3): 19-JUN-2026  8:59:07 PM
! INFO-     Filing Part ..: C:\OneHistory\OneHistory-Projects\2026-012-咖啡冷萃机\3-Module-GE\esp32\C0402_035_5
! SUMMARY-   
! SUMMARY-  Summary of Unigraphics Part Entities
! SUMMARY-   
! SUMMARY-  Entities Processed             Count
! SUMMARY-  ------------------             -----
! SUMMARY-  Component ...................:     3
! SUMMARY-                                 -----
! SUMMARY-  Total                              3
! STATUS-   Creating the UG part (Phase 3 of 3): 19-JUN-2026  8:59:07 PM
! INFO-     Filing Part ..: C:\OneHistory\OneHistory-Projects\2026-012-咖啡冷萃机\3-Module-GE\esp32\C0402_035_4
! SUMMARY-   
! SUMMARY-  Summary of Unigraphics Part Entities
! SUMMARY-   
! SUMMARY-  Entities Processed             Count
! SUMMARY-  ------------------             -----
! SUMMARY-  Component ...................:     1
! SUMMARY-                                 -----
! SUMMARY-  Total                              1
! STATUS-   Creating the UG part (Phase 3 of 3): 19-JUN-2026  8:59:07 PM
! INFO-     Filing Part ..: C:\OneHistory\OneHistory-Projects\2026-012-咖啡冷萃机\3-Module-GE\esp32\C0402_035_7
! SUMMARY-   
! SUMMARY-  Summary of Unigraphics Part Entities
! SUMMARY-   
! SUMMARY-  Entities Processed             Count
! SUMMARY-  ------------------             -----
! SUMMARY-  Component ...................:     3
! SUMMARY-                                 -----
! SUMMARY-  Total                              3
! STATUS-   Creating the UG part (Phase 3 of 3): 19-JUN-2026  8:59:07 PM
! INFO-     Filing Part ..: C:\OneHistory\OneHistory-Projects\2026-012-咖啡冷萃机\3-Module-GE\esp32\C0402_035_6
! SUMMARY-   
! SUMMARY-  Summary of Unigraphics Part Entities
! SUMMARY-   
! SUMMARY-  Entities Processed             Count
! SUMMARY-  ------------------             -----
! SUMMARY-  Component ...................:     1
! SUMMARY-                                 -----
! SUMMARY-  Total                              1
! STATUS-   Creating the UG part (Phase 3 of 3): 19-JUN-2026  8:59:07 PM
! INFO-     Filing Part ..: C:\OneHistory\OneHistory-Projects\2026-012-咖啡冷萃机\3-Module-GE\esp32\C0402_035_9
! SUMMARY-   
! SUMMARY-  Summary of Unigraphics Part Entities
! SUMMARY-   
! SUMMARY-  Entities Processed             Count
! SUMMARY-  ------------------             -----
! SUMMARY-  Component ...................:     3
! SUMMARY-                                 -----
! SUMMARY-  Total                              3
! STATUS-   Creating the UG part (Phase 3 of 3): 19-JUN-2026  8:59:07 PM
! INFO-     Filing Part ..: C:\OneHistory\OneHistory-Projects\2026-012-咖啡冷萃机\3-Module-GE\esp32\C0402_035_8
! SUMMARY-   
! SUMMARY-  Summary of Unigraphics Part Entities
! SUMMARY-   
! SUMMARY-  Entities Processed             Count
! SUMMARY-  ------------------             -----
! SUMMARY-  Component ...................:     1
! SUMMARY-                                 -----
! SUMMARY-  Total                              1
! STATUS-   Creating the UG part (Phase 3 of 3): 19-JUN-2026  8:59:07 PM
! INFO-     Filing Part ..: C:\OneHistory\OneHistory-Projects\2026-012-咖啡冷萃机\3-Module-GE\esp32\YD-ESP32-S3 v34.prt
! SUMMARY-   
! SUMMARY-  Summary of Unigraphics Part Entities
! SUMMARY-   
! SUMMARY-  Entities Processed             Count
! SUMMARY-  ------------------             -----
! SUMMARY-  Component ...................:    37
! SUMMARY-                                 -----
! SUMMARY-  Total                             37
! INFO-      
! INFO-     Total number of solids input for this translation       :       252
! INFO-      
! INFO-     Number of solids created without body validation faults :       246
! INFO-      
! INFO-     Number of solids created with body validation fault(s)  :         5
! INFO-      
! INFO-     Number of solids ending up as sheet bodies              :         1
! INFO-      
! INFO-     End of Translation: 19-JUN-2026  8:59:08 PM
! INFO-      
