SolidWorks IGES file using analytic representation for surfaces         S      1
1H,,1H;,12HHinge.SLDPRT,56HC:\Users\Administrator\Desktop\tzb\新建文件夹G      1
\Hinge2.IGS,15HSolidWorks 2024,15HSolidWorks 2024,32,308,15,308,15,12HHiG      2
nge.SLDPRT,1.,2,2HMM,50,0.125,13H241123.201757,1E-08,499990.,13HAdministG      3
rator,,11,0,13H241123.201757;                                           G      4
     314       1       0       0       0                        00000200D      1
     314       0       8       1       0                               0D      2
     110       2       0       0       0                        01010000D      3
     110       0       0       1       0                               0D      4
     110       3       0       0       0                        01010000D      5
     110       0       0       1       0                               0D      6
     120       4       0       0       0                        01010000D      7
     120       0       0       1       0                               0D      8
     126       5       0       0       0                        01010500D      9
     126       0       0       2       0                               0D     10
     110       7       0       0       0                        01010000D     11
     110       0       0       1       0                               0D     12
     126       8       0       0       0                        01010500D     13
     126       0       0       2       0                               0D     14
     124      10       0       0       0                        00000000D     15
     124       0       0       3       0                               0D     16
     100      13       0       0       0              15        01010000D     17
     100       0       0       1       0                               0D     18
     126      14       0       0       0                        01010500D     19
     126       0       0       2       0                               0D     20
     110      16       0       0       0                        01010000D     21
     110       0       0       1       0                               0D     22
     126      17       0       0       0                        01010500D     23
     126       0       0       2       0                               0D     24
     124      19       0       0       0                        00000000D     25
     124       0       0       3       0                               0D     26
     100      22       0       0       0              25        01010000D     27
     100       0       0       1       0                               0D     28
     102      23       0       0       0                        01010500D     29
     102       0       0       1       0                               0D     30
     102      24       0       0       0                        01010000D     31
     102       0       0       1       0                               0D     32
     142      25       0       0       0                        00010500D     33
     142       0       0       1       0                               0D     34
     144      26       0       0       0                        00000000D     35
     144       0      -1       1       0                               0D     36
     110      27       0       0       0                        01010000D     37
     110       0       0       1       0                               0D     38
     110      28       0       0       0                        01010000D     39
     110       0       0       1       0                               0D     40
     120      29       0       0       0                        01010000D     41
     120       0       0       1       0                               0D     42
     126      30       0       0       0                        01010500D     43
     126       0       0       2       0                               0D     44
     110      32       0       0       0                        01010000D     45
     110       0       0       1       0                               0D     46
     126      33       0       0       0                        01010500D     47
     126       0       0       2       0                               0D     48
     124      35       0       0       0                        00000000D     49
     124       0       0       3       0                               0D     50
     100      38       0       0       0              49        01010000D     51
     100       0       0       1       0                               0D     52
     126      39       0       0       0                        01010500D     53
     126       0       0       2       0                               0D     54
     110      41       0       0       0                        01010000D     55
     110       0       0       1       0                               0D     56
     126      42       0       0       0                        01010500D     57
     126       0       0       2       0                               0D     58
     124      44       0       0       0                        00000000D     59
     124       0       0       3       0                               0D     60
     100      47       0       0       0              59        01010000D     61
     100       0       0       1       0                               0D     62
     102      48       0       0       0                        01010500D     63
     102       0       0       1       0                               0D     64
     102      49       0       0       0                        01010000D     65
     102       0       0       1       0                               0D     66
     142      50       0       0       0                        00010500D     67
     142       0       0       1       0                               0D     68
     144      51       0       0       0                        00000000D     69
     144       0      -1       1       0                               0D     70
     110      52       0       0       0                        01010000D     71
     110       0       0       1       0                               0D     72
     110      53       0       0       0                        01010000D     73
     110       0       0       1       0                               0D     74
     120      54       0       0       0                        01010000D     75
     120       0       0       1       0                               0D     76
     126      55       0       0       0                        01010500D     77
     126       0       0       2       0                               0D     78
     110      57       0       0       0                        01010000D     79
     110       0       0       1       0                               0D     80
     126      58       0       0       0                        01010500D     81
     126       0       0       2       0                               0D     82
     124      60       0       0       0                        00000000D     83
     124       0       0       3       0                               0D     84
     100      63       0       0       0              83        01010000D     85
     100       0       0       1       0                               0D     86
     126      64       0       0       0                        01010500D     87
     126       0       0       2       0                               0D     88
     110      66       0       0       0                        01010000D     89
     110       0       0       1       0                               0D     90
     126      67       0       0       0                        01010500D     91
     126       0       0       2       0                               0D     92
     124      69       0       0       0                        00000000D     93
     124       0       0       3       0                               0D     94
     100      72       0       0       0              93        01010000D     95
     100       0       0       1       0                               0D     96
     102      73       0       0       0                        01010500D     97
     102       0       0       1       0                               0D     98
     102      74       0       0       0                        01010000D     99
     102       0       0       1       0                               0D    100
     142      75       0       0       0                        00010500D    101
     142       0       0       1       0                               0D    102
     144      76       0       0       0                        00000000D    103
     144       0      -1       1       0                               0D    104
     110      77       0       0       0                        01010000D    105
     110       0       0       1       0                               0D    106
     110      78       0       0       0                        01010000D    107
     110       0       0       1       0                               0D    108
     120      79       0       0       0                        01010000D    109
     120       0       0       1       0                               0D    110
     126      80       0       0       0                        01010500D    111
     126       0       0       2       0                               0D    112
     110      82       0       0       0                        01010000D    113
     110       0       0       1       0                               0D    114
     126      83       0       0       0                        01010500D    115
     126       0       0       2       0                               0D    116
     124      85       0       0       0                        00000000D    117
     124       0       0       3       0                               0D    118
     100      88       0       0       0             117        01010000D    119
     100       0       0       1       0                               0D    120
     126      89       0       0       0                        01010500D    121
     126       0       0       2       0                               0D    122
     110      91       0       0       0                        01010000D    123
     110       0       0       1       0                               0D    124
     126      92       0       0       0                        01010500D    125
     126       0       0       2       0                               0D    126
     124      94       0       0       0                        00000000D    127
     124       0       0       3       0                               0D    128
     100      97       0       0       0             127        01010000D    129
     100       0       0       1       0                               0D    130
     102      98       0       0       0                        01010500D    131
     102       0       0       1       0                               0D    132
     102      99       0       0       0                        01010000D    133
     102       0       0       1       0                               0D    134
     142     100       0       0       0                        00010500D    135
     142       0       0       1       0                               0D    136
     144     101       0       0       0                        00000000D    137
     144       0      -1       1       0                               0D    138
     110     102       0       0       0                        01010000D    139
     110       0       0       1       0                               0D    140
     110     103       0       0       0                        01010000D    141
     110       0       0       1       0                               0D    142
     120     104       0       0       0                        01010000D    143
     120       0       0       1       0                               0D    144
     126     105       0       0       0                        01010500D    145
     126       0       0       2       0                               0D    146
     110     107       0       0       0                        01010000D    147
     110       0       0       1       0                               0D    148
     126     108       0       0       0                        01010500D    149
     126       0       0       2       0                               0D    150
     124     110       0       0       0                        00000000D    151
     124       0       0       3       0                               0D    152
     100     113       0       0       0             151        01010000D    153
     100       0       0       1       0                               0D    154
     126     114       0       0       0                        01010500D    155
     126       0       0       2       0                               0D    156
     110     116       0       0       0                        01010000D    157
     110       0       0       1       0                               0D    158
     126     117       0       0       0                        01010500D    159
     126       0       0       2       0                               0D    160
     124     119       0       0       0                        00000000D    161
     124       0       0       3       0                               0D    162
     100     122       0       0       0             161        01010000D    163
     100       0       0       1       0                               0D    164
     102     123       0       0       0                        01010500D    165
     102       0       0       1       0                               0D    166
     102     124       0       0       0                        01010000D    167
     102       0       0       1       0                               0D    168
     142     125       0       0       0                        00010500D    169
     142       0       0       1       0                               0D    170
     144     126       0       0       0                        00000000D    171
     144       0      -1       1       0                               0D    172
     110     127       0       0       0                        01010000D    173
     110       0       0       1       0                               0D    174
     110     128       0       0       0                        01010000D    175
     110       0       0       1       0                               0D    176
     120     129       0       0       0                        01010000D    177
     120       0       0       1       0                               0D    178
     126     130       0       0       0                        01010500D    179
     126       0       0       2       0                               0D    180
     110     132       0       0       0                        01010000D    181
     110       0       0       1       0                               0D    182
     126     133       0       0       0                        01010500D    183
     126       0       0       2       0                               0D    184
     124     135       0       0       0                        00000000D    185
     124       0       0       3       0                               0D    186
     100     138       0       0       0             185        01010000D    187
     100       0       0       1       0                               0D    188
     126     139       0       0       0                        01010500D    189
     126       0       0       2       0                               0D    190
     110     141       0       0       0                        01010000D    191
     110       0       0       1       0                               0D    192
     126     142       0       0       0                        01010500D    193
     126       0       0       2       0                               0D    194
     124     144       0       0       0                        00000000D    195
     124       0       0       3       0                               0D    196
     100     147       0       0       0             195        01010000D    197
     100       0       0       1       0                               0D    198
     102     148       0       0       0                        01010500D    199
     102       0       0       1       0                               0D    200
     102     149       0       0       0                        01010000D    201
     102       0       0       1       0                               0D    202
     142     150       0       0       0                        00010500D    203
     142       0       0       1       0                               0D    204
     144     151       0       0       0                        00000000D    205
     144       0      -1       1       0                               0D    206
     110     152       0       0       0                        01010000D    207
     110       0       0       1       0                               0D    208
     110     153       0       0       0                        01010000D    209
     110       0       0       1       0                               0D    210
     120     154       0       0       0                        01010000D    211
     120       0       0       1       0                               0D    212
     126     155       0       0       0                        01010500D    213
     126       0       0       2       0                               0D    214
     110     157       0       0       0                        01010000D    215
     110       0       0       1       0                               0D    216
     126     158       0       0       0                        01010500D    217
     126       0       0       2       0                               0D    218
     124     160       0       0       0                        00000000D    219
     124       0       0       3       0                               0D    220
     100     163       0       0       0             219        01010000D    221
     100       0       0       1       0                               0D    222
     126     164       0       0       0                        01010500D    223
     126       0       0       2       0                               0D    224
     110     166       0       0       0                        01010000D    225
     110       0       0       1       0                               0D    226
     126     167       0       0       0                        01010500D    227
     126       0       0       2       0                               0D    228
     124     169       0       0       0                        00000000D    229
     124       0       0       3       0                               0D    230
     100     172       0       0       0             229        01010000D    231
     100       0       0       1       0                               0D    232
     102     173       0       0       0                        01010500D    233
     102       0       0       1       0                               0D    234
     102     174       0       0       0                        01010000D    235
     102       0       0       1       0                               0D    236
     142     175       0       0       0                        00010500D    237
     142       0       0       1       0                               0D    238
     144     176       0       0       0                        00000000D    239
     144       0      -1       1       0                               0D    240
     110     177       0       0       0                        01010000D    241
     110       0       0       1       0                               0D    242
     110     178       0       0       0                        01010000D    243
     110       0       0       1       0                               0D    244
     120     179       0       0       0                        01010000D    245
     120       0       0       1       0                               0D    246
     126     180       0       0       0                        01010500D    247
     126       0       0       2       0                               0D    248
     110     182       0       0       0                        01010000D    249
     110       0       0       1       0                               0D    250
     126     183       0       0       0                        01010500D    251
     126       0       0       2       0                               0D    252
     124     185       0       0       0                        00000000D    253
     124       0       0       3       0                               0D    254
     100     188       0       0       0             253        01010000D    255
     100       0       0       1       0                               0D    256
     126     189       0       0       0                        01010500D    257
     126       0       0       2       0                               0D    258
     110     191       0       0       0                        01010000D    259
     110       0       0       1       0                               0D    260
     126     192       0       0       0                        01010500D    261
     126       0       0       2       0                               0D    262
     124     194       0       0       0                        00000000D    263
     124       0       0       3       0                               0D    264
     100     197       0       0       0             263        01010000D    265
     100       0       0       1       0                               0D    266
     102     198       0       0       0                        01010500D    267
     102       0       0       1       0                               0D    268
     102     199       0       0       0                        01010000D    269
     102       0       0       1       0                               0D    270
     142     200       0       0       0                        00010500D    271
     142       0       0       1       0                               0D    272
     144     201       0       0       0                        00000000D    273
     144       0      -1       1       0                               0D    274
     110     202       0       0       0                        01010000D    275
     110       0       0       1       0                               0D    276
     110     203       0       0       0                        01010000D    277
     110       0       0       1       0                               0D    278
     120     204       0       0       0                        01010000D    279
     120       0       0       1       0                               0D    280
     126     205       0       0       0                        01010500D    281
     126       0       0       2       0                               0D    282
     110     207       0       0       0                        01010000D    283
     110       0       0       1       0                               0D    284
     126     208       0       0       0                        01010500D    285
     126       0       0       2       0                               0D    286
     124     210       0       0       0                        00000000D    287
     124       0       0       4       0                               0D    288
     100     214       0       0       0             287        01010000D    289
     100       0       0       1       0                               0D    290
     126     215       0       0       0                        01010500D    291
     126       0       0       2       0                               0D    292
     110     217       0       0       0                        01010000D    293
     110       0       0       1       0                               0D    294
     126     218       0       0       0                        01010500D    295
     126       0       0       2       0                               0D    296
     100     220       0       0       0                        01010000D    297
     100       0       0       1       0                               0D    298
     102     221       0       0       0                        01010500D    299
     102       0       0       1       0                               0D    300
     102     222       0       0       0                        01010000D    301
     102       0       0       1       0                               0D    302
     142     223       0       0       0                        00010500D    303
     142       0       0       1       0                               0D    304
     144     224       0       0       0                        00000000D    305
     144       0      -1       1       0                               0D    306
     110     225       0       0       0                        01010000D    307
     110       0       0       1       0                               0D    308
     110     226       0       0       0                        01010000D    309
     110       0       0       1       0                               0D    310
     120     227       0       0       0                        01010000D    311
     120       0       0       1       0                               0D    312
     126     228       0       0       0                        01010500D    313
     126       0       0       2       0                               0D    314
     110     230       0       0       0                        01010000D    315
     110       0       0       1       0                               0D    316
     126     231       0       0       0                        01010500D    317
     126       0       0       2       0                               0D    318
     124     233       0       0       0                        00000000D    319
     124       0       0       4       0                               0D    320
     100     237       0       0       0             319        01010000D    321
     100       0       0       1       0                               0D    322
     126     238       0       0       0                        01010500D    323
     126       0       0       2       0                               0D    324
     110     240       0       0       0                        01010000D    325
     110       0       0       1       0                               0D    326
     126     241       0       0       0                        01010500D    327
     126       0       0       2       0                               0D    328
     100     243       0       0       0                        01010000D    329
     100       0       0       1       0                               0D    330
     102     244       0       0       0                        01010500D    331
     102       0       0       1       0                               0D    332
     102     245       0       0       0                        01010000D    333
     102       0       0       1       0                               0D    334
     142     246       0       0       0                        00010500D    335
     142       0       0       1       0                               0D    336
     144     247       0       0       0                        00000000D    337
     144       0      -1       1       0                               0D    338
     128     248       0       0       0                        01010000D    339
     128       0       0       2       0                               0D    340
     126     250       0       0       0                        01010500D    341
     126       0       0       2       0                               0D    342
     110     252       0       0       0                        01010000D    343
     110       0       0       1       0                               0D    344
     126     253       0       0       0                        01010500D    345
     126       0       0       2       0                               0D    346
     110     255       0       0       0                        01010000D    347
     110       0       0       1       0                               0D    348
     126     256       0       0       0                        01010500D    349
     126       0       0       2       0                               0D    350
     110     258       0       0       0                        01010000D    351
     110       0       0       1       0                               0D    352
     126     259       0       0       0                        01010500D    353
     126       0       0       2       0                               0D    354
     110     261       0       0       0                        01010000D    355
     110       0       0       1       0                               0D    356
     126     262       0       0       0                        01010500D    357
     126       0       0       2       0                               0D    358
     110     264       0       0       0                        01010000D    359
     110       0       0       1       0                               0D    360
     126     265       0       0       0                        01010500D    361
     126       0       0       2       0                               0D    362
     110     267       0       0       0                        01010000D    363
     110       0       0       1       0                               0D    364
     126     268       0       0       0                        01010500D    365
     126       0       0       2       0                               0D    366
     110     270       0       0       0                        01010000D    367
     110       0       0       1       0                               0D    368
     126     271       0       0       0                        01010500D    369
     126       0       0       2       0                               0D    370
     110     273       0       0       0                        01010000D    371
     110       0       0       1       0                               0D    372
     126     274       0       0       0                        01010500D    373
     126       0       0       2       0                               0D    374
     110     276       0       0       0                        01010000D    375
     110       0       0       1       0                               0D    376
     126     277       0       0       0                        01010500D    377
     126       0       0       2       0                               0D    378
     110     279       0       0       0                        01010000D    379
     110       0       0       1       0                               0D    380
     126     280       0       0       0                        01010500D    381
     126       0       0       2       0                               0D    382
     110     282       0       0       0                        01010000D    383
     110       0       0       1       0                               0D    384
     126     283       0       0       0                        01010500D    385
     126       0       0       2       0                               0D    386
     110     285       0       0       0                        01010000D    387
     110       0       0       1       0                               0D    388
     102     286       0       0       0                        01010500D    389
     102       0       0       1       0                               0D    390
     102     287       0       0       0                        01010000D    391
     102       0       0       1       0                               0D    392
     142     288       0       0       0                        00010500D    393
     142       0       0       1       0                               0D    394
     126     289       0       0       0                        01010500D    395
     126       0       0      21       0                               0D    396
     124     310       0       0       0                        00000000D    397
     124       0       0       2       0                               0D    398
     100     312       0       0       0             397        01010000D    399
     100       0       0       1       0                               0D    400
     126     313       0       0       0                        01010500D    401
     126       0       0      21       0                               0D    402
     124     334       0       0       0                        00000000D    403
     124       0       0       3       0                               0D    404
     100     337       0       0       0             403        01010000D    405
     100       0       0       1       0                               0D    406
     102     338       0       0       0                        01010500D    407
     102       0       0       1       0                               0D    408
     102     339       0       0       0                        01010000D    409
     102       0       0       1       0                               0D    410
     142     340       0       0       0                        00010500D    411
     142       0       0       1       0                               0D    412
     126     341       0       0       0                        01010500D    413
     126       0       0      21       0                               0D    414
     124     362       0       0       0                        00000000D    415
     124       0       0       2       0                               0D    416
     100     364       0       0       0             415        01010000D    417
     100       0       0       1       0                               0D    418
     126     365       0       0       0                        01010500D    419
     126       0       0      21       0                               0D    420
     124     386       0       0       0                        00000000D    421
     124       0       0       3       0                               0D    422
     100     389       0       0       0             421        01010000D    423
     100       0       0       1       0                               0D    424
     102     390       0       0       0                        01010500D    425
     102       0       0       1       0                               0D    426
     102     391       0       0       0                        01010000D    427
     102       0       0       1       0                               0D    428
     142     392       0       0       0                        00010500D    429
     142       0       0       1       0                               0D    430
     126     393       0       0       0                        01010500D    431
     126       0       0      21       0                               0D    432
     124     414       0       0       0                        00000000D    433
     124       0       0       2       0                               0D    434
     100     416       0       0       0             433        01010000D    435
     100       0       0       1       0                               0D    436
     126     417       0       0       0                        01010500D    437
     126       0       0      21       0                               0D    438
     124     438       0       0       0                        00000000D    439
     124       0       0       3       0                               0D    440
     100     441       0       0       0             439        01010000D    441
     100       0       0       1       0                               0D    442
     102     442       0       0       0                        01010500D    443
     102       0       0       1       0                               0D    444
     102     443       0       0       0                        01010000D    445
     102       0       0       1       0                               0D    446
     142     444       0       0       0                        00010500D    447
     142       0       0       1       0                               0D    448
     126     445       0       0       0                        01010500D    449
     126       0       0      21       0                               0D    450
     124     466       0       0       0                        00000000D    451
     124       0       0       2       0                               0D    452
     100     468       0       0       0             451        01010000D    453
     100       0       0       1       0                               0D    454
     126     469       0       0       0                        01010500D    455
     126       0       0      21       0                               0D    456
     124     490       0       0       0                        00000000D    457
     124       0       0       3       0                               0D    458
     100     493       0       0       0             457        01010000D    459
     100       0       0       1       0                               0D    460
     102     494       0       0       0                        01010500D    461
     102       0       0       1       0                               0D    462
     102     495       0       0       0                        01010000D    463
     102       0       0       1       0                               0D    464
     142     496       0       0       0                        00010500D    465
     142       0       0       1       0                               0D    466
     144     497       0       0       0                        00000000D    467
     144       0      -1       1       0                               0D    468
     110     498       0       0       0                        01010000D    469
     110       0       0       1       0                               0D    470
     110     499       0       0       0                        01010000D    471
     110       0       0       1       0                               0D    472
     120     500       0       0       0                        01010000D    473
     120       0       0       1       0                               0D    474
     126     501       0       0       0                        01010500D    475
     126       0       0       2       0                               0D    476
     110     503       0       0       0                        01010000D    477
     110       0       0       1       0                               0D    478
     126     504       0       0       0                        01010500D    479
     126       0       0       2       0                               0D    480
     100     506       0       0       0                        01010000D    481
     100       0       0       1       0                               0D    482
     126     507       0       0       0                        01010500D    483
     126       0       0       2       0                               0D    484
     110     509       0       0       0                        01010000D    485
     110       0       0       1       0                               0D    486
     126     510       0       0       0                        01010500D    487
     126       0       0       2       0                               0D    488
     124     512       0       0       0                        00000000D    489
     124       0       0       2       0                               0D    490
     100     514       0       0       0             489        01010000D    491
     100       0       0       1       0                               0D    492
     102     515       0       0       0                        01010500D    493
     102       0       0       1       0                               0D    494
     102     516       0       0       0                        01010000D    495
     102       0       0       1       0                               0D    496
     142     517       0       0       0                        00010500D    497
     142       0       0       1       0                               0D    498
     144     518       0       0       0                        00000000D    499
     144       0      -1       1       0                               0D    500
     110     519       0       0       0                        01010000D    501
     110       0       0       1       0                               0D    502
     110     520       0       0       0                        01010000D    503
     110       0       0       1       0                               0D    504
     120     521       0       0       0                        01010000D    505
     120       0       0       1       0                               0D    506
     126     522       0       0       0                        01010500D    507
     126       0       0       2       0                               0D    508
     124     524       0       0       0                        00000000D    509
     124       0       0       4       0                               0D    510
     100     528       0       0       0             509        01010000D    511
     100       0       0       1       0                               0D    512
     126     529       0       0       0                        01010500D    513
     126       0       0       2       0                               0D    514
     110     531       0       0       0                        01010000D    515
     110       0       0       1       0                               0D    516
     126     532       0       0       0                        01010500D    517
     126       0       0       2       0                               0D    518
     100     534       0       0       0                        01010000D    519
     100       0       0       1       0                               0D    520
     126     535       0       0       0                        01010500D    521
     126       0       0       2       0                               0D    522
     110     537       0       0       0                        01010000D    523
     110       0       0       1       0                               0D    524
     102     538       0       0       0                        01010500D    525
     102       0       0       1       0                               0D    526
     102     539       0       0       0                        01010000D    527
     102       0       0       1       0                               0D    528
     142     540       0       0       0                        00010500D    529
     142       0       0       1       0                               0D    530
     144     541       0       0       0                        00000000D    531
     144       0      -1       1       0                               0D    532
     128     542       0       0       0                        01010000D    533
     128       0       0       2       0                               0D    534
     126     544       0       0       0                        01010500D    535
     126       0       0       2       0                               0D    536
     110     546       0       0       0                        01010000D    537
     110       0       0       1       0                               0D    538
     126     547       0       0       0                        01010500D    539
     126       0       0       2       0                               0D    540
     110     549       0       0       0                        01010000D    541
     110       0       0       1       0                               0D    542
     126     550       0       0       0                        01010500D    543
     126       0       0       2       0                               0D    544
     110     552       0       0       0                        01010000D    545
     110       0       0       1       0                               0D    546
     126     553       0       0       0                        01010500D    547
     126       0       0       2       0                               0D    548
     110     555       0       0       0                        01010000D    549
     110       0       0       1       0                               0D    550
     102     556       0       0       0                        01010500D    551
     102       0       0       1       0                               0D    552
     102     557       0       0       0                        01010000D    553
     102       0       0       1       0                               0D    554
     142     558       0       0       0                        00010500D    555
     142       0       0       1       0                               0D    556
     144     559       0       0       0                        00000000D    557
     144       0      -1       1       0                               0D    558
     128     560       0       0       0                        01010000D    559
     128       0       0       2       0                               0D    560
     126     562       0       0       0                        01010500D    561
     126       0       0       2       0                               0D    562
     110     564       0       0       0                        01010000D    563
     110       0       0       1       0                               0D    564
     126     565       0       0       0                        01010500D    565
     126       0       0       2       0                               0D    566
     110     567       0       0       0                        01010000D    567
     110       0       0       1       0                               0D    568
     126     568       0       0       0                        01010500D    569
     126       0       0       2       0                               0D    570
     110     570       0       0       0                        01010000D    571
     110       0       0       1       0                               0D    572
     126     571       0       0       0                        01010500D    573
     126       0       0       2       0                               0D    574
     110     573       0       0       0                        01010000D    575
     110       0       0       1       0                               0D    576
     102     574       0       0       0                        01010500D    577
     102       0       0       1       0                               0D    578
     102     575       0       0       0                        01010000D    579
     102       0       0       1       0                               0D    580
     142     576       0       0       0                        00010500D    581
     142       0       0       1       0                               0D    582
     144     577       0       0       0                        00000000D    583
     144       0      -1       1       0                               0D    584
     128     578       0       0       0                        01010000D    585
     128       0       0       2       0                               0D    586
     126     580       0       0       0                        01010500D    587
     126       0       0       2       0                               0D    588
     110     582       0       0       0                        01010000D    589
     110       0       0       1       0                               0D    590
     126     583       0       0       0                        01010500D    591
     126       0       0       2       0                               0D    592
     110     585       0       0       0                        01010000D    593
     110       0       0       1       0                               0D    594
     126     586       0       0       0                        01010500D    595
     126       0       0       2       0                               0D    596
     110     588       0       0       0                        01010000D    597
     110       0       0       1       0                               0D    598
     126     589       0       0       0                        01010500D    599
     126       0       0       2       0                               0D    600
     110     591       0       0       0                        01010000D    601
     110       0       0       1       0                               0D    602
     126     592       0       0       0                        01010500D    603
     126       0       0       2       0                               0D    604
     110     594       0       0       0                        01010000D    605
     110       0       0       1       0                               0D    606
     126     595       0       0       0                        01010500D    607
     126       0       0       2       0                               0D    608
     110     597       0       0       0                        01010000D    609
     110       0       0       1       0                               0D    610
     126     598       0       0       0                        01010500D    611
     126       0       0       2       0                               0D    612
     110     600       0       0       0                        01010000D    613
     110       0       0       1       0                               0D    614
     126     601       0       0       0                        01010500D    615
     126       0       0       2       0                               0D    616
     110     603       0       0       0                        01010000D    617
     110       0       0       1       0                               0D    618
     102     604       0       0       0                        01010500D    619
     102       0       0       1       0                               0D    620
     102     605       0       0       0                        01010000D    621
     102       0       0       1       0                               0D    622
     142     606       0       0       0                        00010500D    623
     142       0       0       1       0                               0D    624
     126     607       0       0       0                        01010500D    625
     126       0       0      22       0                               0D    626
     124     629       0       0       0                        00000000D    627
     124       0       0       3       0                               0D    628
     100     632       0       0       0             627        01010000D    629
     100       0       0       1       0                               0D    630
     126     633       0       0       0                        01010500D    631
     126       0       0      22       0                               0D    632
     124     655       0       0       0                        00000000D    633
     124       0       0       2       0                               0D    634
     100     657       0       0       0             633        01010000D    635
     100       0       0       1       0                               0D    636
     102     658       0       0       0                        01010500D    637
     102       0       0       1       0                               0D    638
     102     659       0       0       0                        01010000D    639
     102       0       0       1       0                               0D    640
     142     660       0       0       0                        00010500D    641
     142       0       0       1       0                               0D    642
     126     661       0       0       0                        01010500D    643
     126       0       0      22       0                               0D    644
     124     683       0       0       0                        00000000D    645
     124       0       0       3       0                               0D    646
     100     686       0       0       0             645        01010000D    647
     100       0       0       1       0                               0D    648
     126     687       0       0       0                        01010500D    649
     126       0       0      22       0                               0D    650
     124     709       0       0       0                        00000000D    651
     124       0       0       2       0                               0D    652
     100     711       0       0       0             651        01010000D    653
     100       0       0       1       0                               0D    654
     102     712       0       0       0                        01010500D    655
     102       0       0       1       0                               0D    656
     102     713       0       0       0                        01010000D    657
     102       0       0       1       0                               0D    658
     142     714       0       0       0                        00010500D    659
     142       0       0       1       0                               0D    660
     126     715       0       0       0                        01010500D    661
     126       0       0      22       0                               0D    662
     124     737       0       0       0                        00000000D    663
     124       0       0       3       0                               0D    664
     100     740       0       0       0             663        01010000D    665
     100       0       0       1       0                               0D    666
     126     741       0       0       0                        01010500D    667
     126       0       0      22       0                               0D    668
     124     763       0       0       0                        00000000D    669
     124       0       0       2       0                               0D    670
     100     765       0       0       0             669        01010000D    671
     100       0       0       1       0                               0D    672
     102     766       0       0       0                        01010500D    673
     102       0       0       1       0                               0D    674
     102     767       0       0       0                        01010000D    675
     102       0       0       1       0                               0D    676
     142     768       0       0       0                        00010500D    677
     142       0       0       1       0                               0D    678
     126     769       0       0       0                        01010500D    679
     126       0       0      22       0                               0D    680
     124     791       0       0       0                        00000000D    681
     124       0       0       3       0                               0D    682
     100     794       0       0       0             681        01010000D    683
     100       0       0       1       0                               0D    684
     126     795       0       0       0                        01010500D    685
     126       0       0      22       0                               0D    686
     124     817       0       0       0                        00000000D    687
     124       0       0       2       0                               0D    688
     100     819       0       0       0             687        01010000D    689
     100       0       0       1       0                               0D    690
     102     820       0       0       0                        01010500D    691
     102       0       0       1       0                               0D    692
     102     821       0       0       0                        01010000D    693
     102       0       0       1       0                               0D    694
     142     822       0       0       0                        00010500D    695
     142       0       0       1       0                               0D    696
     144     823       0       0       0                        00000000D    697
     144       0      -1       1       0                               0D    698
     128     824       0       0       0                        01010000D    699
     128       0       0       2       0                               0D    700
     126     826       0       0       0                        01010500D    701
     126       0       0       2       0                               0D    702
     110     828       0       0       0                        01010000D    703
     110       0       0       1       0                               0D    704
     126     829       0       0       0                        01010500D    705
     126       0       0       2       0                               0D    706
     110     831       0       0       0                        01010000D    707
     110       0       0       1       0                               0D    708
     126     832       0       0       0                        01010500D    709
     126       0       0       2       0                               0D    710
     110     834       0       0       0                        01010000D    711
     110       0       0       1       0                               0D    712
     126     835       0       0       0                        01010500D    713
     126       0       0       2       0                               0D    714
     110     837       0       0       0                        01010000D    715
     110       0       0       1       0                               0D    716
     102     838       0       0       0                        01010500D    717
     102       0       0       1       0                               0D    718
     102     839       0       0       0                        01010000D    719
     102       0       0       1       0                               0D    720
     142     840       0       0       0                        00010500D    721
     142       0       0       1       0                               0D    722
     144     841       0       0       0                        00000000D    723
     144       0      -1       1       0                               0D    724
     110     842       0       0       0                        01010000D    725
     110       0       0       1       0                               0D    726
     110     843       0       0       0                        01010000D    727
     110       0       0       1       0                               0D    728
     120     844       0       0       0                        01010000D    729
     120       0       0       1       0                               0D    730
     126     845       0       0       0                        01010500D    731
     126       0       0       2       0                               0D    732
     110     847       0       0       0                        01010000D    733
     110       0       0       1       0                               0D    734
     126     848       0       0       0                        01010500D    735
     126       0       0       2       0                               0D    736
     124     850       0       0       0                        00000000D    737
     124       0       0       2       0                               0D    738
     100     852       0       0       0             737        01010000D    739
     100       0       0       1       0                               0D    740
     126     853       0       0       0                        01010500D    741
     126       0       0       2       0                               0D    742
     110     855       0       0       0                        01010000D    743
     110       0       0       1       0                               0D    744
     126     856       0       0       0                        01010500D    745
     126       0       0       2       0                               0D    746
     100     858       0       0       0                        01010000D    747
     100       0       0       1       0                               0D    748
     102     859       0       0       0                        01010500D    749
     102       0       0       1       0                               0D    750
     102     860       0       0       0                        01010000D    751
     102       0       0       1       0                               0D    752
     142     861       0       0       0                        00010500D    753
     142       0       0       1       0                               0D    754
     144     862       0       0       0                        00000000D    755
     144       0      -1       1       0                               0D    756
     110     863       0       0       0                        01010000D    757
     110       0       0       1       0                               0D    758
     110     864       0       0       0                        01010000D    759
     110       0       0       1       0                               0D    760
     120     865       0       0       0                        01010000D    761
     120       0       0       1       0                               0D    762
     126     866       0       0       0                        01010500D    763
     126       0       0       2       0                               0D    764
     124     868       0       0       0                        00000000D    765
     124       0       0       4       0                               0D    766
     100     872       0       0       0             765        01010000D    767
     100       0       0       1       0                               0D    768
     126     873       0       0       0                        01010500D    769
     126       0       0       2       0                               0D    770
     110     875       0       0       0                        01010000D    771
     110       0       0       1       0                               0D    772
     126     876       0       0       0                        01010500D    773
     126       0       0       2       0                               0D    774
     100     878       0       0       0                        01010000D    775
     100       0       0       1       0                               0D    776
     126     879       0       0       0                        01010500D    777
     126       0       0       2       0                               0D    778
     110     881       0       0       0                        01010000D    779
     110       0       0       1       0                               0D    780
     102     882       0       0       0                        01010500D    781
     102       0       0       1       0                               0D    782
     102     883       0       0       0                        01010000D    783
     102       0       0       1       0                               0D    784
     142     884       0       0       0                        00010500D    785
     142       0       0       1       0                               0D    786
     144     885       0       0       0                        00000000D    787
     144       0      -1       1       0                               0D    788
     110     886       0       0       0                        01010000D    789
     110       0       0       1       0                               0D    790
     110     887       0       0       0                        01010000D    791
     110       0       0       1       0                               0D    792
     120     888       0       0       0                        01010000D    793
     120       0       0       1       0                               0D    794
     126     889       0       0       0                        01010500D    795
     126       0       0       2       0                               0D    796
     124     891       0       0       0                        00000000D    797
     124       0       0       2       0                               0D    798
     100     893       0       0       0             797        01010000D    799
     100       0       0       1       0                               0D    800
     126     894       0       0       0                        01010500D    801
     126       0       0       2       0                               0D    802
     110     896       0       0       0                        01010000D    803
     110       0       0       1       0                               0D    804
     126     897       0       0       0                        01010500D    805
     126       0       0       2       0                               0D    806
     124     899       0       0       0                        00000000D    807
     124       0       0       2       0                               0D    808
     100     901       0       0       0             807        01010000D    809
     100       0       0       1       0                               0D    810
     126     902       0       0       0                        01010500D    811
     126       0       0       2       0                               0D    812
     110     904       0       0       0                        01010000D    813
     110       0       0       1       0                               0D    814
     102     905       0       0       0                        01010500D    815
     102       0       0       1       0                               0D    816
     102     906       0       0       0                        01010000D    817
     102       0       0       1       0                               0D    818
     142     907       0       0       0                        00010500D    819
     142       0       0       1       0                               0D    820
     144     908       0       0       0                        00000000D    821
     144       0      -1       1       0                               0D    822
     110     909       0       0       0                        01010000D    823
     110       0       0       1       0                               0D    824
     110     910       0       0       0                        01010000D    825
     110       0       0       1       0                               0D    826
     120     911       0       0       0                        01010000D    827
     120       0       0       1       0                               0D    828
     126     912       0       0       0                        01010500D    829
     126       0       0       2       0                               0D    830
     124     914       0       0       0                        00000000D    831
     124       0       0       2       0                               0D    832
     100     916       0       0       0             831        01010000D    833
     100       0       0       1       0                               0D    834
     126     917       0       0       0                        01010500D    835
     126       0       0       2       0                               0D    836
     110     919       0       0       0                        01010000D    837
     110       0       0       1       0                               0D    838
     126     920       0       0       0                        01010500D    839
     126       0       0       2       0                               0D    840
     124     922       0       0       0                        00000000D    841
     124       0       0       2       0                               0D    842
     100     924       0       0       0             841        01010000D    843
     100       0       0       1       0                               0D    844
     126     925       0       0       0                        01010500D    845
     126       0       0       2       0                               0D    846
     110     927       0       0       0                        01010000D    847
     110       0       0       1       0                               0D    848
     102     928       0       0       0                        01010500D    849
     102       0       0       1       0                               0D    850
     102     929       0       0       0                        01010000D    851
     102       0       0       1       0                               0D    852
     142     930       0       0       0                        00010500D    853
     142       0       0       1       0                               0D    854
     144     931       0       0       0                        00000000D    855
     144       0      -1       1       0                               0D    856
     110     932       0       0       0                        01010000D    857
     110       0       0       1       0                               0D    858
     110     933       0       0       0                        01010000D    859
     110       0       0       1       0                               0D    860
     120     934       0       0       0                        01010000D    861
     120       0       0       1       0                               0D    862
     126     935       0       0       0                        01010500D    863
     126       0       0       2       0                               0D    864
     124     937       0       0       0                        00000000D    865
     124       0       0       2       0                               0D    866
     100     939       0       0       0             865        01010000D    867
     100       0       0       1       0                               0D    868
     126     940       0       0       0                        01010500D    869
     126       0       0       2       0                               0D    870
     110     942       0       0       0                        01010000D    871
     110       0       0       1       0                               0D    872
     126     943       0       0       0                        01010500D    873
     126       0       0       2       0                               0D    874
     124     945       0       0       0                        00000000D    875
     124       0       0       2       0                               0D    876
     100     947       0       0       0             875        01010000D    877
     100       0       0       1       0                               0D    878
     126     948       0       0       0                        01010500D    879
     126       0       0       2       0                               0D    880
     110     950       0       0       0                        01010000D    881
     110       0       0       1       0                               0D    882
     102     951       0       0       0                        01010500D    883
     102       0       0       1       0                               0D    884
     102     952       0       0       0                        01010000D    885
     102       0       0       1       0                               0D    886
     142     953       0       0       0                        00010500D    887
     142       0       0       1       0                               0D    888
     144     954       0       0       0                        00000000D    889
     144       0      -1       1       0                               0D    890
     110     955       0       0       0                        01010000D    891
     110       0       0       1       0                               0D    892
     110     956       0       0       0                        01010000D    893
     110       0       0       1       0                               0D    894
     120     957       0       0       0                        01010000D    895
     120       0       0       1       0                               0D    896
     126     958       0       0       0                        01010500D    897
     126       0       0       2       0                               0D    898
     124     960       0       0       0                        00000000D    899
     124       0       0       2       0                               0D    900
     100     962       0       0       0             899        01010000D    901
     100       0       0       1       0                               0D    902
     126     963       0       0       0                        01010500D    903
     126       0       0       2       0                               0D    904
     110     965       0       0       0                        01010000D    905
     110       0       0       1       0                               0D    906
     126     966       0       0       0                        01010500D    907
     126       0       0       2       0                               0D    908
     124     968       0       0       0                        00000000D    909
     124       0       0       2       0                               0D    910
     100     970       0       0       0             909        01010000D    911
     100       0       0       1       0                               0D    912
     126     971       0       0       0                        01010500D    913
     126       0       0       2       0                               0D    914
     110     973       0       0       0                        01010000D    915
     110       0       0       1       0                               0D    916
     102     974       0       0       0                        01010500D    917
     102       0       0       1       0                               0D    918
     102     975       0       0       0                        01010000D    919
     102       0       0       1       0                               0D    920
     142     976       0       0       0                        00010500D    921
     142       0       0       1       0                               0D    922
     144     977       0       0       0                        00000000D    923
     144       0      -1       1       0                               0D    924
     110     978       0       0       0                        01010000D    925
     110       0       0       1       0                               0D    926
     110     979       0       0       0                        01010000D    927
     110       0       0       1       0                               0D    928
     120     980       0       0       0                        01010000D    929
     120       0       0       1       0                               0D    930
     126     981       0       0       0                        01010500D    931
     126       0       0       2       0                               0D    932
     124     983       0       0       0                        00000000D    933
     124       0       0       2       0                               0D    934
     100     985       0       0       0             933        01010000D    935
     100       0       0       1       0                               0D    936
     126     986       0       0       0                        01010500D    937
     126       0       0       2       0                               0D    938
     110     988       0       0       0                        01010000D    939
     110       0       0       1       0                               0D    940
     126     989       0       0       0                        01010500D    941
     126       0       0       2       0                               0D    942
     124     991       0       0       0                        00000000D    943
     124       0       0       2       0                               0D    944
     100     993       0       0       0             943        01010000D    945
     100       0       0       1       0                               0D    946
     126     994       0       0       0                        01010500D    947
     126       0       0       2       0                               0D    948
     110     996       0       0       0                        01010000D    949
     110       0       0       1       0                               0D    950
     102     997       0       0       0                        01010500D    951
     102       0       0       1       0                               0D    952
     102     998       0       0       0                        01010000D    953
     102       0       0       1       0                               0D    954
     142     999       0       0       0                        00010500D    955
     142       0       0       1       0                               0D    956
     144    1000       0       0       0                        00000000D    957
     144       0      -1       1       0                               0D    958
     110    1001       0       0       0                        01010000D    959
     110       0       0       1       0                               0D    960
     110    1002       0       0       0                        01010000D    961
     110       0       0       1       0                               0D    962
     120    1003       0       0       0                        01010000D    963
     120       0       0       1       0                               0D    964
     126    1004       0       0       0                        01010500D    965
     126       0       0       2       0                               0D    966
     124    1006       0       0       0                        00000000D    967
     124       0       0       2       0                               0D    968
     100    1008       0       0       0             967        01010000D    969
     100       0       0       1       0                               0D    970
     126    1009       0       0       0                        01010500D    971
     126       0       0       2       0                               0D    972
     110    1011       0       0       0                        01010000D    973
     110       0       0       1       0                               0D    974
     126    1012       0       0       0                        01010500D    975
     126       0       0       2       0                               0D    976
     124    1014       0       0       0                        00000000D    977
     124       0       0       2       0                               0D    978
     100    1016       0       0       0             977        01010000D    979
     100       0       0       1       0                               0D    980
     126    1017       0       0       0                        01010500D    981
     126       0       0       2       0                               0D    982
     110    1019       0       0       0                        01010000D    983
     110       0       0       1       0                               0D    984
     102    1020       0       0       0                        01010500D    985
     102       0       0       1       0                               0D    986
     102    1021       0       0       0                        01010000D    987
     102       0       0       1       0                               0D    988
     142    1022       0       0       0                        00010500D    989
     142       0       0       1       0                               0D    990
     144    1023       0       0       0                        00000000D    991
     144       0      -1       1       0                               0D    992
     110    1024       0       0       0                        01010000D    993
     110       0       0       1       0                               0D    994
     110    1025       0       0       0                        01010000D    995
     110       0       0       1       0                               0D    996
     120    1026       0       0       0                        01010000D    997
     120       0       0       1       0                               0D    998
     126    1027       0       0       0                        01010500D    999
     126       0       0       2       0                               0D   1000
     124    1029       0       0       0                        00000000D   1001
     124       0       0       2       0                               0D   1002
     100    1031       0       0       0            1001        01010000D   1003
     100       0       0       1       0                               0D   1004
     126    1032       0       0       0                        01010500D   1005
     126       0       0       2       0                               0D   1006
     110    1034       0       0       0                        01010000D   1007
     110       0       0       1       0                               0D   1008
     126    1035       0       0       0                        01010500D   1009
     126       0       0       2       0                               0D   1010
     124    1037       0       0       0                        00000000D   1011
     124       0       0       2       0                               0D   1012
     100    1039       0       0       0            1011        01010000D   1013
     100       0       0       1       0                               0D   1014
     126    1040       0       0       0                        01010500D   1015
     126       0       0       2       0                               0D   1016
     110    1042       0       0       0                        01010000D   1017
     110       0       0       1       0                               0D   1018
     102    1043       0       0       0                        01010500D   1019
     102       0       0       1       0                               0D   1020
     102    1044       0       0       0                        01010000D   1021
     102       0       0       1       0                               0D   1022
     142    1045       0       0       0                        00010500D   1023
     142       0       0       1       0                               0D   1024
     144    1046       0       0       0                        00000000D   1025
     144       0      -1       1       0                               0D   1026
     110    1047       0       0       0                        01010000D   1027
     110       0       0       1       0                               0D   1028
     110    1048       0       0       0                        01010000D   1029
     110       0       0       1       0                               0D   1030
     120    1049       0       0       0                        01010000D   1031
     120       0       0       1       0                               0D   1032
     126    1050       0       0       0                        01010500D   1033
     126       0       0       2       0                               0D   1034
     124    1052       0       0       0                        00000000D   1035
     124       0       0       2       0                               0D   1036
     100    1054       0       0       0            1035        01010000D   1037
     100       0       0       1       0                               0D   1038
     126    1055       0       0       0                        01010500D   1039
     126       0       0       2       0                               0D   1040
     110    1057       0       0       0                        01010000D   1041
     110       0       0       1       0                               0D   1042
     126    1058       0       0       0                        01010500D   1043
     126       0       0       2       0                               0D   1044
     124    1060       0       0       0                        00000000D   1045
     124       0       0       2       0                               0D   1046
     100    1062       0       0       0            1045        01010000D   1047
     100       0       0       1       0                               0D   1048
     126    1063       0       0       0                        01010500D   1049
     126       0       0       2       0                               0D   1050
     110    1065       0       0       0                        01010000D   1051
     110       0       0       1       0                               0D   1052
     102    1066       0       0       0                        01010500D   1053
     102       0       0       1       0                               0D   1054
     102    1067       0       0       0                        01010000D   1055
     102       0       0       1       0                               0D   1056
     142    1068       0       0       0                        00010500D   1057
     142       0       0       1       0                               0D   1058
     144    1069       0       0       0                        00000000D   1059
     144       0      -1       1       0                               0D   1060
     128    1070       0       0       0                        01010000D   1061
     128       0       0       2       0                               0D   1062
     126    1072       0       0       0                        01010500D   1063
     126       0       0       2       0                               0D   1064
     110    1074       0       0       0                        01010000D   1065
     110       0       0       1       0                               0D   1066
     126    1075       0       0       0                        01010500D   1067
     126       0       0      44       0                               0D   1068
     100    1119       0       0       0                        01010000D   1069
     100       0       0       1       0                               0D   1070
     126    1120       0       0       0                        01010500D   1071
     126       0       0       2       0                               0D   1072
     110    1122       0       0       0                        01010000D   1073
     110       0       0       1       0                               0D   1074
     102    1123       0       0       0                        01010500D   1075
     102       0       0       1       0                               0D   1076
     102    1124       0       0       0                        01010000D   1077
     102       0       0       1       0                               0D   1078
     142    1125       0       0       0                        00010500D   1079
     142       0       0       1       0                               0D   1080
     126    1126       0       0       0                        01010500D   1081
     126       0       0      22       0                               0D   1082
     124    1148       0       0       0                        00000000D   1083
     124       0       0       4       0                               0D   1084
     100    1152       0       0       0            1083        01010000D   1085
     100       0       0       1       0                               0D   1086
     126    1153       0       0       0                        01010500D   1087
     126       0       0      22       0                               0D   1088
     124    1175       0       0       0                        00000000D   1089
     124       0       0       4       0                               0D   1090
     100    1179       0       0       0            1089        01010000D   1091
     100       0       0       1       0                               0D   1092
     102    1180       0       0       0                        01010500D   1093
     102       0       0       1       0                               0D   1094
     102    1181       0       0       0                        01010000D   1095
     102       0       0       1       0                               0D   1096
     142    1182       0       0       0                        00010500D   1097
     142       0       0       1       0                               0D   1098
     144    1183       0       0       0                        00000000D   1099
     144       0      -1       1       0                               0D   1100
     128    1184       0       0       0                        01010000D   1101
     128       0       0       3       0                               0D   1102
     126    1187       0       0       0                        01010500D   1103
     126       0       0       2       0                               0D   1104
     110    1189       0       0       0                        01010000D   1105
     110       0       0       1       0                               0D   1106
     126    1190       0       0       0                        01010500D   1107
     126       0       0      44       0                               0D   1108
     100    1234       0       0       0                        01010000D   1109
     100       0       0       1       0                               0D   1110
     126    1235       0       0       0                        01010500D   1111
     126       0       0       2       0                               0D   1112
     110    1237       0       0       0                        01010000D   1113
     110       0       0       1       0                               0D   1114
     102    1238       0       0       0                        01010500D   1115
     102       0       0       1       0                               0D   1116
     102    1239       0       0       0                        01010000D   1117
     102       0       0       1       0                               0D   1118
     142    1240       0       0       0                        00010500D   1119
     142       0       0       1       0                               0D   1120
     126    1241       0       0       0                        01010500D   1121
     126       0       0      22       0                               0D   1122
     124    1263       0       0       0                        00000000D   1123
     124       0       0       4       0                               0D   1124
     100    1267       0       0       0            1123        01010000D   1125
     100       0       0       1       0                               0D   1126
     126    1268       0       0       0                        01010500D   1127
     126       0       0      22       0                               0D   1128
     124    1290       0       0       0                        00000000D   1129
     124       0       0       4       0                               0D   1130
     100    1294       0       0       0            1129        01010000D   1131
     100       0       0       1       0                               0D   1132
     102    1295       0       0       0                        01010500D   1133
     102       0       0       1       0                               0D   1134
     102    1296       0       0       0                        01010000D   1135
     102       0       0       1       0                               0D   1136
     142    1297       0       0       0                        00010500D   1137
     142       0       0       1       0                               0D   1138
     144    1298       0       0       0                        00000000D   1139
     144       0      -1       1       0                               0D   1140
     128    1299       0       0       0                        01010000D   1141
     128       0       0       2       0                               0D   1142
     126    1301       0       0       0                        01010500D   1143
     126       0       0       2       0                               0D   1144
     110    1303       0       0       0                        01010000D   1145
     110       0       0       1       0                               0D   1146
     126    1304       0       0       0                        01010500D   1147
     126       0       0       2       0                               0D   1148
     110    1306       0       0       0                        01010000D   1149
     110       0       0       1       0                               0D   1150
     126    1307       0       0       0                        01010500D   1151
     126       0       0       2       0                               0D   1152
     110    1309       0       0       0                        01010000D   1153
     110       0       0       1       0                               0D   1154
     126    1310       0       0       0                        01010500D   1155
     126       0       0       2       0                               0D   1156
     110    1312       0       0       0                        01010000D   1157
     110       0       0       1       0                               0D   1158
     102    1313       0       0       0                        01010500D   1159
     102       0       0       1       0                               0D   1160
     102    1314       0       0       0                        01010000D   1161
     102       0       0       1       0                               0D   1162
     142    1315       0       0       0                        00010500D   1163
     142       0       0       1       0                               0D   1164
     144    1316       0       0       0                        00000000D   1165
     144       0      -1       1       0                               0D   1166
     128    1317       0       0       0                        01010000D   1167
     128       0       0       2       0                               0D   1168
     126    1319       0       0       0                        01010500D   1169
     126       0       0       2       0                               0D   1170
     110    1321       0       0       0                        01010000D   1171
     110       0       0       1       0                               0D   1172
     126    1322       0       0       0                        01010500D   1173
     126       0       0       2       0                               0D   1174
     110    1324       0       0       0                        01010000D   1175
     110       0       0       1       0                               0D   1176
     126    1325       0       0       0                        01010500D   1177
     126       0       0       2       0                               0D   1178
     110    1327       0       0       0                        01010000D   1179
     110       0       0       1       0                               0D   1180
     126    1328       0       0       0                        01010500D   1181
     126       0       0       2       0                               0D   1182
     110    1330       0       0       0                        01010000D   1183
     110       0       0       1       0                               0D   1184
     102    1331       0       0       0                        01010500D   1185
     102       0       0       1       0                               0D   1186
     102    1332       0       0       0                        01010000D   1187
     102       0       0       1       0                               0D   1188
     142    1333       0       0       0                        00010500D   1189
     142       0       0       1       0                               0D   1190
     144    1334       0       0       0                        00000000D   1191
     144       0      -1       1       0                               0D   1192
     128    1335       0       0       0                        01010000D   1193
     128       0       0       3       0                               0D   1194
     126    1338       0       0       0                        01010500D   1195
     126       0       0       2       0                               0D   1196
     110    1340       0       0       0                        01010000D   1197
     110       0       0       1       0                               0D   1198
     126    1341       0       0       0                        01010500D   1199
     126       0       0       2       0                               0D   1200
     110    1343       0       0       0                        01010000D   1201
     110       0       0       1       0                               0D   1202
     126    1344       0       0       0                        01010500D   1203
     126       0       0      44       0                               0D   1204
     124    1388       0       0       0                        00000000D   1205
     124       0       0       2       0                               0D   1206
     100    1390       0       0       0            1205        01010000D   1207
     100       0       0       1       0                               0D   1208
     102    1391       0       0       0                        01010500D   1209
     102       0       0       1       0                               0D   1210
     102    1392       0       0       0                        01010000D   1211
     102       0       0       1       0                               0D   1212
     142    1393       0       0       0                        00010500D   1213
     142       0       0       1       0                               0D   1214
     126    1394       0       0       0                        01010500D   1215
     126       0       0      22       0                               0D   1216
     100    1416       0       0       0                        01010000D   1217
     100       0       0       1       0                               0D   1218
     126    1417       0       0       0                        01010500D   1219
     126       0       0      22       0                               0D   1220
     100    1439       0       0       0                        01010000D   1221
     100       0       0       1       0                               0D   1222
     102    1440       0       0       0                        01010500D   1223
     102       0       0       1       0                               0D   1224
     102    1441       0       0       0                        01010000D   1225
     102       0       0       1       0                               0D   1226
     142    1442       0       0       0                        00010500D   1227
     142       0       0       1       0                               0D   1228
     144    1443       0       0       0                        00000000D   1229
     144       0      -1       1       0                               0D   1230
     128    1444       0       0       0                        01010000D   1231
     128       0       0       3       0                               0D   1232
     126    1447       0       0       0                        01010500D   1233
     126       0       0      44       0                               0D   1234
     124    1491       0       0       0                        00000000D   1235
     124       0       0       2       0                               0D   1236
     100    1493       0       0       0            1235        01010000D   1237
     100       0       0       1       0                               0D   1238
     126    1494       0       0       0                        01010500D   1239
     126       0       0       2       0                               0D   1240
     110    1496       0       0       0                        01010000D   1241
     110       0       0       1       0                               0D   1242
     126    1497       0       0       0                        01010500D   1243
     126       0       0       2       0                               0D   1244
     110    1499       0       0       0                        01010000D   1245
     110       0       0       1       0                               0D   1246
     102    1500       0       0       0                        01010500D   1247
     102       0       0       1       0                               0D   1248
     102    1501       0       0       0                        01010000D   1249
     102       0       0       1       0                               0D   1250
     142    1502       0       0       0                        00010500D   1251
     142       0       0       1       0                               0D   1252
     126    1503       0       0       0                        01010500D   1253
     126       0       0      22       0                               0D   1254
     100    1525       0       0       0                        01010000D   1255
     100       0       0       1       0                               0D   1256
     126    1526       0       0       0                        01010500D   1257
     126       0       0      22       0                               0D   1258
     100    1548       0       0       0                        01010000D   1259
     100       0       0       1       0                               0D   1260
     102    1549       0       0       0                        01010500D   1261
     102       0       0       1       0                               0D   1262
     102    1550       0       0       0                        01010000D   1263
     102       0       0       1       0                               0D   1264
     142    1551       0       0       0                        00010500D   1265
     142       0       0       1       0                               0D   1266
     144    1552       0       0       0                        00000000D   1267
     144       0      -1       1       0                               0D   1268
     128    1553       0       0       0                        01010000D   1269
     128       0       0       2       0                               0D   1270
     126    1555       0       0       0                        01010500D   1271
     126       0       0       2       0                               0D   1272
     110    1557       0       0       0                        01010000D   1273
     110       0       0       1       0                               0D   1274
     126    1558       0       0       0                        01010500D   1275
     126       0       0       2       0                               0D   1276
     110    1560       0       0       0                        01010000D   1277
     110       0       0       1       0                               0D   1278
     126    1561       0       0       0                        01010500D   1279
     126       0       0       2       0                               0D   1280
     110    1563       0       0       0                        01010000D   1281
     110       0       0       1       0                               0D   1282
     126    1564       0       0       0                        01010500D   1283
     126       0       0       2       0                               0D   1284
     110    1566       0       0       0                        01010000D   1285
     110       0       0       1       0                               0D   1286
     102    1567       0       0       0                        01010500D   1287
     102       0       0       1       0                               0D   1288
     102    1568       0       0       0                        01010000D   1289
     102       0       0       1       0                               0D   1290
     142    1569       0       0       0                        00010500D   1291
     142       0       0       1       0                               0D   1292
     144    1570       0       0       0                        00000000D   1293
     144       0      -1       1       0                               0D   1294
314,75.2941176470588,75.2941176470588,75.2941176470588,;               1P      1
110,-995.,15.,-25.,5.,15.,-25.;                                        3P      2
110,0.85,15.,-29.5,5.,15.,-33.65;                                      5P      3
120,3,5,0.,6.28318530717959;                                           7P      4
126,1,1,1,0,1,0,0.,0.,1.,1.,1.,1.,0.,6.283185307,0.,1.,                9P      5
6.283185307,0.,0.,1.,0.,0.,1.;                                         9P      6
110,0.85,15.,-29.5,5.,15.,-33.65;                                     11P      7
126,1,1,1,0,1,0,0.,0.,1.,1.,1.,1.,1.,6.283185307,0.,1.,               13P      8
3.141592654,0.,0.,1.,0.,0.,1.;                                        13P      9
124,-6.12323399573677E-17,4.27583144589696E-31,-1.,-20.,              15P     10
-6.98296267768627E-15,-1.,0.,30.,-1.,6.98296267768627E-15,            15P     11
6.12323399573677E-17,-20.0000000000001;                               15P     12
100,-25.,5.,15.,13.65,15.,-3.65,15.;                                  17P     13
126,1,1,1,0,1,0,0.,0.,1.,1.,1.,1.,1.,3.141592654,0.,0.,               19P     14
3.141592654,0.,0.,1.,0.,0.,1.;                                        19P     15
110,5.,15.,-16.35,0.85,15.,-20.5;                                     21P     16
126,1,1,1,0,1,0,0.,0.,1.,1.,1.,1.,0.,3.141592654,0.,0.,               23P     17
6.283185307,0.,0.,1.,0.,0.,1.;                                        23P     18
124,-6.12323399573677E-17,4.27583144589696E-31,1.,25.85,              25P     19
-6.98296267768627E-15,-1.,0.,30.,1.,-6.98296267768627E-15,            25P     20
6.12323399573677E-17,-25.8499999999999;                               25P     21
100,-25.,0.85,15.,5.35,15.,-3.65,15.;                                 27P     22
102,4,9,13,19,23;                                                     29P     23
102,4,11,17,21,27;                                                    31P     24
142,1,7,29,31,1;                                                      33P     25
144,7,1,0,33;                                                         35P     26
110,5.,15.,-25.,1005.,15.,-25.;                                       37P     27
110,0.,15.,-29.5,0.85,15.,-29.5;                                      39P     28
120,37,39,0.,6.28318530717959;                                        41P     29
126,1,1,1,0,1,0,0.,0.,1.,1.,1.,1.,0.,6.283185307,0.,1.,               43P     30
6.283185307,0.,0.,1.,0.,0.,1.;                                        43P     31
110,0.,15.,-29.5,0.85,15.,-29.5;                                      45P     32
126,1,1,1,0,1,0,0.,0.,1.,1.,1.,1.,1.,6.283185307,0.,1.,               47P     33
3.141592654,0.,0.,1.,0.,0.,1.;                                        47P     34
124,-6.12323399573677E-17,4.27583144589696E-31,-1.,-24.15,            49P     35
-6.98296267768627E-15,-1.,0.,30.,-1.,6.98296267768627E-15,            49P     36
6.12323399573677E-17,-24.1500000000001;                               49P     37
100,-25.,0.85,15.,5.35,15.,-3.65,15.;                                 51P     38
126,1,1,1,0,1,0,0.,0.,1.,1.,1.,1.,1.,3.141592654,0.,0.,               53P     39
3.141592654,0.,0.,1.,0.,0.,1.;                                        53P     40
110,0.85,15.,-20.5,0.,15.,-20.5;                                      55P     41
126,1,1,1,0,1,0,0.,0.,1.,1.,1.,1.,0.,3.141592654,0.,0.,               57P     42
6.283185307,0.,0.,1.,0.,0.,1.;                                        57P     43
124,-6.12323399573677E-17,4.27583144589696E-31,1.,25.,                59P     44
-6.98296267768627E-15,-1.,0.,30.,1.,-6.98296267768627E-15,            59P     45
6.12323399573677E-17,-24.9999999999999;                               59P     46
100,-25.,0.,15.,4.5,15.,-4.5,15.;                                     61P     47
102,4,43,47,53,57;                                                    63P     48
102,4,45,51,55,61;                                                    65P     49
142,1,41,63,65,1;                                                     67P     50
144,41,1,0,67;                                                        69P     51
110,-995.,30.,-60.,5.,30.,-60.;                                       71P     52
110,0.85,30.,-64.5,5.,30.,-68.65;                                     73P     53
120,71,73,0.,6.28318530717959;                                        75P     54
126,1,1,1,0,1,0,0.,0.,1.,1.,1.,1.,0.,6.283185307,0.,1.,               77P     55
6.283185307,0.,0.,1.,0.,0.,1.;                                        77P     56
110,0.85,30.,-64.5,5.,30.,-68.65;                                     79P     57
126,1,1,1,0,1,0,0.,0.,1.,1.,1.,1.,1.,6.283185307,0.,1.,               81P     58
3.141592654,0.,0.,1.,0.,0.,1.;                                        81P     59
124,-6.12323399573677E-17,4.27583144589696E-31,-1.,-55.,              83P     60
-6.98296267768627E-15,-1.,0.,60.,-1.,6.98296267768627E-15,            83P     61
6.12323399573677E-17,-55.0000000000002;                               83P     62
100,-60.,5.,30.,13.65,30.,-3.65,30.;                                  85P     63
126,1,1,1,0,1,0,0.,0.,1.,1.,1.,1.,1.,3.141592654,0.,0.,               87P     64
3.141592654,0.,0.,1.,0.,0.,1.;                                        87P     65
110,5.,30.,-51.35,0.85,30.,-55.5;                                     89P     66
126,1,1,1,0,1,0,0.,0.,1.,1.,1.,1.,0.,3.141592654,0.,0.,               91P     67
6.283185307,0.,0.,1.,0.,0.,1.;                                        91P     68
124,-6.12323399573677E-17,4.27583144589696E-31,1.,60.85,              93P     69
-6.98296267768627E-15,-1.,0.,60.,1.,-6.98296267768627E-15,            93P     70
6.12323399573677E-17,-60.8499999999998;                               93P     71
100,-60.,0.85,30.,5.35,30.,-3.65,30.;                                 95P     72
102,4,77,81,87,91;                                                    97P     73
102,4,79,85,89,95;                                                    99P     74
142,1,75,97,99,1;                                                    101P     75
144,75,1,0,101;                                                      103P     76
110,5.,30.,-60.,1005.,30.,-60.;                                      105P     77
110,0.,30.,-64.5,0.85,30.,-64.5;                                     107P     78
120,105,107,0.,6.28318530717959;                                     109P     79
126,1,1,1,0,1,0,0.,0.,1.,1.,1.,1.,0.,6.283185307,0.,1.,              111P     80
6.283185307,0.,0.,1.,0.,0.,1.;                                       111P     81
110,0.,30.,-64.5,0.85,30.,-64.5;                                     113P     82
126,1,1,1,0,1,0,0.,0.,1.,1.,1.,1.,1.,6.283185307,0.,1.,              115P     83
3.141592654,0.,0.,1.,0.,0.,1.;                                       115P     84
124,-6.12323399573677E-17,4.27583144589696E-31,-1.,-59.15,           117P     85
-6.98296267768627E-15,-1.,0.,60.,-1.,6.98296267768627E-15,           117P     86
6.12323399573677E-17,-59.1500000000002;                              117P     87
100,-60.,0.85,30.,5.35,30.,-3.65,30.;                                119P     88
126,1,1,1,0,1,0,0.,0.,1.,1.,1.,1.,1.,3.141592654,0.,0.,              121P     89
3.141592654,0.,0.,1.,0.,0.,1.;                                       121P     90
110,0.85,30.,-55.5,0.,30.,-55.5;                                     123P     91
126,1,1,1,0,1,0,0.,0.,1.,1.,1.,1.,0.,3.141592654,0.,0.,              125P     92
6.283185307,0.,0.,1.,0.,0.,1.;                                       125P     93
124,-6.12323399573677E-17,4.27583144589696E-31,1.,60.,               127P     94
-6.98296267768627E-15,-1.,0.,60.,1.,-6.98296267768627E-15,           127P     95
6.12323399573677E-17,-59.9999999999998;                              127P     96
100,-60.,0.,30.,4.5,30.,-4.5,30.;                                    129P     97
102,4,111,115,121,125;                                               131P     98
102,4,113,119,123,129;                                               133P     99
142,1,109,131,133,1;                                                 135P    100
144,109,1,0,135;                                                     137P    101
110,-995.,15.,25.,5.,15.,25.;                                        139P    102
110,0.85,15.,20.5,5.,15.,16.35;                                      141P    103
120,139,141,0.,6.28318530717959;                                     143P    104
126,1,1,1,0,1,0,0.,0.,1.,1.,1.,1.,0.,6.283185307,0.,1.,              145P    105
6.283185307,0.,0.,1.,0.,0.,1.;                                       145P    106
110,0.85,15.,20.5,5.,15.,16.35;                                      147P    107
126,1,1,1,0,1,0,0.,0.,1.,1.,1.,1.,1.,6.283185307,0.,1.,              149P    108
3.141592654,0.,0.,1.,0.,0.,1.;                                       149P    109
124,-6.12323399573677E-17,4.27583144589696E-31,-1.,30.,              151P    110
-6.98296267768627E-15,-1.,0.,30.,-1.,6.98296267768627E-15,           151P    111
6.12323399573677E-17,29.9999999999999;                               151P    112
100,25.,5.,15.,13.65,15.,-3.65,15.;                                  153P    113
126,1,1,1,0,1,0,0.,0.,1.,1.,1.,1.,1.,3.141592654,0.,0.,              155P    114
3.141592654,0.,0.,1.,0.,0.,1.;                                       155P    115
110,5.,15.,33.65,0.85,15.,29.5;                                      157P    116
126,1,1,1,0,1,0,0.,0.,1.,1.,1.,1.,0.,3.141592654,0.,0.,              159P    117
6.283185307,0.,0.,1.,0.,0.,1.;                                       159P    118
124,-6.12323399573677E-17,4.27583144589696E-31,1.,-24.15,            161P    119
-6.98296267768627E-15,-1.,0.,30.,1.,-6.98296267768627E-15,           161P    120
6.12323399573677E-17,24.1500000000001;                               161P    121
100,25.,0.85,15.,5.35,15.,-3.65,15.;                                 163P    122
102,4,145,149,155,159;                                               165P    123
102,4,147,153,157,163;                                               167P    124
142,1,143,165,167,1;                                                 169P    125
144,143,1,0,169;                                                     171P    126
110,5.,15.,25.,1005.,15.,25.;                                        173P    127
110,0.,15.,20.5,0.85,15.,20.5;                                       175P    128
120,173,175,0.,6.28318530717959;                                     177P    129
126,1,1,1,0,1,0,0.,0.,1.,1.,1.,1.,0.,6.283185307,0.,1.,              179P    130
6.283185307,0.,0.,1.,0.,0.,1.;                                       179P    131
110,0.,15.,20.5,0.85,15.,20.5;                                       181P    132
126,1,1,1,0,1,0,0.,0.,1.,1.,1.,1.,1.,6.283185307,0.,1.,              183P    133
3.141592654,0.,0.,1.,0.,0.,1.;                                       183P    134
124,-6.12323399573677E-17,4.27583144589696E-31,-1.,25.85,            185P    135
-6.98296267768627E-15,-1.,0.,30.,-1.,6.98296267768627E-15,           185P    136
6.12323399573677E-17,25.8499999999999;                               185P    137
100,25.,0.85,15.,5.35,15.,-3.65,15.;                                 187P    138
126,1,1,1,0,1,0,0.,0.,1.,1.,1.,1.,1.,3.141592654,0.,0.,              189P    139
3.141592654,0.,0.,1.,0.,0.,1.;                                       189P    140
110,0.85,15.,29.5,0.,15.,29.5;                                       191P    141
126,1,1,1,0,1,0,0.,0.,1.,1.,1.,1.,0.,3.141592654,0.,0.,              193P    142
6.283185307,0.,0.,1.,0.,0.,1.;                                       193P    143
124,-6.12323399573677E-17,4.27583144589696E-31,1.,-25.,              195P    144
-6.98296267768627E-15,-1.,0.,30.,1.,-6.98296267768627E-15,           195P    145
6.12323399573677E-17,25.0000000000001;                               195P    146
100,25.,0.,15.,4.5,15.,-4.5,15.;                                     197P    147
102,4,179,183,189,193;                                               199P    148
102,4,181,187,191,197;                                               201P    149
142,1,177,199,201,1;                                                 203P    150
144,177,1,0,203;                                                     205P    151
110,-995.,30.,60.,5.,30.,60.;                                        207P    152
110,0.85,30.,55.5,5.,30.,51.35;                                      209P    153
120,207,209,0.,6.28318530717959;                                     211P    154
126,1,1,1,0,1,0,0.,0.,1.,1.,1.,1.,0.,6.283185307,0.,1.,              213P    155
6.283185307,0.,0.,1.,0.,0.,1.;                                       213P    156
110,0.85,30.,55.5,5.,30.,51.35;                                      215P    157
126,1,1,1,0,1,0,0.,0.,1.,1.,1.,1.,1.,6.283185307,0.,1.,              217P    158
3.141592654,0.,0.,1.,0.,0.,1.;                                       217P    159
124,-6.12323399573677E-17,4.27583144589696E-31,-1.,65.,              219P    160
-6.98296267768627E-15,-1.,0.,60.,-1.,6.98296267768627E-15,           219P    161
6.12323399573677E-17,64.9999999999998;                               219P    162
100,60.,5.,30.,13.65,30.,-3.65,30.;                                  221P    163
126,1,1,1,0,1,0,0.,0.,1.,1.,1.,1.,1.,3.141592654,0.,0.,              223P    164
3.141592654,0.,0.,1.,0.,0.,1.;                                       223P    165
110,5.,30.,68.65,0.85,30.,64.5;                                      225P    166
126,1,1,1,0,1,0,0.,0.,1.,1.,1.,1.,0.,3.141592654,0.,0.,              227P    167
6.283185307,0.,0.,1.,0.,0.,1.;                                       227P    168
124,-6.12323399573677E-17,4.27583144589696E-31,1.,-59.15,            229P    169
-6.98296267768627E-15,-1.,0.,60.,1.,-6.98296267768627E-15,           229P    170
6.12323399573677E-17,59.1500000000002;                               229P    171
100,60.,0.85,30.,5.35,30.,-3.65,30.;                                 231P    172
102,4,213,217,223,227;                                               233P    173
102,4,215,221,225,231;                                               235P    174
142,1,211,233,235,1;                                                 237P    175
144,211,1,0,237;                                                     239P    176
110,5.,30.,60.,1005.,30.,60.;                                        241P    177
110,0.,30.,55.5,0.85,30.,55.5;                                       243P    178
120,241,243,0.,6.28318530717959;                                     245P    179
126,1,1,1,0,1,0,0.,0.,1.,1.,1.,1.,0.,6.283185307,0.,1.,              247P    180
6.283185307,0.,0.,1.,0.,0.,1.;                                       247P    181
110,0.,30.,55.5,0.85,30.,55.5;                                       249P    182
126,1,1,1,0,1,0,0.,0.,1.,1.,1.,1.,1.,6.283185307,0.,1.,              251P    183
3.141592654,0.,0.,1.,0.,0.,1.;                                       251P    184
124,-6.12323399573677E-17,4.27583144589696E-31,-1.,60.85,            253P    185
-6.98296267768627E-15,-1.,0.,60.,-1.,6.98296267768627E-15,           253P    186
6.12323399573677E-17,60.8499999999998;                               253P    187
100,60.,0.85,30.,5.35,30.,-3.65,30.;                                 255P    188
126,1,1,1,0,1,0,0.,0.,1.,1.,1.,1.,1.,3.141592654,0.,0.,              257P    189
3.141592654,0.,0.,1.,0.,0.,1.;                                       257P    190
110,0.85,30.,64.5,0.,30.,64.5;                                       259P    191
126,1,1,1,0,1,0,0.,0.,1.,1.,1.,1.,0.,3.141592654,0.,0.,              261P    192
6.283185307,0.,0.,1.,0.,0.,1.;                                       261P    193
124,-6.12323399573677E-17,4.27583144589696E-31,1.,-60.,              263P    194
-6.98296267768627E-15,-1.,0.,60.,1.,-6.98296267768627E-15,           263P    195
6.12323399573677E-17,60.0000000000002;                               263P    196
100,60.,0.,30.,4.5,30.,-4.5,30.;                                     265P    197
102,4,247,251,257,261;                                               267P    198
102,4,249,255,259,265;                                               269P    199
142,1,245,267,269,1;                                                 271P    200
144,245,1,0,271;                                                     273P    201
110,5.,60.,-75.,5.,60.,925.;                                         275P    202
110,8.5,60.,16.,8.5,60.,44.;                                         277P    203
120,275,277,0.,6.28318530717959;                                     279P    204
126,1,1,1,0,1,0,0.,0.,1.,1.,1.,1.,0.,6.283185307,0.,1.,              281P    205
6.283185307,0.,0.,1.,0.,0.,1.;                                       281P    206
110,8.5,60.,16.,8.5,60.,44.;                                         283P    207
126,1,1,1,0,1,0,0.,0.,1.,1.,1.,1.,1.,6.283185307,0.,1.,              285P    208
3.141592654,0.,0.,1.,0.,0.,1.;                                       285P    209
124,1.,-7.105427357601E-15,0.,4.25909307821828E-13,                  287P    210
-7.105427357601E-15,-1.,6.98296267768627E-15,120.,                   287P    211
-4.96169340471387E-29,-6.98296267768627E-15,-1.,                     287P    212
88.0000000000004;                                                    287P    213
100,44.,5.,60.,8.5,60.,1.5,60.;                                      289P    214
126,1,1,1,0,1,0,0.,0.,1.,1.,1.,1.,1.,3.141592654,0.,0.,              291P    215
3.141592654,0.,0.,1.,0.,0.,1.;                                       291P    216
110,1.5,60.,44.,1.5,60.,16.;                                         293P    217
126,1,1,1,0,1,0,0.,0.,1.,1.,1.,1.,0.,3.141592654,0.,0.,              295P    218
6.283185307,0.,0.,1.,0.,0.,1.;                                       295P    219
100,16.,5.,60.,1.5,60.,8.5,60.;                                      297P    220
102,4,281,285,291,295;                                               299P    221
102,4,283,289,293,297;                                               301P    222
142,1,279,299,301,1;                                                 303P    223
144,279,1,0,303;                                                     305P    224
110,5.,60.,-75.,5.,60.,925.;                                         307P    225
110,8.5,60.,-44.,8.5,60.,-16.;                                       309P    226
120,307,309,0.,6.28318530717959;                                     311P    227
126,1,1,1,0,1,0,0.,0.,1.,1.,1.,1.,0.,6.283185307,0.,1.,              313P    228
6.283185307,0.,0.,1.,0.,0.,1.;                                       313P    229
110,8.5,60.,-44.,8.5,60.,-16.;                                       315P    230
126,1,1,1,0,1,0,0.,0.,1.,1.,1.,1.,1.,6.283185307,0.,1.,              317P    231
3.141592654,0.,0.,1.,0.,0.,1.;                                       317P    232
124,1.,-7.105427357601E-15,0.,4.25909307821825E-13,                  319P    233
-7.105427357601E-15,-1.,6.98296267768627E-15,120.,                   319P    234
-4.96169340471387E-29,-6.98296267768627E-15,-1.,                     319P    235
-31.9999999999996;                                                   319P    236
100,-16.,5.,60.,8.5,60.,1.5,60.;                                     321P    237
126,1,1,1,0,1,0,0.,0.,1.,1.,1.,1.,1.,3.141592654,0.,0.,              323P    238
3.141592654,0.,0.,1.,0.,0.,1.;                                       323P    239
110,1.5,60.,-16.,1.5,60.,-44.;                                       325P    240
126,1,1,1,0,1,0,0.,0.,1.,1.,1.,1.,0.,3.141592654,0.,0.,              327P    241
6.283185307,0.,0.,1.,0.,0.,1.;                                       327P    242
100,-44.,5.,60.,1.5,60.,8.5,60.;                                     329P    243
102,4,313,317,323,327;                                               331P    244
102,4,315,321,325,329;                                               333P    245
142,1,311,331,333,1;                                                 335P    246
144,311,1,0,335;                                                     337P    247
128,1,1,1,1,0,0,1,0,0,0.,0.,1.,1.,0.,0.,1.,1.,1.,1.,1.,1.,0.,        339P    248
0.,-75.,0.,0.,75.,0.,60.,-75.,0.,60.,75.,0.,1.,0.,1.;                339P    249
126,1,1,1,0,1,0,0.,0.,1.,1.,1.,1.,0.206666667,1.,0.,                 341P    250
0.206666667,0.916666667,0.,0.,1.,0.,0.,1.;                           341P    251
110,0.,60.,-44.,0.,55.,-44.;                                         343P    252
126,1,1,1,0,1,0,0.,0.,1.,1.,1.,1.,0.206666667,0.916666667,0.,        345P    253
0.,0.916666667,0.,0.,1.,0.,0.,1.;                                    345P    254
110,0.,55.,-44.,0.,55.,-75.;                                         347P    255
126,1,1,1,0,1,0,0.,0.,1.,1.,1.,1.,0.,0.916666667,0.,0.,0.,0.,        349P    256
0.,1.,0.,0.,1.;                                                      349P    257
110,0.,55.,-75.,0.,0.,-75.;                                          351P    258
126,1,1,1,0,1,0,0.,0.,1.,1.,1.,1.,0.,0.,0.,1.,0.,0.,0.,1.,0.,        353P    259
0.,1.;                                                               353P    260
110,0.,0.,-75.,0.,0.,75.;                                            355P    261
126,1,1,1,0,1,0,0.,0.,1.,1.,1.,1.,1.,0.,0.,1.,0.916666667,0.,        357P    262
0.,1.,0.,0.,1.;                                                      357P    263
110,0.,0.,75.,0.,55.,75.;                                            359P    264
126,1,1,1,0,1,0,0.,0.,1.,1.,1.,1.,1.,0.916666667,0.,                 361P    265
0.793333333,0.916666667,0.,0.,1.,0.,0.,1.;                           361P    266
110,0.,55.,75.,0.,55.,44.;                                           363P    267
126,1,1,1,0,1,0,0.,0.,1.,1.,1.,1.,0.793333333,0.916666667,0.,        365P    268
0.793333333,1.,0.,0.,1.,0.,0.,1.;                                    365P    269
110,0.,55.,44.,0.,60.,44.;                                           367P    270
126,1,1,1,0,1,0,0.,0.,1.,1.,1.,1.,0.793333333,1.,0.,                 369P    271
0.606666667,1.,0.,0.,1.,0.,0.,1.;                                    369P    272
110,0.,60.,44.,0.,60.,16.;                                           371P    273
126,1,1,1,0,1,0,0.,0.,1.,1.,1.,1.,0.606666667,1.,0.,                 373P    274
0.606666667,0.916666667,0.,0.,1.,0.,0.,1.;                           373P    275
110,0.,60.,16.,0.,55.,16.;                                           375P    276
126,1,1,1,0,1,0,0.,0.,1.,1.,1.,1.,0.606666667,0.916666667,0.,        377P    277
0.393333333,0.916666667,0.,0.,1.,0.,0.,1.;                           377P    278
110,0.,55.,16.,0.,55.,-16.;                                          379P    279
126,1,1,1,0,1,0,0.,0.,1.,1.,1.,1.,0.393333333,0.916666667,0.,        381P    280
0.393333333,1.,0.,0.,1.,0.,0.,1.;                                    381P    281
110,0.,55.,-16.,0.,60.,-16.;                                         383P    282
126,1,1,1,0,1,0,0.,0.,1.,1.,1.,1.,0.393333333,1.,0.,                 385P    283
0.206666667,1.,0.,0.,1.,0.,0.,1.;                                    385P    284
110,0.,60.,-16.,0.,60.,-44.;                                         387P    285
102,12,341,345,349,353,357,361,365,369,373,377,381,385;              389P    286
102,12,343,347,351,355,359,363,367,371,375,379,383,387;              391P    287
142,1,339,389,391,1;                                                 393P    288
126,32,2,1,0,1,0,0.,0.,0.,0.0625,0.0625,0.125,0.125,0.1875,          395P    289
0.1875,0.25,0.25,0.3125,0.3125,0.375,0.375,0.4375,0.4375,0.5,        395P    290
0.5,0.5625,0.5625,0.625,0.625,0.6875,0.6875,0.75,0.75,0.8125,        395P    291
0.8125,0.875,0.875,0.9375,0.9375,1.,1.,1.,1.,1.,1.,1.,1.,1.,1.,      395P    292
1.,1.,1.,1.,1.,1.,1.,1.,1.,1.,1.,1.,1.,1.,1.,1.,1.,1.,1.,1.,1.,      395P    293
1.,1.,1.,1.,1.,0.303333333,0.25,0.,0.303333333,0.257386855,0.,       395P    294
0.303909775,0.264631774,0.,0.304486217,0.271876693,0.,               395P    295
0.305616947,0.278701257,0.,0.306747678,0.285525822,0.,               395P    296
0.308389245,0.291667767,0.,0.310030812,0.297809713,0.,               395P    297
0.31212013,0.303033009,0.,0.314209448,0.308256304,0.,                395P    298
0.316666226,0.312360221,0.,0.319123005,0.316464138,0.,               395P    299
0.32185283,0.319290965,0.,0.324582656,0.322117792,0.,                395P    300
0.327480624,0.323558896,0.,0.330378591,0.325,0.,0.333333333,         395P    301
0.325,0.,0.336288075,0.325,0.,0.339186043,0.323558896,0.,            395P    302
0.342084011,0.322117792,0.,0.344813836,0.319290965,0.,               395P    303
0.347543662,0.316464138,0.,0.35000044,0.312360221,0.,                395P    304
0.352457219,0.308256304,0.,0.354546537,0.303033009,0.,               395P    305
0.356635855,0.297809713,0.,0.358277422,0.291667767,0.,               395P    306
0.359918988,0.285525822,0.,0.361049719,0.278701257,0.,               395P    307
0.36218045,0.271876693,0.,0.362756892,0.264631774,0.,                395P    308
0.363333333,0.257386855,0.,0.363333333,0.25,0.,0.,1.,0.,0.,1.;       395P    309
124,6.12323399573677E-17,0.,1.,25.,0.,1.,0.,0.,-1.,0.,               397P    310
6.12323399573677E-17,-25.;                                           397P    311
100,-25.,0.,15.,4.5,15.,-4.5,15.;                                    399P    312
126,32,2,1,0,1,0,0.,0.,0.,0.0625,0.0625,0.125,0.125,0.1875,          401P    313
0.1875,0.25,0.25,0.3125,0.3125,0.375,0.375,0.4375,0.4375,0.5,        401P    314
0.5,0.5625,0.5625,0.625,0.625,0.6875,0.6875,0.75,0.75,0.8125,        401P    315
0.8125,0.875,0.875,0.9375,0.9375,1.,1.,1.,1.,1.,1.,1.,1.,1.,1.,      401P    316
1.,1.,1.,1.,1.,1.,1.,1.,1.,1.,1.,1.,1.,1.,1.,1.,1.,1.,1.,1.,1.,      401P    317
1.,1.,1.,1.,1.,0.363333333,0.25,0.,0.363333333,0.242613145,0.,       401P    318
0.362756892,0.235368226,0.,0.36218045,0.228123307,0.,                401P    319
0.361049719,0.221298743,0.,0.359918988,0.214474178,0.,               401P    320
0.358277422,0.208332233,0.,0.356635855,0.202190287,0.,               401P    321
0.354546537,0.196966991,0.,0.352457219,0.191743696,0.,               401P    322
0.35000044,0.187639779,0.,0.347543662,0.183535862,0.,                401P    323
0.344813836,0.180709035,0.,0.342084011,0.177882208,0.,               401P    324
0.339186043,0.176441104,0.,0.336288075,0.175,0.,0.333333333,         401P    325
0.175,0.,0.330378591,0.175,0.,0.327480624,0.176441104,0.,            401P    326
0.324582656,0.177882208,0.,0.32185283,0.180709035,0.,                401P    327
0.319123005,0.183535862,0.,0.316666226,0.187639779,0.,               401P    328
0.314209448,0.191743696,0.,0.31212013,0.196966991,0.,                401P    329
0.310030812,0.202190287,0.,0.308389245,0.208332233,0.,               401P    330
0.306747678,0.214474178,0.,0.305616947,0.221298743,0.,               401P    331
0.304486217,0.228123307,0.,0.303909775,0.235368226,0.,               401P    332
0.303333333,0.242613145,0.,0.303333333,0.25,0.,0.,1.,0.,0.,1.;       401P    333
124,-6.12323399573677E-17,4.27583144589696E-31,1.,25.,               403P    334
-6.98296267768627E-15,-1.,0.,30.,1.,-6.98296267768627E-15,           403P    335
6.12323399573677E-17,-24.9999999999999;                              403P    336
100,-25.,0.,15.,4.5,15.,-4.5,15.;                                    405P    337
102,2,395,401;                                                       407P    338
102,2,399,405;                                                       409P    339
142,1,339,407,409,1;                                                 411P    340
126,32,2,1,0,1,0,0.,0.,0.,0.0625,0.0625,0.125,0.125,0.1875,          413P    341
0.1875,0.25,0.25,0.3125,0.3125,0.375,0.375,0.4375,0.4375,0.5,        413P    342
0.5,0.5625,0.5625,0.625,0.625,0.6875,0.6875,0.75,0.75,0.8125,        413P    343
0.8125,0.875,0.875,0.9375,0.9375,1.,1.,1.,1.,1.,1.,1.,1.,1.,1.,      413P    344
1.,1.,1.,1.,1.,1.,1.,1.,1.,1.,1.,1.,1.,1.,1.,1.,1.,1.,1.,1.,1.,      413P    345
1.,1.,1.,1.,1.,0.07,0.5,0.,0.07,0.507386855,0.,0.070576442,          413P    346
0.514631774,0.,0.071152883,0.521876693,0.,0.072283614,               413P    347
0.528701257,0.,0.073414345,0.535525822,0.,0.075055912,               413P    348
0.541667767,0.,0.076697478,0.547809713,0.,0.078786797,               413P    349
0.553033009,0.,0.080876115,0.558256304,0.,0.083332893,               413P    350
0.562360221,0.,0.085789671,0.566464138,0.,0.088519497,               413P    351
0.569290965,0.,0.091249323,0.572117792,0.,0.09414729,                413P    352
0.573558896,0.,0.097045258,0.575,0.,0.1,0.575,0.,0.102954742,        413P    353
0.575,0.,0.10585271,0.573558896,0.,0.108750677,0.572117792,0.,       413P    354
0.111480503,0.569290965,0.,0.114210329,0.566464138,0.,               413P    355
0.116667107,0.562360221,0.,0.119123885,0.558256304,0.,               413P    356
0.121213203,0.553033009,0.,0.123302522,0.547809713,0.,               413P    357
0.124944088,0.541667767,0.,0.126585655,0.535525822,0.,               413P    358
0.127716386,0.528701257,0.,0.128847117,0.521876693,0.,               413P    359
0.129423558,0.514631774,0.,0.13,0.507386855,0.,0.13,0.5,0.,0.,       413P    360
1.,0.,0.,1.;                                                         413P    361
124,6.12323399573677E-17,0.,1.,60.,0.,1.,0.,0.,-1.,0.,               415P    362
6.12323399573677E-17,-60.;                                           415P    363
100,-60.,0.,30.,4.5,30.,-4.5,30.;                                    417P    364
126,32,2,1,0,1,0,0.,0.,0.,0.0625,0.0625,0.125,0.125,0.1875,          419P    365
0.1875,0.25,0.25,0.3125,0.3125,0.375,0.375,0.4375,0.4375,0.5,        419P    366
0.5,0.5625,0.5625,0.625,0.625,0.6875,0.6875,0.75,0.75,0.8125,        419P    367
0.8125,0.875,0.875,0.9375,0.9375,1.,1.,1.,1.,1.,1.,1.,1.,1.,1.,      419P    368
1.,1.,1.,1.,1.,1.,1.,1.,1.,1.,1.,1.,1.,1.,1.,1.,1.,1.,1.,1.,1.,      419P    369
1.,1.,1.,1.,1.,0.13,0.5,0.,0.13,0.492613145,0.,0.129423558,          419P    370
0.485368226,0.,0.128847117,0.478123307,0.,0.127716386,               419P    371
0.471298743,0.,0.126585655,0.464474178,0.,0.124944088,               419P    372
0.458332233,0.,0.123302522,0.452190287,0.,0.121213203,               419P    373
0.446966991,0.,0.119123885,0.441743696,0.,0.116667107,               419P    374
0.437639779,0.,0.114210329,0.433535862,0.,0.111480503,               419P    375
0.430709035,0.,0.108750677,0.427882208,0.,0.10585271,                419P    376
0.426441104,0.,0.102954742,0.425,0.,0.1,0.425,0.,0.097045258,        419P    377
0.425,0.,0.09414729,0.426441104,0.,0.091249323,0.427882208,0.,       419P    378
0.088519497,0.430709035,0.,0.085789671,0.433535862,0.,               419P    379
0.083332893,0.437639779,0.,0.080876115,0.441743696,0.,               419P    380
0.078786797,0.446966991,0.,0.076697478,0.452190287,0.,               419P    381
0.075055912,0.458332233,0.,0.073414345,0.464474178,0.,               419P    382
0.072283614,0.471298743,0.,0.071152883,0.478123307,0.,               419P    383
0.070576442,0.485368226,0.,0.07,0.492613145,0.,0.07,0.5,0.,0.,       419P    384
1.,0.,0.,1.;                                                         419P    385
124,-6.12323399573677E-17,4.27583144589696E-31,1.,60.,               421P    386
-6.98296267768627E-15,-1.,0.,60.,1.,-6.98296267768627E-15,           421P    387
6.12323399573677E-17,-59.9999999999998;                              421P    388
100,-60.,0.,30.,4.5,30.,-4.5,30.;                                    423P    389
102,2,413,419;                                                       425P    390
102,2,417,423;                                                       427P    391
142,1,339,425,427,1;                                                 429P    392
126,32,2,1,0,1,0,0.,0.,0.,0.0625,0.0625,0.125,0.125,0.1875,          431P    393
0.1875,0.25,0.25,0.3125,0.3125,0.375,0.375,0.4375,0.4375,0.5,        431P    394
0.5,0.5625,0.5625,0.625,0.625,0.6875,0.6875,0.75,0.75,0.8125,        431P    395
0.8125,0.875,0.875,0.9375,0.9375,1.,1.,1.,1.,1.,1.,1.,1.,1.,1.,      431P    396
1.,1.,1.,1.,1.,1.,1.,1.,1.,1.,1.,1.,1.,1.,1.,1.,1.,1.,1.,1.,1.,      431P    397
1.,1.,1.,1.,1.,0.636666667,0.25,0.,0.636666667,0.257386855,0.,       431P    398
0.637243108,0.264631774,0.,0.63781955,0.271876693,0.,                431P    399
0.638950281,0.278701257,0.,0.640081012,0.285525822,0.,               431P    400
0.641722578,0.291667767,0.,0.643364145,0.297809713,0.,               431P    401
0.645453463,0.303033009,0.,0.647542781,0.308256304,0.,               431P    402
0.64999956,0.312360221,0.,0.652456338,0.316464138,0.,                431P    403
0.655186164,0.319290965,0.,0.657915989,0.322117792,0.,               431P    404
0.660813957,0.323558896,0.,0.663711925,0.325,0.,0.666666667,         431P    405
0.325,0.,0.669621409,0.325,0.,0.672519376,0.323558896,0.,            431P    406
0.675417344,0.322117792,0.,0.67814717,0.319290965,0.,                431P    407
0.680876995,0.316464138,0.,0.683333774,0.312360221,0.,               431P    408
0.685790552,0.308256304,0.,0.68787987,0.303033009,0.,                431P    409
0.689969188,0.297809713,0.,0.691610755,0.291667767,0.,               431P    410
0.693252322,0.285525822,0.,0.694383053,0.278701257,0.,               431P    411
0.695513783,0.271876693,0.,0.696090225,0.264631774,0.,               431P    412
0.696666667,0.257386855,0.,0.696666667,0.25,0.,0.,1.,0.,0.,1.;       431P    413
124,6.12323399573677E-17,0.,1.,-25.,0.,1.,0.,0.,-1.,0.,              433P    414
6.12323399573677E-17,25.;                                            433P    415
100,25.,0.,15.,4.5,15.,-4.5,15.;                                     435P    416
126,32,2,1,0,1,0,0.,0.,0.,0.0625,0.0625,0.125,0.125,0.1875,          437P    417
0.1875,0.25,0.25,0.3125,0.3125,0.375,0.375,0.4375,0.4375,0.5,        437P    418
0.5,0.5625,0.5625,0.625,0.625,0.6875,0.6875,0.75,0.75,0.8125,        437P    419
0.8125,0.875,0.875,0.9375,0.9375,1.,1.,1.,1.,1.,1.,1.,1.,1.,1.,      437P    420
1.,1.,1.,1.,1.,1.,1.,1.,1.,1.,1.,1.,1.,1.,1.,1.,1.,1.,1.,1.,1.,      437P    421
1.,1.,1.,1.,1.,0.696666667,0.25,0.,0.696666667,0.242613145,0.,       437P    422
0.696090225,0.235368226,0.,0.695513783,0.228123307,0.,               437P    423
0.694383053,0.221298743,0.,0.693252322,0.214474178,0.,               437P    424
0.691610755,0.208332233,0.,0.689969188,0.202190287,0.,               437P    425
0.68787987,0.196966991,0.,0.685790552,0.191743696,0.,                437P    426
0.683333774,0.187639779,0.,0.680876995,0.183535862,0.,               437P    427
0.67814717,0.180709035,0.,0.675417344,0.177882208,0.,                437P    428
0.672519376,0.176441104,0.,0.669621409,0.175,0.,0.666666667,         437P    429
0.175,0.,0.663711925,0.175,0.,0.660813957,0.176441104,0.,            437P    430
0.657915989,0.177882208,0.,0.655186164,0.180709035,0.,               437P    431
0.652456338,0.183535862,0.,0.64999956,0.187639779,0.,                437P    432
0.647542781,0.191743696,0.,0.645453463,0.196966991,0.,               437P    433
0.643364145,0.202190287,0.,0.641722578,0.208332233,0.,               437P    434
0.640081012,0.214474178,0.,0.638950281,0.221298743,0.,               437P    435
0.63781955,0.228123307,0.,0.637243108,0.235368226,0.,                437P    436
0.636666667,0.242613145,0.,0.636666667,0.25,0.,0.,1.,0.,0.,1.;       437P    437
124,-6.12323399573677E-17,4.27583144589696E-31,1.,-25.,              439P    438
-6.98296267768627E-15,-1.,0.,30.,1.,-6.98296267768627E-15,           439P    439
6.12323399573677E-17,25.0000000000001;                               439P    440
100,25.,0.,15.,4.5,15.,-4.5,15.;                                     441P    441
102,2,431,437;                                                       443P    442
102,2,435,441;                                                       445P    443
142,1,339,443,445,1;                                                 447P    444
126,32,2,1,0,1,0,0.,0.,0.,0.0625,0.0625,0.125,0.125,0.1875,          449P    445
0.1875,0.25,0.25,0.3125,0.3125,0.375,0.375,0.4375,0.4375,0.5,        449P    446
0.5,0.5625,0.5625,0.625,0.625,0.6875,0.6875,0.75,0.75,0.8125,        449P    447
0.8125,0.875,0.875,0.9375,0.9375,1.,1.,1.,1.,1.,1.,1.,1.,1.,1.,      449P    448
1.,1.,1.,1.,1.,1.,1.,1.,1.,1.,1.,1.,1.,1.,1.,1.,1.,1.,1.,1.,1.,      449P    449
1.,1.,1.,1.,1.,0.87,0.5,0.,0.87,0.507386855,0.,0.870576442,          449P    450
0.514631774,0.,0.871152883,0.521876693,0.,0.872283614,               449P    451
0.528701257,0.,0.873414345,0.535525822,0.,0.875055912,               449P    452
0.541667767,0.,0.876697478,0.547809713,0.,0.878786797,               449P    453
0.553033009,0.,0.880876115,0.558256304,0.,0.883332893,               449P    454
0.562360221,0.,0.885789671,0.566464138,0.,0.888519497,               449P    455
0.569290965,0.,0.891249323,0.572117792,0.,0.89414729,                449P    456
0.573558896,0.,0.897045258,0.575,0.,0.9,0.575,0.,0.902954742,        449P    457
0.575,0.,0.90585271,0.573558896,0.,0.908750677,0.572117792,0.,       449P    458
0.911480503,0.569290965,0.,0.914210329,0.566464138,0.,               449P    459
0.916667107,0.562360221,0.,0.919123885,0.558256304,0.,               449P    460
0.921213203,0.553033009,0.,0.923302522,0.547809713,0.,               449P    461
0.924944088,0.541667767,0.,0.926585655,0.535525822,0.,               449P    462
0.927716386,0.528701257,0.,0.928847117,0.521876693,0.,               449P    463
0.929423558,0.514631774,0.,0.93,0.507386855,0.,0.93,0.5,0.,0.,       449P    464
1.,0.,0.,1.;                                                         449P    465
124,6.12323399573677E-17,0.,1.,-60.,0.,1.,0.,0.,-1.,0.,              451P    466
6.12323399573677E-17,60.;                                            451P    467
100,60.,0.,30.,4.5,30.,-4.5,30.;                                     453P    468
126,32,2,1,0,1,0,0.,0.,0.,0.0625,0.0625,0.125,0.125,0.1875,          455P    469
0.1875,0.25,0.25,0.3125,0.3125,0.375,0.375,0.4375,0.4375,0.5,        455P    470
0.5,0.5625,0.5625,0.625,0.625,0.6875,0.6875,0.75,0.75,0.8125,        455P    471
0.8125,0.875,0.875,0.9375,0.9375,1.,1.,1.,1.,1.,1.,1.,1.,1.,1.,      455P    472
1.,1.,1.,1.,1.,1.,1.,1.,1.,1.,1.,1.,1.,1.,1.,1.,1.,1.,1.,1.,1.,      455P    473
1.,1.,1.,1.,1.,0.93,0.5,0.,0.93,0.492613145,0.,0.929423558,          455P    474
0.485368226,0.,0.928847117,0.478123307,0.,0.927716386,               455P    475
0.471298743,0.,0.926585655,0.464474178,0.,0.924944088,               455P    476
0.458332233,0.,0.923302522,0.452190287,0.,0.921213203,               455P    477
0.446966991,0.,0.919123885,0.441743696,0.,0.916667107,               455P    478
0.437639779,0.,0.914210329,0.433535862,0.,0.911480503,               455P    479
0.430709035,0.,0.908750677,0.427882208,0.,0.90585271,                455P    480
0.426441104,0.,0.902954742,0.425,0.,0.9,0.425,0.,0.897045258,        455P    481
0.425,0.,0.89414729,0.426441104,0.,0.891249323,0.427882208,0.,       455P    482
0.888519497,0.430709035,0.,0.885789671,0.433535862,0.,               455P    483
0.883332893,0.437639779,0.,0.880876115,0.441743696,0.,               455P    484
0.878786797,0.446966991,0.,0.876697478,0.452190287,0.,               455P    485
0.875055912,0.458332233,0.,0.873414345,0.464474178,0.,               455P    486
0.872283614,0.471298743,0.,0.871152883,0.478123307,0.,               455P    487
0.870576442,0.485368226,0.,0.87,0.492613145,0.,0.87,0.5,0.,0.,       455P    488
1.,0.,0.,1.;                                                         455P    489
124,-6.12323399573677E-17,4.27583144589696E-31,1.,-60.,              457P    490
-6.98296267768627E-15,-1.,0.,60.,1.,-6.98296267768627E-15,           457P    491
6.12323399573677E-17,60.0000000000002;                               457P    492
100,60.,0.,30.,4.5,30.,-4.5,30.;                                     459P    493
102,2,449,455;                                                       461P    494
102,2,453,459;                                                       463P    495
142,1,339,461,463,1;                                                 465P    496
144,339,1,4,393,411,429,447,465;                                     467P    497
110,5.,60.,75.,5.,60.,-925.;                                         469P    498
110,0.,60.,-16.,0.,60.,-44.;                                         471P    499
120,469,471,0.,6.28318530717959;                                     473P    500
126,1,1,1,0,1,0,0.,0.,1.,1.,1.,1.,0.,4.71238898,0.,1.,               475P    501
4.71238898,0.,0.,1.,0.,0.,1.;                                        475P    502
110,5.,55.,-16.,5.,55.,-44.;                                         477P    503
126,1,1,1,0,1,0,0.,0.,1.,1.,1.,1.,1.,4.71238898,0.,1.,0.,0.,0.,      479P    504
1.,0.,0.,1.;                                                         479P    505
100,-44.,5.,60.,5.,55.,0.,60.;                                       481P    506
126,1,1,1,0,1,0,0.,0.,1.,1.,1.,1.,1.,0.,0.,0.,0.,0.,0.,1.,0.,        483P    507
0.,1.;                                                               483P    508
110,0.,60.,-44.,0.,60.,-16.;                                         485P    509
126,1,1,1,0,1,0,0.,0.,1.,1.,1.,1.,0.,0.,0.,0.,4.71238898,0.,0.,      487P    510
1.,0.,0.,1.;                                                         487P    511
124,-1.,0.,-6.98296267768627E-15,9.99999999999989,0.,1.,0.,0.,       489P    512
6.98296267768627E-15,0.,-1.,-32.;                                    489P    513
100,-16.,5.,60.,10.,60.,5.,55.;                                      491P    514
102,4,475,479,483,487;                                               493P    515
102,4,477,481,485,491;                                               495P    516
142,1,473,493,495,1;                                                 497P    517
144,473,1,0,497;                                                     499P    518
110,5.,60.,-75.,5.,60.,925.;                                         501P    519
110,8.5,60.,-44.,8.5,60.,-16.;                                       503P    520
120,501,503,0.,6.28318530717959;                                     505P    521
126,1,1,1,0,1,0,0.,0.,1.,1.,1.,1.,1.,3.141592654,0.,1.,0.,0.,        507P    522
0.,1.,0.,0.,1.;                                                      507P    523
124,-1.,-6.98296267768627E-15,0.,10.0000000000004,                   509P    524
-6.98296267768627E-15,1.,-6.98296267768627E-15,                      509P    525
-7.72973459661125E-14,4.87617677579594E-29,                          509P    526
-6.98296267768627E-15,-1.,-31.9999999999996;                         509P    527
100,-16.,5.,60.,8.5,60.,1.5,60.;                                     511P    528
126,1,1,1,0,1,0,0.,0.,1.,1.,1.,1.,1.,0.,0.,0.,0.,0.,0.,1.,0.,        513P    529
0.,1.;                                                               513P    530
110,8.5,60.,-16.,8.5,60.,-44.;                                       515P    531
126,1,1,1,0,1,0,0.,0.,1.,1.,1.,1.,0.,0.,0.,0.,3.141592654,0.,        517P    532
0.,1.,0.,0.,1.;                                                      517P    533
100,-44.,5.,60.,8.5,60.,1.5,60.;                                     519P    534
126,1,1,1,0,1,0,0.,0.,1.,1.,1.,1.,0.,3.141592654,0.,1.,              521P    535
3.141592654,0.,0.,1.,0.,0.,1.;                                       521P    536
110,1.5,60.,-44.,1.5,60.,-16.;                                       523P    537
102,4,507,513,517,521;                                               525P    538
102,4,511,515,519,523;                                               527P    539
142,1,505,525,527,1;                                                 529P    540
144,505,1,0,529;                                                     531P    541
128,1,1,1,1,0,0,1,0,0,0.,0.,1.,1.,0.,0.,1.,1.,1.,1.,1.,1.,5.,        533P    542
0.,-75.,0.,0.,-75.,5.,55.,-75.,0.,55.,-75.,0.,1.,0.,1.;              533P    543
126,1,1,1,0,1,0,0.,0.,1.,1.,1.,1.,1.,0.,0.,1.,1.,0.,0.,1.,0.,        535P    544
0.,1.;                                                               535P    545
110,0.,0.,-75.,0.,55.,-75.;                                          537P    546
126,1,1,1,0,1,0,0.,0.,1.,1.,1.,1.,1.,1.,0.,0.,1.,0.,0.,1.,0.,        539P    547
0.,1.;                                                               539P    548
110,0.,55.,-75.,5.,55.,-75.;                                         541P    549
126,1,1,1,0,1,0,0.,0.,1.,1.,1.,1.,0.,1.,0.,0.,0.,0.,0.,1.,0.,        543P    550
0.,1.;                                                               543P    551
110,5.,55.,-75.,5.,0.,-75.;                                          545P    552
126,1,1,1,0,1,0,0.,0.,1.,1.,1.,1.,0.,0.,0.,1.,0.,0.,0.,1.,0.,        547P    553
0.,1.;                                                               547P    554
110,5.,0.,-75.,0.,0.,-75.;                                           549P    555
102,4,535,539,543,547;                                               551P    556
102,4,537,541,545,549;                                               553P    557
142,1,533,551,553,1;                                                 555P    558
144,533,1,0,555;                                                     557P    559
128,1,1,1,1,0,0,1,0,0,0.,0.,1.,1.,0.,0.,1.,1.,1.,1.,1.,1.,5.,        559P    560
0.,75.,0.,0.,75.,5.,55.,75.,0.,55.,75.,0.,1.,0.,1.;                  559P    561
126,1,1,1,0,1,0,0.,0.,1.,1.,1.,1.,0.,1.,0.,0.,0.,0.,0.,1.,0.,        561P    562
0.,1.;                                                               561P    563
110,5.,55.,75.,5.,0.,75.;                                            563P    564
126,1,1,1,0,1,0,0.,0.,1.,1.,1.,1.,0.,0.,0.,1.,0.,0.,0.,1.,0.,        565P    565
0.,1.;                                                               565P    566
110,5.,0.,75.,0.,0.,75.;                                             567P    567
126,1,1,1,0,1,0,0.,0.,1.,1.,1.,1.,1.,0.,0.,1.,1.,0.,0.,1.,0.,        569P    568
0.,1.;                                                               569P    569
110,0.,0.,75.,0.,55.,75.;                                            571P    570
126,1,1,1,0,1,0,0.,0.,1.,1.,1.,1.,1.,1.,0.,0.,1.,0.,0.,1.,0.,        573P    571
0.,1.;                                                               573P    572
110,0.,55.,75.,5.,55.,75.;                                           575P    573
102,4,561,565,569,573;                                               577P    574
102,4,563,567,571,575;                                               579P    575
142,1,559,577,579,1;                                                 581P    576
144,559,1,0,581;                                                     583P    577
128,1,1,1,1,0,0,1,0,0,0.,0.,1.,1.,0.,0.,1.,1.,1.,1.,1.,1.,5.,        585P    578
0.,-75.,5.,0.,75.,5.,55.,-75.,5.,55.,75.,0.,1.,0.,1.;                585P    579
126,1,1,1,0,1,0,0.,0.,1.,1.,1.,1.,0.793333333,1.,0.,                 587P    580
0.606666667,1.,0.,0.,1.,0.,0.,1.;                                    587P    581
110,5.,55.,44.,5.,55.,16.;                                           589P    582
126,1,1,1,0,1,0,0.,0.,1.,1.,1.,1.,0.606666667,1.,0.,                 591P    583
0.393333333,1.,0.,0.,1.,0.,0.,1.;                                    591P    584
110,5.,55.,16.,5.,55.,-16.;                                          593P    585
126,1,1,1,0,1,0,0.,0.,1.,1.,1.,1.,0.393333333,1.,0.,                 595P    586
0.206666667,1.,0.,0.,1.,0.,0.,1.;                                    595P    587
110,5.,55.,-16.,5.,55.,-44.;                                         597P    588
126,1,1,1,0,1,0,0.,0.,1.,1.,1.,1.,0.206666667,1.,0.,0.,1.,0.,        599P    589
0.,1.,0.,0.,1.;                                                      599P    590
110,5.,55.,-44.,5.,55.,-75.;                                         601P    591
126,1,1,1,0,1,0,0.,0.,1.,1.,1.,1.,0.,1.,0.,0.,0.,0.,0.,1.,0.,        603P    592
0.,1.;                                                               603P    593
110,5.,55.,-75.,5.,0.,-75.;                                          605P    594
126,1,1,1,0,1,0,0.,0.,1.,1.,1.,1.,0.,0.,0.,1.,0.,0.,0.,1.,0.,        607P    595
0.,1.;                                                               607P    596
110,5.,0.,-75.,5.,0.,75.;                                            609P    597
126,1,1,1,0,1,0,0.,0.,1.,1.,1.,1.,1.,0.,0.,1.,1.,0.,0.,1.,0.,        611P    598
0.,1.;                                                               611P    599
110,5.,0.,75.,5.,55.,75.;                                            613P    600
126,1,1,1,0,1,0,0.,0.,1.,1.,1.,1.,1.,1.,0.,0.793333333,1.,0.,        615P    601
0.,1.,0.,0.,1.;                                                      615P    602
110,5.,55.,75.,5.,55.,44.;                                           617P    603
102,8,587,591,595,599,603,607,611,615;                               619P    604
102,8,589,593,597,601,605,609,613,617;                               621P    605
142,1,585,619,621,1;                                                 623P    606
126,32,2,1,0,1,0,0.,0.,0.,0.0625,0.0625,0.125,0.125,0.1875,          625P    607
0.1875,0.25,0.25,0.3125,0.3125,0.375,0.375,0.4375,0.4375,0.5,        625P    608
0.5,0.5625,0.5625,0.625,0.625,0.6875,0.6875,0.75,0.75,0.8125,        625P    609
0.8125,0.875,0.875,0.9375,0.9375,1.,1.,1.,1.,1.,1.,1.,1.,1.,1.,      625P    610
1.,1.,1.,1.,1.,1.,1.,1.,1.,1.,1.,1.,1.,1.,1.,1.,1.,1.,1.,1.,1.,      625P    611
1.,1.,1.,1.,1.,0.391,0.272727273,0.,0.391,0.257237261,0.,            625P    612
0.389891951,0.242044886,0.,0.388783902,0.22685251,0.,                625P    613
0.386610386,0.212541606,0.,0.38443687,0.198230701,0.,                625P    614
0.381281414,0.185351227,0.,0.378125958,0.172471753,0.,               625P    615
0.374109824,0.161518661,0.,0.370093691,0.150565569,0.,               625P    616
0.365371217,0.141959779,0.,0.360648743,0.13335399,0.,                625P    617
0.355401411,0.127426219,0.,0.35015408,0.121498448,0.,                625P    618
0.344583542,0.118476497,0.,0.339013004,0.115454545,0.,               625P    619
0.333333333,0.115454545,0.,0.327653662,0.115454545,0.,               625P    620
0.322083125,0.118476497,0.,0.316512587,0.121498448,0.,               625P    621
0.311265255,0.127426219,0.,0.306017924,0.13335399,0.,                625P    622
0.30129545,0.141959779,0.,0.296572976,0.150565569,0.,                625P    623
0.292556842,0.161518661,0.,0.288540708,0.172471753,0.,               625P    624
0.285385252,0.185351227,0.,0.282229796,0.198230701,0.,               625P    625
0.28005628,0.212541606,0.,0.277882764,0.22685251,0.,                 625P    626
0.276774715,0.242044886,0.,0.275666667,0.257237261,0.,               625P    627
0.275666667,0.272727273,0.,0.,1.,0.,0.,1.;                           625P    628
124,-6.12323399573677E-17,-7.49879891330929E-33,1.,30.,              627P    629
1.22464679914735E-16,-1.,0.,30.,1.,1.22464679914735E-16,             627P    630
6.12323399573677E-17,-30.;                                           627P    631
100,-25.,5.,15.,13.65,15.,-3.65,15.;                                 629P    632
126,32,2,1,0,1,0,0.,0.,0.,0.0625,0.0625,0.125,0.125,0.1875,          631P    633
0.1875,0.25,0.25,0.3125,0.3125,0.375,0.375,0.4375,0.4375,0.5,        631P    634
0.5,0.5625,0.5625,0.625,0.625,0.6875,0.6875,0.75,0.75,0.8125,        631P    635
0.8125,0.875,0.875,0.9375,0.9375,1.,1.,1.,1.,1.,1.,1.,1.,1.,1.,      631P    636
1.,1.,1.,1.,1.,1.,1.,1.,1.,1.,1.,1.,1.,1.,1.,1.,1.,1.,1.,1.,1.,      631P    637
1.,1.,1.,1.,1.,0.275666667,0.272727273,0.,0.275666667,               631P    638
0.288217284,0.,0.276774715,0.30340966,0.,0.277882764,                631P    639
0.318602035,0.,0.28005628,0.33291294,0.,0.282229796,                 631P    640
0.347223845,0.,0.285385252,0.360103318,0.,0.288540708,               631P    641
0.372982792,0.,0.292556842,0.383935885,0.,0.296572976,               631P    642
0.394888977,0.,0.30129545,0.403494766,0.,0.306017924,                631P    643
0.412100556,0.,0.311265255,0.418028326,0.,0.316512587,               631P    644
0.423956097,0.,0.322083125,0.426978049,0.,0.327653662,0.43,0.,       631P    645
0.333333333,0.43,0.,0.339013004,0.43,0.,0.344583542,                 631P    646
0.426978049,0.,0.35015408,0.423956097,0.,0.355401411,                631P    647
0.418028326,0.,0.360648743,0.412100556,0.,0.365371217,               631P    648
0.403494766,0.,0.370093691,0.394888977,0.,0.374109824,               631P    649
0.383935885,0.,0.378125958,0.372982792,0.,0.381281414,               631P    650
0.360103318,0.,0.38443687,0.347223845,0.,0.386610386,                631P    651
0.33291294,0.,0.388783902,0.318602035,0.,0.389891951,                631P    652
0.30340966,0.,0.391,0.288217284,0.,0.391,0.272727273,0.,0.,1.,       631P    653
0.,0.,1.;                                                            631P    654
124,6.12323399573677E-17,0.,1.,30.,0.,1.,0.,0.,-1.,0.,               633P    655
6.12323399573677E-17,-20.;                                           633P    656
100,-25.,5.,15.,13.65,15.,-3.65,15.;                                 635P    657
102,2,625,631;                                                       637P    658
102,2,629,635;                                                       639P    659
142,1,585,637,639,1;                                                 641P    660
126,32,2,1,0,1,0,0.,0.,0.,0.0625,0.0625,0.125,0.125,0.1875,          643P    661
0.1875,0.25,0.25,0.3125,0.3125,0.375,0.375,0.4375,0.4375,0.5,        643P    662
0.5,0.5625,0.5625,0.625,0.625,0.6875,0.6875,0.75,0.75,0.8125,        643P    663
0.8125,0.875,0.875,0.9375,0.9375,1.,1.,1.,1.,1.,1.,1.,1.,1.,1.,      643P    664
1.,1.,1.,1.,1.,1.,1.,1.,1.,1.,1.,1.,1.,1.,1.,1.,1.,1.,1.,1.,1.,      643P    665
1.,1.,1.,1.,1.,0.157666667,0.545454545,0.,0.157666667,               643P    666
0.529964534,0.,0.156558618,0.514772158,0.,0.155450569,               643P    667
0.499579783,0.,0.153277053,0.485268878,0.,0.151103537,               643P    668
0.470957974,0.,0.147948081,0.4580785,0.,0.144792625,                 643P    669
0.445199026,0.,0.140776491,0.434245934,0.,0.136760357,               643P    670
0.423292841,0.,0.132037883,0.414687052,0.,0.12731541,                643P    671
0.406081263,0.,0.122068078,0.400153492,0.,0.116820746,               643P    672
0.394225721,0.,0.111250209,0.39120377,0.,0.105679671,                643P    673
0.388181818,0.,0.1,0.388181818,0.,0.094320329,0.388181818,0.,        643P    674
0.088749791,0.39120377,0.,0.083179254,0.394225721,0.,                643P    675
0.077931922,0.400153492,0.,0.07268459,0.406081263,0.,                643P    676
0.067962117,0.414687052,0.,0.063239643,0.423292841,0.,               643P    677
0.059223509,0.434245934,0.,0.055207375,0.445199026,0.,               643P    678
0.052051919,0.4580785,0.,0.048896463,0.470957974,0.,                 643P    679
0.046722947,0.485268878,0.,0.044549431,0.499579783,0.,               643P    680
0.043441382,0.514772158,0.,0.042333333,0.529964534,0.,               643P    681
0.042333333,0.545454545,0.,0.,1.,0.,0.,1.;                           643P    682
124,-6.12323399573677E-17,4.27583144589696E-31,1.,65.,               645P    683
-6.98296267768627E-15,-1.,0.,60.,1.,-6.98296267768627E-15,           645P    684
6.12323399573677E-17,-64.9999999999998;                              645P    685
100,-60.,5.,30.,13.65,30.,-3.65,30.;                                 647P    686
126,32,2,1,0,1,0,0.,0.,0.,0.0625,0.0625,0.125,0.125,0.1875,          649P    687
0.1875,0.25,0.25,0.3125,0.3125,0.375,0.375,0.4375,0.4375,0.5,        649P    688
0.5,0.5625,0.5625,0.625,0.625,0.6875,0.6875,0.75,0.75,0.8125,        649P    689
0.8125,0.875,0.875,0.9375,0.9375,1.,1.,1.,1.,1.,1.,1.,1.,1.,1.,      649P    690
1.,1.,1.,1.,1.,1.,1.,1.,1.,1.,1.,1.,1.,1.,1.,1.,1.,1.,1.,1.,1.,      649P    691
1.,1.,1.,1.,1.,0.042333333,0.545454545,0.,0.042333333,               649P    692
0.560944557,0.,0.043441382,0.576136932,0.,0.044549431,               649P    693
0.591329308,0.,0.046722947,0.605640213,0.,0.048896463,               649P    694
0.619951117,0.,0.052051919,0.632830591,0.,0.055207375,               649P    695
0.645710065,0.,0.059223509,0.656663157,0.,0.063239643,               649P    696
0.66761625,0.,0.067962117,0.676222039,0.,0.07268459,                 649P    697
0.684827828,0.,0.077931922,0.690755599,0.,0.083179254,               649P    698
0.69668337,0.,0.088749791,0.699705321,0.,0.094320329,                649P    699
0.702727273,0.,0.1,0.702727273,0.,0.105679671,0.702727273,0.,        649P    700
0.111250209,0.699705321,0.,0.116820746,0.69668337,0.,                649P    701
0.122068078,0.690755599,0.,0.12731541,0.684827828,0.,                649P    702
0.132037883,0.676222039,0.,0.136760357,0.66761625,0.,                649P    703
0.140776491,0.656663157,0.,0.144792625,0.645710065,0.,               649P    704
0.147948081,0.632830591,0.,0.151103537,0.619951117,0.,               649P    705
0.153277053,0.605640213,0.,0.155450569,0.591329308,0.,               649P    706
0.156558618,0.576136932,0.,0.157666667,0.560944557,0.,               649P    707
0.157666667,0.545454545,0.,0.,1.,0.,0.,1.;                           649P    708
124,6.12323399573677E-17,0.,1.,65.,0.,1.,0.,0.,-1.,0.,               651P    709
6.12323399573677E-17,-55.;                                           651P    710
100,-60.,5.,30.,13.65,30.,-3.65,30.;                                 653P    711
102,2,643,649;                                                       655P    712
102,2,647,653;                                                       657P    713
142,1,585,655,657,1;                                                 659P    714
126,32,2,1,0,1,0,0.,0.,0.,0.0625,0.0625,0.125,0.125,0.1875,          661P    715
0.1875,0.25,0.25,0.3125,0.3125,0.375,0.375,0.4375,0.4375,0.5,        661P    716
0.5,0.5625,0.5625,0.625,0.625,0.6875,0.6875,0.75,0.75,0.8125,        661P    717
0.8125,0.875,0.875,0.9375,0.9375,1.,1.,1.,1.,1.,1.,1.,1.,1.,1.,      661P    718
1.,1.,1.,1.,1.,1.,1.,1.,1.,1.,1.,1.,1.,1.,1.,1.,1.,1.,1.,1.,1.,      661P    719
1.,1.,1.,1.,1.,0.724333333,0.272727273,0.,0.724333333,               661P    720
0.257237261,0.,0.723225285,0.242044886,0.,0.722117236,               661P    721
0.22685251,0.,0.71994372,0.212541606,0.,0.717770204,                 661P    722
0.198230701,0.,0.714614748,0.185351227,0.,0.711459292,               661P    723
0.172471753,0.,0.707443158,0.161518661,0.,0.703427024,               661P    724
0.150565569,0.,0.69870455,0.141959779,0.,0.693982076,                661P    725
0.13335399,0.,0.688734745,0.127426219,0.,0.683487413,                661P    726
0.121498448,0.,0.677916875,0.118476497,0.,0.672346338,               661P    727
0.115454545,0.,0.666666667,0.115454545,0.,0.660986996,               661P    728
0.115454545,0.,0.655416458,0.118476497,0.,0.64984592,                661P    729
0.121498448,0.,0.644598589,0.127426219,0.,0.639351257,               661P    730
0.13335399,0.,0.634628783,0.141959779,0.,0.629906309,                661P    731
0.150565569,0.,0.625890176,0.161518661,0.,0.621874042,               661P    732
0.172471753,0.,0.618718586,0.185351227,0.,0.61556313,                661P    733
0.198230701,0.,0.613389614,0.212541606,0.,0.611216098,               661P    734
0.22685251,0.,0.610108049,0.242044886,0.,0.609,0.257237261,0.,       661P    735
0.609,0.272727273,0.,0.,1.,0.,0.,1.;                                 661P    736
124,-6.12323399573677E-17,-7.49879891330929E-33,1.,-20.,             663P    737
1.22464679914735E-16,-1.,0.,30.,1.,1.22464679914735E-16,             663P    738
6.12323399573677E-17,20.;                                            663P    739
100,25.,5.,15.,13.65,15.,-3.65,15.;                                  665P    740
126,32,2,1,0,1,0,0.,0.,0.,0.0625,0.0625,0.125,0.125,0.1875,          667P    741
0.1875,0.25,0.25,0.3125,0.3125,0.375,0.375,0.4375,0.4375,0.5,        667P    742
0.5,0.5625,0.5625,0.625,0.625,0.6875,0.6875,0.75,0.75,0.8125,        667P    743
0.8125,0.875,0.875,0.9375,0.9375,1.,1.,1.,1.,1.,1.,1.,1.,1.,1.,      667P    744
1.,1.,1.,1.,1.,1.,1.,1.,1.,1.,1.,1.,1.,1.,1.,1.,1.,1.,1.,1.,1.,      667P    745
1.,1.,1.,1.,1.,0.609,0.272727273,0.,0.609,0.288217284,0.,            667P    746
0.610108049,0.30340966,0.,0.611216098,0.318602035,0.,                667P    747
0.613389614,0.33291294,0.,0.61556313,0.347223845,0.,                 667P    748
0.618718586,0.360103318,0.,0.621874042,0.372982792,0.,               667P    749
0.625890176,0.383935885,0.,0.629906309,0.394888977,0.,               667P    750
0.634628783,0.403494766,0.,0.639351257,0.412100556,0.,               667P    751
0.644598589,0.418028326,0.,0.64984592,0.423956097,0.,                667P    752
0.655416458,0.426978049,0.,0.660986996,0.43,0.,0.666666667,          667P    753
0.43,0.,0.672346338,0.43,0.,0.677916875,0.426978049,0.,              667P    754
0.683487413,0.423956097,0.,0.688734745,0.418028326,0.,               667P    755
0.693982076,0.412100556,0.,0.69870455,0.403494766,0.,                667P    756
0.703427024,0.394888977,0.,0.707443158,0.383935885,0.,               667P    757
0.711459292,0.372982792,0.,0.714614748,0.360103318,0.,               667P    758
0.717770204,0.347223845,0.,0.71994372,0.33291294,0.,                 667P    759
0.722117236,0.318602035,0.,0.723225285,0.30340966,0.,                667P    760
0.724333333,0.288217284,0.,0.724333333,0.272727273,0.,0.,1.,0.,      667P    761
0.,1.;                                                               667P    762
124,6.12323399573677E-17,0.,1.,-20.,0.,1.,0.,0.,-1.,0.,              669P    763
6.12323399573677E-17,30.;                                            669P    764
100,25.,5.,15.,13.65,15.,-3.65,15.;                                  671P    765
102,2,661,667;                                                       673P    766
102,2,665,671;                                                       675P    767
142,1,585,673,675,1;                                                 677P    768
126,32,2,1,0,1,0,0.,0.,0.,0.0625,0.0625,0.125,0.125,0.1875,          679P    769
0.1875,0.25,0.25,0.3125,0.3125,0.375,0.375,0.4375,0.4375,0.5,        679P    770
0.5,0.5625,0.5625,0.625,0.625,0.6875,0.6875,0.75,0.75,0.8125,        679P    771
0.8125,0.875,0.875,0.9375,0.9375,1.,1.,1.,1.,1.,1.,1.,1.,1.,1.,      679P    772
1.,1.,1.,1.,1.,1.,1.,1.,1.,1.,1.,1.,1.,1.,1.,1.,1.,1.,1.,1.,1.,      679P    773
1.,1.,1.,1.,1.,0.957666667,0.545454545,0.,0.957666667,               679P    774
0.529964534,0.,0.956558618,0.514772158,0.,0.955450569,               679P    775
0.499579783,0.,0.953277053,0.485268878,0.,0.951103537,               679P    776
0.470957974,0.,0.947948081,0.4580785,0.,0.944792625,                 679P    777
0.445199026,0.,0.940776491,0.434245934,0.,0.936760357,               679P    778
0.423292841,0.,0.932037883,0.414687052,0.,0.92731541,                679P    779
0.406081263,0.,0.922068078,0.400153492,0.,0.916820746,               679P    780
0.394225721,0.,0.911250209,0.39120377,0.,0.905679671,                679P    781
0.388181818,0.,0.9,0.388181818,0.,0.894320329,0.388181818,0.,        679P    782
0.888749791,0.39120377,0.,0.883179254,0.394225721,0.,                679P    783
0.877931922,0.400153492,0.,0.87268459,0.406081263,0.,                679P    784
0.867962117,0.414687052,0.,0.863239643,0.423292841,0.,               679P    785
0.859223509,0.434245934,0.,0.855207375,0.445199026,0.,               679P    786
0.852051919,0.4580785,0.,0.848896463,0.470957974,0.,                 679P    787
0.846722947,0.485268878,0.,0.844549431,0.499579783,0.,               679P    788
0.843441382,0.514772158,0.,0.842333333,0.529964534,0.,               679P    789
0.842333333,0.545454545,0.,0.,1.,0.,0.,1.;                           679P    790
124,-6.12323399573677E-17,4.27583144589696E-31,1.,-55.,              681P    791
-6.98296267768627E-15,-1.,0.,60.,1.,-6.98296267768627E-15,           681P    792
6.12323399573677E-17,55.0000000000002;                               681P    793
100,60.,5.,30.,13.65,30.,-3.65,30.;                                  683P    794
126,32,2,1,0,1,0,0.,0.,0.,0.0625,0.0625,0.125,0.125,0.1875,          685P    795
0.1875,0.25,0.25,0.3125,0.3125,0.375,0.375,0.4375,0.4375,0.5,        685P    796
0.5,0.5625,0.5625,0.625,0.625,0.6875,0.6875,0.75,0.75,0.8125,        685P    797
0.8125,0.875,0.875,0.9375,0.9375,1.,1.,1.,1.,1.,1.,1.,1.,1.,1.,      685P    798
1.,1.,1.,1.,1.,1.,1.,1.,1.,1.,1.,1.,1.,1.,1.,1.,1.,1.,1.,1.,1.,      685P    799
1.,1.,1.,1.,1.,0.842333333,0.545454545,0.,0.842333333,               685P    800
0.560944557,0.,0.843441382,0.576136932,0.,0.844549431,               685P    801
0.591329308,0.,0.846722947,0.605640213,0.,0.848896463,               685P    802
0.619951117,0.,0.852051919,0.632830591,0.,0.855207375,               685P    803
0.645710065,0.,0.859223509,0.656663157,0.,0.863239643,               685P    804
0.66761625,0.,0.867962117,0.676222039,0.,0.87268459,                 685P    805
0.684827828,0.,0.877931922,0.690755599,0.,0.883179254,               685P    806
0.69668337,0.,0.888749791,0.699705321,0.,0.894320329,                685P    807
0.702727273,0.,0.9,0.702727273,0.,0.905679671,0.702727273,0.,        685P    808
0.911250209,0.699705321,0.,0.916820746,0.69668337,0.,                685P    809
0.922068078,0.690755599,0.,0.92731541,0.684827828,0.,                685P    810
0.932037883,0.676222039,0.,0.936760357,0.66761625,0.,                685P    811
0.940776491,0.656663157,0.,0.944792625,0.645710065,0.,               685P    812
0.947948081,0.632830591,0.,0.951103537,0.619951117,0.,               685P    813
0.953277053,0.605640213,0.,0.955450569,0.591329308,0.,               685P    814
0.956558618,0.576136932,0.,0.957666667,0.560944557,0.,               685P    815
0.957666667,0.545454545,0.,0.,1.,0.,0.,1.;                           685P    816
124,6.12323399573677E-17,0.,1.,-55.,0.,1.,0.,0.,-1.,0.,              687P    817
6.12323399573677E-17,65.;                                            687P    818
100,60.,5.,30.,13.65,30.,-3.65,30.;                                  689P    819
102,2,679,685;                                                       691P    820
102,2,683,689;                                                       693P    821
142,1,585,691,693,1;                                                 695P    822
144,585,1,4,623,641,659,677,695;                                     697P    823
128,1,1,1,1,0,0,1,0,0,0.,0.,1.,1.,0.,0.,1.,1.,1.,1.,1.,1.,0.,        699P    824
0.,75.,0.,0.,-75.,5.,0.,75.,5.,0.,-75.,0.,1.,0.,1.;                  699P    825
126,1,1,1,0,1,0,0.,0.,1.,1.,1.,1.,1.,0.,0.,1.,1.,0.,0.,1.,0.,        701P    826
0.,1.;                                                               701P    827
110,0.,0.,-75.,5.,0.,-75.;                                           703P    828
126,1,1,1,0,1,0,0.,0.,1.,1.,1.,1.,1.,1.,0.,0.,1.,0.,0.,1.,0.,        705P    829
0.,1.;                                                               705P    830
110,5.,0.,-75.,5.,0.,75.;                                            707P    831
126,1,1,1,0,1,0,0.,0.,1.,1.,1.,1.,0.,1.,0.,0.,0.,0.,0.,1.,0.,        709P    832
0.,1.;                                                               709P    833
110,5.,0.,75.,0.,0.,75.;                                             711P    834
126,1,1,1,0,1,0,0.,0.,1.,1.,1.,1.,0.,0.,0.,1.,0.,0.,0.,1.,0.,        713P    835
0.,1.;                                                               713P    836
110,0.,0.,75.,0.,0.,-75.;                                            715P    837
102,4,701,705,709,713;                                               717P    838
102,4,703,707,711,715;                                               719P    839
142,1,699,717,719,1;                                                 721P    840
144,699,1,0,721;                                                     723P    841
110,5.,60.,75.,5.,60.,-925.;                                         725P    842
110,0.,60.,44.,0.,60.,16.;                                           727P    843
120,725,727,0.,6.28318530717959;                                     729P    844
126,1,1,1,0,1,0,0.,0.,1.,1.,1.,1.,1.,0.,0.,0.,0.,0.,0.,1.,0.,        731P    845
0.,1.;                                                               731P    846
110,0.,60.,16.,0.,60.,44.;                                           733P    847
126,1,1,1,0,1,0,0.,0.,1.,1.,1.,1.,0.,0.,0.,0.,4.71238898,0.,0.,      735P    848
1.,0.,0.,1.;                                                         735P    849
124,-1.,0.,-6.98296267768627E-15,10.0000000000003,0.,1.,0.,0.,       737P    850
6.98296267768627E-15,0.,-1.,88.;                                     737P    851
100,44.,5.,60.,10.,60.,5.,55.;                                       739P    852
126,1,1,1,0,1,0,0.,0.,1.,1.,1.,1.,0.,4.71238898,0.,1.,               741P    853
4.71238898,0.,0.,1.,0.,0.,1.;                                        741P    854
110,5.,55.,44.,5.,55.,16.;                                           743P    855
126,1,1,1,0,1,0,0.,0.,1.,1.,1.,1.,1.,4.71238898,0.,1.,0.,0.,0.,      745P    856
1.,0.,0.,1.;                                                         745P    857
100,16.,5.,60.,5.,55.,0.,60.;                                        747P    858
102,4,731,735,741,745;                                               749P    859
102,4,733,739,743,747;                                               751P    860
142,1,729,749,751,1;                                                 753P    861
144,729,1,0,753;                                                     755P    862
110,5.,60.,-75.,5.,60.,925.;                                         757P    863
110,8.5,60.,16.,8.5,60.,44.;                                         759P    864
120,757,759,0.,6.28318530717959;                                     761P    865
126,1,1,1,0,1,0,0.,0.,1.,1.,1.,1.,1.,3.141592654,0.,1.,0.,0.,        763P    866
0.,1.,0.,0.,1.;                                                      763P    867
124,-1.,-6.98296267768627E-15,0.,10.0000000000004,                   765P    868
-6.98296267768627E-15,1.,-6.98296267768627E-15,                      765P    869
3.44324541121806E-13,4.87617677579594E-29,                           765P    870
-6.98296267768627E-15,-1.,88.0000000000004;                          765P    871
100,44.,5.,60.,8.5,60.,1.5,60.;                                      767P    872
126,1,1,1,0,1,0,0.,0.,1.,1.,1.,1.,1.,0.,0.,0.,0.,0.,0.,1.,0.,        769P    873
0.,1.;                                                               769P    874
110,8.5,60.,44.,8.5,60.,16.;                                         771P    875
126,1,1,1,0,1,0,0.,0.,1.,1.,1.,1.,0.,0.,0.,0.,3.141592654,0.,        773P    876
0.,1.,0.,0.,1.;                                                      773P    877
100,16.,5.,60.,8.5,60.,1.5,60.;                                      775P    878
126,1,1,1,0,1,0,0.,0.,1.,1.,1.,1.,0.,3.141592654,0.,1.,              777P    879
3.141592654,0.,0.,1.,0.,0.,1.;                                       777P    880
110,1.5,60.,16.,1.5,60.,44.;                                         779P    881
102,4,763,769,773,777;                                               781P    882
102,4,767,771,775,779;                                               783P    883
142,1,761,781,783,1;                                                 785P    884
144,761,1,0,785;                                                     787P    885
110,5.,30.,60.,1005.,30.,60.;                                        789P    886
110,0.,30.,55.5,0.85,30.,55.5;                                       791P    887
120,789,791,0.,6.28318530717959;                                     793P    888
126,1,1,1,0,1,0,0.,0.,1.,1.,1.,1.,1.,3.141592654,0.,1.,0.,0.,        795P    889
0.,1.,0.,0.,1.;                                                      795P    890
124,6.12323399573677E-17,0.,-1.,60.85,0.,1.,0.,0.,1.,0.,             797P    891
6.12323399573677E-17,59.15;                                          797P    892
100,60.,0.85,30.,5.35,30.,-3.65,30.;                                 799P    893
126,1,1,1,0,1,0,0.,0.,1.,1.,1.,1.,1.,0.,0.,0.,0.,0.,0.,1.,0.,        801P    894
0.,1.;                                                               801P    895
110,0.85,30.,55.5,0.,30.,55.5;                                       803P    896
126,1,1,1,0,1,0,0.,0.,1.,1.,1.,1.,0.,0.,0.,0.,3.141592654,0.,        805P    897
0.,1.,0.,0.,1.;                                                      805P    898
124,6.12323399573677E-17,0.,1.,-60.,0.,1.,0.,0.,-1.,0.,              807P    899
6.12323399573677E-17,60.;                                            807P    900
100,60.,0.,30.,4.5,30.,-4.5,30.;                                     809P    901
126,1,1,1,0,1,0,0.,0.,1.,1.,1.,1.,0.,3.141592654,0.,1.,              811P    902
3.141592654,0.,0.,1.,0.,0.,1.;                                       811P    903
110,0.,30.,64.5,0.85,30.,64.5;                                       813P    904
102,4,795,801,805,811;                                               815P    905
102,4,799,803,809,813;                                               817P    906
142,1,793,815,817,1;                                                 819P    907
144,793,1,0,819;                                                     821P    908
110,-995.,30.,60.,5.,30.,60.;                                        823P    909
110,0.85,30.,55.5,5.,30.,51.35;                                      825P    910
120,823,825,0.,6.28318530717959;                                     827P    911
126,1,1,1,0,1,0,0.,0.,1.,1.,1.,1.,1.,3.141592654,0.,1.,0.,0.,        829P    912
0.,1.,0.,0.,1.;                                                      829P    913
124,6.12323399573677E-17,0.,-1.,65.,0.,1.,0.,0.,1.,0.,               831P    914
6.12323399573677E-17,55.;                                            831P    915
100,60.,5.,30.,13.65,30.,-3.65,30.;                                  833P    916
126,1,1,1,0,1,0,0.,0.,1.,1.,1.,1.,1.,0.,0.,0.,0.,0.,0.,1.,0.,        835P    917
0.,1.;                                                               835P    918
110,5.,30.,51.35,0.85,30.,55.5;                                      837P    919
126,1,1,1,0,1,0,0.,0.,1.,1.,1.,1.,0.,0.,0.,0.,3.141592654,0.,        839P    920
0.,1.,0.,0.,1.;                                                      839P    921
124,6.12323399573677E-17,0.,1.,-59.15,0.,1.,0.,0.,-1.,0.,            841P    922
6.12323399573677E-17,60.85;                                          841P    923
100,60.,0.85,30.,5.35,30.,-3.65,30.;                                 843P    924
126,1,1,1,0,1,0,0.,0.,1.,1.,1.,1.,0.,3.141592654,0.,1.,              845P    925
3.141592654,0.,0.,1.,0.,0.,1.;                                       845P    926
110,0.85,30.,64.5,5.,30.,68.65;                                      847P    927
102,4,829,835,839,845;                                               849P    928
102,4,833,837,843,847;                                               851P    929
142,1,827,849,851,1;                                                 853P    930
144,827,1,0,853;                                                     855P    931
110,5.,15.,25.,1005.,15.,25.;                                        857P    932
110,0.,15.,20.5,0.85,15.,20.5;                                       859P    933
120,857,859,0.,6.28318530717959;                                     861P    934
126,1,1,1,0,1,0,0.,0.,1.,1.,1.,1.,1.,3.141592654,0.,1.,0.,0.,        863P    935
0.,1.,0.,0.,1.;                                                      863P    936
124,6.12323399573677E-17,0.,-1.,25.85,0.,1.,0.,0.,1.,0.,             865P    937
6.12323399573677E-17,24.15;                                          865P    938
100,25.,0.85,15.,5.35,15.,-3.65,15.;                                 867P    939
126,1,1,1,0,1,0,0.,0.,1.,1.,1.,1.,1.,0.,0.,0.,0.,0.,0.,1.,0.,        869P    940
0.,1.;                                                               869P    941
110,0.85,15.,20.5,0.,15.,20.5;                                       871P    942
126,1,1,1,0,1,0,0.,0.,1.,1.,1.,1.,0.,0.,0.,0.,3.141592654,0.,        873P    943
0.,1.,0.,0.,1.;                                                      873P    944
124,6.12323399573677E-17,0.,1.,-25.,0.,1.,0.,0.,-1.,0.,              875P    945
6.12323399573677E-17,25.;                                            875P    946
100,25.,0.,15.,4.5,15.,-4.5,15.;                                     877P    947
126,1,1,1,0,1,0,0.,0.,1.,1.,1.,1.,0.,3.141592654,0.,1.,              879P    948
3.141592654,0.,0.,1.,0.,0.,1.;                                       879P    949
110,0.,15.,29.5,0.85,15.,29.5;                                       881P    950
102,4,863,869,873,879;                                               883P    951
102,4,867,871,877,881;                                               885P    952
142,1,861,883,885,1;                                                 887P    953
144,861,1,0,887;                                                     889P    954
110,-995.,15.,25.,5.,15.,25.;                                        891P    955
110,0.85,15.,20.5,5.,15.,16.35;                                      893P    956
120,891,893,0.,6.28318530717959;                                     895P    957
126,1,1,1,0,1,0,0.,0.,1.,1.,1.,1.,1.,3.141592654,0.,1.,0.,0.,        897P    958
0.,1.,0.,0.,1.;                                                      897P    959
124,6.12323399573677E-17,0.,-1.,30.,0.,1.,0.,0.,1.,0.,               899P    960
6.12323399573677E-17,20.;                                            899P    961
100,25.,5.,15.,13.65,15.,-3.65,15.;                                  901P    962
126,1,1,1,0,1,0,0.,0.,1.,1.,1.,1.,1.,0.,0.,0.,0.,0.,0.,1.,0.,        903P    963
0.,1.;                                                               903P    964
110,5.,15.,16.35,0.85,15.,20.5;                                      905P    965
126,1,1,1,0,1,0,0.,0.,1.,1.,1.,1.,0.,0.,0.,0.,3.141592654,0.,        907P    966
0.,1.,0.,0.,1.;                                                      907P    967
124,6.12323399573677E-17,0.,1.,-24.15,0.,1.,0.,0.,-1.,0.,            909P    968
6.12323399573677E-17,25.85;                                          909P    969
100,25.,0.85,15.,5.35,15.,-3.65,15.;                                 911P    970
126,1,1,1,0,1,0,0.,0.,1.,1.,1.,1.,0.,3.141592654,0.,1.,              913P    971
3.141592654,0.,0.,1.,0.,0.,1.;                                       913P    972
110,0.85,15.,29.5,5.,15.,33.65;                                      915P    973
102,4,897,903,907,913;                                               917P    974
102,4,901,905,911,915;                                               919P    975
142,1,895,917,919,1;                                                 921P    976
144,895,1,0,921;                                                     923P    977
110,5.,30.,-60.,1005.,30.,-60.;                                      925P    978
110,0.,30.,-64.5,0.85,30.,-64.5;                                     927P    979
120,925,927,0.,6.28318530717959;                                     929P    980
126,1,1,1,0,1,0,0.,0.,1.,1.,1.,1.,1.,3.141592654,0.,1.,0.,0.,        931P    981
0.,1.,0.,0.,1.;                                                      931P    982
124,6.12323399573677E-17,0.,-1.,-59.15,0.,1.,0.,0.,1.,0.,            933P    983
6.12323399573677E-17,-60.85;                                         933P    984
100,-60.,0.85,30.,5.35,30.,-3.65,30.;                                935P    985
126,1,1,1,0,1,0,0.,0.,1.,1.,1.,1.,1.,0.,0.,0.,0.,0.,0.,1.,0.,        937P    986
0.,1.;                                                               937P    987
110,0.85,30.,-64.5,0.,30.,-64.5;                                     939P    988
126,1,1,1,0,1,0,0.,0.,1.,1.,1.,1.,0.,0.,0.,0.,3.141592654,0.,        941P    989
0.,1.,0.,0.,1.;                                                      941P    990
124,6.12323399573677E-17,0.,1.,60.,0.,1.,0.,0.,-1.,0.,               943P    991
6.12323399573677E-17,-60.;                                           943P    992
100,-60.,0.,30.,4.5,30.,-4.5,30.;                                    945P    993
126,1,1,1,0,1,0,0.,0.,1.,1.,1.,1.,0.,3.141592654,0.,1.,              947P    994
3.141592654,0.,0.,1.,0.,0.,1.;                                       947P    995
110,0.,30.,-55.5,0.85,30.,-55.5;                                     949P    996
102,4,931,937,941,947;                                               951P    997
102,4,935,939,945,949;                                               953P    998
142,1,929,951,953,1;                                                 955P    999
144,929,1,0,955;                                                     957P   1000
110,-995.,30.,-60.,5.,30.,-60.;                                      959P   1001
110,0.85,30.,-64.5,5.,30.,-68.65;                                    961P   1002
120,959,961,0.,6.28318530717959;                                     963P   1003
126,1,1,1,0,1,0,0.,0.,1.,1.,1.,1.,1.,3.141592654,0.,1.,0.,0.,        965P   1004
0.,1.,0.,0.,1.;                                                      965P   1005
124,6.12323399573677E-17,0.,-1.,-55.,0.,1.,0.,0.,1.,0.,              967P   1006
6.12323399573677E-17,-65.;                                           967P   1007
100,-60.,5.,30.,13.65,30.,-3.65,30.;                                 969P   1008
126,1,1,1,0,1,0,0.,0.,1.,1.,1.,1.,1.,0.,0.,0.,0.,0.,0.,1.,0.,        971P   1009
0.,1.;                                                               971P   1010
110,5.,30.,-68.65,0.85,30.,-64.5;                                    973P   1011
126,1,1,1,0,1,0,0.,0.,1.,1.,1.,1.,0.,0.,0.,0.,3.141592654,0.,        975P   1012
0.,1.,0.,0.,1.;                                                      975P   1013
124,6.12323399573677E-17,0.,1.,60.85,0.,1.,0.,0.,-1.,0.,             977P   1014
6.12323399573677E-17,-59.15;                                         977P   1015
100,-60.,0.85,30.,5.35,30.,-3.65,30.;                                979P   1016
126,1,1,1,0,1,0,0.,0.,1.,1.,1.,1.,0.,3.141592654,0.,1.,              981P   1017
3.141592654,0.,0.,1.,0.,0.,1.;                                       981P   1018
110,0.85,30.,-55.5,5.,30.,-51.35;                                    983P   1019
102,4,965,971,975,981;                                               985P   1020
102,4,969,973,979,983;                                               987P   1021
142,1,963,985,987,1;                                                 989P   1022
144,963,1,0,989;                                                     991P   1023
110,5.,15.,-25.,1005.,15.,-25.;                                      993P   1024
110,0.,15.,-29.5,0.85,15.,-29.5;                                     995P   1025
120,993,995,0.,6.28318530717959;                                     997P   1026
126,1,1,1,0,1,0,0.,0.,1.,1.,1.,1.,1.,3.141592654,0.,1.,0.,0.,        999P   1027
0.,1.,0.,0.,1.;                                                      999P   1028
124,6.12323399573677E-17,0.,-1.,-24.15,0.,1.,0.,0.,1.,0.,           1001P   1029
6.12323399573677E-17,-25.85;                                        1001P   1030
100,-25.,0.85,15.,5.35,15.,-3.65,15.;                               1003P   1031
126,1,1,1,0,1,0,0.,0.,1.,1.,1.,1.,1.,0.,0.,0.,0.,0.,0.,1.,0.,       1005P   1032
0.,1.;                                                              1005P   1033
110,0.85,15.,-29.5,0.,15.,-29.5;                                    1007P   1034
126,1,1,1,0,1,0,0.,0.,1.,1.,1.,1.,0.,0.,0.,0.,3.141592654,0.,       1009P   1035
0.,1.,0.,0.,1.;                                                     1009P   1036
124,6.12323399573677E-17,0.,1.,25.,0.,1.,0.,0.,-1.,0.,              1011P   1037
6.12323399573677E-17,-25.;                                          1011P   1038
100,-25.,0.,15.,4.5,15.,-4.5,15.;                                   1013P   1039
126,1,1,1,0,1,0,0.,0.,1.,1.,1.,1.,0.,3.141592654,0.,1.,             1015P   1040
3.141592654,0.,0.,1.,0.,0.,1.;                                      1015P   1041
110,0.,15.,-20.5,0.85,15.,-20.5;                                    1017P   1042
102,4,999,1005,1009,1015;                                           1019P   1043
102,4,1003,1007,1013,1017;                                          1021P   1044
142,1,997,1019,1021,1;                                              1023P   1045
144,997,1,0,1023;                                                   1025P   1046
110,-995.,15.,-25.,5.,15.,-25.;                                     1027P   1047
110,0.85,15.,-29.5,5.,15.,-33.65;                                   1029P   1048
120,1027,1029,0.,6.28318530717959;                                  1031P   1049
126,1,1,1,0,1,0,0.,0.,1.,1.,1.,1.,1.,3.141592654,0.,1.,0.,0.,       1033P   1050
0.,1.,0.,0.,1.;                                                     1033P   1051
124,6.12323399573677E-17,0.,-1.,-20.,0.,1.,0.,0.,1.,0.,             1035P   1052
6.12323399573677E-17,-30.;                                          1035P   1053
100,-25.,5.,15.,13.65,15.,-3.65,15.;                                1037P   1054
126,1,1,1,0,1,0,0.,0.,1.,1.,1.,1.,1.,0.,0.,0.,0.,0.,0.,1.,0.,       1039P   1055
0.,1.;                                                              1039P   1056
110,5.,15.,-33.65,0.85,15.,-29.5;                                   1041P   1057
126,1,1,1,0,1,0,0.,0.,1.,1.,1.,1.,0.,0.,0.,0.,3.141592654,0.,       1043P   1058
0.,1.,0.,0.,1.;                                                     1043P   1059
124,6.12323399573677E-17,0.,1.,25.85,0.,1.,0.,0.,-1.,0.,            1045P   1060
6.12323399573677E-17,-24.15;                                        1045P   1061
100,-25.,0.85,15.,5.35,15.,-3.65,15.;                               1047P   1062
126,1,1,1,0,1,0,0.,0.,1.,1.,1.,1.,0.,3.141592654,0.,1.,             1049P   1063
3.141592654,0.,0.,1.,0.,0.,1.;                                      1049P   1064
110,0.85,15.,-20.5,5.,15.,-16.35;                                   1051P   1065
102,4,1033,1039,1043,1049;                                          1053P   1066
102,4,1037,1041,1047,1051;                                          1055P   1067
142,1,1031,1053,1055,1;                                             1057P   1068
144,1031,1,0,1057;                                                  1059P   1069
128,1,1,1,1,0,0,1,0,0,0.,0.,1.,1.,0.,0.,1.,1.,1.,1.,1.,1.,0.,       1061P   1070
55.,16.,10.06,55.,16.,0.,65.06,16.,10.06,65.06,16.,0.,1.,0.,1.;     1061P   1071
126,1,1,1,0,1,0,0.,0.,1.,1.,1.,1.,0.,0.,0.,0.497017893,0.,0.,       1063P   1072
0.,1.,0.,0.,1.;                                                     1063P   1073
110,0.,55.,16.,5.,55.,16.;                                          1065P   1074
126,64,2,1,0,1,0,0.,0.,0.,0.03125,0.03125,0.0625,0.0625,            1067P   1075
0.09375,0.09375,0.125,0.125,0.15625,0.15625,0.1875,0.1875,          1067P   1076
0.21875,0.21875,0.25,0.25,0.28125,0.28125,0.3125,0.3125,            1067P   1077
0.34375,0.34375,0.375,0.375,0.40625,0.40625,0.4375,0.4375,          1067P   1078
0.46875,0.46875,0.5,0.5,0.53125,0.53125,0.5625,0.5625,0.59375,      1067P   1079
0.59375,0.625,0.625,0.65625,0.65625,0.6875,0.6875,0.71875,          1067P   1080
0.71875,0.75,0.75,0.78125,0.78125,0.8125,0.8125,0.84375,            1067P   1081
0.84375,0.875,0.875,0.90625,0.90625,0.9375,0.9375,0.96875,          1067P   1082
0.96875,1.,1.,1.,1.,1.,1.,1.,1.,1.,1.,1.,1.,1.,1.,1.,1.,1.,1.,      1067P   1083
1.,1.,1.,1.,1.,1.,1.,1.,1.,1.,1.,1.,1.,1.,1.,1.,1.,1.,1.,1.,1.,     1067P   1084
1.,1.,1.,1.,1.,1.,1.,1.,1.,1.,1.,1.,1.,1.,1.,1.,1.,1.,1.,1.,1.,     1067P   1085
1.,1.,1.,1.,1.,1.,1.,1.,0.497017893,0.,0.,0.533680135,0.,0.,        1067P   1086
0.569945564,0.005379468,0.,0.606210993,0.010758936,0.,              1067P   1087
0.641294571,0.021401424,0.,0.67637815,0.032043911,0.,               1067P   1088
0.709520424,0.047719039,0.,0.742662699,0.063394168,0.,              1067P   1089
0.773146239,0.083762618,0.,0.803629779,0.104131069,0.,              1067P   1090
0.830794709,0.128751926,0.,0.857959639,0.153372783,0.,              1067P   1091
0.881217919,0.181713079,0.,0.904476199,0.210053376,0.,              1067P   1092
0.923324359,0.24149963,0.,0.942172518,0.272945884,0.,               1067P   1093
0.956202551,0.30681738,0.,0.970232584,0.340688875,0.,               1067P   1094
0.979140782,0.376252396,0.,0.98804898,0.411815917,0.,               1067P   1095
0.991642508,0.44830162,0.,0.995236036,0.484787324,0.,               1067P   1096
0.993437105,0.521405405,0.,0.991638175,0.558023486,0.,              1067P   1097
0.984485726,0.593981273,0.,0.977333277,0.629939061,0.,              1067P   1098
0.96498214,0.664458178,0.,0.952631002,0.698977294,0.,               1067P   1099
0.935348541,0.731310505,0.,0.91806608,0.763643716,0.,               1067P   1100
0.896226407,0.793091106,0.,0.874386735,0.822538495,0.,              1067P   1101
0.848462615,0.848462615,0.,0.822538495,0.874386735,0.,              1067P   1102
0.793091106,0.896226407,0.,0.763643716,0.91806608,0.,               1067P   1103
0.731310505,0.935348541,0.,0.698977294,0.952631002,0.,              1067P   1104
0.664458178,0.96498214,0.,0.629939061,0.977333277,0.,               1067P   1105
0.593981273,0.984485726,0.,0.558023486,0.991638175,0.,              1067P   1106
0.521405405,0.993437105,0.,0.484787324,0.995236036,0.,              1067P   1107
0.44830162,0.991642508,0.,0.411815917,0.98804898,0.,                1067P   1108
0.376252396,0.979140782,0.,0.340688875,0.970232584,0.,              1067P   1109
0.30681738,0.956202551,0.,0.272945884,0.942172518,0.,               1067P   1110
0.24149963,0.923324359,0.,0.210053376,0.904476199,0.,               1067P   1111
0.181713079,0.881217919,0.,0.153372783,0.857959639,0.,              1067P   1112
0.128751926,0.830794709,0.,0.104131069,0.803629779,0.,              1067P   1113
0.083762618,0.773146239,0.,0.063394168,0.742662699,0.,              1067P   1114
0.047719039,0.709520424,0.,0.032043911,0.67637815,0.,               1067P   1115
0.021401424,0.641294571,0.,0.010758936,0.606210993,0.,              1067P   1116
0.005379468,0.569945564,0.,0.,0.533680135,0.,0.,0.497017893,0.,     1067P   1117
0.,1.,0.,0.,-1.;                                                    1067P   1118
100,16.,5.,60.,5.,55.,0.,60.;                                       1069P   1119
126,1,1,1,0,1,0,0.,0.,1.,1.,1.,1.,0.,0.497017893,0.,0.,0.,0.,       1071P   1120
0.,1.,0.,0.,1.;                                                     1071P   1121
110,0.,60.,16.,0.,55.,16.;                                          1073P   1122
102,3,1063,1067,1071;                                               1075P   1123
102,3,1065,1069,1073;                                               1077P   1124
142,1,1061,1075,1077,1;                                             1079P   1125
126,32,2,1,0,1,0,0.,0.,0.,0.0625,0.0625,0.125,0.125,0.1875,         1081P   1126
0.1875,0.25,0.25,0.3125,0.3125,0.375,0.375,0.4375,0.4375,0.5,       1081P   1127
0.5,0.5625,0.5625,0.625,0.625,0.6875,0.6875,0.75,0.75,0.8125,       1081P   1128
0.8125,0.875,0.875,0.9375,0.9375,1.,1.,1.,1.,1.,1.,1.,1.,1.,1.,     1081P   1129
1.,1.,1.,1.,1.,1.,1.,1.,1.,1.,1.,1.,1.,1.,1.,1.,1.,1.,1.,1.,1.,     1081P   1130
1.,1.,1.,1.,1.,0.149105368,0.497017893,0.,0.149105368,              1081P   1131
0.531284285,0.,0.155790409,0.564892259,0.,0.162475451,              1081P   1132
0.598500233,0.,0.175588632,0.630158252,0.,0.188701813,              1081P   1133
0.661816271,0.,0.2077392,0.690307735,0.,0.226776588,                1081P   1134
0.718799199,0.,0.251006587,0.743029198,0.,0.275236586,              1081P   1135
0.767259197,0.,0.30372805,0.786296585,0.,0.332219514,               1081P   1136
0.805333973,0.,0.363877533,0.818447153,0.,0.395535552,              1081P   1137
0.831560334,0.,0.429143526,0.838245376,0.,0.4627515,                1081P   1138
0.844930417,0.,0.497017893,0.844930417,0.,0.531284285,              1081P   1139
0.844930417,0.,0.564892259,0.838245376,0.,0.598500233,              1081P   1140
0.831560334,0.,0.630158252,0.818447153,0.,0.661816271,              1081P   1141
0.805333973,0.,0.690307735,0.786296585,0.,0.718799199,              1081P   1142
0.767259197,0.,0.743029198,0.743029198,0.,0.767259197,              1081P   1143
0.718799199,0.,0.786296585,0.690307735,0.,0.805333973,              1081P   1144
0.661816271,0.,0.818447153,0.630158252,0.,0.831560334,              1081P   1145
0.598500233,0.,0.838245376,0.564892259,0.,0.844930417,              1081P   1146
0.531284285,0.,0.844930417,0.497017893,0.,0.,1.,0.,0.,1.;           1081P   1147
124,-1.,-6.98296267768627E-15,0.,10.0000000000004,                  1083P   1148
-6.98296267768627E-15,1.,-6.98296267768627E-15,                     1083P   1149
1.47567660480777E-13,4.87617677579594E-29,                          1083P   1150
-6.98296267768627E-15,-1.,32.0000000000004;                         1083P   1151
100,16.,5.,60.,8.5,60.,1.5,60.;                                     1085P   1152
126,32,2,1,0,1,0,0.,0.,0.,0.0625,0.0625,0.125,0.125,0.1875,         1087P   1153
0.1875,0.25,0.25,0.3125,0.3125,0.375,0.375,0.4375,0.4375,0.5,       1087P   1154
0.5,0.5625,0.5625,0.625,0.625,0.6875,0.6875,0.75,0.75,0.8125,       1087P   1155
0.8125,0.875,0.875,0.9375,0.9375,1.,1.,1.,1.,1.,1.,1.,1.,1.,1.,     1087P   1156
1.,1.,1.,1.,1.,1.,1.,1.,1.,1.,1.,1.,1.,1.,1.,1.,1.,1.,1.,1.,1.,     1087P   1157
1.,1.,1.,1.,1.,0.844930417,0.497017893,0.,0.844930417,              1087P   1158
0.4627515,0.,0.838245376,0.429143526,0.,0.831560334,                1087P   1159
0.395535552,0.,0.818447153,0.363877533,0.,0.805333973,              1087P   1160
0.332219514,0.,0.786296585,0.30372805,0.,0.767259197,               1087P   1161
0.275236586,0.,0.743029198,0.251006587,0.,0.718799199,              1087P   1162
0.226776588,0.,0.690307735,0.2077392,0.,0.661816271,                1087P   1163
0.188701813,0.,0.630158252,0.175588632,0.,0.598500233,              1087P   1164
0.162475451,0.,0.564892259,0.155790409,0.,0.531284285,              1087P   1165
0.149105368,0.,0.497017893,0.149105368,0.,0.4627515,                1087P   1166
0.149105368,0.,0.429143526,0.155790409,0.,0.395535552,              1087P   1167
0.162475451,0.,0.363877533,0.175588632,0.,0.332219514,              1087P   1168
0.188701813,0.,0.30372805,0.2077392,0.,0.275236586,0.226776588,     1087P   1169
0.,0.251006587,0.251006587,0.,0.226776588,0.275236586,0.,           1087P   1170
0.2077392,0.30372805,0.,0.188701813,0.332219514,0.,0.175588632,     1087P   1171
0.363877533,0.,0.162475451,0.395535552,0.,0.155790409,              1087P   1172
0.429143526,0.,0.149105368,0.4627515,0.,0.149105368,                1087P   1173
0.497017893,0.,0.,1.,0.,0.,1.;                                      1087P   1174
124,1.,-7.105427357601E-15,0.,4.25909307821827E-13,                 1089P   1175
-7.105427357601E-15,-1.,6.98296267768627E-15,120.,                  1089P   1176
-4.96169340471387E-29,-6.98296267768627E-15,-1.,                    1089P   1177
32.0000000000004;                                                   1089P   1178
100,16.,5.,60.,8.5,60.,1.5,60.;                                     1091P   1179
102,2,1081,1087;                                                    1093P   1180
102,2,1085,1091;                                                    1095P   1181
142,1,1061,1093,1095,1;                                             1097P   1182
144,1061,1,1,1079,1097;                                             1099P   1183
128,1,1,1,1,0,0,1,0,0,0.,0.,1.,1.,0.,0.,1.,1.,1.,1.,1.,1.,0.,       1101P   1184
55.,-16.,10.06,55.,-16.,0.,65.06,-16.,10.06,65.06,-16.,0.,1.,       1101P   1185
0.,1.;                                                              1101P   1186
126,1,1,1,0,1,0,0.,0.,1.,1.,1.,1.,0.,0.,0.,0.497017893,0.,0.,       1103P   1187
0.,1.,0.,0.,1.;                                                     1103P   1188
110,0.,55.,-16.,5.,55.,-16.;                                        1105P   1189
126,64,2,1,0,1,0,0.,0.,0.,0.03125,0.03125,0.0625,0.0625,            1107P   1190
0.09375,0.09375,0.125,0.125,0.15625,0.15625,0.1875,0.1875,          1107P   1191
0.21875,0.21875,0.25,0.25,0.28125,0.28125,0.3125,0.3125,            1107P   1192
0.34375,0.34375,0.375,0.375,0.40625,0.40625,0.4375,0.4375,          1107P   1193
0.46875,0.46875,0.5,0.5,0.53125,0.53125,0.5625,0.5625,0.59375,      1107P   1194
0.59375,0.625,0.625,0.65625,0.65625,0.6875,0.6875,0.71875,          1107P   1195
0.71875,0.75,0.75,0.78125,0.78125,0.8125,0.8125,0.84375,            1107P   1196
0.84375,0.875,0.875,0.90625,0.90625,0.9375,0.9375,0.96875,          1107P   1197
0.96875,1.,1.,1.,1.,1.,1.,1.,1.,1.,1.,1.,1.,1.,1.,1.,1.,1.,1.,      1107P   1198
1.,1.,1.,1.,1.,1.,1.,1.,1.,1.,1.,1.,1.,1.,1.,1.,1.,1.,1.,1.,1.,     1107P   1199
1.,1.,1.,1.,1.,1.,1.,1.,1.,1.,1.,1.,1.,1.,1.,1.,1.,1.,1.,1.,1.,     1107P   1200
1.,1.,1.,1.,1.,1.,1.,1.,0.497017893,0.,0.,0.533680135,0.,0.,        1107P   1201
0.569945564,0.005379468,0.,0.606210993,0.010758936,0.,              1107P   1202
0.641294571,0.021401424,0.,0.67637815,0.032043911,0.,               1107P   1203
0.709520424,0.047719039,0.,0.742662699,0.063394168,0.,              1107P   1204
0.773146239,0.083762618,0.,0.803629779,0.104131069,0.,              1107P   1205
0.830794709,0.128751926,0.,0.857959639,0.153372783,0.,              1107P   1206
0.881217919,0.181713079,0.,0.904476199,0.210053376,0.,              1107P   1207
0.923324359,0.24149963,0.,0.942172518,0.272945884,0.,               1107P   1208
0.956202551,0.30681738,0.,0.970232584,0.340688875,0.,               1107P   1209
0.979140782,0.376252396,0.,0.98804898,0.411815917,0.,               1107P   1210
0.991642508,0.44830162,0.,0.995236036,0.484787324,0.,               1107P   1211
0.993437105,0.521405405,0.,0.991638175,0.558023486,0.,              1107P   1212
0.984485726,0.593981273,0.,0.977333277,0.629939061,0.,              1107P   1213
0.96498214,0.664458178,0.,0.952631002,0.698977294,0.,               1107P   1214
0.935348541,0.731310505,0.,0.91806608,0.763643716,0.,               1107P   1215
0.896226407,0.793091106,0.,0.874386735,0.822538495,0.,              1107P   1216
0.848462615,0.848462615,0.,0.822538495,0.874386735,0.,              1107P   1217
0.793091106,0.896226407,0.,0.763643716,0.91806608,0.,               1107P   1218
0.731310505,0.935348541,0.,0.698977294,0.952631002,0.,              1107P   1219
0.664458178,0.96498214,0.,0.629939061,0.977333277,0.,               1107P   1220
0.593981273,0.984485726,0.,0.558023486,0.991638175,0.,              1107P   1221
0.521405405,0.993437105,0.,0.484787324,0.995236036,0.,              1107P   1222
0.44830162,0.991642508,0.,0.411815917,0.98804898,0.,                1107P   1223
0.376252396,0.979140782,0.,0.340688875,0.970232584,0.,              1107P   1224
0.30681738,0.956202551,0.,0.272945884,0.942172518,0.,               1107P   1225
0.24149963,0.923324359,0.,0.210053376,0.904476199,0.,               1107P   1226
0.181713079,0.881217919,0.,0.153372783,0.857959639,0.,              1107P   1227
0.128751926,0.830794709,0.,0.104131069,0.803629779,0.,              1107P   1228
0.083762618,0.773146239,0.,0.063394168,0.742662699,0.,              1107P   1229
0.047719039,0.709520424,0.,0.032043911,0.67637815,0.,               1107P   1230
0.021401424,0.641294571,0.,0.010758936,0.606210993,0.,              1107P   1231
0.005379468,0.569945564,0.,0.,0.533680135,0.,0.,0.497017893,0.,     1107P   1232
0.,1.,0.,0.,-1.;                                                    1107P   1233
100,-16.,5.,60.,5.,55.,0.,60.;                                      1109P   1234
126,1,1,1,0,1,0,0.,0.,1.,1.,1.,1.,0.,0.497017893,0.,0.,0.,0.,       1111P   1235
0.,1.,0.,0.,1.;                                                     1111P   1236
110,0.,60.,-16.,0.,55.,-16.;                                        1113P   1237
102,3,1103,1107,1111;                                               1115P   1238
102,3,1105,1109,1113;                                               1117P   1239
142,1,1101,1115,1117,1;                                             1119P   1240
126,32,2,1,0,1,0,0.,0.,0.,0.0625,0.0625,0.125,0.125,0.1875,         1121P   1241
0.1875,0.25,0.25,0.3125,0.3125,0.375,0.375,0.4375,0.4375,0.5,       1121P   1242
0.5,0.5625,0.5625,0.625,0.625,0.6875,0.6875,0.75,0.75,0.8125,       1121P   1243
0.8125,0.875,0.875,0.9375,0.9375,1.,1.,1.,1.,1.,1.,1.,1.,1.,1.,     1121P   1244
1.,1.,1.,1.,1.,1.,1.,1.,1.,1.,1.,1.,1.,1.,1.,1.,1.,1.,1.,1.,1.,     1121P   1245
1.,1.,1.,1.,1.,0.844930417,0.497017893,0.,0.844930417,              1121P   1246
0.4627515,0.,0.838245376,0.429143526,0.,0.831560334,                1121P   1247
0.395535552,0.,0.818447153,0.363877533,0.,0.805333973,              1121P   1248
0.332219514,0.,0.786296585,0.30372805,0.,0.767259197,               1121P   1249
0.275236586,0.,0.743029198,0.251006587,0.,0.718799199,              1121P   1250
0.226776588,0.,0.690307735,0.2077392,0.,0.661816271,                1121P   1251
0.188701813,0.,0.630158252,0.175588632,0.,0.598500233,              1121P   1252
0.162475451,0.,0.564892259,0.155790409,0.,0.531284285,              1121P   1253
0.149105368,0.,0.497017893,0.149105368,0.,0.4627515,                1121P   1254
0.149105368,0.,0.429143526,0.155790409,0.,0.395535552,              1121P   1255
0.162475451,0.,0.363877533,0.175588632,0.,0.332219514,              1121P   1256
0.188701813,0.,0.30372805,0.2077392,0.,0.275236586,0.226776588,     1121P   1257
0.,0.251006587,0.251006587,0.,0.226776588,0.275236586,0.,           1121P   1258
0.2077392,0.30372805,0.,0.188701813,0.332219514,0.,0.175588632,     1121P   1259
0.363877533,0.,0.162475451,0.395535552,0.,0.155790409,              1121P   1260
0.429143526,0.,0.149105368,0.4627515,0.,0.149105368,                1121P   1261
0.497017893,0.,0.,1.,0.,0.,1.;                                      1121P   1262
124,1.,-7.105427357601E-15,0.,4.25909307821825E-13,                 1123P   1263
-7.105427357601E-15,-1.,6.98296267768627E-15,120.,                  1123P   1264
-4.96169340471387E-29,-6.98296267768627E-15,-1.,                    1123P   1265
-31.9999999999996;                                                  1123P   1266
100,-16.,5.,60.,8.5,60.,1.5,60.;                                    1125P   1267
126,32,2,1,0,1,0,0.,0.,0.,0.0625,0.0625,0.125,0.125,0.1875,         1127P   1268
0.1875,0.25,0.25,0.3125,0.3125,0.375,0.375,0.4375,0.4375,0.5,       1127P   1269
0.5,0.5625,0.5625,0.625,0.625,0.6875,0.6875,0.75,0.75,0.8125,       1127P   1270
0.8125,0.875,0.875,0.9375,0.9375,1.,1.,1.,1.,1.,1.,1.,1.,1.,1.,     1127P   1271
1.,1.,1.,1.,1.,1.,1.,1.,1.,1.,1.,1.,1.,1.,1.,1.,1.,1.,1.,1.,1.,     1127P   1272
1.,1.,1.,1.,1.,0.149105368,0.497017893,0.,0.149105368,              1127P   1273
0.531284285,0.,0.155790409,0.564892259,0.,0.162475451,              1127P   1274
0.598500233,0.,0.175588632,0.630158252,0.,0.188701813,              1127P   1275
0.661816271,0.,0.2077392,0.690307735,0.,0.226776588,                1127P   1276
0.718799199,0.,0.251006587,0.743029198,0.,0.275236586,              1127P   1277
0.767259197,0.,0.30372805,0.786296585,0.,0.332219514,               1127P   1278
0.805333973,0.,0.363877533,0.818447153,0.,0.395535552,              1127P   1279
0.831560334,0.,0.429143526,0.838245376,0.,0.4627515,                1127P   1280
0.844930417,0.,0.497017893,0.844930417,0.,0.531284285,              1127P   1281
0.844930417,0.,0.564892259,0.838245376,0.,0.598500233,              1127P   1282
0.831560334,0.,0.630158252,0.818447153,0.,0.661816271,              1127P   1283
0.805333973,0.,0.690307735,0.786296585,0.,0.718799199,              1127P   1284
0.767259197,0.,0.743029198,0.743029198,0.,0.767259197,              1127P   1285
0.718799199,0.,0.786296585,0.690307735,0.,0.805333973,              1127P   1286
0.661816271,0.,0.818447153,0.630158252,0.,0.831560334,              1127P   1287
0.598500233,0.,0.838245376,0.564892259,0.,0.844930417,              1127P   1288
0.531284285,0.,0.844930417,0.497017893,0.,0.,1.,0.,0.,1.;           1127P   1289
124,-1.,-6.98296267768627E-15,0.,10.0000000000004,                  1129P   1290
-6.98296267768627E-15,1.,-6.98296267768627E-15,                     1129P   1291
-7.72973459661125E-14,4.87617677579594E-29,                         1129P   1292
-6.98296267768627E-15,-1.,-31.9999999999996;                        1129P   1293
100,-16.,5.,60.,8.5,60.,1.5,60.;                                    1131P   1294
102,2,1121,1127;                                                    1133P   1295
102,2,1125,1131;                                                    1135P   1296
142,1,1101,1133,1135,1;                                             1137P   1297
144,1101,1,1,1119,1137;                                             1139P   1298
128,1,1,1,1,0,0,1,0,0,0.,0.,1.,1.,0.,0.,1.,1.,1.,1.,1.,1.,0.,       1141P   1299
55.,16.,0.,55.,-16.,5.,55.,16.,5.,55.,-16.,0.,1.,0.,1.;             1141P   1300
126,1,1,1,0,1,0,0.,0.,1.,1.,1.,1.,1.,0.,0.,1.,1.,0.,0.,1.,0.,       1143P   1301
0.,1.;                                                              1143P   1302
110,0.,55.,-16.,5.,55.,-16.;                                        1145P   1303
126,1,1,1,0,1,0,0.,0.,1.,1.,1.,1.,1.,1.,0.,0.,1.,0.,0.,1.,0.,       1147P   1304
0.,1.;                                                              1147P   1305
110,5.,55.,-16.,5.,55.,16.;                                         1149P   1306
126,1,1,1,0,1,0,0.,0.,1.,1.,1.,1.,0.,1.,0.,0.,0.,0.,0.,1.,0.,       1151P   1307
0.,1.;                                                              1151P   1308
110,5.,55.,16.,0.,55.,16.;                                          1153P   1309
126,1,1,1,0,1,0,0.,0.,1.,1.,1.,1.,0.,0.,0.,1.,0.,0.,0.,1.,0.,       1155P   1310
0.,1.;                                                              1155P   1311
110,0.,55.,16.,0.,55.,-16.;                                         1157P   1312
102,4,1143,1147,1151,1155;                                          1159P   1313
102,4,1145,1149,1153,1157;                                          1161P   1314
142,1,1141,1159,1161,1;                                             1163P   1315
144,1141,1,0,1163;                                                  1165P   1316
128,1,1,1,1,0,0,1,0,0,0.,0.,1.,1.,0.,0.,1.,1.,1.,1.,1.,1.,0.,       1167P   1317
55.,44.,0.,55.,75.,5.,55.,44.,5.,55.,75.,0.,1.,0.,1.;               1167P   1318
126,1,1,1,0,1,0,0.,0.,1.,1.,1.,1.,1.,0.,0.,1.,1.,0.,0.,1.,0.,       1169P   1319
0.,1.;                                                              1169P   1320
110,0.,55.,75.,5.,55.,75.;                                          1171P   1321
126,1,1,1,0,1,0,0.,0.,1.,1.,1.,1.,1.,1.,0.,0.,1.,0.,0.,1.,0.,       1173P   1322
0.,1.;                                                              1173P   1323
110,5.,55.,75.,5.,55.,44.;                                          1175P   1324
126,1,1,1,0,1,0,0.,0.,1.,1.,1.,1.,0.,1.,0.,0.,0.,0.,0.,1.,0.,       1177P   1325
0.,1.;                                                              1177P   1326
110,5.,55.,44.,0.,55.,44.;                                          1179P   1327
126,1,1,1,0,1,0,0.,0.,1.,1.,1.,1.,0.,0.,0.,1.,0.,0.,0.,1.,0.,       1181P   1328
0.,1.;                                                              1181P   1329
110,0.,55.,44.,0.,55.,75.;                                          1183P   1330
102,4,1169,1173,1177,1181;                                          1185P   1331
102,4,1171,1175,1179,1183;                                          1187P   1332
142,1,1167,1185,1187,1;                                             1189P   1333
144,1167,1,0,1189;                                                  1191P   1334
128,1,1,1,1,0,0,1,0,0,0.,0.,1.,1.,0.,0.,1.,1.,1.,1.,1.,1.,          1193P   1335
10.06,55.,44.,0.,55.,44.,10.06,65.06,44.,0.,65.06,44.,0.,1.,0.,     1193P   1336
1.;                                                                 1193P   1337
126,1,1,1,0,1,0,0.,0.,1.,1.,1.,1.,0.502982107,0.,0.,1.,0.,0.,       1195P   1338
0.,1.,0.,0.,1.;                                                     1195P   1339
110,5.,55.,44.,0.,55.,44.;                                          1197P   1340
126,1,1,1,0,1,0,0.,0.,1.,1.,1.,1.,1.,0.,0.,1.,0.497017893,0.,       1199P   1341
0.,1.,0.,0.,1.;                                                     1199P   1342
110,0.,55.,44.,0.,60.,44.;                                          1201P   1343
126,64,2,1,0,1,0,0.,0.,0.,0.03125,0.03125,0.0625,0.0625,            1203P   1344
0.09375,0.09375,0.125,0.125,0.15625,0.15625,0.1875,0.1875,          1203P   1345
0.21875,0.21875,0.25,0.25,0.28125,0.28125,0.3125,0.3125,            1203P   1346
0.34375,0.34375,0.375,0.375,0.40625,0.40625,0.4375,0.4375,          1203P   1347
0.46875,0.46875,0.5,0.5,0.53125,0.53125,0.5625,0.5625,0.59375,      1203P   1348
0.59375,0.625,0.625,0.65625,0.65625,0.6875,0.6875,0.71875,          1203P   1349
0.71875,0.75,0.75,0.78125,0.78125,0.8125,0.8125,0.84375,            1203P   1350
0.84375,0.875,0.875,0.90625,0.90625,0.9375,0.9375,0.96875,          1203P   1351
0.96875,1.,1.,1.,1.,1.,1.,1.,1.,1.,1.,1.,1.,1.,1.,1.,1.,1.,1.,      1203P   1352
1.,1.,1.,1.,1.,1.,1.,1.,1.,1.,1.,1.,1.,1.,1.,1.,1.,1.,1.,1.,1.,     1203P   1353
1.,1.,1.,1.,1.,1.,1.,1.,1.,1.,1.,1.,1.,1.,1.,1.,1.,1.,1.,1.,1.,     1203P   1354
1.,1.,1.,1.,1.,1.,1.,1.,1.,0.497017893,0.,1.,0.533680135,0.,        1203P   1355
0.994620532,0.569945564,0.,0.989241064,0.606210993,0.,              1203P   1356
0.978598576,0.641294571,0.,0.967956089,0.67637815,0.,               1203P   1357
0.952280961,0.709520424,0.,0.936605832,0.742662699,0.,              1203P   1358
0.916237382,0.773146239,0.,0.895868931,0.803629779,0.,              1203P   1359
0.871248074,0.830794709,0.,0.846627217,0.857959639,0.,              1203P   1360
0.818286921,0.881217919,0.,0.789946624,0.904476199,0.,              1203P   1361
0.75850037,0.923324359,0.,0.727054116,0.942172518,0.,               1203P   1362
0.69318262,0.956202551,0.,0.659311125,0.970232584,0.,               1203P   1363
0.623747604,0.979140782,0.,0.588184083,0.98804898,0.,               1203P   1364
0.55169838,0.991642508,0.,0.515212676,0.995236036,0.,               1203P   1365
0.478594595,0.993437105,0.,0.441976514,0.991638175,0.,              1203P   1366
0.406018727,0.984485726,0.,0.370060939,0.977333277,0.,              1203P   1367
0.335541822,0.96498214,0.,0.301022706,0.952631002,0.,               1203P   1368
0.268689495,0.935348541,0.,0.236356284,0.91806608,0.,               1203P   1369
0.206908894,0.896226407,0.,0.177461505,0.874386735,0.,              1203P   1370
0.151537385,0.848462615,0.,0.125613265,0.822538495,0.,              1203P   1371
0.103773593,0.793091106,0.,0.08193392,0.763643716,0.,               1203P   1372
0.064651459,0.731310505,0.,0.047368998,0.698977294,0.,              1203P   1373
0.03501786,0.664458178,0.,0.022666723,0.629939061,0.,               1203P   1374
0.015514274,0.593981273,0.,0.008361825,0.558023486,0.,              1203P   1375
0.006562895,0.521405405,0.,0.004763964,0.484787324,0.,              1203P   1376
0.008357492,0.44830162,0.,0.01195102,0.411815917,0.,                1203P   1377
0.020859218,0.376252396,0.,0.029767416,0.340688875,0.,              1203P   1378
0.043797449,0.30681738,0.,0.057827482,0.272945884,0.,               1203P   1379
0.076675641,0.24149963,0.,0.095523801,0.210053376,0.,               1203P   1380
0.118782081,0.181713079,0.,0.142040361,0.153372783,0.,              1203P   1381
0.169205291,0.128751926,0.,0.196370221,0.104131069,0.,              1203P   1382
0.226853761,0.083762618,0.,0.257337301,0.063394168,0.,              1203P   1383
0.290479576,0.047719039,0.,0.32362185,0.032043911,0.,               1203P   1384
0.358705429,0.021401424,0.,0.393789007,0.010758936,0.,              1203P   1385
0.430054436,0.005379468,0.,0.466319865,0.,0.,0.502982107,0.,0.,     1203P   1386
0.,1.,0.,0.,-1.;                                                    1203P   1387
124,-1.,0.,-6.98296267768627E-15,10.0000000000003,0.,1.,0.,0.,      1205P   1388
6.98296267768627E-15,0.,-1.,88.;                                    1205P   1389
100,44.,5.,60.,10.,60.,5.,55.;                                      1207P   1390
102,3,1195,1199,1203;                                               1209P   1391
102,3,1197,1201,1207;                                               1211P   1392
142,1,1193,1209,1211,1;                                             1213P   1393
126,32,2,1,0,1,0,0.,0.,0.,0.0625,0.0625,0.125,0.125,0.1875,         1215P   1394
0.1875,0.25,0.25,0.3125,0.3125,0.375,0.375,0.4375,0.4375,0.5,       1215P   1395
0.5,0.5625,0.5625,0.625,0.625,0.6875,0.6875,0.75,0.75,0.8125,       1215P   1396
0.8125,0.875,0.875,0.9375,0.9375,1.,1.,1.,1.,1.,1.,1.,1.,1.,1.,     1215P   1397
1.,1.,1.,1.,1.,1.,1.,1.,1.,1.,1.,1.,1.,1.,1.,1.,1.,1.,1.,1.,1.,     1215P   1398
1.,1.,1.,1.,1.,0.850894632,0.497017893,0.,0.850894632,              1215P   1399
0.4627515,0.,0.844209591,0.429143526,0.,0.837524549,                1215P   1400
0.395535552,0.,0.824411368,0.363877533,0.,0.811298187,              1215P   1401
0.332219514,0.,0.7922608,0.30372805,0.,0.773223412,0.275236586,     1215P   1402
0.,0.748993413,0.251006587,0.,0.724763414,0.226776588,0.,           1215P   1403
0.69627195,0.2077392,0.,0.667780486,0.188701813,0.,0.636122467,     1215P   1404
0.175588632,0.,0.604464448,0.162475451,0.,0.570856474,              1215P   1405
0.155790409,0.,0.5372485,0.149105368,0.,0.502982107,                1215P   1406
0.149105368,0.,0.468715715,0.149105368,0.,0.435107741,              1215P   1407
0.155790409,0.,0.401499767,0.162475451,0.,0.369841748,              1215P   1408
0.175588632,0.,0.338183729,0.188701813,0.,0.309692265,              1215P   1409
0.2077392,0.,0.281200801,0.226776588,0.,0.256970802,                1215P   1410
0.251006587,0.,0.232740803,0.275236586,0.,0.213703415,              1215P   1411
0.30372805,0.,0.194666027,0.332219514,0.,0.181552847,               1215P   1412
0.363877533,0.,0.168439666,0.395535552,0.,0.161754624,              1215P   1413
0.429143526,0.,0.155069583,0.4627515,0.,0.155069583,                1215P   1414
0.497017893,0.,0.,1.,0.,0.,1.;                                      1215P   1415
100,44.,5.,60.,1.5,60.,8.5,60.;                                     1217P   1416
126,32,2,1,0,1,0,0.,0.,0.,0.0625,0.0625,0.125,0.125,0.1875,         1219P   1417
0.1875,0.25,0.25,0.3125,0.3125,0.375,0.375,0.4375,0.4375,0.5,       1219P   1418
0.5,0.5625,0.5625,0.625,0.625,0.6875,0.6875,0.75,0.75,0.8125,       1219P   1419
0.8125,0.875,0.875,0.9375,0.9375,1.,1.,1.,1.,1.,1.,1.,1.,1.,1.,     1219P   1420
1.,1.,1.,1.,1.,1.,1.,1.,1.,1.,1.,1.,1.,1.,1.,1.,1.,1.,1.,1.,1.,     1219P   1421
1.,1.,1.,1.,1.,0.155069583,0.497017893,0.,0.155069583,              1219P   1422
0.531284285,0.,0.161754624,0.564892259,0.,0.168439666,              1219P   1423
0.598500233,0.,0.181552847,0.630158252,0.,0.194666027,              1219P   1424
0.661816271,0.,0.213703415,0.690307735,0.,0.232740803,              1219P   1425
0.718799199,0.,0.256970802,0.743029198,0.,0.281200801,              1219P   1426
0.767259197,0.,0.309692265,0.786296585,0.,0.338183729,              1219P   1427
0.805333973,0.,0.369841748,0.818447153,0.,0.401499767,              1219P   1428
0.831560334,0.,0.435107741,0.838245376,0.,0.468715715,              1219P   1429
0.844930417,0.,0.502982107,0.844930417,0.,0.5372485,                1219P   1430
0.844930417,0.,0.570856474,0.838245376,0.,0.604464448,              1219P   1431
0.831560334,0.,0.636122467,0.818447153,0.,0.667780486,              1219P   1432
0.805333973,0.,0.69627195,0.786296585,0.,0.724763414,               1219P   1433
0.767259197,0.,0.748993413,0.743029198,0.,0.773223412,              1219P   1434
0.718799199,0.,0.7922608,0.690307735,0.,0.811298187,                1219P   1435
0.661816271,0.,0.824411368,0.630158252,0.,0.837524549,              1219P   1436
0.598500233,0.,0.844209591,0.564892259,0.,0.850894632,              1219P   1437
0.531284285,0.,0.850894632,0.497017893,0.,0.,1.,0.,0.,1.;           1219P   1438
100,44.,5.,60.,8.5,60.,1.5,60.;                                     1221P   1439
102,2,1215,1219;                                                    1223P   1440
102,2,1217,1221;                                                    1225P   1441
142,1,1193,1223,1225,1;                                             1227P   1442
144,1193,1,1,1213,1227;                                             1229P   1443
128,1,1,1,1,0,0,1,0,0,0.,0.,1.,1.,0.,0.,1.,1.,1.,1.,1.,1.,          1231P   1444
10.06,55.,-44.,0.,55.,-44.,10.06,65.06,-44.,0.,65.06,-44.,0.,       1231P   1445
1.,0.,1.;                                                           1231P   1446
126,64,2,1,0,1,0,0.,0.,0.,0.03125,0.03125,0.0625,0.0625,            1233P   1447
0.09375,0.09375,0.125,0.125,0.15625,0.15625,0.1875,0.1875,          1233P   1448
0.21875,0.21875,0.25,0.25,0.28125,0.28125,0.3125,0.3125,            1233P   1449
0.34375,0.34375,0.375,0.375,0.40625,0.40625,0.4375,0.4375,          1233P   1450
0.46875,0.46875,0.5,0.5,0.53125,0.53125,0.5625,0.5625,0.59375,      1233P   1451
0.59375,0.625,0.625,0.65625,0.65625,0.6875,0.6875,0.71875,          1233P   1452
0.71875,0.75,0.75,0.78125,0.78125,0.8125,0.8125,0.84375,            1233P   1453
0.84375,0.875,0.875,0.90625,0.90625,0.9375,0.9375,0.96875,          1233P   1454
0.96875,1.,1.,1.,1.,1.,1.,1.,1.,1.,1.,1.,1.,1.,1.,1.,1.,1.,1.,      1233P   1455
1.,1.,1.,1.,1.,1.,1.,1.,1.,1.,1.,1.,1.,1.,1.,1.,1.,1.,1.,1.,1.,     1233P   1456
1.,1.,1.,1.,1.,1.,1.,1.,1.,1.,1.,1.,1.,1.,1.,1.,1.,1.,1.,1.,1.,     1233P   1457
1.,1.,1.,1.,1.,1.,1.,1.,1.,0.497017893,0.,1.,0.533680135,0.,        1233P   1458
0.994620532,0.569945564,0.,0.989241064,0.606210993,0.,              1233P   1459
0.978598576,0.641294571,0.,0.967956089,0.67637815,0.,               1233P   1460
0.952280961,0.709520424,0.,0.936605832,0.742662699,0.,              1233P   1461
0.916237382,0.773146239,0.,0.895868931,0.803629779,0.,              1233P   1462
0.871248074,0.830794709,0.,0.846627217,0.857959639,0.,              1233P   1463
0.818286921,0.881217919,0.,0.789946624,0.904476199,0.,              1233P   1464
0.75850037,0.923324359,0.,0.727054116,0.942172518,0.,               1233P   1465
0.69318262,0.956202551,0.,0.659311125,0.970232584,0.,               1233P   1466
0.623747604,0.979140782,0.,0.588184083,0.98804898,0.,               1233P   1467
0.55169838,0.991642508,0.,0.515212676,0.995236036,0.,               1233P   1468
0.478594595,0.993437105,0.,0.441976514,0.991638175,0.,              1233P   1469
0.406018727,0.984485726,0.,0.370060939,0.977333277,0.,              1233P   1470
0.335541822,0.96498214,0.,0.301022706,0.952631002,0.,               1233P   1471
0.268689495,0.935348541,0.,0.236356284,0.91806608,0.,               1233P   1472
0.206908894,0.896226407,0.,0.177461505,0.874386735,0.,              1233P   1473
0.151537385,0.848462615,0.,0.125613265,0.822538495,0.,              1233P   1474
0.103773593,0.793091106,0.,0.08193392,0.763643716,0.,               1233P   1475
0.064651459,0.731310505,0.,0.047368998,0.698977294,0.,              1233P   1476
0.03501786,0.664458178,0.,0.022666723,0.629939061,0.,               1233P   1477
0.015514274,0.593981273,0.,0.008361825,0.558023486,0.,              1233P   1478
0.006562895,0.521405405,0.,0.004763964,0.484787324,0.,              1233P   1479
0.008357492,0.44830162,0.,0.01195102,0.411815917,0.,                1233P   1480
0.020859218,0.376252396,0.,0.029767416,0.340688875,0.,              1233P   1481
0.043797449,0.30681738,0.,0.057827482,0.272945884,0.,               1233P   1482
0.076675641,0.24149963,0.,0.095523801,0.210053376,0.,               1233P   1483
0.118782081,0.181713079,0.,0.142040361,0.153372783,0.,              1233P   1484
0.169205291,0.128751926,0.,0.196370221,0.104131069,0.,              1233P   1485
0.226853761,0.083762618,0.,0.257337301,0.063394168,0.,              1233P   1486
0.290479576,0.047719039,0.,0.32362185,0.032043911,0.,               1233P   1487
0.358705429,0.021401424,0.,0.393789007,0.010758936,0.,              1233P   1488
0.430054436,0.005379468,0.,0.466319865,0.,0.,0.502982107,0.,0.,     1233P   1489
0.,1.,0.,0.,-1.;                                                    1233P   1490
124,-1.,0.,-6.98296267768627E-15,9.99999999999969,0.,1.,0.,0.,      1235P   1491
6.98296267768627E-15,0.,-1.,-88.;                                   1235P   1492
100,-44.,5.,60.,10.,60.,5.,55.;                                     1237P   1493
126,1,1,1,0,1,0,0.,0.,1.,1.,1.,1.,0.502982107,0.,0.,1.,0.,0.,       1239P   1494
0.,1.,0.,0.,1.;                                                     1239P   1495
110,5.,55.,-44.,0.,55.,-44.;                                        1241P   1496
126,1,1,1,0,1,0,0.,0.,1.,1.,1.,1.,1.,0.,0.,1.,0.497017893,0.,       1243P   1497
0.,1.,0.,0.,1.;                                                     1243P   1498
110,0.,55.,-44.,0.,60.,-44.;                                        1245P   1499
102,3,1233,1239,1243;                                               1247P   1500
102,3,1237,1241,1245;                                               1249P   1501
142,1,1231,1247,1249,1;                                             1251P   1502
126,32,2,1,0,1,0,0.,0.,0.,0.0625,0.0625,0.125,0.125,0.1875,         1253P   1503
0.1875,0.25,0.25,0.3125,0.3125,0.375,0.375,0.4375,0.4375,0.5,       1253P   1504
0.5,0.5625,0.5625,0.625,0.625,0.6875,0.6875,0.75,0.75,0.8125,       1253P   1505
0.8125,0.875,0.875,0.9375,0.9375,1.,1.,1.,1.,1.,1.,1.,1.,1.,1.,     1253P   1506
1.,1.,1.,1.,1.,1.,1.,1.,1.,1.,1.,1.,1.,1.,1.,1.,1.,1.,1.,1.,1.,     1253P   1507
1.,1.,1.,1.,1.,0.155069583,0.497017893,0.,0.155069583,              1253P   1508
0.531284285,0.,0.161754624,0.564892259,0.,0.168439666,              1253P   1509
0.598500233,0.,0.181552847,0.630158252,0.,0.194666027,              1253P   1510
0.661816271,0.,0.213703415,0.690307735,0.,0.232740803,              1253P   1511
0.718799199,0.,0.256970802,0.743029198,0.,0.281200801,              1253P   1512
0.767259197,0.,0.309692265,0.786296585,0.,0.338183729,              1253P   1513
0.805333973,0.,0.369841748,0.818447153,0.,0.401499767,              1253P   1514
0.831560334,0.,0.435107741,0.838245376,0.,0.468715715,              1253P   1515
0.844930417,0.,0.502982107,0.844930417,0.,0.5372485,                1253P   1516
0.844930417,0.,0.570856474,0.838245376,0.,0.604464448,              1253P   1517
0.831560334,0.,0.636122467,0.818447153,0.,0.667780486,              1253P   1518
0.805333973,0.,0.69627195,0.786296585,0.,0.724763414,               1253P   1519
0.767259197,0.,0.748993413,0.743029198,0.,0.773223412,              1253P   1520
0.718799199,0.,0.7922608,0.690307735,0.,0.811298187,                1253P   1521
0.661816271,0.,0.824411368,0.630158252,0.,0.837524549,              1253P   1522
0.598500233,0.,0.844209591,0.564892259,0.,0.850894632,              1253P   1523
0.531284285,0.,0.850894632,0.497017893,0.,0.,1.,0.,0.,1.;           1253P   1524
100,-44.,5.,60.,8.5,60.,1.5,60.;                                    1255P   1525
126,32,2,1,0,1,0,0.,0.,0.,0.0625,0.0625,0.125,0.125,0.1875,         1257P   1526
0.1875,0.25,0.25,0.3125,0.3125,0.375,0.375,0.4375,0.4375,0.5,       1257P   1527
0.5,0.5625,0.5625,0.625,0.625,0.6875,0.6875,0.75,0.75,0.8125,       1257P   1528
0.8125,0.875,0.875,0.9375,0.9375,1.,1.,1.,1.,1.,1.,1.,1.,1.,1.,     1257P   1529
1.,1.,1.,1.,1.,1.,1.,1.,1.,1.,1.,1.,1.,1.,1.,1.,1.,1.,1.,1.,1.,     1257P   1530
1.,1.,1.,1.,1.,0.850894632,0.497017893,0.,0.850894632,              1257P   1531
0.4627515,0.,0.844209591,0.429143526,0.,0.837524549,                1257P   1532
0.395535552,0.,0.824411368,0.363877533,0.,0.811298187,              1257P   1533
0.332219514,0.,0.7922608,0.30372805,0.,0.773223412,0.275236586,     1257P   1534
0.,0.748993413,0.251006587,0.,0.724763414,0.226776588,0.,           1257P   1535
0.69627195,0.2077392,0.,0.667780486,0.188701813,0.,0.636122467,     1257P   1536
0.175588632,0.,0.604464448,0.162475451,0.,0.570856474,              1257P   1537
0.155790409,0.,0.5372485,0.149105368,0.,0.502982107,                1257P   1538
0.149105368,0.,0.468715715,0.149105368,0.,0.435107741,              1257P   1539
0.155790409,0.,0.401499767,0.162475451,0.,0.369841748,              1257P   1540
0.175588632,0.,0.338183729,0.188701813,0.,0.309692265,              1257P   1541
0.2077392,0.,0.281200801,0.226776588,0.,0.256970802,                1257P   1542
0.251006587,0.,0.232740803,0.275236586,0.,0.213703415,              1257P   1543
0.30372805,0.,0.194666027,0.332219514,0.,0.181552847,               1257P   1544
0.363877533,0.,0.168439666,0.395535552,0.,0.161754624,              1257P   1545
0.429143526,0.,0.155069583,0.4627515,0.,0.155069583,                1257P   1546
0.497017893,0.,0.,1.,0.,0.,1.;                                      1257P   1547
100,-44.,5.,60.,1.5,60.,8.5,60.;                                    1259P   1548
102,2,1253,1257;                                                    1261P   1549
102,2,1255,1259;                                                    1263P   1550
142,1,1231,1261,1263,1;                                             1265P   1551
144,1231,1,1,1251,1265;                                             1267P   1552
128,1,1,1,1,0,0,1,0,0,0.,0.,1.,1.,0.,0.,1.,1.,1.,1.,1.,1.,0.,       1269P   1553
55.,-75.,0.,55.,-44.,5.,55.,-75.,5.,55.,-44.,0.,1.,0.,1.;           1269P   1554
126,1,1,1,0,1,0,0.,0.,1.,1.,1.,1.,1.,0.,0.,1.,1.,0.,0.,1.,0.,       1271P   1555
0.,1.;                                                              1271P   1556
110,0.,55.,-44.,5.,55.,-44.;                                        1273P   1557
126,1,1,1,0,1,0,0.,0.,1.,1.,1.,1.,1.,1.,0.,0.,1.,0.,0.,1.,0.,       1275P   1558
0.,1.;                                                              1275P   1559
110,5.,55.,-44.,5.,55.,-75.;                                        1277P   1560
126,1,1,1,0,1,0,0.,0.,1.,1.,1.,1.,0.,1.,0.,0.,0.,0.,0.,1.,0.,       1279P   1561
0.,1.;                                                              1279P   1562
110,5.,55.,-75.,0.,55.,-75.;                                        1281P   1563
126,1,1,1,0,1,0,0.,0.,1.,1.,1.,1.,0.,0.,0.,1.,0.,0.,0.,1.,0.,       1283P   1564
0.,1.;                                                              1283P   1565
110,0.,55.,-75.,0.,55.,-44.;                                        1285P   1566
102,4,1271,1275,1279,1283;                                          1287P   1567
102,4,1273,1277,1281,1285;                                          1289P   1568
142,1,1269,1287,1289,1;                                             1291P   1569
144,1269,1,0,1291;                                                  1293P   1570
S      1G      4D   1294P   1570                                        T      1
