ISO-10303-21;
HEADER;
FILE_DESCRIPTION (( 'STEP AP203' ),
    '1' );
FILE_NAME ('支承导轨电气接线辅材.STEP',
    '2020-03-20T01:23:09',
    ( '微软用户' ),
    ( '微软中国' ),
    'SwSTEP 2.0',
    'SolidWorks 2018',
    '' );
FILE_SCHEMA (( 'CONFIG_CONTROL_DESIGN' ));
ENDSEC;

DATA;
#1 = VECTOR ( 'NONE', #2063, 1000.000000000000000 ) ;
#2 = LOCAL_TIME ( 9, 23, 9.000000000000000000, #639 ) ;
#3 = AXIS2_PLACEMENT_3D ( 'NONE', #535, #300, #2221 ) ;
#4 = CARTESIAN_POINT ( 'NONE',  ( 25.77499999999999503, 0.9999999999999991118, 3.150000000000003020 ) ) ;
#5 = LINE ( 'NONE', #1830, #1218 ) ;
#6 = DIRECTION ( 'NONE',  ( -0.0000000000000000000, 1.000000000000000000, -8.673617379884035472E-18 ) ) ;
#7 = CARTESIAN_POINT ( 'NONE',  ( 583.0749999999999318, 0.9999999999999991118, 3.149999999995978683 ) ) ;
#8 = AXIS2_PLACEMENT_3D ( 'NONE', #3058, #1601, #150 ) ;
#9 = EDGE_CURVE ( 'NONE', #1873, #2851, #1642, .T. ) ;
#10 = VECTOR ( 'NONE', #402, 1000.000000000000000 ) ;
#11 = ORIENTED_EDGE ( 'NONE', *, *, #470, .F. ) ;
#12 = LINE ( 'NONE', #1564, #1225 ) ;
#13 = VERTEX_POINT ( 'NONE', #678 ) ;
#14 = VECTOR ( 'NONE', #2887, 1000.000000000000000 ) ;
#15 = FACE_OUTER_BOUND ( 'NONE', #1663, .T. ) ;
#16 = ORIENTED_EDGE ( 'NONE', *, *, #2956, .T. ) ;
#17 = DIRECTION ( 'NONE',  ( 1.000000000000000000, 0.0000000000000000000, -0.0000000000000000000 ) ) ;
#18 = CARTESIAN_POINT ( 'NONE',  ( 61.77499999999999858, -9.000000000000001776, -2.512999202229067107E-13 ) ) ;
#19 = LINE ( 'NONE', #54, #2439 ) ;
#20 = CARTESIAN_POINT ( 'NONE',  ( 0.0000000000000000000, 0.9999999999999991118, 11.50000000000000000 ) ) ;
#21 = VERTEX_POINT ( 'NONE', #2365 ) ;
#22 = DIRECTION ( 'NONE',  ( -0.0000000000000000000, 1.000000000000000000, -8.673617379884035472E-18 ) ) ;
#23 = VECTOR ( 'NONE', #2609, 1000.000000000000000 ) ;
#24 = CARTESIAN_POINT ( 'NONE',  ( 529.7749999999999773, 0.0000000000000000000, -3.150000000003519318 ) ) ;
#25 = CARTESIAN_POINT ( 'NONE',  ( 0.0000000000000000000, 1.999999999999998224, -12.50000000000000000 ) ) ;
#26 = VERTEX_POINT ( 'NONE', #2502 ) ;
#27 = CARTESIAN_POINT ( 'NONE',  ( 475.0749999999999886, 0.0000000000000000000, -3.268017859539792836E-12 ) ) ;
#28 = ORIENTED_EDGE ( 'NONE', *, *, #2200, .T. ) ;
#29 = PLANE ( 'NONE',  #1831 ) ;
#30 = EDGE_CURVE ( 'NONE', #2246, #55, #362, .T. ) ;
#31 = EDGE_CURVE ( 'NONE', #628, #1813, #2209, .T. ) ;
#32 = DIRECTION ( 'NONE',  ( 0.0000000000000000000, 0.0000000000000000000, 1.000000000000000000 ) ) ;
#33 = CARTESIAN_POINT ( 'NONE',  ( 601.7749999999999773, 0.9999999999999988898, -3.150000000004022915 ) ) ;
#34 = DIRECTION ( 'NONE',  ( 0.0000000000000000000, 1.000000000000000000, -0.0000000000000000000 ) ) ;
#35 = ORIENTED_EDGE ( 'NONE', *, *, #1083, .F. ) ;
#36 = ORIENTED_EDGE ( 'NONE', *, *, #390, .T. ) ;
#37 = CARTESIAN_POINT ( 'NONE',  ( 133.7749999999999773, -9.000000000000001776, -3.150000000000753975 ) ) ;
#38 = VECTOR ( 'NONE', #1871, 1000.000000000000000 ) ;
#39 = VECTOR ( 'NONE', #546, 1000.000000000000000 ) ;
#40 = ORIENTED_EDGE ( 'NONE', *, *, #787, .T. ) ;
#41 = VECTOR ( 'NONE', #804, 1000.000000000000000 ) ;
#42 = VERTEX_POINT ( 'NONE', #1887 ) ;
#43 = CARTESIAN_POINT ( 'NONE',  ( 439.0749999999999318, 0.0000000000000000000, 3.149999999996984101 ) ) ;
#44 = CARTESIAN_POINT ( 'NONE',  ( 610.0000000000000000, 5.500000000000000000, -14.50000000000000178 ) ) ;
#45 = DIRECTION ( 'NONE',  ( -0.0000000000000000000, 1.000000000000000000, -8.673617379884035472E-18 ) ) ;
#46 = ORIENTED_EDGE ( 'NONE', *, *, #470, .T. ) ;
#47 = LINE ( 'NONE', #265, #1497 ) ;
#48 = CC_DESIGN_APPROVAL ( #3025, ( #2530 ) ) ;
#49 = DIRECTION ( 'NONE',  ( 0.0000000000000000000, 0.0000000000000000000, 1.000000000000000000 ) ) ;
#50 = ORIENTED_EDGE ( 'NONE', *, *, #248, .F. ) ;
#51 = VECTOR ( 'NONE', #450, 1000.000000000000000 ) ;
#52 = ORIENTED_EDGE ( 'NONE', *, *, #995, .T. ) ;
#53 = ORIENTED_EDGE ( 'NONE', *, *, #2793, .F. ) ;
#54 = CARTESIAN_POINT ( 'NONE',  ( 115.0749999999999886, 0.9999999999999991118, 3.149999999999248068 ) ) ;
#55 = VERTEX_POINT ( 'NONE', #2868 ) ;
#56 = CIRCLE ( 'NONE', #1410, 3.150000000000000799 ) ;
#57 = EDGE_CURVE ( 'NONE', #437, #2196, #820, .T. ) ;
#58 = ORIENTED_EDGE ( 'NONE', *, *, #1261, .T. ) ;
#59 = LINE ( 'NONE', #2601, #626 ) ;
#60 = CARTESIAN_POINT ( 'NONE',  ( 0.0000000000000000000, 2.000000000000000000, 11.50000000000000000 ) ) ;
#61 = AXIS2_PLACEMENT_3D ( 'NONE', #1516, #2245, #809 ) ;
#62 = EDGE_CURVE ( 'NONE', #2143, #1282, #1367, .T. ) ;
#63 = EDGE_CURVE ( 'NONE', #1550, #1094, #2675, .T. ) ;
#64 = VERTEX_POINT ( 'NONE', #472 ) ;
#65 = VERTEX_POINT ( 'NONE', #705 ) ;
#66 = EDGE_CURVE ( 'NONE', #2689, #2880, #1945, .T. ) ;
#67 = EDGE_CURVE ( 'NONE', #83, #2963, #2578, .T. ) ;
#68 = ORIENTED_EDGE ( 'NONE', *, *, #3074, .T. ) ;
#69 = EDGE_LOOP ( 'NONE', ( #2540, #725, #693, #2469 ) ) ;
#70 = CARTESIAN_POINT ( 'NONE',  ( 421.7749999999999773, -9.000000000000001776, -3.150000000002765255 ) ) ;
#71 = CARTESIAN_POINT ( 'NONE',  ( 7.074999999999996625, -9.000000000000001776, 8.673617379884036705E-17 ) ) ;
#72 = DIRECTION ( 'NONE',  ( 0.0000000000000000000, 1.000000000000000000, -0.0000000000000000000 ) ) ;
#73 = VECTOR ( 'NONE', #629, 1000.000000000000000 ) ;
#74 = DIRECTION ( 'NONE',  ( -0.0000000000000000000, 1.000000000000000000, -8.673617379884035472E-18 ) ) ;
#75 = DIRECTION ( 'NONE',  ( 0.0000000000000000000, 0.0000000000000000000, -1.000000000000000000 ) ) ;
#76 = APPROVAL_DATE_TIME ( #729, #1886 ) ;
#77 = LINE ( 'NONE', #1446, #2565 ) ;
#78 = CARTESIAN_POINT ( 'NONE',  ( 0.0000000000000000000, 5.500000000000000000, 14.49999999999999822 ) ) ;
#79 = DIRECTION ( 'NONE',  ( -0.0000000000000000000, 1.000000000000000000, -8.673617379884035472E-18 ) ) ;
#80 = VECTOR ( 'NONE', #1591, 1000.000000000000000 ) ;
#81 = VERTEX_POINT ( 'NONE', #1676 ) ;
#82 = LINE ( 'NONE', #101, #1784 ) ;
#83 = VERTEX_POINT ( 'NONE', #1919 ) ;
#84 = VECTOR ( 'NONE', #2882, 1000.000000000000000 ) ;
#85 = DIRECTION ( 'NONE',  ( 0.0000000000000000000, 0.0000000000000000000, 1.000000000000000000 ) ) ;
#86 = LINE ( 'NONE', #2874, #1946 ) ;
#87 = EDGE_CURVE ( 'NONE', #409, #3144, #2506, .T. ) ;
#88 = ORIENTED_EDGE ( 'NONE', *, *, #1631, .F. ) ;
#89 = CIRCLE ( 'NONE', #2233, 3.150000000000001688 ) ;
#90 = EDGE_CURVE ( 'NONE', #1770, #2813, #655, .T. ) ;
#91 = VERTEX_POINT ( 'NONE', #3142 ) ;
#92 = DIRECTION ( 'NONE',  ( 0.0000000000000000000, 1.000000000000000000, -0.0000000000000000000 ) ) ;
#93 = CARTESIAN_POINT ( 'NONE',  ( 385.7749999999999773, 0.0000000000000000000, -3.150000000002513900 ) ) ;
#94 = VERTEX_POINT ( 'NONE', #1180 ) ;
#95 = CYLINDRICAL_SURFACE ( 'NONE', #2604, 3.150000000000000799 ) ;
#96 = APPROVAL_STATUS ( 'not_yet_approved' ) ;
#97 = ORIENTED_EDGE ( 'NONE', *, *, #401, .F. ) ;
#98 = AXIS2_PLACEMENT_3D ( 'NONE', #3059, #2327, #899 ) ;
#99 = AXIS2_PLACEMENT_3D ( 'NONE', #462, #1621, #1387 ) ;
#100 = ORIENTED_EDGE ( 'NONE', *, *, #874, .T. ) ;
#101 = CARTESIAN_POINT ( 'NONE',  ( 421.7749999999999773, 0.9999999999999991118, -3.150000000002765255 ) ) ;
#102 = AXIS2_PLACEMENT_3D ( 'NONE', #2648, #1191, #2899 ) ;
#103 = ORIENTED_EDGE ( 'NONE', *, *, #2171, .F. ) ;
#104 = VERTEX_POINT ( 'NONE', #2152 ) ;
#105 = VERTEX_POINT ( 'NONE', #1673 ) ;
#106 = DATE_TIME_ROLE ( 'classification_date' ) ;
#107 = LINE ( 'NONE', #667, #1968 ) ;
#108 = DIRECTION ( 'NONE',  ( 0.0000000000000000000, -8.673617379884035472E-18, -1.000000000000000000 ) ) ;
#109 = DIRECTION ( 'NONE',  ( 0.0000000000000000000, 4.336808689942013792E-16, -1.000000000000000000 ) ) ;
#110 = LINE ( 'NONE', #2232, #2619 ) ;
#111 = ORIENTED_EDGE ( 'NONE', *, *, #2785, .T. ) ;
#112 = CYLINDRICAL_SURFACE ( 'NONE', #1513, 3.150000000000001688 ) ;
#113 = VERTEX_POINT ( 'NONE', #2642 ) ;
#114 = AXIS2_PLACEMENT_3D ( 'NONE', #959, #2644, #1181 ) ;
#115 = EDGE_CURVE ( 'NONE', #2049, #1549, #2016, .T. ) ;
#116 = EDGE_CURVE ( 'NONE', #555, #2886, #1228, .T. ) ;
#117 = CIRCLE ( 'NONE', #2006, 3.150000000000001688 ) ;
#118 = DIRECTION ( 'NONE',  ( -0.0000000000000000000, 1.000000000000000000, -8.673617379884035472E-18 ) ) ;
#119 = VERTEX_POINT ( 'NONE', #2611 ) ;
#120 = EDGE_CURVE ( 'NONE', #2802, #3057, #1147, .T. ) ;
#121 = LINE ( 'NONE', #427, #699 ) ;
#122 = EDGE_CURVE ( 'NONE', #2477, #673, #1787, .T. ) ;
#123 = ORIENTED_EDGE ( 'NONE', *, *, #2663, .T. ) ;
#124 = ORIENTED_EDGE ( 'NONE', *, *, #682, .T. ) ;
#125 = DIRECTION ( 'NONE',  ( 0.0000000000000000000, 1.000000000000000000, -0.0000000000000000000 ) ) ;
#126 = ORIENTED_EDGE ( 'NONE', *, *, #2755, .F. ) ;
#127 = FACE_OUTER_BOUND ( 'NONE', #1910, .T. ) ;
#128 = ORIENTED_EDGE ( 'NONE', *, *, #1581, .T. ) ;
#129 = CARTESIAN_POINT ( 'NONE',  ( 610.0000000000000000, 7.500000000000000000, 14.49999999999999822 ) ) ;
#130 = CARTESIAN_POINT ( 'NONE',  ( 385.7749999999999773, 0.9999999999999991118, -2.513866563967055814E-12 ) ) ;
#131 = CIRCLE ( 'NONE', #346, 3.150000000000001688 ) ;
#132 = DIRECTION ( 'NONE',  ( -0.0000000000000000000, 1.000000000000000000, -8.673617379884035472E-18 ) ) ;
#133 = ORIENTED_EDGE ( 'NONE', *, *, #3125, .F. ) ;
#134 = ORIENTED_EDGE ( 'NONE', *, *, #2452, .T. ) ;
#135 = CARTESIAN_POINT ( 'NONE',  ( 565.7749999999998636, -9.000000000000001776, -3.150000000003770673 ) ) ;
#136 = CARTESIAN_POINT ( 'NONE',  ( 0.0000000000000000000, 1.999999999999999112, -11.50000000000000178 ) ) ;
#137 = CARTESIAN_POINT ( 'NONE',  ( 61.77499999999991331, 0.9999999999999988898, -3.150000000000251710 ) ) ;
#138 = CARTESIAN_POINT ( 'NONE',  ( 385.7749999999999773, -9.000000000000001776, 3.149999999997489031 ) ) ;
#139 = ORIENTED_EDGE ( 'NONE', *, *, #3122, .F. ) ;
#140 = ORIENTED_EDGE ( 'NONE', *, *, #531, .F. ) ;
#141 = CARTESIAN_POINT ( 'NONE',  ( 511.0749999999999318, 0.0000000000000000000, 3.149999999996481392 ) ) ;
#142 = CARTESIAN_POINT ( 'NONE',  ( 205.7749999999999773, 0.0000000000000000000, -3.150000000001256684 ) ) ;
#143 = CARTESIAN_POINT ( 'NONE',  ( 0.0000000000000000000, 0.0000000000000000000, -3.150000000003519318 ) ) ;
#144 = CIRCLE ( 'NONE', #2103, 0.9999999999999991118 ) ;
#145 = ORIENTED_EDGE ( 'NONE', *, *, #1440, .T. ) ;
#146 = APPROVAL_PERSON_ORGANIZATION ( #812, #1886, #1072 ) ;
#147 = EDGE_CURVE ( 'NONE', #3048, #659, #2434, .T. ) ;
#148 = DIRECTION ( 'NONE',  ( 1.000000000000000000, 0.0000000000000000000, 4.638298064109111160E-17 ) ) ;
#149 = VECTOR ( 'NONE', #1698, 1000.000000000000000 ) ;
#150 = DIRECTION ( 'NONE',  ( 0.0000000000000000000, 0.0000000000000000000, 1.000000000000000000 ) ) ;
#151 = DIRECTION ( 'NONE',  ( 1.000000000000000000, 0.0000000000000000000, 4.638298064109097602E-17 ) ) ;
#152 = DIRECTION ( 'NONE',  ( -1.000000000000000000, 0.0000000000000000000, 0.0000000000000000000 ) ) ;
#153 = EDGE_CURVE ( 'NONE', #386, #2952, #740, .T. ) ;
#154 = ADVANCED_FACE ( 'NONE', ( #3009 ), #918, .F. ) ;
#155 = FACE_OUTER_BOUND ( 'NONE', #1012, .T. ) ;
#156 = ORIENTED_EDGE ( 'NONE', *, *, #983, .F. ) ;
#157 = AXIS2_PLACEMENT_3D ( 'NONE', #2884, #3135, #1669 ) ;
#158 = LINE ( 'NONE', #70, #738 ) ;
#159 = ORIENTED_EDGE ( 'NONE', *, *, #66, .T. ) ;
#160 = DIRECTION ( 'NONE',  ( 0.0000000000000000000, 8.673617379884035472E-18, 1.000000000000000000 ) ) ;
#161 = VECTOR ( 'NONE', #2635, 1000.000000000000000 ) ;
#162 = DIRECTION ( 'NONE',  ( 0.0000000000000000000, 1.000000000000000000, -8.673617379884035472E-18 ) ) ;
#163 = CYLINDRICAL_SURFACE ( 'NONE', #1087, 3.150000000000001688 ) ;
#164 = AXIS2_PLACEMENT_3D ( 'NONE', #1722, #528, #2211 ) ;
#165 = EDGE_LOOP ( 'NONE', ( #1879, #159, #2819, #1659 ) ) ;
#166 = ORIENTED_EDGE ( 'NONE', *, *, #2459, .F. ) ;
#167 = LINE ( 'NONE', #2192, #2679 ) ;
#168 = CARTESIAN_POINT ( 'NONE',  ( 259.0749999999999886, -9.000000000000001776, 3.149999999998240874 ) ) ;
#169 = DIRECTION ( 'NONE',  ( 0.0000000000000000000, 1.000000000000000000, 0.0000000000000000000 ) ) ;
#170 = CARTESIAN_POINT ( 'NONE',  ( 115.0749999999999886, -9.000000000000001776, -7.540732330163178634E-13 ) ) ;
#171 = ORIENTED_EDGE ( 'NONE', *, *, #1384, .F. ) ;
#172 = AXIS2_PLACEMENT_3D ( 'NONE', #1120, #2826, #1362 ) ;
#173 = VECTOR ( 'NONE', #747, 1000.000000000000000 ) ;
#174 = EDGE_CURVE ( 'NONE', #2335, #65, #1719, .T. ) ;
#175 = CARTESIAN_POINT ( 'NONE',  ( 349.7749999999999204, -9.000000000000001776, -2.262393171396551473E-12 ) ) ;
#176 = ORIENTED_EDGE ( 'NONE', *, *, #200, .T. ) ;
#177 = ADVANCED_FACE ( 'NONE', ( #440 ), #2333, .F. ) ;
#178 = CYLINDRICAL_SURFACE ( 'NONE', #2111, 3.150000000000001688 ) ;
#179 = ORIENTED_EDGE ( 'NONE', *, *, #958, .F. ) ;
#180 = DIRECTION ( 'NONE',  ( -0.0000000000000000000, 1.000000000000000000, -8.673617379884035472E-18 ) ) ;
#181 = DIRECTION ( 'NONE',  ( -0.0000000000000000000, 1.000000000000000000, -8.673617379884035472E-18 ) ) ;
#182 = ADVANCED_FACE ( 'NONE', ( #2283 ), #2860, .F. ) ;
#183 = DIRECTION ( 'NONE',  ( 0.0000000000000000000, 0.0000000000000000000, 1.000000000000000000 ) ) ;
#184 = ORIENTED_EDGE ( 'NONE', *, *, #2550, .T. ) ;
#185 = CARTESIAN_POINT ( 'NONE',  ( 97.77499999999999147, 0.9999999999999991118, 3.149999999999500311 ) ) ;
#186 = DIRECTION ( 'NONE',  ( -0.0000000000000000000, 1.000000000000000000, -8.673617379884035472E-18 ) ) ;
#187 = CARTESIAN_POINT ( 'NONE',  ( 97.77499999999994884, 0.9999999999999988898, -3.150000000000503064 ) ) ;
#188 = ORIENTED_EDGE ( 'NONE', *, *, #1091, .F. ) ;
#189 = ORIENTED_EDGE ( 'NONE', *, *, #874, .F. ) ;
#190 = ADVANCED_FACE ( 'NONE', ( #1007 ), #1563, .T. ) ;
#191 = ORIENTED_EDGE ( 'NONE', *, *, #90, .F. ) ;
#192 = CARTESIAN_POINT ( 'NONE',  ( 151.0749999999999886, 0.0000000000000000000, -3.150000000001005773 ) ) ;
#193 = DIRECTION ( 'NONE',  ( 0.0000000000000000000, 1.000000000000000000, -0.0000000000000000000 ) ) ;
#194 = FACE_BOUND ( 'NONE', #2447, .T. ) ;
#195 = DIRECTION ( 'NONE',  ( 0.0000000000000000000, -8.673617379884035472E-18, -1.000000000000000000 ) ) ;
#196 = EDGE_CURVE ( 'NONE', #326, #1080, #2212, .T. ) ;
#197 = DIRECTION ( 'NONE',  ( -0.0000000000000000000, 1.000000000000000000, -8.673617379884035472E-18 ) ) ;
#198 = ADVANCED_FACE ( 'NONE', ( #1644 ), #637, .F. ) ;
#199 = LINE ( 'NONE', #783, #1317 ) ;
#200 = EDGE_CURVE ( 'NONE', #1920, #2645, #2782, .T. ) ;
#201 = ORIENTED_EDGE ( 'NONE', *, *, #2390, .F. ) ;
#202 = LINE ( 'NONE', #2475, #41 ) ;
#203 = DIRECTION ( 'NONE',  ( 0.0000000000000000000, 0.0000000000000000000, 1.000000000000000000 ) ) ;
#204 = CARTESIAN_POINT ( 'NONE',  ( 511.0749999999999318, 0.9999999999999991118, 3.149999999996482725 ) ) ;
#205 = PLANE ( 'NONE',  #2058 ) ;
#206 = VERTEX_POINT ( 'NONE', #1878 ) ;
#207 = FACE_OUTER_BOUND ( 'NONE', #2467, .T. ) ;
#208 = EDGE_LOOP ( 'NONE', ( #1292, #2088, #946, #2052 ) ) ;
#209 = CARTESIAN_POINT ( 'NONE',  ( 0.0000000000000000000, 7.500000000000000000, 17.50000000000000000 ) ) ;
#210 = DIRECTION ( 'NONE',  ( 0.0000000000000000000, 0.0000000000000000000, 1.000000000000000000 ) ) ;
#211 = CYLINDRICAL_SURFACE ( 'NONE', #2823, 3.150000000000001688 ) ;
#212 = DIRECTION ( 'NONE',  ( 1.000000000000000000, 0.0000000000000000000, 4.638298064109111160E-17 ) ) ;
#213 = LINE ( 'NONE', #644, #2048 ) ;
#214 = ADVANCED_FACE ( 'NONE', ( #2133 ), #211, .F. ) ;
#215 = DIRECTION ( 'NONE',  ( -0.0000000000000000000, 1.000000000000000000, -8.673617379884035472E-18 ) ) ;
#216 = ORIENTED_EDGE ( 'NONE', *, *, #63, .T. ) ;
#217 = CARTESIAN_POINT ( 'NONE',  ( 61.77499999999999858, 0.0000000000000000000, -2.513779827793256671E-13 ) ) ;
#218 = DIRECTION ( 'NONE',  ( -0.0000000000000000000, 1.000000000000000000, -8.673617379884035472E-18 ) ) ;
#219 = CARTESIAN_POINT ( 'NONE',  ( 223.0749999999999602, -9.000000000000001776, 3.149999999998492672 ) ) ;
#220 = ORIENTED_EDGE ( 'NONE', *, *, #2816, .T. ) ;
#221 = ADVANCED_FACE ( 'NONE', ( #295 ), #2046, .F. ) ;
#222 = ORIENTED_EDGE ( 'NONE', *, *, #1903, .F. ) ;
#223 = DIRECTION ( 'NONE',  ( 0.0000000000000000000, 0.0000000000000000000, 1.000000000000000000 ) ) ;
#224 = LINE ( 'NONE', #2722, #1196 ) ;
#225 = CARTESIAN_POINT ( 'NONE',  ( 0.0000000000000000000, 2.000000000000000000, -11.49999999999999822 ) ) ;
#226 = ORIENTED_EDGE ( 'NONE', *, *, #1657, .T. ) ;
#227 = VECTOR ( 'NONE', #1350, 1000.000000000000000 ) ;
#228 = CC_DESIGN_SECURITY_CLASSIFICATION ( #2530, ( #1729 ) ) ;
#229 = DIRECTION ( 'NONE',  ( -1.000000000000000000, 0.0000000000000000000, -0.0000000000000000000 ) ) ;
#230 = VERTEX_POINT ( 'NONE', #2688 ) ;
#231 = DIRECTION ( 'NONE',  ( 0.0000000000000000000, 0.0000000000000000000, 1.000000000000000000 ) ) ;
#232 = DIRECTION ( 'NONE',  ( -1.000000000000000000, 0.0000000000000000000, 0.0000000000000000000 ) ) ;
#233 = CARTESIAN_POINT ( 'NONE',  ( 439.0749999999999318, 0.9999999999999991118, 3.149999999996985434 ) ) ;
#234 = ORIENTED_EDGE ( 'NONE', *, *, #950, .F. ) ;
#235 = ORIENTED_EDGE ( 'NONE', *, *, #1548, .T. ) ;
#236 = DIRECTION ( 'NONE',  ( 1.000000000000000000, 0.0000000000000000000, 4.638298064109097602E-17 ) ) ;
#237 = DIRECTION ( 'NONE',  ( 0.0000000000000000000, -1.000000000000000000, 0.0000000000000000000 ) ) ;
#238 = CARTESIAN_POINT ( 'NONE',  ( 25.77499999999999503, -9.000000000000001776, -3.149999999999999911 ) ) ;
#239 = EDGE_CURVE ( 'NONE', #1370, #1272, #2708, .T. ) ;
#240 = EDGE_CURVE ( 'NONE', #1107, #1471, #934, .T. ) ;
#241 = VERTEX_POINT ( 'NONE', #749 ) ;
#242 = ORIENTED_EDGE ( 'NONE', *, *, #2459, .T. ) ;
#243 = AXIS2_PLACEMENT_3D ( 'NONE', #71, #1526, #1279 ) ;
#244 = EDGE_CURVE ( 'NONE', #104, #433, #2632, .T. ) ;
#245 = DIRECTION ( 'NONE',  ( 0.0000000000000000000, -8.673617379884035472E-18, -1.000000000000000000 ) ) ;
#246 = CARTESIAN_POINT ( 'NONE',  ( 0.0000000000000000000, 0.0000000000000000000, -3.150000000003770673 ) ) ;
#247 = DIRECTION ( 'NONE',  ( 0.0000000000000000000, 0.0000000000000000000, -1.000000000000000000 ) ) ;
#248 = EDGE_CURVE ( 'NONE', #2851, #2449, #117, .T. ) ;
#249 = DIRECTION ( 'NONE',  ( 0.0000000000000000000, 1.000000000000000000, -8.673617379884035472E-18 ) ) ;
#250 = ORIENTED_EDGE ( 'NONE', *, *, #2573, .F. ) ;
#251 = VECTOR ( 'NONE', #118, 1000.000000000000000 ) ;
#252 = EDGE_CURVE ( 'NONE', #1282, #301, #1418, .T. ) ;
#253 = DIRECTION ( 'NONE',  ( 0.0000000000000000000, 0.0000000000000000000, 1.000000000000000000 ) ) ;
#254 = COORDINATED_UNIVERSAL_TIME_OFFSET ( 8, 0, .AHEAD. ) ;
#255 = VECTOR ( 'NONE', #1401, 1000.000000000000000 ) ;
#256 = DIRECTION ( 'NONE',  ( 0.0000000000000000000, 1.000000000000000000, -8.673617379884035472E-18 ) ) ;
#257 = LINE ( 'NONE', #1369, #1525 ) ;
#258 = DIRECTION ( 'NONE',  ( 1.000000000000000000, 0.0000000000000000000, 0.0000000000000000000 ) ) ;
#259 = DIRECTION ( 'NONE',  ( -1.000000000000000000, 0.0000000000000000000, 0.0000000000000000000 ) ) ;
#260 = PRODUCT ( '支承导轨电气接线辅材', '支承导轨电气接线辅材', '', ( #2761 ) ) ;
#261 = VERTEX_POINT ( 'NONE', #7 ) ;
#262 = DIRECTION ( 'NONE',  ( 0.0000000000000000000, 0.0000000000000000000, 1.000000000000000000 ) ) ;
#263 = LINE ( 'NONE', #571, #2014 ) ;
#264 = VERTEX_POINT ( 'NONE', #2414 ) ;
#265 = CARTESIAN_POINT ( 'NONE',  ( 457.7749999999999204, -9.000000000000001776, 3.149999999996986322 ) ) ;
#266 = ORIENTED_EDGE ( 'NONE', *, *, #2793, .T. ) ;
#267 = CIRCLE ( 'NONE', #2056, 3.150000000000001688 ) ;
#268 = ORIENTED_EDGE ( 'NONE', *, *, #876, .T. ) ;
#269 = VECTOR ( 'NONE', #733, 1000.000000000000000 ) ;
#270 = ORIENTED_EDGE ( 'NONE', *, *, #1264, .T. ) ;
#271 = CARTESIAN_POINT ( 'NONE',  ( 97.77499999999999147, 0.0000000000000000000, 3.149999999999500311 ) ) ;
#272 = FACE_OUTER_BOUND ( 'NONE', #1749, .T. ) ;
#273 = DIRECTION ( 'NONE',  ( 1.000000000000000000, 0.0000000000000000000, 4.638298064109111160E-17 ) ) ;
#274 = EDGE_CURVE ( 'NONE', #628, #3085, #47, .T. ) ;
#275 = VERTEX_POINT ( 'NONE', #2658 ) ;
#276 = EDGE_CURVE ( 'NONE', #2215, #264, #1262, .T. ) ;
#277 = CARTESIAN_POINT ( 'NONE',  ( 331.0749999999999318, 0.9999999999999991118, -3.150000000002262546 ) ) ;
#278 = DIRECTION ( 'NONE',  ( 0.0000000000000000000, 1.000000000000000000, -0.0000000000000000000 ) ) ;
#279 = DIRECTION ( 'NONE',  ( 0.0000000000000000000, 1.000000000000000000, 0.0000000000000000000 ) ) ;
#280 = CARTESIAN_POINT ( 'NONE',  ( 7.074999999999996625, 0.9999999999999991118, 3.150000000000002132 ) ) ;
#281 = ORIENTED_EDGE ( 'NONE', *, *, #423, .F. ) ;
#282 = ORIENTED_EDGE ( 'NONE', *, *, #2000, .F. ) ;
#283 = ORIENTED_EDGE ( 'NONE', *, *, #1837, .F. ) ;
#284 = FACE_BOUND ( 'NONE', #2833, .T. ) ;
#285 = CYLINDRICAL_SURFACE ( 'NONE', #1036, 0.9999999999999991118 ) ;
#286 = CARTESIAN_POINT ( 'NONE',  ( 610.0000000000000000, 6.500000000000002665, 14.49999999999999822 ) ) ;
#287 = ORIENTED_EDGE ( 'NONE', *, *, #240, .F. ) ;
#288 = FACE_OUTER_BOUND ( 'NONE', #2320, .T. ) ;
#289 = CARTESIAN_POINT ( 'NONE',  ( 367.0749999999999886, 0.9999999999999991118, -3.150000000002513900 ) ) ;
#290 = AXIS2_PLACEMENT_3D ( 'NONE', #488, #2167, #720 ) ;
#291 = VERTEX_POINT ( 'NONE', #957 ) ;
#292 = PLANE ( 'NONE',  #1202 ) ;
#293 = LINE ( 'NONE', #1114, #2780 ) ;
#294 = VECTOR ( 'NONE', #2535, 1000.000000000000000 ) ;
#295 = FACE_OUTER_BOUND ( 'NONE', #1332, .T. ) ;
#296 = VECTOR ( 'NONE', #160, 1000.000000000000000 ) ;
#297 = DIRECTION ( 'NONE',  ( 0.0000000000000000000, 0.0000000000000000000, 1.000000000000000000 ) ) ;
#298 = DIRECTION ( 'NONE',  ( 0.0000000000000000000, 1.000000000000000000, -8.673617379884035472E-18 ) ) ;
#299 = ORIENTED_EDGE ( 'NONE', *, *, #2729, .F. ) ;
#300 = DIRECTION ( 'NONE',  ( 0.0000000000000000000, 1.000000000000000000, -8.673617379884035472E-18 ) ) ;
#301 = VERTEX_POINT ( 'NONE', #1207 ) ;
#302 = DIRECTION ( 'NONE',  ( 1.000000000000000000, -0.0000000000000000000, 0.0000000000000000000 ) ) ;
#303 = EDGE_CURVE ( 'NONE', #2268, #790, #3137, .T. ) ;
#304 = ORIENTED_EDGE ( 'NONE', *, *, #1259, .T. ) ;
#305 = LINE ( 'NONE', #2182, #1504 ) ;
#306 = EDGE_CURVE ( 'NONE', #561, #2645, #1898, .T. ) ;
#307 = ORIENTED_EDGE ( 'NONE', *, *, #2093, .T. ) ;
#308 = CIRCLE ( 'NONE', #2493, 3.150000000000000799 ) ;
#309 = CARTESIAN_POINT ( 'NONE',  ( 601.7749999999999773, 0.0000000000000000000, -4.022177828729908933E-12 ) ) ;
#310 = EDGE_CURVE ( 'NONE', #3085, #2695, #1808, .T. ) ;
#311 = DIRECTION ( 'NONE',  ( 1.000000000000000000, 0.0000000000000000000, 0.0000000000000000000 ) ) ;
#312 = EDGE_CURVE ( 'NONE', #105, #2114, #2533, .T. ) ;
#313 = ORIENTED_EDGE ( 'NONE', *, *, #3013, .F. ) ;
#314 = EDGE_LOOP ( 'NONE', ( #2706, #50, #1756, #313 ) ) ;
#315 = DIRECTION ( 'NONE',  ( 0.0000000000000000000, 0.0000000000000000000, 1.000000000000000000 ) ) ;
#316 = ORIENTED_EDGE ( 'NONE', *, *, #3032, .T. ) ;
#317 = ORIENTED_EDGE ( 'NONE', *, *, #2416, .F. ) ;
#318 = DIRECTION ( 'NONE',  ( 0.0000000000000000000, 0.0000000000000000000, 1.000000000000000000 ) ) ;
#319 = DIRECTION ( 'NONE',  ( 0.0000000000000000000, 0.0000000000000000000, 1.000000000000000000 ) ) ;
#320 = FACE_OUTER_BOUND ( 'NONE', #1428, .T. ) ;
#321 = LOCAL_TIME ( 9, 23, 9.000000000000000000, #968 ) ;
#322 = CARTESIAN_POINT ( 'NONE',  ( 385.7749999999999773, 0.9999999999999991118, -3.150000000002513900 ) ) ;
#323 = VECTOR ( 'NONE', #237, 1000.000000000000000 ) ;
#324 = ORIENTED_EDGE ( 'NONE', *, *, #1581, .F. ) ;
#325 = VECTOR ( 'NONE', #1203, 1000.000000000000000 ) ;
#326 = VERTEX_POINT ( 'NONE', #1974 ) ;
#327 = EDGE_CURVE ( 'NONE', #2067, #433, #2392, .T. ) ;
#328 = DIRECTION ( 'NONE',  ( 0.0000000000000000000, 1.000000000000000000, -0.0000000000000000000 ) ) ;
#329 = ORIENTED_EDGE ( 'NONE', *, *, #2734, .F. ) ;
#330 = CIRCLE ( 'NONE', #1258, 3.150000000000000799 ) ;
#331 = VERTEX_POINT ( 'NONE', #2705 ) ;
#332 = DIRECTION ( 'NONE',  ( 0.0000000000000000000, 1.000000000000000000, -0.0000000000000000000 ) ) ;
#333 = VECTOR ( 'NONE', #259, 1000.000000000000000 ) ;
#334 = CARTESIAN_POINT ( 'NONE',  ( 0.0000000000000000000, 0.9999999999999991118, 12.49999999999999822 ) ) ;
#335 = EDGE_CURVE ( 'NONE', #2326, #1515, #3035, .T. ) ;
#336 = EDGE_LOOP ( 'NONE', ( #3006, #1816, #709, #1776 ) ) ;
#337 = FACE_OUTER_BOUND ( 'NONE', #3075, .T. ) ;
#338 = DIRECTION ( 'NONE',  ( 0.0000000000000000000, 0.0000000000000000000, 1.000000000000000000 ) ) ;
#339 = AXIS2_PLACEMENT_3D ( 'NONE', #2898, #1445, #3150 ) ;
#340 = AXIS2_PLACEMENT_3D ( 'NONE', #1296, #589, #2274 ) ;
#341 = CARTESIAN_POINT ( 'NONE',  ( 601.7749999999999773, 0.9999999999999991118, -4.022186502347289625E-12 ) ) ;
#342 = AXIS2_PLACEMENT_3D ( 'NONE', #27, #2198, #223 ) ;
#343 = CARTESIAN_POINT ( 'NONE',  ( 295.0749999999999886, 0.0000000000000000000, -3.150000000002011191 ) ) ;
#344 = ORIENTED_EDGE ( 'NONE', *, *, #1903, .T. ) ;
#345 = ORIENTED_EDGE ( 'NONE', *, *, #2541, .T. ) ;
#346 = AXIS2_PLACEMENT_3D ( 'NONE', #2586, #1135, #2834 ) ;
#347 =( NAMED_UNIT ( * ) PLANE_ANGLE_UNIT ( ) SI_UNIT ( $, .RADIAN. ) );
#348 = EDGE_CURVE ( 'NONE', #94, #1107, #1097, .T. ) ;
#349 = ORIENTED_EDGE ( 'NONE', *, *, #2731, .F. ) ;
#350 = DIRECTION ( 'NONE',  ( 1.000000000000000000, 0.0000000000000000000, -0.0000000000000000000 ) ) ;
#351 = DIRECTION ( 'NONE',  ( 0.0000000000000000000, 1.000000000000000000, -8.673617379884035472E-18 ) ) ;
#352 = PLANE ( 'NONE',  #2594 ) ;
#353 = ORIENTED_EDGE ( 'NONE', *, *, #786, .T. ) ;
#354 = VERTEX_POINT ( 'NONE', #1496 ) ;
#355 = FACE_BOUND ( 'NONE', #573, .T. ) ;
#356 = FACE_OUTER_BOUND ( 'NONE', #336, .T. ) ;
#357 = VERTEX_POINT ( 'NONE', #781 ) ;
#358 = ORIENTED_EDGE ( 'NONE', *, *, #656, .F. ) ;
#359 = DIRECTION ( 'NONE',  ( 0.0000000000000000000, 0.0000000000000000000, 1.000000000000000000 ) ) ;
#360 = CARTESIAN_POINT ( 'NONE',  ( 367.0749999999999886, 0.9999999999999991118, 3.149999999997486810 ) ) ;
#361 = LINE ( 'NONE', #1416, #2707 ) ;
#362 = LINE ( 'NONE', #2853, #1560 ) ;
#363 = VECTOR ( 'NONE', #2295, 1000.000000000000000 ) ;
#364 = VECTOR ( 'NONE', #2556, 1000.000000000000000 ) ;
#365 = EDGE_CURVE ( 'NONE', #603, #275, #1184, .T. ) ;
#366 = LINE ( 'NONE', #1611, #296 ) ;
#367 = EDGE_CURVE ( 'NONE', #21, #105, #2970, .T. ) ;
#368 = APPROVAL_ROLE ( '' ) ;
#369 = ORIENTED_EDGE ( 'NONE', *, *, #3119, .T. ) ;
#370 = DIRECTION ( 'NONE',  ( 0.0000000000000000000, 0.0000000000000000000, 1.000000000000000000 ) ) ;
#371 = DIRECTION ( 'NONE',  ( -4.638298064109109311E-17, 8.673617379884035472E-18, 1.000000000000000000 ) ) ;
#372 = VERTEX_POINT ( 'NONE', #289 ) ;
#373 = VERTEX_POINT ( 'NONE', #1404 ) ;
#374 = VECTOR ( 'NONE', #3158, 1000.000000000000000 ) ;
#375 = ORIENTED_EDGE ( 'NONE', *, *, #3122, .T. ) ;
#376 = ORIENTED_EDGE ( 'NONE', *, *, #2816, .F. ) ;
#377 = EDGE_LOOP ( 'NONE', ( #1514, #2461, #2789, #317, #1558, #1234, #3149, #2403, #1067, #52, #97, #426, #599, #316, #179, #1569, #1583, #1718, #661, #58 ) ) ;
#378 = AXIS2_PLACEMENT_3D ( 'NONE', #767, #2702, #1245 ) ;
#379 = PRODUCT_RELATED_PRODUCT_CATEGORY ( 'detail', '', ( #260 ) ) ;
#380 = DIRECTION ( 'NONE',  ( 1.000000000000000000, 0.0000000000000000000, 0.0000000000000000000 ) ) ;
#381 = ORIENTED_EDGE ( 'NONE', *, *, #425, .T. ) ;
#382 = ORIENTED_EDGE ( 'NONE', *, *, #367, .F. ) ;
#383 = CARTESIAN_POINT ( 'NONE',  ( 277.7749999999999773, 0.9999999999999988898, -3.150000000001758949 ) ) ;
#384 = DIRECTION ( 'NONE',  ( 0.0000000000000000000, 0.0000000000000000000, 1.000000000000000000 ) ) ;
#385 = CYLINDRICAL_SURFACE ( 'NONE', #645, 1.000000000000000888 ) ;
#386 = VERTEX_POINT ( 'NONE', #3112 ) ;
#387 = ORGANIZATION ( '未指定', '未指定', '' ) ;
#388 = EDGE_CURVE ( 'NONE', #2251, #2799, #1031, .T. ) ;
#389 = AXIS2_PLACEMENT_3D ( 'NONE', #1578, #125, #1806 ) ;
#390 = EDGE_CURVE ( 'NONE', #873, #509, #2304, .T. ) ;
#391 = CARTESIAN_POINT ( 'NONE',  ( 241.7750000000000057, 0.9999999999999988898, -3.150000000001509370 ) ) ;
#392 = AXIS2_PLACEMENT_3D ( 'NONE', #1060, #836, #350 ) ;
#393 = AXIS2_PLACEMENT_3D ( 'NONE', #458, #2142, #694 ) ;
#394 = VECTOR ( 'NONE', #2161, 1000.000000000000000 ) ;
#395 = DIRECTION ( 'NONE',  ( 0.0000000000000000000, 0.0000000000000000000, 1.000000000000000000 ) ) ;
#396 = DIRECTION ( 'NONE',  ( 0.0000000000000000000, 1.000000000000000000, -0.0000000000000000000 ) ) ;
#397 = DIRECTION ( 'NONE',  ( -1.000000000000000000, 0.0000000000000000000, -0.0000000000000000000 ) ) ;
#398 = ORIENTED_EDGE ( 'NONE', *, *, #887, .T. ) ;
#399 = EDGE_CURVE ( 'NONE', #261, #2982, #1679, .T. ) ;
#400 = LINE ( 'NONE', #1211, #1684 ) ;
#401 = EDGE_CURVE ( 'NONE', #561, #1104, #2244, .T. ) ;
#402 = DIRECTION ( 'NONE',  ( -0.0000000000000000000, 1.000000000000000000, -8.673617379884035472E-18 ) ) ;
#403 = EDGE_LOOP ( 'NONE', ( #2141, #2162, #928, #593 ) ) ;
#404 = VECTOR ( 'NONE', #2163, 1000.000000000000000 ) ;
#405 = VERTEX_POINT ( 'NONE', #1958 ) ;
#406 = DIRECTION ( 'NONE',  ( 0.0000000000000000000, 1.000000000000000000, -8.673617379884035472E-18 ) ) ;
#407 = DIRECTION ( 'NONE',  ( 0.0000000000000000000, 1.000000000000000000, 0.0000000000000000000 ) ) ;
#408 = CIRCLE ( 'NONE', #2877, 2.000000000000000000 ) ;
#409 = VERTEX_POINT ( 'NONE', #1963 ) ;
#410 = ADVANCED_FACE ( 'NONE', ( #970 ), #888, .F. ) ;
#411 = FACE_BOUND ( 'NONE', #2195, .T. ) ;
#412 = EDGE_LOOP ( 'NONE', ( #2456, #1947, #2463, #1052 ) ) ;
#413 = ORIENTED_EDGE ( 'NONE', *, *, #2622, .T. ) ;
#414 = CARTESIAN_POINT ( 'NONE',  ( 547.0749999999998181, 0.0000000000000000000, 3.149999999996230038 ) ) ;
#415 = CARTESIAN_POINT ( 'NONE',  ( 0.0000000000000000000, 6.500000000000000888, -14.49999999999999822 ) ) ;
#416 = DIRECTION ( 'NONE',  ( -0.0000000000000000000, 1.000000000000000000, -8.673617379884035472E-18 ) ) ;
#417 = CARTESIAN_POINT ( 'NONE',  ( 259.0749999999999886, -9.000000000000001776, -1.759619858603140270E-12 ) ) ;
#418 = ADVANCED_FACE ( 'NONE', ( #2906 ), #523, .F. ) ;
#419 = CARTESIAN_POINT ( 'NONE',  ( 0.0000000000000000000, 0.0000000000000000000, -13.49999999999999822 ) ) ;
#420 = DIRECTION ( 'NONE',  ( 0.0000000000000000000, 0.0000000000000000000, 1.000000000000000000 ) ) ;
#421 = DIRECTION ( 'NONE',  ( 0.0000000000000000000, 1.000000000000000000, -0.0000000000000000000 ) ) ;
#422 = CARTESIAN_POINT ( 'NONE',  ( 205.7749999999999773, -9.000000000000001776, -1.256846545809729067E-12 ) ) ;
#423 = EDGE_CURVE ( 'NONE', #2880, #2559, #257, .T. ) ;
#424 = ADVANCED_FACE ( 'NONE', ( #2076 ), #1161, .F. ) ;
#425 = EDGE_CURVE ( 'NONE', #2114, #1320, #1459, .T. ) ;
#426 = ORIENTED_EDGE ( 'NONE', *, *, #306, .T. ) ;
#427 = CARTESIAN_POINT ( 'NONE',  ( 115.0749999999999886, -9.000000000000001776, 3.149999999999246736 ) ) ;
#428 = FACE_BOUND ( 'NONE', #704, .T. ) ;
#429 = DIRECTION ( 'NONE',  ( -0.0000000000000000000, 1.000000000000000000, -8.673617379884035472E-18 ) ) ;
#430 = CARTESIAN_POINT ( 'NONE',  ( 7.074999999999996625, 0.0000000000000000000, 8.673617379884043176E-18 ) ) ;
#431 = FACE_OUTER_BOUND ( 'NONE', #1505, .T. ) ;
#432 = CARTESIAN_POINT ( 'NONE',  ( 421.7749999999999773, 0.0000000000000000000, -2.765244546746381834E-12 ) ) ;
#433 = VERTEX_POINT ( 'NONE', #3132 ) ;
#434 = DIRECTION ( 'NONE',  ( 1.000000000000000000, 0.0000000000000000000, 4.638298064109097602E-17 ) ) ;
#435 = LINE ( 'NONE', #890, #1638 ) ;
#436 = ADVANCED_FACE ( 'NONE', ( #155 ), #2011, .F. ) ;
#437 = VERTEX_POINT ( 'NONE', #141 ) ;
#438 = CARTESIAN_POINT ( 'NONE',  ( 457.7749999999999204, 0.0000000000000000000, 3.149999999996986322 ) ) ;
#439 = LINE ( 'NONE', #1573, #1068 ) ;
#440 = FACE_OUTER_BOUND ( 'NONE', #1943, .T. ) ;
#441 = DIRECTION ( 'NONE',  ( 0.0000000000000000000, -8.673617379884035472E-18, -1.000000000000000000 ) ) ;
#442 = CIRCLE ( 'NONE', #389, 3.150000000000000799 ) ;
#443 = ADVANCED_FACE ( 'NONE', ( #1360 ), #735, .F. ) ;
#444 = DIRECTION ( 'NONE',  ( -0.0000000000000000000, 1.000000000000000000, -8.673617379884035472E-18 ) ) ;
#445 = CARTESIAN_POINT ( 'NONE',  ( 331.0749999999999318, 0.0000000000000000000, 3.149999999997738165 ) ) ;
#446 = CARTESIAN_POINT ( 'NONE',  ( 25.77499999999999503, 0.9999999999999991118, -3.149999999999999911 ) ) ;
#447 = LINE ( 'NONE', #246, #1656 ) ;
#448 = CARTESIAN_POINT ( 'NONE',  ( 349.7749999999999204, 0.9999999999999988898, -3.150000000002262102 ) ) ;
#449 = ORIENTED_EDGE ( 'NONE', *, *, #717, .F. ) ;
#450 = DIRECTION ( 'NONE',  ( 1.000000000000000000, 0.0000000000000000000, 4.638298064109097602E-17 ) ) ;
#451 = CARTESIAN_POINT ( 'NONE',  ( 259.0749999999999886, -9.000000000000001776, 3.149999999998242206 ) ) ;
#452 = ADVANCED_FACE ( 'NONE', ( #816 ), #3090, .F. ) ;
#453 = CARTESIAN_POINT ( 'NONE',  ( -1.461063890192605676E-16, 0.0000000000000000000, 3.149999999996205613 ) ) ;
#454 = CARTESIAN_POINT ( 'NONE',  ( 349.7749999999999204, 0.0000000000000000000, -2.262471233952970429E-12 ) ) ;
#455 = DIRECTION ( 'NONE',  ( -0.0000000000000000000, 1.000000000000000000, -8.673617379884035472E-18 ) ) ;
#456 = CARTESIAN_POINT ( 'NONE',  ( 565.7749999999998636, -9.000000000000001776, -3.150000000003770673 ) ) ;
#457 = ORIENTED_EDGE ( 'NONE', *, *, #2416, .T. ) ;
#458 = CARTESIAN_POINT ( 'NONE',  ( 457.7749999999999204, 0.0000000000000000000, -3.016631203143087335E-12 ) ) ;
#459 = EDGE_CURVE ( 'NONE', #64, #2067, #2810, .T. ) ;
#460 = ADVANCED_FACE ( 'NONE', ( #2172 ), #658, .F. ) ;
#461 = EDGE_CURVE ( 'NONE', #520, #2801, #1289, .T. ) ;
#462 = CARTESIAN_POINT ( 'NONE',  ( 403.0749999999999886, 0.0000000000000000000, -2.765244546746381834E-12 ) ) ;
#463 = DIRECTION ( 'NONE',  ( 0.0000000000000000000, 0.0000000000000000000, 1.000000000000000000 ) ) ;
#464 = DIRECTION ( 'NONE',  ( 0.0000000000000000000, 0.0000000000000000000, 1.000000000000000000 ) ) ;
#465 = CARTESIAN_POINT ( 'NONE',  ( 115.0749999999999886, -9.000000000000001776, -3.150000000000753975 ) ) ;
#466 = DIRECTION ( 'NONE',  ( -0.0000000000000000000, 1.000000000000000000, -8.673617379884035472E-18 ) ) ;
#467 = EDGE_CURVE ( 'NONE', #847, #619, #2570, .T. ) ;
#468 = VERTEX_POINT ( 'NONE', #1607 ) ;
#469 = ORIENTED_EDGE ( 'NONE', *, *, #1798, .T. ) ;
#470 = EDGE_CURVE ( 'NONE', #1550, #1587, #1850, .T. ) ;
#471 = DIRECTION ( 'NONE',  ( 0.0000000000000000000, 0.0000000000000000000, 1.000000000000000000 ) ) ;
#472 = CARTESIAN_POINT ( 'NONE',  ( 403.0749999999999886, 0.0000000000000000000, 3.149999999997235900 ) ) ;
#473 = CIRCLE ( 'NONE', #2990, 3.150000000000000799 ) ;
#474 = DIRECTION ( 'NONE',  ( -0.0000000000000000000, 1.000000000000000000, -8.673617379884035472E-18 ) ) ;
#475 = CARTESIAN_POINT ( 'NONE',  ( 97.77500000000000568, -9.000000000000001776, -5.026865766196122618E-13 ) ) ;
#476 = DIRECTION ( 'NONE',  ( 1.000000000000000000, 0.0000000000000000000, -0.0000000000000000000 ) ) ;
#477 = ORIENTED_EDGE ( 'NONE', *, *, #116, .T. ) ;
#478 = DIRECTION ( 'NONE',  ( -1.000000000000000000, 0.0000000000000000000, 0.0000000000000000000 ) ) ;
#479 = CARTESIAN_POINT ( 'NONE',  ( 25.77499999999999858, 0.0000000000000000000, 8.673617379884043176E-18 ) ) ;
#480 = DIRECTION ( 'NONE',  ( 0.0000000000000000000, 1.000000000000000000, -8.673617379884035472E-18 ) ) ;
#481 = VECTOR ( 'NONE', #1246, 1000.000000000000000 ) ;
#482 = ORIENTED_EDGE ( 'NONE', *, *, #2000, .T. ) ;
#483 = CARTESIAN_POINT ( 'NONE',  ( 439.0749999999999318, -9.000000000000001776, 3.149999999996984101 ) ) ;
#484 = CIRCLE ( 'NONE', #339, 3.150000000000001688 ) ;
#485 = ORIENTED_EDGE ( 'NONE', *, *, #1117, .F. ) ;
#486 = CARTESIAN_POINT ( 'NONE',  ( 457.7749999999999204, -9.000000000000001776, -3.150000000003016609 ) ) ;
#487 = VECTOR ( 'NONE', #1169, 1000.000000000000000 ) ;
#488 = CARTESIAN_POINT ( 'NONE',  ( 241.7749999999999488, 0.0000000000000000000, -1.508311264762853725E-12 ) ) ;
#489 = CARTESIAN_POINT ( 'NONE',  ( 0.0000000000000000000, 5.500000000000000000, 12.49999999999999822 ) ) ;
#490 = ORIENTED_EDGE ( 'NONE', *, *, #401, .T. ) ;
#491 = CARTESIAN_POINT ( 'NONE',  ( 259.0749999999999886, -9.000000000000001776, -3.150000000001759837 ) ) ;
#492 = LINE ( 'NONE', #453, #2313 ) ;
#493 = DIRECTION ( 'NONE',  ( 0.0000000000000000000, 0.0000000000000000000, 1.000000000000000000 ) ) ;
#494 = ORIENTED_EDGE ( 'NONE', *, *, #786, .F. ) ;
#495 = FACE_BOUND ( 'NONE', #996, .T. ) ;
#496 = EDGE_CURVE ( 'NONE', #1924, #405, #2501, .T. ) ;
#497 = PLANE ( 'NONE',  #1622 ) ;
#498 = CARTESIAN_POINT ( 'NONE',  ( 367.0749999999999886, -9.000000000000001776, 3.149999999997486810 ) ) ;
#499 = EDGE_LOOP ( 'NONE', ( #774, #1826, #2025, #2173 ) ) ;
#500 = ORIENTED_EDGE ( 'NONE', *, *, #1464, .F. ) ;
#501 = CARTESIAN_POINT ( 'NONE',  ( 610.0000000000000000, 2.000000000000001776, 13.50000000000000000 ) ) ;
#502 = CARTESIAN_POINT ( 'NONE',  ( -1.461063890194018969E-16, 0.0000000000000000000, 3.149999999999242739 ) ) ;
#503 = EDGE_CURVE ( 'NONE', #2654, #373, #582, .T. ) ;
#504 = AXIS2_PLACEMENT_3D ( 'NONE', #475, #1908, #1434 ) ;
#505 = ORIENTED_EDGE ( 'NONE', *, *, #2291, .T. ) ;
#506 = AXIS2_PLACEMENT_3D ( 'NONE', #479, #2945, #688 ) ;
#507 = DIRECTION ( 'NONE',  ( 1.000000000000000000, -0.0000000000000000000, 0.0000000000000000000 ) ) ;
#508 = DIRECTION ( 'NONE',  ( 0.0000000000000000000, 0.0000000000000000000, 1.000000000000000000 ) ) ;
#509 = VERTEX_POINT ( 'NONE', #2127 ) ;
#510 = CARTESIAN_POINT ( 'NONE',  ( 313.7749999999999773, -9.000000000000001776, 3.149999999997992184 ) ) ;
#511 = FACE_OUTER_BOUND ( 'NONE', #3063, .T. ) ;
#512 = AXIS2_PLACEMENT_3D ( 'NONE', #432, #2108, #665 ) ;
#513 = EDGE_CURVE ( 'NONE', #26, #2178, #647, .T. ) ;
#514 = APPROVAL_DATE_TIME ( #1130, #3025 ) ;
#515 = LINE ( 'NONE', #334, #1709 ) ;
#516 = ORIENTED_EDGE ( 'NONE', *, *, #2064, .T. ) ;
#517 = CARTESIAN_POINT ( 'NONE',  ( 0.0000000000000000000, 0.0000000000000000000, -3.150000000001508482 ) ) ;
#518 = CIRCLE ( 'NONE', #2766, 1.000000000000000888 ) ;
#519 = CARTESIAN_POINT ( 'NONE',  ( 0.0000000000000000000, 1.999999999999999112, 11.50000000000000000 ) ) ;
#520 = VERTEX_POINT ( 'NONE', #2339 ) ;
#521 = CIRCLE ( 'NONE', #2828, 3.150000000000001688 ) ;
#522 = ORIENTED_EDGE ( 'NONE', *, *, #2241, .T. ) ;
#523 = PLANE ( 'NONE',  #1131 ) ;
#524 = VECTOR ( 'NONE', #2119, 1000.000000000000000 ) ;
#525 = FACE_OUTER_BOUND ( 'NONE', #2975, .T. ) ;
#526 = DIRECTION ( 'NONE',  ( 1.000000000000000000, 0.0000000000000000000, 4.638298064109111160E-17 ) ) ;
#527 = LINE ( 'NONE', #1455, #2219 ) ;
#528 = DIRECTION ( 'NONE',  ( 0.0000000000000000000, 1.000000000000000000, -0.0000000000000000000 ) ) ;
#529 = DIRECTION ( 'NONE',  ( 1.000000000000000000, 0.0000000000000000000, 4.638298064109111160E-17 ) ) ;
#530 = EDGE_CURVE ( 'NONE', #3048, #2998, #1782, .T. ) ;
#531 = EDGE_CURVE ( 'NONE', #13, #2037, #1142, .T. ) ;
#532 = ORIENTED_EDGE ( 'NONE', *, *, #2234, .F. ) ;
#533 = CARTESIAN_POINT ( 'NONE',  ( 610.0000000000000000, 0.0000000000000000000, 17.50000000000000000 ) ) ;
#534 = DIRECTION ( 'NONE',  ( -0.0000000000000000000, 1.000000000000000000, -8.673617379884035472E-18 ) ) ;
#535 = CARTESIAN_POINT ( 'NONE',  ( 457.7749999999999204, 0.9999999999999991118, -3.016639876760467219E-12 ) ) ;
#536 = DIRECTION ( 'NONE',  ( 0.0000000000000000000, -8.673617379884035472E-18, -1.000000000000000000 ) ) ;
#537 = ORIENTED_EDGE ( 'NONE', *, *, #461, .F. ) ;
#538 = EDGE_LOOP ( 'NONE', ( #2796, #1917, #976, #189 ) ) ;
#539 = DIRECTION ( 'NONE',  ( 0.0000000000000000000, 0.0000000000000000000, 1.000000000000000000 ) ) ;
#540 = CARTESIAN_POINT ( 'NONE',  ( 610.0000000000000000, 5.500000000000001776, -13.49999999999999822 ) ) ;
#541 = CIRCLE ( 'NONE', #2490, 3.150000000000000799 ) ;
#542 = DIRECTION ( 'NONE',  ( 0.0000000000000000000, 1.000000000000000000, -0.0000000000000000000 ) ) ;
#543 = ORIENTED_EDGE ( 'NONE', *, *, #3074, .F. ) ;
#544 = AXIS2_PLACEMENT_3D ( 'NONE', #1019, #2712, #1254 ) ;
#545 = VERTEX_POINT ( 'NONE', #3070 ) ;
#546 = DIRECTION ( 'NONE',  ( -1.000000000000000000, 0.0000000000000000000, 0.0000000000000000000 ) ) ;
#547 = VECTOR ( 'NONE', #2169, 1000.000000000000000 ) ;
#548 = DIRECTION ( 'NONE',  ( 0.0000000000000000000, 1.000000000000000000, -0.0000000000000000000 ) ) ;
#549 = ORIENTED_EDGE ( 'NONE', *, *, #2137, .T. ) ;
#550 = LINE ( 'NONE', #2377, #2470 ) ;
#551 = CARTESIAN_POINT ( 'NONE',  ( 25.77499999999999858, -9.000000000000001776, 8.673617379884036705E-17 ) ) ;
#552 = EDGE_CURVE ( 'NONE', #1249, #1575, #1714, .T. ) ;
#553 = ORIENTED_EDGE ( 'NONE', *, *, #1043, .T. ) ;
#554 = VECTOR ( 'NONE', #455, 1000.000000000000000 ) ;
#555 = VERTEX_POINT ( 'NONE', #2089 ) ;
#556 = AXIS2_PLACEMENT_3D ( 'NONE', #1042, #727, #2293 ) ;
#557 = EDGE_CURVE ( 'NONE', #2559, #1515, #2344, .T. ) ;
#558 = ORIENTED_EDGE ( 'NONE', *, *, #1062, .F. ) ;
#559 = VECTOR ( 'NONE', #2959, 1000.000000000000000 ) ;
#560 = AXIS2_PLACEMENT_3D ( 'NONE', #1665, #229, #1900 ) ;
#561 = VERTEX_POINT ( 'NONE', #1635 ) ;
#562 = FACE_BOUND ( 'NONE', #616, .T. ) ;
#563 = DIRECTION ( 'NONE',  ( 1.000000000000000000, -0.0000000000000000000, -0.0000000000000000000 ) ) ;
#564 = EDGE_CURVE ( 'NONE', #1961, #83, #518, .T. ) ;
#565 = DESIGN_CONTEXT ( 'detailed design', #3004, 'design' ) ;
#566 = DIRECTION ( 'NONE',  ( -1.000000000000000000, 0.0000000000000000000, 0.0000000000000000000 ) ) ;
#567 = EDGE_CURVE ( 'NONE', #1965, #13, #435, .T. ) ;
#568 = VERTEX_POINT ( 'NONE', #448 ) ;
#569 = ORIENTED_EDGE ( 'NONE', *, *, #2422, .T. ) ;
#570 = EDGE_LOOP ( 'NONE', ( #2543, #584, #2713, #909 ) ) ;
#571 = CARTESIAN_POINT ( 'NONE',  ( 223.0749999999999602, 0.9999999999999991118, 3.149999999998494005 ) ) ;
#572 = CARTESIAN_POINT ( 'NONE',  ( 493.7749999999999773, 0.0000000000000000000, -3.268017859539792836E-12 ) ) ;
#573 = EDGE_LOOP ( 'NONE', ( #1373, #2720, #706, #2503 ) ) ;
#574 = VERTEX_POINT ( 'NONE', #414 ) ;
#575 = CARTESIAN_POINT ( 'NONE',  ( 0.0000000000000000000, 0.0000000000000000000, 0.0000000000000000000 ) ) ;
#576 = ORIENTED_EDGE ( 'NONE', *, *, #147, .T. ) ;
#577 = FACE_OUTER_BOUND ( 'NONE', #1086, .T. ) ;
#578 = DIRECTION ( 'NONE',  ( 0.0000000000000000000, 0.0000000000000000000, 1.000000000000000000 ) ) ;
#579 = APPROVAL_PERSON_ORGANIZATION ( #1217, #3025, #368 ) ;
#580 = LINE ( 'NONE', #1105, #1133 ) ;
#581 = EDGE_CURVE ( 'NONE', #1701, #2851, #3080, .T. ) ;
#582 = LINE ( 'NONE', #1862, #2429 ) ;
#583 = EDGE_CURVE ( 'NONE', #3017, #2246, #1004, .T. ) ;
#584 = ORIENTED_EDGE ( 'NONE', *, *, #581, .T. ) ;
#585 = FACE_OUTER_BOUND ( 'NONE', #1290, .T. ) ;
#586 = ORIENTED_EDGE ( 'NONE', *, *, #613, .T. ) ;
#587 = VECTOR ( 'NONE', #1894, 1000.000000000000000 ) ;
#588 = LINE ( 'NONE', #1892, #2435 ) ;
#589 = DIRECTION ( 'NONE',  ( 0.0000000000000000000, 1.000000000000000000, -0.0000000000000000000 ) ) ;
#590 = CARTESIAN_POINT ( 'NONE',  ( 0.0000000000000000000, 5.500000000000000000, 14.49999999999999822 ) ) ;
#591 = ORIENTED_EDGE ( 'NONE', *, *, #2388, .F. ) ;
#592 = FACE_OUTER_BOUND ( 'NONE', #2411, .T. ) ;
#593 = ORIENTED_EDGE ( 'NONE', *, *, #1093, .F. ) ;
#594 = LINE ( 'NONE', #2875, #3099 ) ;
#595 = AXIS2_PLACEMENT_3D ( 'NONE', #170, #2567, #420 ) ;
#596 = CARTESIAN_POINT ( 'NONE',  ( 277.7749999999999773, -9.000000000000001776, -3.150000000001759837 ) ) ;
#597 = ORIENTED_EDGE ( 'NONE', *, *, #2790, .T. ) ;
#598 = AXIS2_PLACEMENT_3D ( 'NONE', #519, #2194, #757 ) ;
#599 = ORIENTED_EDGE ( 'NONE', *, *, #200, .F. ) ;
#600 = DIRECTION ( 'NONE',  ( -0.0000000000000000000, 1.000000000000000000, -8.673617379884035472E-18 ) ) ;
#601 = DIRECTION ( 'NONE',  ( 0.0000000000000000000, 0.0000000000000000000, 1.000000000000000000 ) ) ;
#602 = EDGE_LOOP ( 'NONE', ( #2248, #1741, #1993, #1893 ) ) ;
#603 = VERTEX_POINT ( 'NONE', #632 ) ;
#604 = VECTOR ( 'NONE', #2589, 1000.000000000000000 ) ;
#605 = AXIS2_PLACEMENT_3D ( 'NONE', #701, #3129, #2383 ) ;
#606 = EDGE_CURVE ( 'NONE', #2866, #1899, #1559, .T. ) ;
#607 = VECTOR ( 'NONE', #805, 1000.000000000000000 ) ;
#608 = FACE_OUTER_BOUND ( 'NONE', #859, .T. ) ;
#609 = EDGE_CURVE ( 'NONE', #894, #555, #2206, .T. ) ;
#610 = EDGE_LOOP ( 'NONE', ( #2781, #1984, #140, #2042 ) ) ;
#611 = CARTESIAN_POINT ( 'NONE',  ( 187.0749999999999886, 0.9999999999999991118, -1.256933281983527907E-12 ) ) ;
#612 = EDGE_CURVE ( 'NONE', #64, #104, #293, .T. ) ;
#613 = EDGE_CURVE ( 'NONE', #2035, #64, #2279, .T. ) ;
#614 = ORIENTED_EDGE ( 'NONE', *, *, #530, .F. ) ;
#615 = VECTOR ( 'NONE', #2915, 1000.000000000000000 ) ;
#616 = EDGE_LOOP ( 'NONE', ( #2122, #2249, #2767, #2581 ) ) ;
#617 = VECTOR ( 'NONE', #1648, 1000.000000000000000 ) ;
#618 = DIRECTION ( 'NONE',  ( -0.0000000000000000000, 1.000000000000000000, -8.673617379884035472E-18 ) ) ;
#619 = VERTEX_POINT ( 'NONE', #187 ) ;
#620 = CARTESIAN_POINT ( 'NONE',  ( 0.0000000000000000000, 0.0000000000000000000, -17.50000000000000000 ) ) ;
#621 = CARTESIAN_POINT ( 'NONE',  ( 151.0749999999999886, 0.0000000000000000000, 3.149999999998995381 ) ) ;
#622 = ORIENTED_EDGE ( 'NONE', *, *, #3072, .F. ) ;
#623 = ORIENTED_EDGE ( 'NONE', *, *, #886, .T. ) ;
#624 = FACE_OUTER_BOUND ( 'NONE', #715, .T. ) ;
#625 = ORIENTED_EDGE ( 'NONE', *, *, #274, .T. ) ;
#626 = VECTOR ( 'NONE', #2345, 1000.000000000000000 ) ;
#627 = DIRECTION ( 'NONE',  ( -1.000000000000000000, 0.0000000000000000000, 0.0000000000000000000 ) ) ;
#628 = VERTEX_POINT ( 'NONE', #438 ) ;
#629 = DIRECTION ( 'NONE',  ( 0.0000000000000000000, 0.0000000000000000000, 1.000000000000000000 ) ) ;
#630 = ORIENTED_EDGE ( 'NONE', *, *, #1742, .T. ) ;
#631 = DIRECTION ( 'NONE',  ( -0.0000000000000000000, 1.000000000000000000, -8.673617379884035472E-18 ) ) ;
#632 = CARTESIAN_POINT ( 'NONE',  ( 475.0749999999999886, 0.0000000000000000000, -3.150000000003268408 ) ) ;
#633 = CARTESIAN_POINT ( 'NONE',  ( 0.0000000000000000000, 6.500000000000000888, 17.50000000000000000 ) ) ;
#634 = ORIENTED_EDGE ( 'NONE', *, *, #2231, .F. ) ;
#635 = ORIENTED_EDGE ( 'NONE', *, *, #2352, .F. ) ;
#636 = EDGE_CURVE ( 'NONE', #2488, #1500, #2130, .T. ) ;
#637 = PLANE ( 'NONE',  #2491 ) ;
#638 = CIRCLE ( 'NONE', #2273, 0.9999999999999991118 ) ;
#639 = COORDINATED_UNIVERSAL_TIME_OFFSET ( 8, 0, .AHEAD. ) ;
#640 = EDGE_CURVE ( 'NONE', #1929, #790, #361, .T. ) ;
#641 = VECTOR ( 'NONE', #1926, 1000.000000000000000 ) ;
#642 = ADVANCED_FACE ( 'NONE', ( #1492 ), #163, .F. ) ;
#643 = DIRECTION ( 'NONE',  ( -1.000000000000000000, 0.0000000000000000000, -0.0000000000000000000 ) ) ;
#644 = CARTESIAN_POINT ( 'NONE',  ( 610.0000000000000000, 7.500000000000000000, -14.50000000000000178 ) ) ;
#645 = AXIS2_PLACEMENT_3D ( 'NONE', #838, #1064, #1545 ) ;
#646 = ADVANCED_FACE ( 'NONE', ( #207 ), #2017, .F. ) ;
#647 = CIRCLE ( 'NONE', #2275, 3.150000000000000799 ) ;
#648 = DIRECTION ( 'NONE',  ( 0.0000000000000000000, -8.673617379884035472E-18, -1.000000000000000000 ) ) ;
#649 = DIRECTION ( 'NONE',  ( 0.0000000000000000000, 1.000000000000000000, -8.673617379884035472E-18 ) ) ;
#650 = CARTESIAN_POINT ( 'NONE',  ( 241.7749999999999488, 0.0000000000000000000, 3.149999999998494893 ) ) ;
#651 = ORIENTED_EDGE ( 'NONE', *, *, #3128, .F. ) ;
#652 = FACE_OUTER_BOUND ( 'NONE', #1443, .T. ) ;
#653 = ORIENTED_EDGE ( 'NONE', *, *, #147, .F. ) ;
#654 = AXIS2_PLACEMENT_3D ( 'NONE', #1393, #3098, #1639 ) ;
#655 = LINE ( 'NONE', #483, #14 ) ;
#656 = EDGE_CURVE ( 'NONE', #1851, #2716, #822, .T. ) ;
#657 = LINE ( 'NONE', #2378, #2677 ) ;
#658 = PLANE ( 'NONE',  #2436 ) ;
#659 = VERTEX_POINT ( 'NONE', #3134 ) ;
#660 = LINE ( 'NONE', #1969, #2510 ) ;
#661 = ORIENTED_EDGE ( 'NONE', *, *, #1959, .F. ) ;
#662 = DIRECTION ( 'NONE',  ( 0.0000000000000000000, 1.000000000000000000, -8.673617379884035472E-18 ) ) ;
#663 = DIRECTION ( 'NONE',  ( 0.0000000000000000000, 0.0000000000000000000, 1.000000000000000000 ) ) ;
#664 = ADVANCED_FACE ( 'NONE', ( #1463 ), #2872, .F. ) ;
#665 = DIRECTION ( 'NONE',  ( 0.0000000000000000000, 0.0000000000000000000, 1.000000000000000000 ) ) ;
#666 = FACE_OUTER_BOUND ( 'NONE', #1018, .T. ) ;
#667 = CARTESIAN_POINT ( 'NONE',  ( 475.0749999999999886, 0.9999999999999991118, 3.149999999996734079 ) ) ;
#668 = ADVANCED_FACE ( 'NONE', ( #1368 ), #2623, .F. ) ;
#669 = ORIENTED_EDGE ( 'NONE', *, *, #2009, .F. ) ;
#670 = DIRECTION ( 'NONE',  ( 0.0000000000000000000, 1.000000000000000000, -8.673617379884035472E-18 ) ) ;
#671 = CARTESIAN_POINT ( 'NONE',  ( 277.7749999999999773, -9.000000000000001776, 3.149999999998243094 ) ) ;
#672 = CARTESIAN_POINT ( 'NONE',  ( 610.0000000000000000, 7.500000000000000000, -17.50000000000007816 ) ) ;
#673 = VERTEX_POINT ( 'NONE', #2131 ) ;
#674 = CARTESIAN_POINT ( 'NONE',  ( 43.07499999999999574, -9.000000000000001776, -3.150000000000251710 ) ) ;
#675 = CARTESIAN_POINT ( 'NONE',  ( 610.0000000000000000, 0.9999999999999988898, -12.50000000000000000 ) ) ;
#676 = CARTESIAN_POINT ( 'NONE',  ( 223.0749999999999602, 0.9999999999999991118, -1.508319938380233609E-12 ) ) ;
#677 = EDGE_CURVE ( 'NONE', #2725, #1326, #86, .T. ) ;
#678 = CARTESIAN_POINT ( 'NONE',  ( 187.0749999999999886, 0.9999999999999991118, 3.149999999998744027 ) ) ;
#679 = ORIENTED_EDGE ( 'NONE', *, *, #1230, .F. ) ;
#680 = ORIENTED_EDGE ( 'NONE', *, *, #1047, .T. ) ;
#681 = ADVANCED_FACE ( 'NONE', ( #1295 ), #205, .F. ) ;
#682 = EDGE_CURVE ( 'NONE', #357, #1241, #657, .T. ) ;
#683 = CARTESIAN_POINT ( 'NONE',  ( 43.07499999999999574, 0.9999999999999991118, 3.149999999999750777 ) ) ;
#684 = PLANE ( 'NONE',  #2487 ) ;
#685 = LINE ( 'NONE', #910, #604 ) ;
#686 = DIRECTION ( 'NONE',  ( 0.0000000000000000000, 0.0000000000000000000, -1.000000000000000000 ) ) ;
#687 = ADVANCED_FACE ( 'NONE', ( #2579 ), #1229, .F. ) ;
#688 = DIRECTION ( 'NONE',  ( 0.0000000000000000000, 0.0000000000000000000, 1.000000000000000000 ) ) ;
#689 = LINE ( 'NONE', #2243, #1888 ) ;
#690 = DIRECTION ( 'NONE',  ( -1.000000000000000000, 0.0000000000000000000, 0.0000000000000000000 ) ) ;
#691 = ORIENTED_EDGE ( 'NONE', *, *, #2395, .F. ) ;
#692 = LINE ( 'NONE', #322, #1889 ) ;
#693 = ORIENTED_EDGE ( 'NONE', *, *, #390, .F. ) ;
#694 = DIRECTION ( 'NONE',  ( 0.0000000000000000000, 0.0000000000000000000, 1.000000000000000000 ) ) ;
#695 = VERTEX_POINT ( 'NONE', #2638 ) ;
#696 = DIRECTION ( 'NONE',  ( 0.0000000000000000000, 1.000000000000000000, -8.673617379884035472E-18 ) ) ;
#697 = VECTOR ( 'NONE', #1944, 1000.000000000000000 ) ;
#698 = ORIENTED_EDGE ( 'NONE', *, *, #1342, .T. ) ;
#699 = VECTOR ( 'NONE', #180, 1000.000000000000000 ) ;
#700 = ADVANCED_FACE ( 'NONE', ( #15 ), #2625, .F. ) ;
#701 = CARTESIAN_POINT ( 'NONE',  ( 610.0000000000000000, 2.000000000000000000, -11.49999999999999822 ) ) ;
#702 = ORIENTED_EDGE ( 'NONE', *, *, #911, .F. ) ;
#703 = AXIS2_PLACEMENT_3D ( 'NONE', #2441, #1727, #298 ) ;
#704 = EDGE_LOOP ( 'NONE', ( #1194, #2347, #1983, #184 ) ) ;
#705 = CARTESIAN_POINT ( 'NONE',  ( 385.7749999999999773, 0.9999999999999988898, -3.150000000002513456 ) ) ;
#706 = ORIENTED_EDGE ( 'NONE', *, *, #1788, .T. ) ;
#707 = LINE ( 'NONE', #2446, #2643 ) ;
#708 = DIRECTION ( 'NONE',  ( 1.000000000000000000, 0.0000000000000000000, 4.638298064109109311E-17 ) ) ;
#709 = ORIENTED_EDGE ( 'NONE', *, *, #327, .F. ) ;
#710 = CARTESIAN_POINT ( 'NONE',  ( 601.7749999999999773, -9.000000000000001776, -3.150000000004022471 ) ) ;
#711 = LINE ( 'NONE', #1860, #2549 ) ;
#712 = CARTESIAN_POINT ( 'NONE',  ( 583.0749999999999318, -9.000000000000001776, -3.150000000004022471 ) ) ;
#713 = EDGE_LOOP ( 'NONE', ( #2870, #2363, #2311, #892 ) ) ;
#714 = EDGE_CURVE ( 'NONE', #1751, #1929, #2508, .T. ) ;
#715 = EDGE_LOOP ( 'NONE', ( #2599, #1213, #3109, #2160 ) ) ;
#716 = ORIENTED_EDGE ( 'NONE', *, *, #2202, .T. ) ;
#717 = EDGE_CURVE ( 'NONE', #2641, #2477, #588, .T. ) ;
#718 = AXIS2_PLACEMENT_3D ( 'NONE', #2890, #1444, #3146 ) ;
#719 = PLANE ( 'NONE',  #1125 ) ;
#720 = DIRECTION ( 'NONE',  ( 0.0000000000000000000, 0.0000000000000000000, 1.000000000000000000 ) ) ;
#721 = CARTESIAN_POINT ( 'NONE',  ( 529.7749999999999773, -9.000000000000001776, -3.150000000003519318 ) ) ;
#722 = EDGE_CURVE ( 'NONE', #2302, #1490, #2280, .T. ) ;
#723 = CARTESIAN_POINT ( 'NONE',  ( 0.0000000000000000000, 1.999999999999999112, 12.49999999999999822 ) ) ;
#724 = EDGE_LOOP ( 'NONE', ( #522, #1301, #1987, #3147 ) ) ;
#725 = ORIENTED_EDGE ( 'NONE', *, *, #1259, .F. ) ;
#726 = EDGE_CURVE ( 'NONE', #2802, #1760, #2856, .T. ) ;
#727 = DIRECTION ( 'NONE',  ( -0.0000000000000000000, 1.000000000000000000, 4.336808689942015271E-16 ) ) ;
#728 = VECTOR ( 'NONE', #132, 1000.000000000000000 ) ;
#729 = DATE_AND_TIME ( #1355, #2005 ) ;
#730 = DIRECTION ( 'NONE',  ( 1.000000000000000000, 0.0000000000000000000, 4.638298064109109311E-17 ) ) ;
#731 = DIRECTION ( 'NONE',  ( -0.0000000000000000000, 1.000000000000000000, -8.673617379884035472E-18 ) ) ;
#732 = LINE ( 'NONE', #2068, #2008 ) ;
#733 = DIRECTION ( 'NONE',  ( -1.000000000000000000, 0.0000000000000000000, 0.0000000000000000000 ) ) ;
#734 = DIRECTION ( 'NONE',  ( 0.0000000000000000000, 0.0000000000000000000, 1.000000000000000000 ) ) ;
#735 = CYLINDRICAL_SURFACE ( 'NONE', #1953, 3.150000000000001688 ) ;
#736 = ORIENTED_EDGE ( 'NONE', *, *, #787, .F. ) ;
#737 = ORIENTED_EDGE ( 'NONE', *, *, #240, .T. ) ;
#738 = VECTOR ( 'NONE', #79, 1000.000000000000000 ) ;
#739 = ORIENTED_EDGE ( 'NONE', *, *, #2855, .T. ) ;
#740 = CIRCLE ( 'NONE', #1037, 3.150000000000000799 ) ;
#741 = VECTOR ( 'NONE', #2300, 1000.000000000000000 ) ;
#742 = ORIENTED_EDGE ( 'NONE', *, *, #276, .F. ) ;
#743 = ORIENTED_EDGE ( 'NONE', *, *, #2729, .T. ) ;
#744 = CARTESIAN_POINT ( 'NONE',  ( 439.0749999999999318, -9.000000000000001776, -3.150000000003016609 ) ) ;
#745 = VECTOR ( 'NONE', #1725, 1000.000000000000000 ) ;
#746 = CARTESIAN_POINT ( 'NONE',  ( 610.0000000000000000, 0.9999999999999991118, 11.50000000000000000 ) ) ;
#747 = DIRECTION ( 'NONE',  ( -0.0000000000000000000, 1.000000000000000000, -8.673617379884035472E-18 ) ) ;
#748 = ORIENTED_EDGE ( 'NONE', *, *, #2622, .F. ) ;
#749 = CARTESIAN_POINT ( 'NONE',  ( 0.0000000000000000000, 7.500000000000000000, -14.50000000000000178 ) ) ;
#750 = VECTOR ( 'NONE', #1710, 1000.000000000000000 ) ;
#751 = ORIENTED_EDGE ( 'NONE', *, *, #153, .T. ) ;
#752 = EDGE_CURVE ( 'NONE', #1334, #261, #1456, .T. ) ;
#753 = EDGE_CURVE ( 'NONE', #373, #545, #2741, .T. ) ;
#754 = LINE ( 'NONE', #2832, #1957 ) ;
#755 = UNCERTAINTY_MEASURE_WITH_UNIT (LENGTH_MEASURE( 1.000000000000000082E-05 ), #1772, 'distance_accuracy_value', 'NONE');
#756 = CARTESIAN_POINT ( 'NONE',  ( 610.0000000000000000, 5.500000000000000000, 12.49999999999999822 ) ) ;
#757 = DIRECTION ( 'NONE',  ( 0.0000000000000000000, 0.0000000000000000000, 1.000000000000000000 ) ) ;
#758 = VERTEX_POINT ( 'NONE', #1206 ) ;
#759 = DIRECTION ( 'NONE',  ( 0.0000000000000000000, 0.0000000000000000000, 1.000000000000000000 ) ) ;
#760 = ORIENTED_EDGE ( 'NONE', *, *, #1532, .F. ) ;
#761 = AXIS2_PLACEMENT_3D ( 'NONE', #2835, #2587, #1619 ) ;
#762 = CARTESIAN_POINT ( 'NONE',  ( -1.461063890194252669E-16, 0.0000000000000000000, 3.149999999999748557 ) ) ;
#763 = CARTESIAN_POINT ( 'NONE',  ( 61.77499999999999858, 0.9999999999999991118, 3.149999999999751665 ) ) ;
#764 = ORIENTED_EDGE ( 'NONE', *, *, #2355, .F. ) ;
#765 = ORIENTED_EDGE ( 'NONE', *, *, #2171, .T. ) ;
#766 = ORIENTED_EDGE ( 'NONE', *, *, #2925, .T. ) ;
#767 = CARTESIAN_POINT ( 'NONE',  ( 475.0749999999999886, -9.000000000000001776, 3.149999999996734079 ) ) ;
#768 = CARTESIAN_POINT ( 'NONE',  ( 169.7749999999999773, 0.9999999999999991118, -3.150000000001005773 ) ) ;
#769 = CIRCLE ( 'NONE', #1073, 1.999999999999998224 ) ;
#770 = AXIS2_PLACEMENT_3D ( 'NONE', #2685, #1222, #508 ) ;
#771 = CC_DESIGN_PERSON_AND_ORGANIZATION_ASSIGNMENT ( #2895, #1303, ( #260 ) ) ;
#772 = DIRECTION ( 'NONE',  ( -0.0000000000000000000, 1.000000000000000000, -8.673617379884035472E-18 ) ) ;
#773 = LINE ( 'NONE', #1995, #39 ) ;
#774 = ORIENTED_EDGE ( 'NONE', *, *, #722, .T. ) ;
#775 = VECTOR ( 'NONE', #1519, 1000.000000000000000 ) ;
#776 = VERTEX_POINT ( 'NONE', #2657 ) ;
#777 = CARTESIAN_POINT ( 'NONE',  ( 439.0749999999999318, 0.0000000000000000000, -3.150000000003016609 ) ) ;
#778 = DIRECTION ( 'NONE',  ( 0.0000000000000000000, 0.0000000000000000000, -1.000000000000000000 ) ) ;
#779 = EDGE_LOOP ( 'NONE', ( #2226, #2427, #1268, #669 ) ) ;
#780 = CARTESIAN_POINT ( 'NONE',  ( 241.7749999999999488, -9.000000000000001776, -1.508233202206434769E-12 ) ) ;
#781 = CARTESIAN_POINT ( 'NONE',  ( 610.0000000000000000, 7.500000000000000000, 17.50000000000000000 ) ) ;
#782 = VECTOR ( 'NONE', #994, 1000.000000000000000 ) ;
#783 = CARTESIAN_POINT ( 'NONE',  ( -1.461063890193549104E-16, 0.0000000000000000000, 3.149999999998230216 ) ) ;
#784 = AXIS2_PLACEMENT_3D ( 'NONE', #238, #1916, #480 ) ;
#785 = VECTOR ( 'NONE', #1126, 1000.000000000000000 ) ;
#786 = EDGE_CURVE ( 'NONE', #895, #2326, #2074, .T. ) ;
#787 = EDGE_CURVE ( 'NONE', #91, #1912, #2664, .T. ) ;
#788 = ORIENTED_EDGE ( 'NONE', *, *, #365, .T. ) ;
#789 = CARTESIAN_POINT ( 'NONE',  ( 610.0000000000000000, 2.000000000000000000, 11.50000000000000000 ) ) ;
#790 = VERTEX_POINT ( 'NONE', #2168 ) ;
#791 = DIRECTION ( 'NONE',  ( 1.000000000000000000, 0.0000000000000000000, 4.638298064109111160E-17 ) ) ;
#792 = EDGE_CURVE ( 'NONE', #1328, #2689, #77, .T. ) ;
#793 = APPROVAL_ROLE ( '' ) ;
#794 = ORIENTED_EDGE ( 'NONE', *, *, #2059, .T. ) ;
#795 = DIRECTION ( 'NONE',  ( 0.0000000000000000000, 0.0000000000000000000, 1.000000000000000000 ) ) ;
#796 = CYLINDRICAL_SURFACE ( 'NONE', #770, 3.150000000000001688 ) ;
#797 = EDGE_CURVE ( 'NONE', #1177, #26, #732, .T. ) ;
#798 = ORIENTED_EDGE ( 'NONE', *, *, #2031, .T. ) ;
#799 = VECTOR ( 'NONE', #1618, 1000.000000000000000 ) ;
#800 = MANIFOLD_SOLID_BREP ( 'Kes-Ekstrüzyon4', #2987 ) ;
#801 = ORIENTED_EDGE ( 'NONE', *, *, #792, .F. ) ;
#802 = ORIENTED_EDGE ( 'NONE', *, *, #239, .F. ) ;
#803 = DIRECTION ( 'NONE',  ( -0.0000000000000000000, 1.000000000000000000, -8.673617379884035472E-18 ) ) ;
#804 = DIRECTION ( 'NONE',  ( -1.000000000000000000, 0.0000000000000000000, 0.0000000000000000000 ) ) ;
#805 = DIRECTION ( 'NONE',  ( -1.000000000000000000, 0.0000000000000000000, 0.0000000000000000000 ) ) ;
#806 = ORIENTED_EDGE ( 'NONE', *, *, #1713, .F. ) ;
#807 = ORIENTED_EDGE ( 'NONE', *, *, #2580, .F. ) ;
#808 = CARTESIAN_POINT ( 'NONE',  ( 7.074999999999996625, -9.000000000000001776, 3.150000000000000799 ) ) ;
#809 = DIRECTION ( 'NONE',  ( 1.000000000000000000, 0.0000000000000000000, 4.638298064109111160E-17 ) ) ;
#810 = VECTOR ( 'NONE', #3029, 1000.000000000000000 ) ;
#811 = CARTESIAN_POINT ( 'NONE',  ( 295.0749999999999886, -9.000000000000001776, 3.149999999997991296 ) ) ;
#812 = PERSON_AND_ORGANIZATION ( #3110, #387 ) ;
#813 = LINE ( 'NONE', #723, #641 ) ;
#814 = DIRECTION ( 'NONE',  ( 0.0000000000000000000, 1.000000000000000000, -8.673617379884035472E-18 ) ) ;
#815 = EDGE_CURVE ( 'NONE', #1282, #2907, #813, .T. ) ;
#816 = FACE_OUTER_BOUND ( 'NONE', #2482, .T. ) ;
#817 = EDGE_LOOP ( 'NONE', ( #2909, #2415, #840, #287 ) ) ;
#818 = VECTOR ( 'NONE', #2740, 1000.000000000000000 ) ;
#819 = ORIENTED_EDGE ( 'NONE', *, *, #2986, .T. ) ;
#820 = LINE ( 'NONE', #3117, #161 ) ;
#821 = CARTESIAN_POINT ( 'NONE',  ( 475.0749999999999886, 0.9999999999999991118, -3.268026533157172720E-12 ) ) ;
#822 = LINE ( 'NONE', #3061, #2083 ) ;
#823 = EDGE_CURVE ( 'NONE', #1705, #119, #1288, .T. ) ;
#824 = ORIENTED_EDGE ( 'NONE', *, *, #1699, .F. ) ;
#825 = LINE ( 'NONE', #762, #2583 ) ;
#826 = EDGE_LOOP ( 'NONE', ( #1517, #922, #1162, #1096 ) ) ;
#827 = AXIS2_PLACEMENT_3D ( 'NONE', #710, #245, #1921 ) ;
#828 = AXIS2_PLACEMENT_3D ( 'NONE', #3010, #1790, #359 ) ;
#829 = VECTOR ( 'NONE', #279, 1000.000000000000000 ) ;
#830 = DIRECTION ( 'NONE',  ( -1.000000000000000000, 0.0000000000000000000, 0.0000000000000000000 ) ) ;
#831 = DIRECTION ( 'NONE',  ( -0.0000000000000000000, 1.000000000000000000, -8.673617379884035472E-18 ) ) ;
#832 = ORIENTED_EDGE ( 'NONE', *, *, #1386, .T. ) ;
#833 = LINE ( 'NONE', #907, #2096 ) ;
#834 = AXIS2_PLACEMENT_3D ( 'NONE', #2822, #1359, #3064 ) ;
#835 = EDGE_CURVE ( 'NONE', #1851, #2886, #5, .T. ) ;
#836 = DIRECTION ( 'NONE',  ( 0.0000000000000000000, 0.0000000000000000000, 1.000000000000000000 ) ) ;
#837 = ORIENTED_EDGE ( 'NONE', *, *, #2264, .F. ) ;
#838 = CARTESIAN_POINT ( 'NONE',  ( 610.0000000000000000, 5.500000000000001776, -14.49999999999999822 ) ) ;
#839 = CARTESIAN_POINT ( 'NONE',  ( 61.77499999999999858, -9.000000000000001776, -3.150000000000251710 ) ) ;
#840 = ORIENTED_EDGE ( 'NONE', *, *, #1305, .F. ) ;
#841 = ORIENTED_EDGE ( 'NONE', *, *, #3039, .F. ) ;
#842 = ORIENTED_EDGE ( 'NONE', *, *, #1865, .F. ) ;
#843 = DATE_TIME_ROLE ( 'creation_date' ) ;
#844 = FACE_BOUND ( 'NONE', #1185, .T. ) ;
#845 = ORIENTED_EDGE ( 'NONE', *, *, #552, .F. ) ;
#846 = CIRCLE ( 'NONE', #1692, 3.150000000000001688 ) ;
#847 = VERTEX_POINT ( 'NONE', #1347 ) ;
#848 = FACE_OUTER_BOUND ( 'NONE', #2305, .T. ) ;
#849 = ORIENTED_EDGE ( 'NONE', *, *, #2329, .T. ) ;
#850 = VECTOR ( 'NONE', #1358, 1000.000000000000000 ) ;
#851 = EDGE_CURVE ( 'NONE', #1249, #2143, #3073, .T. ) ;
#852 = VECTOR ( 'NONE', #2428, 1000.000000000000000 ) ;
#853 = PLANE ( 'NONE',  #1778 ) ;
#854 = DIRECTION ( 'NONE',  ( -0.0000000000000000000, 1.000000000000000000, -8.673617379884035472E-18 ) ) ;
#855 = VECTOR ( 'NONE', #3062, 1000.000000000000000 ) ;
#856 = EDGE_LOOP ( 'NONE', ( #765, #2554, #1323, #679 ) ) ;
#857 = ORIENTED_EDGE ( 'NONE', *, *, #911, .T. ) ;
#858 = CARTESIAN_POINT ( 'NONE',  ( 61.77499999999999858, 0.0000000000000000000, 3.149999999999751665 ) ) ;
#859 = EDGE_LOOP ( 'NONE', ( #819, #36, #1205, #1991 ) ) ;
#860 = VECTOR ( 'NONE', #2424, 1000.000000000000000 ) ;
#861 = ORIENTED_EDGE ( 'NONE', *, *, #1915, .T. ) ;
#862 = DIRECTION ( 'NONE',  ( 0.0000000000000000000, 0.0000000000000000000, 1.000000000000000000 ) ) ;
#863 = CARTESIAN_POINT ( 'NONE',  ( 610.0000000000000000, 6.500000000000000888, 17.50000000000000000 ) ) ;
#864 = CIRCLE ( 'NONE', #654, 3.150000000000000799 ) ;
#865 = ORIENTED_EDGE ( 'NONE', *, *, #496, .T. ) ;
#866 = AXIS2_PLACEMENT_3D ( 'NONE', #1982, #542, #2230 ) ;
#867 = ORIENTED_EDGE ( 'NONE', *, *, #531, .T. ) ;
#868 = ORIENTED_EDGE ( 'NONE', *, *, #1936, .F. ) ;
#869 = CARTESIAN_POINT ( 'NONE',  ( 79.07499999999998863, -9.000000000000001776, -5.026865766196122618E-13 ) ) ;
#870 = DIRECTION ( 'NONE',  ( -0.0000000000000000000, 1.000000000000000000, -8.673617379884035472E-18 ) ) ;
#871 = CARTESIAN_POINT ( 'NONE',  ( 493.7749999999999773, 0.0000000000000000000, 3.149999999996734967 ) ) ;
#872 = ORIENTED_EDGE ( 'NONE', *, *, #1261, .F. ) ;
#873 = VERTEX_POINT ( 'NONE', #2809 ) ;
#874 = EDGE_CURVE ( 'NONE', #1813, #1746, #580, .T. ) ;
#875 = AXIS2_PLACEMENT_3D ( 'NONE', #2808, #1344, #3053 ) ;
#876 = EDGE_CURVE ( 'NONE', #574, #758, #1935, .T. ) ;
#877 = DIRECTION ( 'NONE',  ( 0.0000000000000000000, 8.673617379884035472E-18, 1.000000000000000000 ) ) ;
#878 = LINE ( 'NONE', #3045, #73 ) ;
#879 = AXIS2_PLACEMENT_3D ( 'NONE', #2269, #2762, #32 ) ;
#880 = ORIENTED_EDGE ( 'NONE', *, *, #461, .T. ) ;
#881 = PERSON_AND_ORGANIZATION ( #3110, #387 ) ;
#882 = AXIS2_PLACEMENT_3D ( 'NONE', #3097, #1391, #2845 ) ;
#883 = DIRECTION ( 'NONE',  ( 0.0000000000000000000, 0.0000000000000000000, -1.000000000000000000 ) ) ;
#884 = DIRECTION ( 'NONE',  ( 0.0000000000000000000, 4.336808689942013792E-16, -1.000000000000000000 ) ) ;
#885 = CARTESIAN_POINT ( 'NONE',  ( 583.0749999999999318, -9.000000000000001776, 3.149999999995980016 ) ) ;
#886 = EDGE_CURVE ( 'NONE', #1318, #1617, #1847, .T. ) ;
#887 = EDGE_CURVE ( 'NONE', #2907, #2957, #515, .T. ) ;
#888 = CYLINDRICAL_SURFACE ( 'NONE', #993, 3.150000000000001688 ) ;
#889 = ORIENTED_EDGE ( 'NONE', *, *, #1030, .T. ) ;
#890 = CARTESIAN_POINT ( 'NONE',  ( 187.0749999999999886, -9.000000000000001776, 3.149999999998744027 ) ) ;
#891 = CIRCLE ( 'NONE', #1950, 3.150000000000000799 ) ;
#892 = ORIENTED_EDGE ( 'NONE', *, *, #1016, .F. ) ;
#893 = CARTESIAN_POINT ( 'NONE',  ( 313.7749999999999773, 0.9999999999999988898, -3.150000000002010747 ) ) ;
#894 = VERTEX_POINT ( 'NONE', #2984 ) ;
#895 = VERTEX_POINT ( 'NONE', #2258 ) ;
#896 = VECTOR ( 'NONE', #1720, 1000.000000000000000 ) ;
#897 = ADVANCED_FACE ( 'NONE', ( #3002 ), #2276, .F. ) ;
#898 = CARTESIAN_POINT ( 'NONE',  ( 79.07499999999998863, 0.9999999999999991118, 3.149999999999498090 ) ) ;
#899 = DIRECTION ( 'NONE',  ( 1.000000000000000000, 0.0000000000000000000, 4.638298064109111160E-17 ) ) ;
#900 = EDGE_LOOP ( 'NONE', ( #2214, #2013, #2718, #2220 ) ) ;
#901 = LINE ( 'NONE', #510, #173 ) ;
#902 = CARTESIAN_POINT ( 'NONE',  ( -1.461063890193079732E-16, 0.0000000000000000000, 3.149999999997218580 ) ) ;
#903 = EDGE_LOOP ( 'NONE', ( #2606, #381, #1605, #2285 ) ) ;
#904 = ADVANCED_FACE ( 'NONE', ( #2341 ), #2026, .T. ) ;
#905 = LINE ( 'NONE', #2136, #2189 ) ;
#906 = DIRECTION ( 'NONE',  ( 0.0000000000000000000, 0.0000000000000000000, 1.000000000000000000 ) ) ;
#907 = CARTESIAN_POINT ( 'NONE',  ( 169.7749999999999773, -9.000000000000001776, -3.150000000001005773 ) ) ;
#908 = DIRECTION ( 'NONE',  ( 0.0000000000000000000, 0.0000000000000000000, 1.000000000000000000 ) ) ;
#909 = ORIENTED_EDGE ( 'NONE', *, *, #1742, .F. ) ;
#910 = CARTESIAN_POINT ( 'NONE',  ( 0.0000000000000000000, 7.500000000000000000, -12.50000000000000178 ) ) ;
#911 = EDGE_CURVE ( 'NONE', #2963, #1100, #2935, .T. ) ;
#912 = ADVANCED_FACE ( 'NONE', ( #431 ), #2846, .F. ) ;
#913 = EDGE_CURVE ( 'NONE', #1770, #628, #1633, .T. ) ;
#914 = DIRECTION ( 'NONE',  ( 0.0000000000000000000, 1.000000000000000000, -8.673617379884035472E-18 ) ) ;
#915 = PLANE ( 'NONE',  #2771 ) ;
#916 = ADVANCED_FACE ( 'NONE', ( #1555 ), #285, .F. ) ;
#917 = EDGE_LOOP ( 'NONE', ( #635, #1256, #2394, #1608 ) ) ;
#918 = PLANE ( 'NONE',  #1524 ) ;
#919 = EDGE_LOOP ( 'NONE', ( #2297, #3087, #748, #1433 ) ) ;
#920 = CARTESIAN_POINT ( 'NONE',  ( 277.7749999999999773, 0.0000000000000000000, -1.759697921159559226E-12 ) ) ;
#921 = FACE_BOUND ( 'NONE', #1598, .T. ) ;
#922 = ORIENTED_EDGE ( 'NONE', *, *, #2731, .T. ) ;
#923 = FACE_OUTER_BOUND ( 'NONE', #2523, .T. ) ;
#924 = ORIENTED_EDGE ( 'NONE', *, *, #252, .T. ) ;
#925 = CIRCLE ( 'NONE', #866, 3.150000000000000799 ) ;
#926 = CARTESIAN_POINT ( 'NONE',  ( 610.0000000000000000, 0.0000000000000000000, -17.50000000000007816 ) ) ;
#927 = AXIS2_PLACEMENT_3D ( 'NONE', #1628, #1137, #434 ) ;
#928 = ORIENTED_EDGE ( 'NONE', *, *, #306, .F. ) ;
#929 = CARTESIAN_POINT ( 'NONE',  ( 0.0000000000000000000, 0.0000000000000000000, 11.50000000000000000 ) ) ;
#930 = VECTOR ( 'NONE', #1890, 1000.000000000000000 ) ;
#931 = ADVANCED_FACE ( 'NONE', ( #356 ), #292, .F. ) ;
#932 = CARTESIAN_POINT ( 'NONE',  ( 610.0000000000000000, 5.500000000000000000, -14.50000000000000178 ) ) ;
#933 = DIRECTION ( 'NONE',  ( 0.0000000000000000000, 0.0000000000000000000, 1.000000000000000000 ) ) ;
#934 = LINE ( 'NONE', #1712, #782 ) ;
#935 = PRODUCT_DEFINITION ( '未知', '', #1729, #565 ) ;
#936 = LINE ( 'NONE', #1115, #855 ) ;
#937 = ADVANCED_FACE ( 'NONE', ( #923 ), #1488, .F. ) ;
#938 = EDGE_LOOP ( 'NONE', ( #1270, #798, #2588, #1785 ) ) ;
#939 = DIRECTION ( 'NONE',  ( -4.638298064109111160E-17, 8.673617379884035472E-18, 1.000000000000000000 ) ) ;
#940 = CARTESIAN_POINT ( 'NONE',  ( 7.074999999999996625, 0.9999999999999991118, 7.523163845262640051E-33 ) ) ;
#941 = ORIENTED_EDGE ( 'NONE', *, *, #606, .F. ) ;
#942 = ORIENTED_EDGE ( 'NONE', *, *, #2065, .T. ) ;
#943 = DIRECTION ( 'NONE',  ( -4.638298064109111160E-17, 8.673617379884035472E-18, 1.000000000000000000 ) ) ;
#944 = VECTOR ( 'NONE', #731, 1000.000000000000000 ) ;
#945 = CARTESIAN_POINT ( 'NONE',  ( -1.461063890192844799E-16, 0.0000000000000000000, 3.149999999996711875 ) ) ;
#946 = ORIENTED_EDGE ( 'NONE', *, *, #503, .T. ) ;
#947 = LINE ( 'NONE', #3030, #1506 ) ;
#948 = EDGE_CURVE ( 'NONE', #301, #1241, #2201, .T. ) ;
#949 = ADVANCED_FACE ( 'NONE', ( #1061 ), #29, .F. ) ;
#950 = EDGE_CURVE ( 'NONE', #1490, #1243, #846, .T. ) ;
#951 = DIRECTION ( 'NONE',  ( -0.0000000000000000000, 1.000000000000000000, -8.673617379884035472E-18 ) ) ;
#952 = DIRECTION ( 'NONE',  ( -0.0000000000000000000, 1.000000000000000000, 4.336808689942013792E-16 ) ) ;
#953 = CARTESIAN_POINT ( 'NONE',  ( 25.77499999999999858, 0.9999999999999991118, 1.655096045957780811E-32 ) ) ;
#954 = ORIENTED_EDGE ( 'NONE', *, *, #62, .T. ) ;
#955 = ORIENTED_EDGE ( 'NONE', *, *, #1715, .F. ) ;
#956 = EDGE_CURVE ( 'NONE', #2449, #659, #2120, .T. ) ;
#957 = CARTESIAN_POINT ( 'NONE',  ( 583.0749999999999318, 0.0000000000000000000, 3.149999999995978683 ) ) ;
#958 = EDGE_CURVE ( 'NONE', #2794, #1466, #2773, .T. ) ;
#959 = CARTESIAN_POINT ( 'NONE',  ( 403.0749999999999886, 0.9999999999999991118, -2.765253220363761314E-12 ) ) ;
#960 = DIRECTION ( 'NONE',  ( -0.0000000000000000000, 1.000000000000000000, -8.673617379884035472E-18 ) ) ;
#961 = ORIENTED_EDGE ( 'NONE', *, *, #1495, .T. ) ;
#962 = ORIENTED_EDGE ( 'NONE', *, *, #1584, .F. ) ;
#963 = CARTESIAN_POINT ( 'NONE',  ( 421.7749999999999773, 0.9999999999999991118, -2.765253220363761314E-12 ) ) ;
#964 = CARTESIAN_POINT ( 'NONE',  ( 0.0000000000000000000, 0.0000000000000000000, -3.150000000004022471 ) ) ;
#965 = CYLINDRICAL_SURFACE ( 'NONE', #828, 3.150000000000000799 ) ;
#966 = ORIENTED_EDGE ( 'NONE', *, *, #120, .F. ) ;
#967 = CARTESIAN_POINT ( 'NONE',  ( 0.0000000000000000000, 0.0000000000000000000, -17.50000000000000000 ) ) ;
#968 = COORDINATED_UNIVERSAL_TIME_OFFSET ( 8, 0, .AHEAD. ) ;
#969 = DIRECTION ( 'NONE',  ( 0.0000000000000000000, 1.000000000000000000, -8.673617379884035472E-18 ) ) ;
#970 = FACE_OUTER_BOUND ( 'NONE', #2030, .T. ) ;
#971 = DIRECTION ( 'NONE',  ( -1.000000000000000000, 0.0000000000000000000, 0.0000000000000000000 ) ) ;
#972 = DIRECTION ( 'NONE',  ( -1.000000000000000000, 0.0000000000000000000, 0.0000000000000000000 ) ) ;
#973 = ORIENTED_EDGE ( 'NONE', *, *, #1093, .T. ) ;
#974 = CARTESIAN_POINT ( 'NONE',  ( 583.0749999999999318, 0.9999999999999991118, -4.022186502347289625E-12 ) ) ;
#975 = VECTOR ( 'NONE', #563, 1000.000000000000000 ) ;
#976 = ORIENTED_EDGE ( 'NONE', *, *, #2202, .F. ) ;
#977 = CARTESIAN_POINT ( 'NONE',  ( 25.77499999999999503, -9.000000000000001776, -3.149999999999999911 ) ) ;
#978 = EDGE_LOOP ( 'NONE', ( #1647, #2325, #543, #2815 ) ) ;
#979 = FACE_OUTER_BOUND ( 'NONE', #856, .T. ) ;
#980 = EDGE_LOOP ( 'NONE', ( #1071, #1102, #3140, #2402 ) ) ;
#981 = VERTEX_POINT ( 'NONE', #1735 ) ;
#982 = VECTOR ( 'NONE', #2183, 1000.000000000000000 ) ;
#983 = EDGE_CURVE ( 'NONE', #847, #409, #110, .T. ) ;
#984 = EDGE_LOOP ( 'NONE', ( #2931, #532, #872, #845 ) ) ;
#985 = CARTESIAN_POINT ( 'NONE',  ( 601.7749999999999773, 0.0000000000000000000, -3.150000000004022471 ) ) ;
#986 = CARTESIAN_POINT ( 'NONE',  ( -1.461063890192488333E-16, 0.0000000000000000000, 3.149999999995952482 ) ) ;
#987 = FACE_BOUND ( 'NONE', #2529, .T. ) ;
#988 = CARTESIAN_POINT ( 'NONE',  ( 61.77499999999999858, 0.9999999999999991118, -2.513866563967056016E-13 ) ) ;
#989 = EDGE_LOOP ( 'NONE', ( #2787, #2147, #1536, #1366 ) ) ;
#990 = ORIENTED_EDGE ( 'NONE', *, *, #1353, .T. ) ;
#991 = AXIS2_PLACEMENT_3D ( 'NONE', #1695, #256, #1931 ) ;
#992 = AXIS2_PLACEMENT_3D ( 'NONE', #596, #2033, #2778 ) ;
#993 = AXIS2_PLACEMENT_3D ( 'NONE', #2442, #2368, #1166 ) ;
#994 = DIRECTION ( 'NONE',  ( 1.000000000000000000, 0.0000000000000000000, 4.638298064109111160E-17 ) ) ;
#995 = EDGE_CURVE ( 'NONE', #2653, #1104, #2039, .T. ) ;
#996 = EDGE_LOOP ( 'NONE', ( #250, #955, #634, #1646 ) ) ;
#997 = FACE_BOUND ( 'NONE', #2918, .T. ) ;
#998 = CARTESIAN_POINT ( 'NONE',  ( 331.0749999999999318, 0.9999999999999991118, -2.262479907570350313E-12 ) ) ;
#999 = PLANE ( 'NONE',  #1567 ) ;
#1000 = VECTOR ( 'NONE', #1003, 1000.000000000000000 ) ;
#1001 = ORIENTED_EDGE ( 'NONE', *, *, #1744, .F. ) ;
#1002 = DIRECTION ( 'NONE',  ( 0.0000000000000000000, 0.0000000000000000000, 1.000000000000000000 ) ) ;
#1003 = DIRECTION ( 'NONE',  ( 1.000000000000000000, 0.0000000000000000000, 4.638298064109111160E-17 ) ) ;
#1004 = CIRCLE ( 'NONE', #2938, 3.150000000000001688 ) ;
#1005 = VECTOR ( 'NONE', #197, 1000.000000000000000 ) ;
#1006 = LINE ( 'NONE', #863, #2210 ) ;
#1007 = FACE_OUTER_BOUND ( 'NONE', #1482, .T. ) ;
#1008 = CARTESIAN_POINT ( 'NONE',  ( 349.7749999999999204, 0.9999999999999991118, -2.262479907570350313E-12 ) ) ;
#1009 = CYLINDRICAL_SURFACE ( 'NONE', #1033, 1.000000000000000888 ) ;
#1010 = EDGE_LOOP ( 'NONE', ( #1014, #1025, #1145, #1949 ) ) ;
#1011 = PLANE ( 'NONE',  #378 ) ;
#1012 = EDGE_LOOP ( 'NONE', ( #2751, #2576, #1800, #500 ) ) ;
#1013 = DIRECTION ( 'NONE',  ( -0.0000000000000000000, 1.000000000000000000, -8.673617379884035472E-18 ) ) ;
#1014 = ORIENTED_EDGE ( 'NONE', *, *, #2384, .T. ) ;
#1015 = ORIENTED_EDGE ( 'NONE', *, *, #1577, .T. ) ;
#1016 = EDGE_CURVE ( 'NONE', #326, #2302, #199, .T. ) ;
#1017 = LINE ( 'NONE', #498, #944 ) ;
#1018 = EDGE_LOOP ( 'NONE', ( #40, #1805, #2610, #824 ) ) ;
#1019 = CARTESIAN_POINT ( 'NONE',  ( 439.0749999999999318, 0.9999999999999991118, -3.016639876760467219E-12 ) ) ;
#1020 = CARTESIAN_POINT ( 'NONE',  ( 511.0749999999999318, -9.000000000000001776, -3.519326453380079380E-12 ) ) ;
#1021 = ORIENTED_EDGE ( 'NONE', *, *, #2260, .F. ) ;
#1022 = CARTESIAN_POINT ( 'NONE',  ( 61.77499999999999858, 0.9999999999999991118, -3.150000000000251710 ) ) ;
#1023 = CARTESIAN_POINT ( 'NONE',  ( 457.7749999999999204, 0.0000000000000000000, -3.150000000003016609 ) ) ;
#1024 = ORIENTED_EDGE ( 'NONE', *, *, #3161, .T. ) ;
#1025 = ORIENTED_EDGE ( 'NONE', *, *, #1825, .T. ) ;
#1026 = CARTESIAN_POINT ( 'NONE',  ( 421.7749999999999773, -9.000000000000001776, -2.765166484189962878E-12 ) ) ;
#1027 = DIRECTION ( 'NONE',  ( -1.000000000000000000, 0.0000000000000000000, 0.0000000000000000000 ) ) ;
#1028 = LINE ( 'NONE', #1308, #1738 ) ;
#1029 = DIRECTION ( 'NONE',  ( 0.0000000000000000000, 0.0000000000000000000, 1.000000000000000000 ) ) ;
#1030 = EDGE_CURVE ( 'NONE', #105, #386, #773, .T. ) ;
#1031 = LINE ( 'NONE', #280, #394 ) ;
#1032 = ORIENTED_EDGE ( 'NONE', *, *, #2723, .F. ) ;
#1033 = AXIS2_PLACEMENT_3D ( 'NONE', #1084, #380, #3026 ) ;
#1034 = LINE ( 'NONE', #744, #325 ) ;
#1035 = EDGE_CURVE ( 'NONE', #673, #42, #689, .T. ) ;
#1036 = AXIS2_PLACEMENT_3D ( 'NONE', #1774, #2692, #1240 ) ;
#1037 = AXIS2_PLACEMENT_3D ( 'NONE', #430, #1858, #183 ) ;
#1038 = DIRECTION ( 'NONE',  ( 1.000000000000000000, -0.0000000000000000000, -0.0000000000000000000 ) ) ;
#1039 = ORIENTED_EDGE ( 'NONE', *, *, #2754, .F. ) ;
#1040 = LINE ( 'NONE', #2683, #1599 ) ;
#1041 = ORIENTED_EDGE ( 'NONE', *, *, #1631, .T. ) ;
#1042 = CARTESIAN_POINT ( 'NONE',  ( 610.0000000000000000, 6.500000000000000888, 17.50000000000000000 ) ) ;
#1043 = EDGE_CURVE ( 'NONE', #1241, #2794, #1971, .T. ) ;
#1044 = VERTEX_POINT ( 'NONE', #1277 ) ;
#1045 = DIRECTION ( 'NONE',  ( 1.000000000000000000, 0.0000000000000000000, 4.638298064109111160E-17 ) ) ;
#1046 = LINE ( 'NONE', #1457, #333 ) ;
#1047 = EDGE_CURVE ( 'NONE', #42, #2196, #2462, .T. ) ;
#1048 = ORIENTED_EDGE ( 'NONE', *, *, #1440, .F. ) ;
#1049 = FACE_BOUND ( 'NONE', #610, .T. ) ;
#1050 = CARTESIAN_POINT ( 'NONE',  ( 223.0749999999999602, 0.9999999999999991118, -3.150000000001508482 ) ) ;
#1051 = CARTESIAN_POINT ( 'NONE',  ( 421.7749999999999773, 0.0000000000000000000, -3.150000000002765255 ) ) ;
#1052 = ORIENTED_EDGE ( 'NONE', *, *, #1551, .F. ) ;
#1053 = ORIENTED_EDGE ( 'NONE', *, *, #2417, .T. ) ;
#1054 = DIRECTION ( 'NONE',  ( 0.0000000000000000000, 0.0000000000000000000, 1.000000000000000000 ) ) ;
#1055 = DIRECTION ( 'NONE',  ( 0.0000000000000000000, 1.000000000000000000, -0.0000000000000000000 ) ) ;
#1056 = ORIENTED_EDGE ( 'NONE', *, *, #1911, .F. ) ;
#1057 = CYLINDRICAL_SURFACE ( 'NONE', #595, 3.150000000000000799 ) ;
#1058 = DIRECTION ( 'NONE',  ( 1.000000000000000000, 0.0000000000000000000, 0.0000000000000000000 ) ) ;
#1059 = EDGE_CURVE ( 'NONE', #2654, #1243, #1253, .T. ) ;
#1060 = CARTESIAN_POINT ( 'NONE',  ( 0.0000000000000000000, 0.0000000000000000000, 17.50000000000000000 ) ) ;
#1061 = FACE_OUTER_BOUND ( 'NONE', #1682, .T. ) ;
#1062 = EDGE_CURVE ( 'NONE', #2794, #2957, #2526, .T. ) ;
#1063 = VERTEX_POINT ( 'NONE', #2743 ) ;
#1064 = DIRECTION ( 'NONE',  ( 1.000000000000000000, 0.0000000000000000000, -0.0000000000000000000 ) ) ;
#1065 = DIRECTION ( 'NONE',  ( 0.0000000000000000000, 1.000000000000000000, -8.673617379884035472E-18 ) ) ;
#1066 = VECTOR ( 'NONE', #2616, 1000.000000000000000 ) ;
#1067 = ORIENTED_EDGE ( 'NONE', *, *, #1267, .T. ) ;
#1068 = VECTOR ( 'NONE', #3021, 1000.000000000000000 ) ;
#1069 = VECTOR ( 'NONE', #2107, 1000.000000000000000 ) ;
#1070 = CIRCLE ( 'NONE', #1522, 3.150000000000001688 ) ;
#1071 = ORIENTED_EDGE ( 'NONE', *, *, #2495, .T. ) ;
#1072 = APPROVAL_ROLE ( '' ) ;
#1073 = AXIS2_PLACEMENT_3D ( 'NONE', #932, #2614, #1159 ) ;
#1074 = CARTESIAN_POINT ( 'NONE',  ( 133.7749999999999773, -9.000000000000001776, -3.150000000000753975 ) ) ;
#1075 = LINE ( 'NONE', #1922, #2951 ) ;
#1076 = ORIENTED_EDGE ( 'NONE', *, *, #2981, .F. ) ;
#1077 = AXIS2_PLACEMENT_3D ( 'NONE', #1477, #1708, #2930 ) ;
#1078 = APPROVAL ( #96, '未指定' ) ;
#1079 = CARTESIAN_POINT ( 'NONE',  ( 133.7750000000000341, 0.9999999999999988898, -3.150000000000754419 ) ) ;
#1080 = VERTEX_POINT ( 'NONE', #1537 ) ;
#1081 = DIRECTION ( 'NONE',  ( -0.0000000000000000000, 1.000000000000000000, -8.673617379884035472E-18 ) ) ;
#1082 = AXIS2_PLACEMENT_3D ( 'NONE', #1197, #2904, #1450 ) ;
#1083 = EDGE_CURVE ( 'NONE', #373, #326, #541, .T. ) ;
#1084 = CARTESIAN_POINT ( 'NONE',  ( 610.0000000000000000, 5.500000000000001776, 14.49999999999999822 ) ) ;
#1085 = ORIENTED_EDGE ( 'NONE', *, *, #2569, .T. ) ;
#1086 = EDGE_LOOP ( 'NONE', ( #2262, #1182, #1570, #1076 ) ) ;
#1087 = AXIS2_PLACEMENT_3D ( 'NONE', #1154, #1668, #231 ) ;
#1088 = EDGE_CURVE ( 'NONE', #2595, #2433, #3126, .T. ) ;
#1089 = CARTESIAN_POINT ( 'NONE',  ( -1.461063890194370259E-16, 0.0000000000000000000, 3.150000000000001688 ) ) ;
#1090 = DIRECTION ( 'NONE',  ( 0.0000000000000000000, 4.336808689942015764E-16, -1.000000000000000000 ) ) ;
#1091 = EDGE_CURVE ( 'NONE', #2982, #1760, #1172, .T. ) ;
#1092 = VECTOR ( 'NONE', #830, 1000.000000000000000 ) ;
#1093 = EDGE_CURVE ( 'NONE', #83, #561, #3027, .T. ) ;
#1094 = VERTEX_POINT ( 'NONE', #2012 ) ;
#1095 = CARTESIAN_POINT ( 'NONE',  ( 421.7749999999999773, -9.000000000000001776, -3.150000000002765255 ) ) ;
#1096 = ORIENTED_EDGE ( 'NONE', *, *, #913, .F. ) ;
#1097 = CIRCLE ( 'NONE', #164, 3.150000000000000799 ) ;
#1098 = CARTESIAN_POINT ( 'NONE',  ( 313.7749999999999773, 0.9999999999999991118, -2.011093251173644813E-12 ) ) ;
#1099 = CARTESIAN_POINT ( 'NONE',  ( 583.0749999999999318, 0.9999999999999991118, -3.150000000004022471 ) ) ;
#1100 = VERTEX_POINT ( 'NONE', #2263 ) ;
#1101 = FACE_OUTER_BOUND ( 'NONE', #724, .T. ) ;
#1102 = ORIENTED_EDGE ( 'NONE', *, *, #1198, .T. ) ;
#1103 = CIRCLE ( 'NONE', #114, 3.150000000000000799 ) ;
#1104 = VERTEX_POINT ( 'NONE', #2499 ) ;
#1105 = CARTESIAN_POINT ( 'NONE',  ( 0.0000000000000000000, 0.0000000000000000000, -3.150000000003016609 ) ) ;
#1106 = VECTOR ( 'NONE', #2380, 1000.000000000000000 ) ;
#1107 = VERTEX_POINT ( 'NONE', #2840 ) ;
#1108 = CARTESIAN_POINT ( 'NONE',  ( 0.0000000000000000000, 6.500000000000000888, 17.50000000000000000 ) ) ;
#1109 = CARTESIAN_POINT ( 'NONE',  ( 610.0000000000000000, 0.0000000000000000000, 17.50000000000000000 ) ) ;
#1110 = FACE_BOUND ( 'NONE', #3145, .T. ) ;
#1111 = DIRECTION ( 'NONE',  ( 0.0000000000000000000, 0.0000000000000000000, 1.000000000000000000 ) ) ;
#1112 = ORIENTED_EDGE ( 'NONE', *, *, #2485, .T. ) ;
#1113 = ORIENTED_EDGE ( 'NONE', *, *, #2925, .F. ) ;
#1114 = CARTESIAN_POINT ( 'NONE',  ( 403.0749999999999886, -9.000000000000001776, 3.149999999997235900 ) ) ;
#1115 = CARTESIAN_POINT ( 'NONE',  ( 457.7749999999999204, 0.9999999999999991118, -3.150000000003016609 ) ) ;
#1116 = CARTESIAN_POINT ( 'NONE',  ( 313.7749999999999773, -9.000000000000001776, -3.150000000002011191 ) ) ;
#1117 = EDGE_CURVE ( 'NONE', #545, #1080, #473, .T. ) ;
#1118 = ADVANCED_FACE ( 'NONE', ( #2382 ), #3000, .T. ) ;
#1119 = DIRECTION ( 'NONE',  ( -1.000000000000000000, 0.0000000000000000000, 0.0000000000000000000 ) ) ;
#1120 = CARTESIAN_POINT ( 'NONE',  ( 115.0749999999999886, 0.0000000000000000000, -7.541512955727369207E-13 ) ) ;
#1121 = CARTESIAN_POINT ( 'NONE',  ( 205.7749999999999773, 0.0000000000000000000, 3.149999999998746247 ) ) ;
#1122 = VERTEX_POINT ( 'NONE', #1050 ) ;
#1123 = ORIENTED_EDGE ( 'NONE', *, *, #153, .F. ) ;
#1124 = DIRECTION ( 'NONE',  ( 0.0000000000000000000, 0.0000000000000000000, -1.000000000000000000 ) ) ;
#1125 = AXIS2_PLACEMENT_3D ( 'NONE', #486, #2157, #969 ) ;
#1126 = DIRECTION ( 'NONE',  ( -0.0000000000000000000, 1.000000000000000000, -8.673617379884035472E-18 ) ) ;
#1127 = LINE ( 'NONE', #1363, #2002 ) ;
#1128 = AXIS2_PLACEMENT_3D ( 'NONE', #611, #2294, #862 ) ;
#1129 = PLANE ( 'NONE',  #2278 ) ;
#1130 = DATE_AND_TIME ( #1773, #2421 ) ;
#1131 = AXIS2_PLACEMENT_3D ( 'NONE', #451, #943, #2630 ) ;
#1132 = CARTESIAN_POINT ( 'NONE',  ( 385.7749999999999773, -9.000000000000001776, -3.150000000002513900 ) ) ;
#1133 = VECTOR ( 'NONE', #1533, 1000.000000000000000 ) ;
#1134 = ADVANCED_FACE ( 'NONE', ( #2966 ), #385, .F. ) ;
#1135 = DIRECTION ( 'NONE',  ( 0.0000000000000000000, 1.000000000000000000, -0.0000000000000000000 ) ) ;
#1136 = ORIENTED_EDGE ( 'NONE', *, *, #2137, .F. ) ;
#1137 = DIRECTION ( 'NONE',  ( -4.638298064109097602E-17, 8.673617379884035472E-18, 1.000000000000000000 ) ) ;
#1138 = AXIS2_PLACEMENT_3D ( 'NONE', #2847, #444, #1870 ) ;
#1139 = EDGE_CURVE ( 'NONE', #354, #241, #1028, .T. ) ;
#1140 = CARTESIAN_POINT ( 'NONE',  ( 187.0749999999999886, -9.000000000000001776, 3.149999999998745359 ) ) ;
#1141 = ADVANCED_FACE ( 'NONE', ( #2299 ), #965, .F. ) ;
#1142 = LINE ( 'NONE', #2351, #3005 ) ;
#1143 = ORIENTED_EDGE ( 'NONE', *, *, #1208, .T. ) ;
#1144 = FACE_OUTER_BOUND ( 'NONE', #980, .T. ) ;
#1145 = ORIENTED_EDGE ( 'NONE', *, *, #823, .T. ) ;
#1146 = CARTESIAN_POINT ( 'NONE',  ( 205.7749999999999773, 0.9999999999999991118, 3.149999999998746247 ) ) ;
#1147 = LINE ( 'NONE', #964, #524 ) ;
#1148 = FACE_OUTER_BOUND ( 'NONE', #1572, .T. ) ;
#1149 = CARTESIAN_POINT ( 'NONE',  ( 610.0000000000000000, 7.500000000000000000, -12.50000000000000178 ) ) ;
#1150 = DIRECTION ( 'NONE',  ( -0.0000000000000000000, 1.000000000000000000, -8.673617379884035472E-18 ) ) ;
#1151 = DIRECTION ( 'NONE',  ( 0.0000000000000000000, 0.0000000000000000000, 1.000000000000000000 ) ) ;
#1152 = ADVANCED_FACE ( 'NONE', ( #2240 ), #2519, .F. ) ;
#1153 = CIRCLE ( 'NONE', #102, 3.150000000000001688 ) ;
#1154 = CARTESIAN_POINT ( 'NONE',  ( 457.7749999999999204, -9.000000000000001776, -3.016553140586668379E-12 ) ) ;
#1155 = CARTESIAN_POINT ( 'NONE',  ( 97.77500000000000568, 0.9999999999999991118, -5.027733127934112032E-13 ) ) ;
#1156 = CARTESIAN_POINT ( 'NONE',  ( 277.7749999999999773, 0.0000000000000000000, -3.150000000001759837 ) ) ;
#1157 = ADVANCED_FACE ( 'NONE', ( #2893 ), #3018, .F. ) ;
#1158 = CARTESIAN_POINT ( 'NONE',  ( -1.461063890193431761E-16, 0.0000000000000000000, 3.149999999997977529 ) ) ;
#1159 = DIRECTION ( 'NONE',  ( 0.0000000000000000000, 0.0000000000000000000, -1.000000000000000000 ) ) ;
#1160 = CARTESIAN_POINT ( 'NONE',  ( 475.0749999999999886, -9.000000000000001776, -3.150000000003268408 ) ) ;
#1161 = PLANE ( 'NONE',  #1474 ) ;
#1162 = ORIENTED_EDGE ( 'NONE', *, *, #274, .F. ) ;
#1163 = PLANE ( 'NONE',  #2989 ) ;
#1164 = DIRECTION ( 'NONE',  ( 0.0000000000000000000, 0.0000000000000000000, 1.000000000000000000 ) ) ;
#1165 = EDGE_LOOP ( 'NONE', ( #46, #2374, #591, #2418 ) ) ;
#1166 = DIRECTION ( 'NONE',  ( 0.0000000000000000000, 0.0000000000000000000, 1.000000000000000000 ) ) ;
#1167 = ORIENTED_EDGE ( 'NONE', *, *, #1551, .T. ) ;
#1168 = ADVANCED_FACE ( 'NONE', ( #320 ), #1518, .F. ) ;
#1169 = DIRECTION ( 'NONE',  ( 1.000000000000000000, 0.0000000000000000000, 4.638298064109111160E-17 ) ) ;
#1170 = DIRECTION ( 'NONE',  ( 0.0000000000000000000, 1.000000000000000000, -8.673617379884035472E-18 ) ) ;
#1171 = ADVANCED_FACE ( 'NONE', ( #1674 ), #853, .F. ) ;
#1172 = CIRCLE ( 'NONE', #2820, 3.150000000000001688 ) ;
#1173 = SHAPE_DEFINITION_REPRESENTATION ( #2312, #2964 ) ;
#1174 = DIRECTION ( 'NONE',  ( 1.000000000000000000, -0.0000000000000000000, -0.0000000000000000000 ) ) ;
#1175 = PLANE ( 'NONE',  #157 ) ;
#1176 = DIRECTION ( 'NONE',  ( 0.0000000000000000000, -4.336808689942013792E-16, 1.000000000000000000 ) ) ;
#1177 = VERTEX_POINT ( 'NONE', #1079 ) ;
#1178 = DIRECTION ( 'NONE',  ( 0.0000000000000000000, 0.0000000000000000000, 1.000000000000000000 ) ) ;
#1179 = CARTESIAN_POINT ( 'NONE',  ( 0.0000000000000000000, 1.999999999999999112, 12.49999999999999822 ) ) ;
#1180 = CARTESIAN_POINT ( 'NONE',  ( 223.0749999999999602, 0.0000000000000000000, -3.150000000001508482 ) ) ;
#1181 = DIRECTION ( 'NONE',  ( 0.0000000000000000000, 0.0000000000000000000, 1.000000000000000000 ) ) ;
#1182 = ORIENTED_EDGE ( 'NONE', *, *, #399, .T. ) ;
#1183 = AXIS2_PLACEMENT_3D ( 'NONE', #821, #2494, #1054 ) ;
#1184 = CIRCLE ( 'NONE', #342, 3.150000000000000799 ) ;
#1185 = EDGE_LOOP ( 'NONE', ( #630, #1966, #2746, #1689 ) ) ;
#1186 = CARTESIAN_POINT ( 'NONE',  ( 610.0000000000000000, 6.500000000000002665, 13.50000000000000000 ) ) ;
#1187 = FACE_OUTER_BOUND ( 'NONE', #602, .T. ) ;
#1188 = DIRECTION ( 'NONE',  ( 0.0000000000000000000, 0.0000000000000000000, 1.000000000000000000 ) ) ;
#1189 = ORIENTED_EDGE ( 'NONE', *, *, #2696, .F. ) ;
#1190 = LINE ( 'NONE', #1160, #554 ) ;
#1191 = DIRECTION ( 'NONE',  ( 0.0000000000000000000, 1.000000000000000000, -0.0000000000000000000 ) ) ;
#1192 = DIRECTION ( 'NONE',  ( 0.0000000000000000000, 0.0000000000000000000, 1.000000000000000000 ) ) ;
#1193 = ORIENTED_EDGE ( 'NONE', *, *, #2855, .F. ) ;
#1194 = ORIENTED_EDGE ( 'NONE', *, *, #2981, .T. ) ;
#1195 = CARTESIAN_POINT ( 'NONE',  ( 0.0000000000000000000, 5.500000000000001776, 14.49999999999999822 ) ) ;
#1196 = VECTOR ( 'NONE', #1664, 1000.000000000000000 ) ;
#1197 = CARTESIAN_POINT ( 'NONE',  ( 493.7749999999999773, -9.000000000000001776, -3.150000000003268408 ) ) ;
#1198 = EDGE_CURVE ( 'NONE', #1326, #13, #2165, .T. ) ;
#1199 = ORIENTED_EDGE ( 'NONE', *, *, #2927, .T. ) ;
#1200 = CYLINDRICAL_SURFACE ( 'NONE', #1138, 3.150000000000001688 ) ;
#1201 = AXIS2_PLACEMENT_3D ( 'NONE', #869, #618, #2531 ) ;
#1202 = AXIS2_PLACEMENT_3D ( 'NONE', #1487, #1964, #529 ) ;
#1203 = DIRECTION ( 'NONE',  ( -0.0000000000000000000, 1.000000000000000000, -8.673617379884035472E-18 ) ) ;
#1204 = ORIENTED_EDGE ( 'NONE', *, *, #1267, .F. ) ;
#1205 = ORIENTED_EDGE ( 'NONE', *, *, #3014, .F. ) ;
#1206 = CARTESIAN_POINT ( 'NONE',  ( 547.0749999999998181, 0.9999999999999991118, 3.149999999996230038 ) ) ;
#1207 = CARTESIAN_POINT ( 'NONE',  ( 610.0000000000000000, 5.500000000000000000, 12.49999999999999822 ) ) ;
#1208 = EDGE_CURVE ( 'NONE', #386, #1320, #1586, .T. ) ;
#1209 = ORIENTED_EDGE ( 'NONE', *, *, #310, .F. ) ;
#1210 = EDGE_LOOP ( 'NONE', ( #307, #794, #1941, #299 ) ) ;
#1211 = CARTESIAN_POINT ( 'NONE',  ( 493.7749999999999773, -9.000000000000001776, -3.150000000003268408 ) ) ;
#1212 = DIRECTION ( 'NONE',  ( -0.0000000000000000000, 1.000000000000000000, -8.673617379884035472E-18 ) ) ;
#1213 = ORIENTED_EDGE ( 'NONE', *, *, #1973, .F. ) ;
#1214 = CARTESIAN_POINT ( 'NONE',  ( 295.0749999999999886, -9.000000000000001776, 3.149999999997989963 ) ) ;
#1215 = EDGE_LOOP ( 'NONE', ( #764, #1745, #134, #841 ) ) ;
#1216 = FACE_BOUND ( 'NONE', #2560, .T. ) ;
#1217 = PERSON_AND_ORGANIZATION ( #3110, #387 ) ;
#1218 = VECTOR ( 'NONE', #407, 1000.000000000000000 ) ;
#1219 = DIRECTION ( 'NONE',  ( -0.0000000000000000000, 1.000000000000000000, -8.673617379884035472E-18 ) ) ;
#1220 = CARTESIAN_POINT ( 'NONE',  ( 565.7749999999998636, 0.0000000000000000000, -3.770791172333203433E-12 ) ) ;
#1221 = VECTOR ( 'NONE', #1824, 1000.000000000000000 ) ;
#1222 = DIRECTION ( 'NONE',  ( -0.0000000000000000000, 1.000000000000000000, -8.673617379884035472E-18 ) ) ;
#1223 = CARTESIAN_POINT ( 'NONE',  ( 43.07499999999999574, 0.9999999999999991118, -2.513866563967056016E-13 ) ) ;
#1224 = EDGE_LOOP ( 'NONE', ( #344, #2139, #651, #126 ) ) ;
#1225 = VECTOR ( 'NONE', #109, 1000.000000000000000 ) ;
#1226 = ORIENTED_EDGE ( 'NONE', *, *, #2398, .F. ) ;
#1227 = CARTESIAN_POINT ( 'NONE',  ( 0.0000000000000000000, 0.0000000000000000000, -3.150000000000753975 ) ) ;
#1228 = LINE ( 'NONE', #2863, #587 ) ;
#1229 = CYLINDRICAL_SURFACE ( 'NONE', #2389, 1.000000000000000888 ) ;
#1230 = EDGE_CURVE ( 'NONE', #1617, #603, #2805, .T. ) ;
#1231 = ORIENTED_EDGE ( 'NONE', *, *, #876, .F. ) ;
#1232 = VECTOR ( 'NONE', #1501, 1000.000000000000000 ) ;
#1233 = EDGE_CURVE ( 'NONE', #2952, #21, #2737, .T. ) ;
#1234 = ORIENTED_EDGE ( 'NONE', *, *, #609, .T. ) ;
#1235 = DIRECTION ( 'NONE',  ( 0.0000000000000000000, 0.0000000000000000000, 1.000000000000000000 ) ) ;
#1236 = PLANE ( 'NONE',  #1247 ) ;
#1237 = CARTESIAN_POINT ( 'NONE',  ( 43.07499999999999574, 0.0000000000000000000, -3.150000000000251710 ) ) ;
#1238 = CIRCLE ( 'NONE', #3102, 3.150000000000001688 ) ;
#1239 = CARTESIAN_POINT ( 'NONE',  ( 421.7749999999999773, -9.000000000000001776, 3.149999999997238120 ) ) ;
#1240 = DIRECTION ( 'NONE',  ( 0.0000000000000000000, 0.0000000000000000000, -1.000000000000000000 ) ) ;
#1241 = VERTEX_POINT ( 'NONE', #129 ) ;
#1242 = AXIS2_PLACEMENT_3D ( 'NONE', #2109, #3083, #2602 ) ;
#1243 = VERTEX_POINT ( 'NONE', #383 ) ;
#1244 = DIRECTION ( 'NONE',  ( 0.0000000000000000000, 0.0000000000000000000, 1.000000000000000000 ) ) ;
#1245 = DIRECTION ( 'NONE',  ( 1.000000000000000000, 0.0000000000000000000, 4.638298064109111160E-17 ) ) ;
#1246 = DIRECTION ( 'NONE',  ( -1.000000000000000000, 0.0000000000000000000, 0.0000000000000000000 ) ) ;
#1247 = AXIS2_PLACEMENT_3D ( 'NONE', #2440, #278, #1481 ) ;
#1248 = CC_DESIGN_APPROVAL ( #1078, ( #935 ) ) ;
#1249 = VERTEX_POINT ( 'NONE', #2061 ) ;
#1250 = ORIENTED_EDGE ( 'NONE', *, *, #2900, .F. ) ;
#1251 = LINE ( 'NONE', #2337, #2460 ) ;
#1252 = CARTESIAN_POINT ( 'NONE',  ( 169.7749999999999773, 0.0000000000000000000, -3.150000000001005773 ) ) ;
#1253 = LINE ( 'NONE', #1758, #1802 ) ;
#1254 = DIRECTION ( 'NONE',  ( 0.0000000000000000000, 0.0000000000000000000, 1.000000000000000000 ) ) ;
#1255 = VECTOR ( 'NONE', #74, 1000.000000000000000 ) ;
#1256 = ORIENTED_EDGE ( 'NONE', *, *, #2926, .F. ) ;
#1257 = DIRECTION ( 'NONE',  ( -1.000000000000000000, 0.0000000000000000000, 0.0000000000000000000 ) ) ;
#1258 = AXIS2_PLACEMENT_3D ( 'NONE', #998, #2690, #1235 ) ;
#1259 = EDGE_CURVE ( 'NONE', #509, #1929, #2659, .T. ) ;
#1260 = AXIS2_PLACEMENT_3D ( 'NONE', #2318, #215, #203 ) ;
#1261 = EDGE_CURVE ( 'NONE', #1575, #2848, #144, .T. ) ;
#1262 = LINE ( 'NONE', #502, #615 ) ;
#1263 = ORIENTED_EDGE ( 'NONE', *, *, #335, .F. ) ;
#1264 = EDGE_CURVE ( 'NONE', #94, #1122, #1452, .T. ) ;
#1265 = LINE ( 'NONE', #926, #617 ) ;
#1266 = DIRECTION ( 'NONE',  ( -0.0000000000000000000, 1.000000000000000000, -8.673617379884035472E-18 ) ) ;
#1267 = EDGE_CURVE ( 'NONE', #2866, #2653, #878, .T. ) ;
#1268 = ORIENTED_EDGE ( 'NONE', *, *, #609, .F. ) ;
#1269 = ORIENTED_EDGE ( 'NONE', *, *, #335, .T. ) ;
#1270 = ORIENTED_EDGE ( 'NONE', *, *, #1740, .T. ) ;
#1271 = LINE ( 'NONE', #1214, #2752 ) ;
#1272 = VERTEX_POINT ( 'NONE', #1330 ) ;
#1273 = FACE_BOUND ( 'NONE', #3160, .T. ) ;
#1274 = PLANE ( 'NONE',  #2164 ) ;
#1275 = ORIENTED_EDGE ( 'NONE', *, *, #2032, .F. ) ;
#1276 = ORIENTED_EDGE ( 'NONE', *, *, #1117, .T. ) ;
#1277 = CARTESIAN_POINT ( 'NONE',  ( 493.7749999999999773, 0.9999999999999991118, 3.149999999996734967 ) ) ;
#1278 = CARTESIAN_POINT ( 'NONE',  ( 565.7749999999998636, 0.9999999999999988898, -3.150000000003771117 ) ) ;
#1279 = DIRECTION ( 'NONE',  ( 0.0000000000000000000, 0.0000000000000000000, 1.000000000000000000 ) ) ;
#1280 = PLANE ( 'NONE',  #556 ) ;
#1281 = ORIENTED_EDGE ( 'NONE', *, *, #31, .F. ) ;
#1282 = VERTEX_POINT ( 'NONE', #3031 ) ;
#1283 = CARTESIAN_POINT ( 'NONE',  ( 565.7749999999998636, 0.0000000000000000000, 3.149999999996232258 ) ) ;
#1284 = VECTOR ( 'NONE', #883, 1000.000000000000000 ) ;
#1285 = PERSON_AND_ORGANIZATION ( #3110, #387 ) ;
#1286 = EDGE_CURVE ( 'NONE', #695, #2640, #1933, .T. ) ;
#1287 = DIRECTION ( 'NONE',  ( 0.0000000000000000000, -1.000000000000000000, 2.668805347656626185E-16 ) ) ;
#1288 = LINE ( 'NONE', #143, #2497 ) ;
#1289 = LINE ( 'NONE', #1423, #80 ) ;
#1290 = EDGE_LOOP ( 'NONE', ( #716, #3036, #191, #1576 ) ) ;
#1291 = VECTOR ( 'NONE', #2759, 1000.000000000000000 ) ;
#1292 = ORIENTED_EDGE ( 'NONE', *, *, #1016, .T. ) ;
#1293 = AXIS2_PLACEMENT_3D ( 'NONE', #1074, #108, #1795 ) ;
#1294 = VECTOR ( 'NONE', #2386, 1000.000000000000000 ) ;
#1295 = FACE_OUTER_BOUND ( 'NONE', #1215, .T. ) ;
#1296 = CARTESIAN_POINT ( 'NONE',  ( 0.0000000000000000000, 7.500000000000000000, 0.0000000000000000000 ) ) ;
#1297 = CARTESIAN_POINT ( 'NONE',  ( 367.0749999999999886, -9.000000000000001776, -2.513779827793256973E-12 ) ) ;
#1298 = ORIENTED_EDGE ( 'NONE', *, *, #1911, .T. ) ;
#1299 = EDGE_LOOP ( 'NONE', ( #2020, #145, #2410, #1954 ) ) ;
#1300 = VECTOR ( 'NONE', #2453, 1000.000000000000000 ) ;
#1301 = ORIENTED_EDGE ( 'NONE', *, *, #388, .T. ) ;
#1302 = AXIS2_PLACEMENT_3D ( 'NONE', #675, #3113, #1655 ) ;
#1303 = PERSON_AND_ORGANIZATION_ROLE ( 'design_owner' ) ;
#1304 = VECTOR ( 'NONE', #1485, 1000.000000000000000 ) ;
#1305 = EDGE_CURVE ( 'NONE', #1471, #2574, #2563, .T. ) ;
#1306 = ORIENTED_EDGE ( 'NONE', *, *, #239, .T. ) ;
#1307 = LINE ( 'NONE', #2366, #23 ) ;
#1308 = CARTESIAN_POINT ( 'NONE',  ( 0.0000000000000000000, 7.500000000000000000, -17.50000000000000000 ) ) ;
#1309 = DIRECTION ( 'NONE',  ( 1.000000000000000000, -0.0000000000000000000, 0.0000000000000000000 ) ) ;
#1310 = ORIENTED_EDGE ( 'NONE', *, *, #2546, .T. ) ;
#1311 = ORIENTED_EDGE ( 'NONE', *, *, #327, .T. ) ;
#1312 = PERSON_AND_ORGANIZATION_ROLE ( 'design_supplier' ) ;
#1313 = ORIENTED_EDGE ( 'NONE', *, *, #2727, .T. ) ;
#1314 = ORIENTED_EDGE ( 'NONE', *, *, #2676, .F. ) ;
#1315 = ORIENTED_EDGE ( 'NONE', *, *, #995, .F. ) ;
#1316 = CIRCLE ( 'NONE', #1402, 3.150000000000001688 ) ;
#1317 = VECTOR ( 'NONE', #2969, 1000.000000000000000 ) ;
#1318 = VERTEX_POINT ( 'NONE', #871 ) ;
#1319 = CYLINDRICAL_SURFACE ( 'NONE', #1992, 3.150000000000001688 ) ;
#1320 = VERTEX_POINT ( 'NONE', #2301 ) ;
#1321 = DIRECTION ( 'NONE',  ( 0.0000000000000000000, 1.000000000000000000, -8.673617379884035472E-18 ) ) ;
#1322 = CARTESIAN_POINT ( 'NONE',  ( 187.0749999999999886, -9.000000000000001776, -1.256846545809729067E-12 ) ) ;
#1323 = ORIENTED_EDGE ( 'NONE', *, *, #1577, .F. ) ;
#1324 = ORIENTED_EDGE ( 'NONE', *, *, #3128, .T. ) ;
#1325 = VECTOR ( 'NONE', #1439, 1000.000000000000000 ) ;
#1326 = VERTEX_POINT ( 'NONE', #2069 ) ;
#1327 = LINE ( 'NONE', #204, #51 ) ;
#1328 = VERTEX_POINT ( 'NONE', #621 ) ;
#1329 = CARTESIAN_POINT ( 'NONE',  ( 331.0749999999999318, -9.000000000000001776, -3.150000000002262546 ) ) ;
#1330 = CARTESIAN_POINT ( 'NONE',  ( 115.0749999999999886, 0.0000000000000000000, -3.150000000000753975 ) ) ;
#1331 = EDGE_LOOP ( 'NONE', ( #1204, #2004, #166, #1313 ) ) ;
#1332 = EDGE_LOOP ( 'NONE', ( #1462, #680, #1827, #1508 ) ) ;
#1333 = LINE ( 'NONE', #2150, #1106 ) ;
#1334 = VERTEX_POINT ( 'NONE', #1099 ) ;
#1335 = AXIS2_PLACEMENT_3D ( 'NONE', #780, #45, #2458 ) ;
#1336 = VECTOR ( 'NONE', #169, 1000.000000000000000 ) ;
#1337 = ORIENTED_EDGE ( 'NONE', *, *, #1047, .F. ) ;
#1338 = DIRECTION ( 'NONE',  ( 0.0000000000000000000, 0.0000000000000000000, 1.000000000000000000 ) ) ;
#1339 = ORIENTED_EDGE ( 'NONE', *, *, #1973, .T. ) ;
#1340 = ORIENTED_EDGE ( 'NONE', *, *, #2064, .F. ) ;
#1341 = DIRECTION ( 'NONE',  ( 0.0000000000000000000, 0.0000000000000000000, 1.000000000000000000 ) ) ;
#1342 = EDGE_CURVE ( 'NONE', #981, #1249, #638, .T. ) ;
#1343 = AXIS2_PLACEMENT_3D ( 'NONE', #1095, #2298, #1585 ) ;
#1344 = DIRECTION ( 'NONE',  ( 0.0000000000000000000, 1.000000000000000000, -0.0000000000000000000 ) ) ;
#1345 = EDGE_LOOP ( 'NONE', ( #1819, #376, #2943, #2539 ) ) ;
#1346 = ORIENTED_EDGE ( 'NONE', *, *, #2956, .F. ) ;
#1347 = CARTESIAN_POINT ( 'NONE',  ( 97.77499999999999147, 0.0000000000000000000, -3.150000000000502620 ) ) ;
#1348 = AXIS2_PLACEMENT_3D ( 'NONE', #1730, #302, #1976 ) ;
#1349 = CARTESIAN_POINT ( 'NONE',  ( 169.7749999999999773, -9.000000000000001776, -1.005459889413023566E-12 ) ) ;
#1350 = DIRECTION ( 'NONE',  ( 0.0000000000000000000, 0.0000000000000000000, -1.000000000000000000 ) ) ;
#1351 = PLANE ( 'NONE',  #2937 ) ;
#1352 = VECTOR ( 'NONE', #870, 1000.000000000000000 ) ;
#1353 = EDGE_CURVE ( 'NONE', #2188, #776, #2492, .T. ) ;
#1354 = CARTESIAN_POINT ( 'NONE',  ( 97.77499999999999147, -9.000000000000001776, -3.150000000000502620 ) ) ;
#1355 = CALENDAR_DATE ( 2020, 20, 3 ) ;
#1356 = ADVANCED_FACE ( 'NONE', ( #1843 ), #2420, .F. ) ;
#1357 = VECTOR ( 'NONE', #2901, 1000.000000000000000 ) ;
#1358 = DIRECTION ( 'NONE',  ( 1.000000000000000000, 0.0000000000000000000, 4.638298064109111160E-17 ) ) ;
#1359 = DIRECTION ( 'NONE',  ( 0.0000000000000000000, 1.000000000000000000, -8.673617379884035472E-18 ) ) ;
#1360 = FACE_OUTER_BOUND ( 'NONE', #2527, .T. ) ;
#1361 = CARTESIAN_POINT ( 'NONE',  ( 0.0000000000000000000, 2.000000000000000000, 11.50000000000000000 ) ) ;
#1362 = DIRECTION ( 'NONE',  ( 0.0000000000000000000, 0.0000000000000000000, 1.000000000000000000 ) ) ;
#1363 = CARTESIAN_POINT ( 'NONE',  ( 0.0000000000000000000, 0.0000000000000000000, -3.150000000000251710 ) ) ;
#1364 = EDGE_LOOP ( 'NONE', ( #1311, #2839, #837, #2637 ) ) ;
#1365 = LINE ( 'NONE', #1539, #2671 ) ;
#1366 = ORIENTED_EDGE ( 'NONE', *, *, #1798, .F. ) ;
#1367 = CIRCLE ( 'NONE', #560, 1.000000000000000888 ) ;
#1368 = FACE_OUTER_BOUND ( 'NONE', #1543, .T. ) ;
#1369 = CARTESIAN_POINT ( 'NONE',  ( 0.0000000000000000000, 0.0000000000000000000, -3.150000000001005773 ) ) ;
#1370 = VERTEX_POINT ( 'NONE', #2812 ) ;
#1371 = LINE ( 'NONE', #2216, #1300 ) ;
#1372 = ADVANCED_FACE ( 'NONE', ( #577 ), #1351, .F. ) ;
#1373 = ORIENTED_EDGE ( 'NONE', *, *, #2551, .T. ) ;
#1374 = CARTESIAN_POINT ( 'NONE',  ( 547.0749999999998181, -9.000000000000001776, 3.149999999996231370 ) ) ;
#1375 = LINE ( 'NONE', #2197, #1304 ) ;
#1376 = DIRECTION ( 'NONE',  ( -1.251275949884910007E-16, 0.0000000000000000000, -1.000000000000000000 ) ) ;
#1377 = VERTEX_POINT ( 'NONE', #2558 ) ;
#1378 = ADVANCED_FACE ( 'NONE', ( #3069 ), #2079, .F. ) ;
#1379 = DIRECTION ( 'NONE',  ( -0.0000000000000000000, 1.000000000000000000, -8.673617379884035472E-18 ) ) ;
#1380 = FACE_OUTER_BOUND ( 'NONE', #2296, .T. ) ;
#1381 = PLANE ( 'NONE',  #927 ) ;
#1382 = CARTESIAN_POINT ( 'NONE',  ( 151.0749999999999886, 0.9999999999999991118, -3.150000000001005773 ) ) ;
#1383 = DIRECTION ( 'NONE',  ( -1.000000000000000000, 0.0000000000000000000, 0.0000000000000000000 ) ) ;
#1384 = EDGE_CURVE ( 'NONE', #3008, #3048, #1127, .T. ) ;
#1385 = VERTEX_POINT ( 'NONE', #1121 ) ;
#1386 = EDGE_CURVE ( 'NONE', #2037, #2725, #2999, .T. ) ;
#1387 = DIRECTION ( 'NONE',  ( 0.0000000000000000000, 0.0000000000000000000, 1.000000000000000000 ) ) ;
#1388 = CARTESIAN_POINT ( 'NONE',  ( 349.7749999999999204, 0.9999999999999991118, 3.149999999997740385 ) ) ;
#1389 = DIRECTION ( 'NONE',  ( -0.0000000000000000000, 1.000000000000000000, -8.673617379884035472E-18 ) ) ;
#1390 = ORIENTED_EDGE ( 'NONE', *, *, #3013, .T. ) ;
#1391 = DIRECTION ( 'NONE',  ( 0.0000000000000000000, 1.000000000000000000, -8.673617379884035472E-18 ) ) ;
#1392 = ADVANCED_FACE ( 'NONE', ( #511 ), #1057, .F. ) ;
#1393 = CARTESIAN_POINT ( 'NONE',  ( 583.0749999999999318, 0.0000000000000000000, -4.022177828729908933E-12 ) ) ;
#1394 = ADVANCED_FACE ( 'NONE', ( #1771 ), #2934, .F. ) ;
#1395 = ORIENTED_EDGE ( 'NONE', *, *, #1305, .T. ) ;
#1396 = ORIENTED_EDGE ( 'NONE', *, *, #1286, .T. ) ;
#1397 = ORIENTED_EDGE ( 'NONE', *, *, #31, .T. ) ;
#1398 = DIRECTION ( 'NONE',  ( 0.0000000000000000000, -8.673617379884035472E-18, -1.000000000000000000 ) ) ;
#1399 = DIRECTION ( 'NONE',  ( 0.0000000000000000000, 0.0000000000000000000, 1.000000000000000000 ) ) ;
#1400 = LINE ( 'NONE', #2849, #2038 ) ;
#1401 = DIRECTION ( 'NONE',  ( -0.0000000000000000000, 1.000000000000000000, -8.673617379884035472E-18 ) ) ;
#1402 = AXIS2_PLACEMENT_3D ( 'NONE', #454, #421, #2098 ) ;
#1403 = DIRECTION ( 'NONE',  ( 0.0000000000000000000, 1.000000000000000000, -8.673617379884035472E-18 ) ) ;
#1404 = CARTESIAN_POINT ( 'NONE',  ( 259.0749999999999886, 0.0000000000000000000, -3.150000000001759837 ) ) ;
#1405 = VECTOR ( 'NONE', #315, 1000.000000000000000 ) ;
#1406 = PLANE ( 'NONE',  #1302 ) ;
#1407 = ORIENTED_EDGE ( 'NONE', *, *, #1905, .F. ) ;
#1408 = CARTESIAN_POINT ( 'NONE',  ( 601.7749999999999773, 0.0000000000000000000, 3.149999999995980460 ) ) ;
#1409 = CYLINDRICAL_SURFACE ( 'NONE', #1335, 3.150000000000001688 ) ;
#1410 = AXIS2_PLACEMENT_3D ( 'NONE', #1493, #34, #1726 ) ;
#1411 = EDGE_LOOP ( 'NONE', ( #2179, #188, #1465, #2062 ) ) ;
#1412 = CARTESIAN_POINT ( 'NONE',  ( 331.0749999999999318, -9.000000000000001776, 3.149999999997738165 ) ) ;
#1413 = CC_DESIGN_PERSON_AND_ORGANIZATION_ASSIGNMENT ( #881, #2281, ( #935 ) ) ;
#1414 = DIRECTION ( 'NONE',  ( -1.000000000000000000, 0.0000000000000000000, 0.0000000000000000000 ) ) ;
#1415 = ADVANCED_FACE ( 'NONE', ( #2338 ), #1381, .F. ) ;
#1416 = CARTESIAN_POINT ( 'NONE',  ( 313.7749999999999773, 0.9999999999999991118, -3.150000000002011191 ) ) ;
#1417 = CARTESIAN_POINT ( 'NONE',  ( 205.7749999999999773, -9.000000000000001776, -3.150000000001256684 ) ) ;
#1418 = LINE ( 'NONE', #1469, #697 ) ;
#1419 = CARTESIAN_POINT ( 'NONE',  ( 169.7749999999999773, 0.0000000000000000000, 3.149999999998997158 ) ) ;
#1420 = CIRCLE ( 'NONE', #1690, 3.150000000000000799 ) ;
#1421 = ADVANCED_FACE ( 'NONE', ( #428, #1629, #1706, #2272, #1216, #997, #355, #2842, #2199, #1553, #921, #284, #2770, #2117, #1486, #844, #194, #2698 ), #2346, .F. ) ;
#1422 = ORIENTED_EDGE ( 'NONE', *, *, #1353, .F. ) ;
#1423 = CARTESIAN_POINT ( 'NONE',  ( -1.461063890194136066E-16, 0.0000000000000000000, 3.149999999999495870 ) ) ;
#1424 = ORIENTED_EDGE ( 'NONE', *, *, #636, .F. ) ;
#1425 = CARTESIAN_POINT ( 'NONE',  ( 79.07499999999998863, -9.000000000000001776, -3.150000000000502620 ) ) ;
#1426 = AXIS2_PLACEMENT_3D ( 'NONE', #967, #1928, #493 ) ;
#1427 = EDGE_CURVE ( 'NONE', #1328, #230, #1400, .T. ) ;
#1428 = EDGE_LOOP ( 'NONE', ( #2650, #2391, #103, #2085 ) ) ;
#1429 = AXIS2_PLACEMENT_3D ( 'NONE', #2376, #1398, #1610 ) ;
#1430 = CIRCLE ( 'NONE', #598, 1.000000000000000888 ) ;
#1431 = EDGE_CURVE ( 'NONE', #1451, #1044, #107, .T. ) ;
#1432 = CARTESIAN_POINT ( 'NONE',  ( 79.07499999999998863, 0.9999999999999991118, 3.149999999999499423 ) ) ;
#1433 = ORIENTED_EDGE ( 'NONE', *, *, #2084, .F. ) ;
#1434 = DIRECTION ( 'NONE',  ( 0.0000000000000000000, 0.0000000000000000000, 1.000000000000000000 ) ) ;
#1435 = CARTESIAN_POINT ( 'NONE',  ( 610.0000000000000000, 6.500000000000000888, -13.49999999999999822 ) ) ;
#1436 = CARTESIAN_POINT ( 'NONE',  ( 133.7749999999999773, 0.9999999999999991118, -7.541599691901168047E-13 ) ) ;
#1437 = LINE ( 'NONE', #2566, #799 ) ;
#1438 = EDGE_CURVE ( 'NONE', #695, #2049, #769, .T. ) ;
#1439 = DIRECTION ( 'NONE',  ( 1.000000000000000000, 0.0000000000000000000, 4.638298064109111160E-17 ) ) ;
#1440 = EDGE_CURVE ( 'NONE', #1243, #545, #2615, .T. ) ;
#1441 = CARTESIAN_POINT ( 'NONE',  ( 493.7749999999999773, 0.0000000000000000000, -3.150000000003268408 ) ) ;
#1442 = EDGE_LOOP ( 'NONE', ( #3043, #3104, #283, #2292 ) ) ;
#1443 = EDGE_LOOP ( 'NONE', ( #413, #3023, #653, #171 ) ) ;
#1444 = DIRECTION ( 'NONE',  ( 0.0000000000000000000, 1.000000000000000000, -0.0000000000000000000 ) ) ;
#1445 = DIRECTION ( 'NONE',  ( 0.0000000000000000000, 1.000000000000000000, -8.673617379884035472E-18 ) ) ;
#1446 = CARTESIAN_POINT ( 'NONE',  ( -1.461063890193901380E-16, 0.0000000000000000000, 3.149999999998989608 ) ) ;
#1447 = ORIENTED_EDGE ( 'NONE', *, *, #613, .F. ) ;
#1448 = CARTESIAN_POINT ( 'NONE',  ( 583.0749999999999318, 0.9999999999999991118, 3.149999999995980016 ) ) ;
#1449 = ORIENTED_EDGE ( 'NONE', *, *, #1438, .T. ) ;
#1450 = DIRECTION ( 'NONE',  ( 0.0000000000000000000, 1.000000000000000000, -8.673617379884035472E-18 ) ) ;
#1451 = VERTEX_POINT ( 'NONE', #3114 ) ;
#1452 = LINE ( 'NONE', #1589, #1352 ) ;
#1453 = EDGE_LOOP ( 'NONE', ( #270, #235, #1815, #2419 ) ) ;
#1454 = DATE_AND_TIME ( #2073, #2739 ) ;
#1455 = CARTESIAN_POINT ( 'NONE',  ( 475.0749999999999886, -9.000000000000001776, 3.149999999996732747 ) ) ;
#1456 = CIRCLE ( 'NONE', #1904, 3.150000000000000799 ) ;
#1457 = CARTESIAN_POINT ( 'NONE',  ( 0.0000000000000000000, 0.0000000000000000000, -3.150000000002262546 ) ) ;
#1458 = DIRECTION ( 'NONE',  ( 0.0000000000000000000, 0.0000000000000000000, 1.000000000000000000 ) ) ;
#1459 = LINE ( 'NONE', #446, #2742 ) ;
#1460 = ORIENTED_EDGE ( 'NONE', *, *, #2517, .T. ) ;
#1461 = LINE ( 'NONE', #808, #818 ) ;
#1462 = ORIENTED_EDGE ( 'NONE', *, *, #2315, .T. ) ;
#1463 = FACE_OUTER_BOUND ( 'NONE', #2968, .T. ) ;
#1464 = EDGE_CURVE ( 'NONE', #1094, #113, #1316, .T. ) ;
#1465 = ORIENTED_EDGE ( 'NONE', *, *, #399, .F. ) ;
#1466 = VERTEX_POINT ( 'NONE', #209 ) ;
#1467 = LINE ( 'NONE', #2445, #896 ) ;
#1468 = VERTEX_POINT ( 'NONE', #1408 ) ;
#1469 = CARTESIAN_POINT ( 'NONE',  ( 610.0000000000000000, 0.9999999999999991118, 12.49999999999999822 ) ) ;
#1470 = CIRCLE ( 'NONE', #3024, 3.150000000000000799 ) ;
#1471 = VERTEX_POINT ( 'NONE', #650 ) ;
#1472 = FACE_OUTER_BOUND ( 'NONE', #919, .T. ) ;
#1473 = AXIS2_PLACEMENT_3D ( 'NONE', #1937, #507, #2190 ) ;
#1474 = AXIS2_PLACEMENT_3D ( 'NONE', #2633, #1849, #212 ) ;
#1475 = DIRECTION ( 'NONE',  ( 0.0000000000000000000, 0.0000000000000000000, 1.000000000000000000 ) ) ;
#1476 = DIRECTION ( 'NONE',  ( 0.0000000000000000000, 0.0000000000000000000, 1.000000000000000000 ) ) ;
#1477 = CARTESIAN_POINT ( 'NONE',  ( 151.0749999999999886, -9.000000000000001776, -1.005459889413023566E-12 ) ) ;
#1478 = ORIENTED_EDGE ( 'NONE', *, *, #2241, .F. ) ;
#1479 = DIRECTION ( 'NONE',  ( 0.0000000000000000000, 0.0000000000000000000, 1.000000000000000000 ) ) ;
#1480 = EDGE_CURVE ( 'NONE', #1549, #2848, #685, .T. ) ;
#1481 = DIRECTION ( 'NONE',  ( 0.0000000000000000000, 0.0000000000000000000, 1.000000000000000000 ) ) ;
#1482 = EDGE_LOOP ( 'NONE', ( #702, #2029, #1315, #2520 ) ) ;
#1483 = ORIENTED_EDGE ( 'NONE', *, *, #2723, .T. ) ;
#1484 = EDGE_LOOP ( 'NONE', ( #226, #2022, #1226, #1733 ) ) ;
#1485 = DIRECTION ( 'NONE',  ( -0.0000000000000000000, 1.000000000000000000, -8.673617379884035472E-18 ) ) ;
#1486 = FACE_BOUND ( 'NONE', #1856, .T. ) ;
#1487 = CARTESIAN_POINT ( 'NONE',  ( 403.0749999999999886, -9.000000000000001776, 3.149999999997237232 ) ) ;
#1488 = CYLINDRICAL_SURFACE ( 'NONE', #1523, 3.150000000000001688 ) ;
#1489 = VECTOR ( 'NONE', #534, 1000.000000000000000 ) ;
#1490 = VERTEX_POINT ( 'NONE', #1881 ) ;
#1491 = CARTESIAN_POINT ( 'NONE',  ( 367.0749999999999886, -9.000000000000001776, -3.150000000002513900 ) ) ;
#1492 = FACE_OUTER_BOUND ( 'NONE', #3034, .T. ) ;
#1493 = CARTESIAN_POINT ( 'NONE',  ( 151.0749999999999886, 0.0000000000000000000, -1.005537951969442522E-12 ) ) ;
#1494 = PLANE ( 'NONE',  #703 ) ;
#1495 = EDGE_CURVE ( 'NONE', #21, #2799, #1251, .T. ) ;
#1496 = CARTESIAN_POINT ( 'NONE',  ( 0.0000000000000000000, 7.500000000000000000, -17.50000000000000000 ) ) ;
#1497 = VECTOR ( 'NONE', #2185, 1000.000000000000000 ) ;
#1498 = LINE ( 'NONE', #415, #2636 ) ;
#1499 = ORIENTED_EDGE ( 'NONE', *, *, #1686, .T. ) ;
#1500 = VERTEX_POINT ( 'NONE', #185 ) ;
#1501 = DIRECTION ( 'NONE',  ( -1.000000000000000000, 0.0000000000000000000, 0.0000000000000000000 ) ) ;
#1502 = DIRECTION ( 'NONE',  ( 0.0000000000000000000, 0.0000000000000000000, -1.000000000000000000 ) ) ;
#1503 = ORIENTED_EDGE ( 'NONE', *, *, #87, .F. ) ;
#1504 = VECTOR ( 'NONE', #1212, 1000.000000000000000 ) ;
#1505 = EDGE_LOOP ( 'NONE', ( #369, #2670, #222, #2873 ) ) ;
#1506 = VECTOR ( 'NONE', #884, 1000.000000000000000 ) ;
#1507 = DIRECTION ( 'NONE',  ( 0.0000000000000000000, 1.000000000000000000, -8.673617379884035472E-18 ) ) ;
#1508 = ORIENTED_EDGE ( 'NONE', *, *, #3079, .F. ) ;
#1509 = EDGE_LOOP ( 'NONE', ( #1678, #1339, #1396, #2175 ) ) ;
#1510 = ORIENTED_EDGE ( 'NONE', *, *, #2485, .F. ) ;
#1511 = CARTESIAN_POINT ( 'NONE',  ( 295.0749999999999886, -9.000000000000001776, -2.011006514999845972E-12 ) ) ;
#1512 = DIRECTION ( 'NONE',  ( -0.0000000000000000000, 1.000000000000000000, -8.673617379884035472E-18 ) ) ;
#1513 = AXIS2_PLACEMENT_3D ( 'NONE', #1026, #1266, #795 ) ;
#1514 = ORIENTED_EDGE ( 'NONE', *, *, #1480, .F. ) ;
#1515 = VERTEX_POINT ( 'NONE', #1382 ) ;
#1516 = CARTESIAN_POINT ( 'NONE',  ( 367.0749999999999886, -9.000000000000001776, 3.149999999997488143 ) ) ;
#1517 = ORIENTED_EDGE ( 'NONE', *, *, #90, .T. ) ;
#1518 = CYLINDRICAL_SURFACE ( 'NONE', #1623, 3.150000000000001688 ) ;
#1519 = DIRECTION ( 'NONE',  ( -0.0000000000000000000, 1.000000000000000000, -8.673617379884035472E-18 ) ) ;
#1520 = APPROVAL_DATE_TIME ( #2166, #1078 ) ;
#1521 = EDGE_CURVE ( 'NONE', #2302, #2654, #3123, .T. ) ;
#1522 = AXIS2_PLACEMENT_3D ( 'NONE', #1829, #406, #2075 ) ;
#1523 = AXIS2_PLACEMENT_3D ( 'NONE', #2450, #772, #2948 ) ;
#1524 = AXIS2_PLACEMENT_3D ( 'NONE', #1149, #1625, #3081 ) ;
#1525 = VECTOR ( 'NONE', #1383, 1000.000000000000000 ) ;
#1526 = DIRECTION ( 'NONE',  ( -0.0000000000000000000, 1.000000000000000000, -8.673617379884035472E-18 ) ) ;
#1527 = CARTESIAN_POINT ( 'NONE',  ( 313.7749999999999773, 0.0000000000000000000, -2.011084577556264929E-12 ) ) ;
#1528 = VERTEX_POINT ( 'NONE', #2836 ) ;
#1529 = VECTOR ( 'NONE', #2193, 1000.000000000000000 ) ;
#1530 = ORIENTED_EDGE ( 'NONE', *, *, #365, .F. ) ;
#1531 = CARTESIAN_POINT ( 'NONE',  ( 547.0749999999998181, -9.000000000000001776, -3.150000000003770673 ) ) ;
#1532 = EDGE_CURVE ( 'NONE', #2188, #2335, #1801, .T. ) ;
#1533 = DIRECTION ( 'NONE',  ( -1.000000000000000000, 0.0000000000000000000, 0.0000000000000000000 ) ) ;
#1534 = EDGE_LOOP ( 'NONE', ( #2256, #549, #2271, #1930 ) ) ;
#1535 = CYLINDRICAL_SURFACE ( 'NONE', #1736, 3.150000000000000799 ) ;
#1536 = ORIENTED_EDGE ( 'NONE', *, *, #3047, .F. ) ;
#1537 = CARTESIAN_POINT ( 'NONE',  ( 259.0749999999999886, 0.9999999999999991118, 3.149999999998240874 ) ) ;
#1538 = VECTOR ( 'NONE', #2413, 1000.000000000000000 ) ;
#1539 = CARTESIAN_POINT ( 'NONE',  ( 610.0000000000000000, 2.000000000000000000, 13.50000000000000000 ) ) ;
#1540 = ORIENTED_EDGE ( 'NONE', *, *, #2065, .F. ) ;
#1541 = CIRCLE ( 'NONE', #834, 3.150000000000000799 ) ;
#1542 = DIRECTION ( 'NONE',  ( 0.0000000000000000000, 1.000000000000000000, -0.0000000000000000000 ) ) ;
#1543 = EDGE_LOOP ( 'NONE', ( #268, #739, #2457, #1113 ) ) ;
#1544 = CARTESIAN_POINT ( 'NONE',  ( 367.0749999999999886, 0.0000000000000000000, -2.513857890349676334E-12 ) ) ;
#1545 = DIRECTION ( 'NONE',  ( 0.0000000000000000000, 0.0000000000000000000, -1.000000000000000000 ) ) ;
#1546 = CARTESIAN_POINT ( 'NONE',  ( 610.0000000000000000, 7.500000000000000000, -12.50000000000000178 ) ) ;
#1547 = APPLICATION_PROTOCOL_DEFINITION ( 'international standard', 'config_control_design', 1994, #3004 ) ;
#1548 = EDGE_CURVE ( 'NONE', #1122, #2270, #1883, .T. ) ;
#1549 = VERTEX_POINT ( 'NONE', #3100 ) ;
#1550 = VERTEX_POINT ( 'NONE', #445 ) ;
#1551 = EDGE_CURVE ( 'NONE', #2268, #468, #1711, .T. ) ;
#1552 = EDGE_LOOP ( 'NONE', ( #111, #2481, #2682, #324 ) ) ;
#1553 = FACE_BOUND ( 'NONE', #208, .T. ) ;
#1554 = DIRECTION ( 'NONE',  ( 0.0000000000000000000, 0.0000000000000000000, -1.000000000000000000 ) ) ;
#1555 = FACE_OUTER_BOUND ( 'NONE', #984, .T. ) ;
#1556 = ORIENTED_EDGE ( 'NONE', *, *, #2618, .F. ) ;
#1557 = FACE_OUTER_BOUND ( 'NONE', #2922, .T. ) ;
#1558 = ORIENTED_EDGE ( 'NONE', *, *, #2452, .F. ) ;
#1559 = LINE ( 'NONE', #3076, #930 ) ;
#1560 = VECTOR ( 'NONE', #1414, 1000.000000000000000 ) ;
#1561 = PERSON_AND_ORGANIZATION_ROLE ( 'classification_officer' ) ;
#1562 = LINE ( 'NONE', #620, #741 ) ;
#1563 = CYLINDRICAL_SURFACE ( 'NONE', #2323, 2.000000000000000000 ) ;
#1564 = CARTESIAN_POINT ( 'NONE',  ( 610.0000000000000000, 6.500000000000000888, -13.49999999999999822 ) ) ;
#1565 = VECTOR ( 'NONE', #2542, 1000.000000000000000 ) ;
#1566 = ORIENTED_EDGE ( 'NONE', *, *, #2734, .T. ) ;
#1567 = AXIS2_PLACEMENT_3D ( 'NONE', #2941, #1962, #526 ) ;
#1568 = CC_DESIGN_DATE_AND_TIME_ASSIGNMENT ( #1454, #843, ( #935 ) ) ;
#1569 = ORIENTED_EDGE ( 'NONE', *, *, #1062, .T. ) ;
#1570 = ORIENTED_EDGE ( 'NONE', *, *, #1915, .F. ) ;
#1571 = LINE ( 'NONE', #746, #860 ) ;
#1572 = EDGE_LOOP ( 'NONE', ( #2997, #2760, #1422, #2430 ) ) ;
#1573 = CARTESIAN_POINT ( 'NONE',  ( -1.461063890192723265E-16, 0.0000000000000000000, 3.149999999996459188 ) ) ;
#1574 = LINE ( 'NONE', #1109, #227 ) ;
#1575 = VERTEX_POINT ( 'NONE', #2110 ) ;
#1576 = ORIENTED_EDGE ( 'NONE', *, *, #3161, .F. ) ;
#1577 = EDGE_CURVE ( 'NONE', #603, #331, #1190, .T. ) ;
#1578 = CARTESIAN_POINT ( 'NONE',  ( 547.0749999999998181, 0.0000000000000000000, -3.770791172333203433E-12 ) ) ;
#1579 = EDGE_CURVE ( 'NONE', #2998, #1701, #2401, .T. ) ;
#1580 = CARTESIAN_POINT ( 'NONE',  ( 0.0000000000000000000, 0.0000000000000000000, -3.150000000002011191 ) ) ;
#1581 = EDGE_CURVE ( 'NONE', #275, #1318, #3044, .T. ) ;
#1582 = ORIENTED_EDGE ( 'NONE', *, *, #2755, .T. ) ;
#1583 = ORIENTED_EDGE ( 'NONE', *, *, #887, .F. ) ;
#1584 = EDGE_CURVE ( 'NONE', #2716, #2866, #1814, .T. ) ;
#1585 = DIRECTION ( 'NONE',  ( 0.0000000000000000000, 1.000000000000000000, -8.673617379884035472E-18 ) ) ;
#1586 = LINE ( 'NONE', #2524, #251 ) ;
#1587 = VERTEX_POINT ( 'NONE', #2124 ) ;
#1588 = APPROVAL_PERSON_ORGANIZATION ( #2242, #1078, #793 ) ;
#1589 = CARTESIAN_POINT ( 'NONE',  ( 223.0749999999999602, -9.000000000000001776, -3.150000000001508482 ) ) ;
#1590 = CARTESIAN_POINT ( 'NONE',  ( 43.07499999999999574, -9.000000000000001776, -2.512999202229067107E-13 ) ) ;
#1591 = DIRECTION ( 'NONE',  ( 1.000000000000000000, 0.0000000000000000000, 4.638298064109111160E-17 ) ) ;
#1592 = VECTOR ( 'NONE', #1653, 1000.000000000000000 ) ;
#1593 = ORIENTED_EDGE ( 'NONE', *, *, #797, .T. ) ;
#1594 = LINE ( 'NONE', #2423, #975 ) ;
#1595 = ORIENTED_EDGE ( 'NONE', *, *, #835, .F. ) ;
#1596 = CARTESIAN_POINT ( 'NONE',  ( 610.0000000000000000, 6.500000000000000888, 17.50000000000000000 ) ) ;
#1597 = CARTESIAN_POINT ( 'NONE',  ( 547.0749999999998181, -9.000000000000001776, 3.149999999996230038 ) ) ;
#1598 = EDGE_LOOP ( 'NONE', ( #737, #1566, #2921, #2613 ) ) ;
#1599 = VECTOR ( 'NONE', #1219, 1000.000000000000000 ) ;
#1600 = DIRECTION ( 'NONE',  ( 0.0000000000000000000, 0.0000000000000000000, 1.000000000000000000 ) ) ;
#1601 = DIRECTION ( 'NONE',  ( 0.0000000000000000000, 1.000000000000000000, -0.0000000000000000000 ) ) ;
#1602 = DIRECTION ( 'NONE',  ( -4.638298064109097602E-17, 8.673617379884035472E-18, 1.000000000000000000 ) ) ;
#1603 = ORIENTED_EDGE ( 'NONE', *, *, #1863, .F. ) ;
#1604 = ORIENTED_EDGE ( 'NONE', *, *, #583, .F. ) ;
#1605 = ORIENTED_EDGE ( 'NONE', *, *, #1208, .F. ) ;
#1606 = LINE ( 'NONE', #721, #982 ) ;
#1607 = CARTESIAN_POINT ( 'NONE',  ( 295.0749999999999886, 0.0000000000000000000, 3.149999999997989963 ) ) ;
#1608 = ORIENTED_EDGE ( 'NONE', *, *, #1613, .F. ) ;
#1609 = FACE_BOUND ( 'NONE', #314, .T. ) ;
#1610 = DIRECTION ( 'NONE',  ( 0.0000000000000000000, 1.000000000000000000, -8.673617379884035472E-18 ) ) ;
#1611 = CARTESIAN_POINT ( 'NONE',  ( 0.0000000000000000000, 0.9999999999999988898, -12.50000000000000000 ) ) ;
#1612 = DIRECTION ( 'NONE',  ( 0.0000000000000000000, -8.673617379884035472E-18, -1.000000000000000000 ) ) ;
#1613 = EDGE_CURVE ( 'NONE', #1377, #104, #1103, .T. ) ;
#1614 = DIRECTION ( 'NONE',  ( -0.0000000000000000000, 1.000000000000000000, -8.673617379884035472E-18 ) ) ;
#1615 = ORIENTED_EDGE ( 'NONE', *, *, #2900, .T. ) ;
#1616 = ADVANCED_FACE ( 'NONE', ( #2309 ), #2910, .T. ) ;
#1617 = VERTEX_POINT ( 'NONE', #1441 ) ;
#1618 = DIRECTION ( 'NONE',  ( -0.0000000000000000000, 1.000000000000000000, -8.673617379884035472E-18 ) ) ;
#1619 = DIRECTION ( 'NONE',  ( 0.0000000000000000000, 0.0000000000000000000, 1.000000000000000000 ) ) ;
#1620 = ADVANCED_FACE ( 'NONE', ( #2250 ), #3143, .F. ) ;
#1621 = DIRECTION ( 'NONE',  ( 0.0000000000000000000, 1.000000000000000000, -0.0000000000000000000 ) ) ;
#1622 = AXIS2_PLACEMENT_3D ( 'NONE', #3157, #2180, #730 ) ;
#1623 = AXIS2_PLACEMENT_3D ( 'NONE', #2043, #600, #370 ) ;
#1624 = ORIENTED_EDGE ( 'NONE', *, *, #2628, .F. ) ;
#1625 = DIRECTION ( 'NONE',  ( 0.0000000000000000000, -2.668805347656626185E-16, -1.000000000000000000 ) ) ;
#1626 = ORIENTED_EDGE ( 'NONE', *, *, #3039, .T. ) ;
#1627 = DIRECTION ( 'NONE',  ( 0.0000000000000000000, 1.000000000000000000, 0.0000000000000000000 ) ) ;
#1628 = CARTESIAN_POINT ( 'NONE',  ( 511.0749999999999318, -9.000000000000001776, 3.149999999996482725 ) ) ;
#1629 = FACE_BOUND ( 'NONE', #2649, .T. ) ;
#1630 = AXIS2_PLACEMENT_3D ( 'NONE', #2861, #1403, #3108 ) ;
#1631 = EDGE_CURVE ( 'NONE', #3057, #1334, #1688, .T. ) ;
#1632 = CARTESIAN_POINT ( 'NONE',  ( 0.0000000000000000000, 0.0000000000000000000, -3.150000000001256684 ) ) ;
#1633 = LINE ( 'NONE', #2905, #1000 ) ;
#1634 = ADVANCED_FACE ( 'NONE', ( #979 ), #2399, .F. ) ;
#1635 = CARTESIAN_POINT ( 'NONE',  ( 0.0000000000000000000, 5.500000000000001776, 13.50000000000000000 ) ) ;
#1636 = DIRECTION ( 'NONE',  ( -1.000000000000000000, 0.0000000000000000000, 0.0000000000000000000 ) ) ;
#1637 = ADVANCED_FACE ( 'NONE', ( #2976 ), #1685, .T. ) ;
#1638 = VECTOR ( 'NONE', #951, 1000.000000000000000 ) ;
#1639 = DIRECTION ( 'NONE',  ( 0.0000000000000000000, 0.0000000000000000000, 1.000000000000000000 ) ) ;
#1640 = DIRECTION ( 'NONE',  ( 1.000000000000000000, 0.0000000000000000000, 4.638298064109111160E-17 ) ) ;
#1641 = CARTESIAN_POINT ( 'NONE',  ( 385.7749999999999773, 0.0000000000000000000, -2.513857890349676334E-12 ) ) ;
#1642 = LINE ( 'NONE', #2128, #1005 ) ;
#1643 = CYLINDRICAL_SURFACE ( 'NONE', #2994, 3.150000000000000799 ) ;
#1644 = FACE_OUTER_BOUND ( 'NONE', #1165, .T. ) ;
#1645 = LINE ( 'NONE', #135, #1565 ) ;
#1646 = ORIENTED_EDGE ( 'NONE', *, *, #1686, .F. ) ;
#1647 = ORIENTED_EDGE ( 'NONE', *, *, #2515, .T. ) ;
#1648 = DIRECTION ( 'NONE',  ( 0.0000000000000000000, 1.000000000000000000, 0.0000000000000000000 ) ) ;
#1649 = CARTESIAN_POINT ( 'NONE',  ( 610.0000000000000000, 1.999999999999999112, 11.50000000000000000 ) ) ;
#1650 = CARTESIAN_POINT ( 'NONE',  ( 0.0000000000000000000, 6.500000000000002665, 14.49999999999999822 ) ) ;
#1651 = ORIENTED_EDGE ( 'NONE', *, *, #3125, .T. ) ;
#1652 = ORIENTED_EDGE ( 'NONE', *, *, #67, .F. ) ;
#1653 = DIRECTION ( 'NONE',  ( 1.000000000000000000, 0.0000000000000000000, 4.638298064109097602E-17 ) ) ;
#1654 = ADVANCED_FACE ( 'NONE', ( #2818 ), #1535, .F. ) ;
#1655 = DIRECTION ( 'NONE',  ( 0.0000000000000000000, -8.673617379884035472E-18, -1.000000000000000000 ) ) ;
#1656 = VECTOR ( 'NONE', #971, 1000.000000000000000 ) ;
#1657 = EDGE_CURVE ( 'NONE', #113, #568, #1040, .T. ) ;
#1658 = DIRECTION ( 'NONE',  ( 0.0000000000000000000, 1.000000000000000000, -0.0000000000000000000 ) ) ;
#1659 = ORIENTED_EDGE ( 'NONE', *, *, #2852, .T. ) ;
#1660 = ADVANCED_FACE ( 'NONE', ( #2181 ), #2652, .F. ) ;
#1661 = DIRECTION ( 'NONE',  ( -1.000000000000000000, 0.0000000000000000000, 0.0000000000000000000 ) ) ;
#1662 = CARTESIAN_POINT ( 'NONE',  ( 457.7749999999999204, 0.9999999999999988898, -3.150000000003016609 ) ) ;
#1663 = EDGE_LOOP ( 'NONE', ( #398, #2753, #1923, #2703 ) ) ;
#1664 = DIRECTION ( 'NONE',  ( 1.000000000000000000, 0.0000000000000000000, 4.638298064109111160E-17 ) ) ;
#1665 = CARTESIAN_POINT ( 'NONE',  ( 610.0000000000000000, 1.999999999999999112, 11.50000000000000000 ) ) ;
#1666 = ORIENTED_EDGE ( 'NONE', *, *, #174, .F. ) ;
#1667 = ORIENTED_EDGE ( 'NONE', *, *, #174, .T. ) ;
#1668 = DIRECTION ( 'NONE',  ( -0.0000000000000000000, 1.000000000000000000, -8.673617379884035472E-18 ) ) ;
#1669 = DIRECTION ( 'NONE',  ( -1.000000000000000000, 0.0000000000000000000, -0.0000000000000000000 ) ) ;
#1670 = DIRECTION ( 'NONE',  ( 1.000000000000000000, 0.0000000000000000000, -0.0000000000000000000 ) ) ;
#1671 = CARTESIAN_POINT ( 'NONE',  ( 0.0000000000000000000, 0.0000000000000000000, 11.50000000000000000 ) ) ;
#1672 = DIRECTION ( 'NONE',  ( 0.0000000000000000000, 0.0000000000000000000, 1.000000000000000000 ) ) ;
#1673 = CARTESIAN_POINT ( 'NONE',  ( 25.77499999999999503, 0.0000000000000000000, -3.149999999999999911 ) ) ;
#1674 = FACE_OUTER_BOUND ( 'NONE', #1484, .T. ) ;
#1675 = AXIS2_PLACEMENT_3D ( 'NONE', #2967, #1734, #1990 ) ;
#1676 = CARTESIAN_POINT ( 'NONE',  ( 133.7749999999999773, 0.9999999999999991118, 3.149999999999248956 ) ) ;
#1677 = PLANE ( 'NONE',  #827 ) ;
#1678 = ORIENTED_EDGE ( 'NONE', *, *, #1139, .T. ) ;
#1679 = LINE ( 'NONE', #1448, #1592 ) ;
#1680 = DIRECTION ( 'NONE',  ( 1.000000000000000000, 0.0000000000000000000, 4.638298064109111160E-17 ) ) ;
#1681 = DIRECTION ( 'NONE',  ( -1.000000000000000000, 0.0000000000000000000, -0.0000000000000000000 ) ) ;
#1682 = EDGE_LOOP ( 'NONE', ( #2184, #375, #1503, #156 ) ) ;
#1683 = CARTESIAN_POINT ( 'NONE',  ( 169.7749999999999773, 0.9999999999999991118, -1.005546625586822406E-12 ) ) ;
#1684 = VECTOR ( 'NONE', #2667, 1000.000000000000000 ) ;
#1685 = PLANE ( 'NONE',  #1426 ) ;
#1686 = EDGE_CURVE ( 'NONE', #2227, #1587, #330, .T. ) ;
#1687 = ORIENTED_EDGE ( 'NONE', *, *, #1427, .T. ) ;
#1688 = LINE ( 'NONE', #712, #404 ) ;
#1689 = ORIENTED_EDGE ( 'NONE', *, *, #530, .T. ) ;
#1690 = AXIS2_PLACEMENT_3D ( 'NONE', #2343, #914, #2596 ) ;
#1691 = ORIENTED_EDGE ( 'NONE', *, *, #459, .T. ) ;
#1692 = AXIS2_PLACEMENT_3D ( 'NONE', #2961, #1507, #49 ) ;
#1693 = CIRCLE ( 'NONE', #2714, 1.000000000000000888 ) ;
#1694 = ORIENTED_EDGE ( 'NONE', *, *, #2032, .T. ) ;
#1695 = CARTESIAN_POINT ( 'NONE',  ( 151.0749999999999886, 0.9999999999999991118, -1.005546625586822406E-12 ) ) ;
#1696 = CARTESIAN_POINT ( 'NONE',  ( 0.0000000000000000000, 7.500000000000000000, 17.50000000000000000 ) ) ;
#1697 = FACE_BOUND ( 'NONE', #2316, .T. ) ;
#1698 = DIRECTION ( 'NONE',  ( -0.0000000000000000000, 1.000000000000000000, -8.673617379884035472E-18 ) ) ;
#1699 = EDGE_CURVE ( 'NONE', #91, #94, #2750, .T. ) ;
#1700 = ORIENTED_EDGE ( 'NONE', *, *, #823, .F. ) ;
#1701 = VERTEX_POINT ( 'NONE', #2939 ) ;
#1702 = CARTESIAN_POINT ( 'NONE',  ( 385.7749999999999773, 0.0000000000000000000, 3.149999999997489031 ) ) ;
#1703 = CARTESIAN_POINT ( 'NONE',  ( 610.0000000000000000, 6.500000000000000888, -14.49999999999999822 ) ) ;
#1704 = CARTESIAN_POINT ( 'NONE',  ( 493.7749999999999773, 0.9999999999999991118, -3.150000000003268408 ) ) ;
#1705 = VERTEX_POINT ( 'NONE', #24 ) ;
#1706 = FACE_BOUND ( 'NONE', #1010, .T. ) ;
#1707 = CARTESIAN_POINT ( 'NONE',  ( 115.0749999999999886, 0.0000000000000000000, 3.149999999999246736 ) ) ;
#1708 = DIRECTION ( 'NONE',  ( -0.0000000000000000000, 1.000000000000000000, -8.673617379884035472E-18 ) ) ;
#1709 = VECTOR ( 'NONE', #2010, 1000.000000000000000 ) ;
#1710 = DIRECTION ( 'NONE',  ( -1.000000000000000000, -0.0000000000000000000, -0.0000000000000000000 ) ) ;
#1711 = CIRCLE ( 'NONE', #2954, 3.150000000000000799 ) ;
#1712 = CARTESIAN_POINT ( 'NONE',  ( -1.461063890193666694E-16, 0.0000000000000000000, 3.149999999998483347 ) ) ;
#1713 = EDGE_CURVE ( 'NONE', #2640, #354, #167, .T. ) ;
#1714 = LINE ( 'NONE', #2879, #1066 ) ;
#1715 = EDGE_CURVE ( 'NONE', #2060, #568, #267, .T. ) ;
#1716 = ORIENTED_EDGE ( 'NONE', *, *, #1043, .F. ) ;
#1717 = FACE_OUTER_BOUND ( 'NONE', #570, .T. ) ;
#1718 = ORIENTED_EDGE ( 'NONE', *, *, #2829, .T. ) ;
#1719 = LINE ( 'NONE', #1132, #1069 ) ;
#1720 = DIRECTION ( 'NONE',  ( -1.000000000000000000, -0.0000000000000000000, -0.0000000000000000000 ) ) ;
#1721 = CYLINDRICAL_SURFACE ( 'NONE', #3037, 3.150000000000001688 ) ;
#1722 = CARTESIAN_POINT ( 'NONE',  ( 223.0749999999999602, 0.0000000000000000000, -1.508311264762853725E-12 ) ) ;
#1723 = VECTOR ( 'NONE', #2158, 1000.000000000000000 ) ;
#1724 = ORIENTED_EDGE ( 'NONE', *, *, #1233, .T. ) ;
#1725 = DIRECTION ( 'NONE',  ( -0.0000000000000000000, 1.000000000000000000, -8.673617379884035472E-18 ) ) ;
#1726 = DIRECTION ( 'NONE',  ( 0.0000000000000000000, 0.0000000000000000000, 1.000000000000000000 ) ) ;
#1727 = DIRECTION ( 'NONE',  ( 0.0000000000000000000, -8.673617379884035472E-18, -1.000000000000000000 ) ) ;
#1728 = ORIENTED_EDGE ( 'NONE', *, *, #851, .F. ) ;
#1729 = PRODUCT_DEFINITION_FORMATION_WITH_SPECIFIED_SOURCE ( '任何', '', #260, .NOT_KNOWN. ) ;
#1730 = CARTESIAN_POINT ( 'NONE',  ( 610.0000000000000000, 5.500000000000000000, 14.49999999999999822 ) ) ;
#1731 = CARTESIAN_POINT ( 'NONE',  ( 0.0000000000000000000, 0.0000000000000000000, -3.150000000002765255 ) ) ;
#1732 = EDGE_LOOP ( 'NONE', ( #2678, #2738, #3056, #2592 ) ) ;
#1733 = ORIENTED_EDGE ( 'NONE', *, *, #2958, .F. ) ;
#1734 = DIRECTION ( 'NONE',  ( -4.638298064109111160E-17, 8.673617379884035472E-18, 1.000000000000000000 ) ) ;
#1735 = CARTESIAN_POINT ( 'NONE',  ( 610.0000000000000000, 1.999999999999998224, -12.50000000000000000 ) ) ;
#1736 = AXIS2_PLACEMENT_3D ( 'NONE', #2409, #2170, #253 ) ;
#1737 = EDGE_CURVE ( 'NONE', #1960, #1920, #1467, .T. ) ;
#1738 = VECTOR ( 'NONE', #2765, 1000.000000000000000 ) ;
#1739 = AXIS2_PLACEMENT_3D ( 'NONE', #1374, #1906, #2356 ) ;
#1740 = EDGE_CURVE ( 'NONE', #2595, #372, #2021, .T. ) ;
#1741 = ORIENTED_EDGE ( 'NONE', *, *, #677, .T. ) ;
#1742 = EDGE_CURVE ( 'NONE', #2998, #1873, #825, .T. ) ;
#1743 = PLANE ( 'NONE',  #1675 ) ;
#1744 = EDGE_CURVE ( 'NONE', #1924, #2725, #1371, .T. ) ;
#1745 = ORIENTED_EDGE ( 'NONE', *, *, #2009, .T. ) ;
#1746 = VERTEX_POINT ( 'NONE', #777 ) ;
#1747 = VECTOR ( 'NONE', #1013, 1000.000000000000000 ) ;
#1748 = DIRECTION ( 'NONE',  ( -1.000000000000000000, 0.0000000000000000000, 0.0000000000000000000 ) ) ;
#1749 = EDGE_LOOP ( 'NONE', ( #1626, #457, #806, #1340 ) ) ;
#1750 = CIRCLE ( 'NONE', #991, 3.150000000000000799 ) ;
#1751 = VERTEX_POINT ( 'NONE', #2709 ) ;
#1752 = VECTOR ( 'NONE', #2138, 1000.000000000000000 ) ;
#1753 = ORIENTED_EDGE ( 'NONE', *, *, #656, .T. ) ;
#1754 = CARTESIAN_POINT ( 'NONE',  ( 610.0000000000000000, 2.000000000000000000, -13.49999999999999822 ) ) ;
#1755 = CIRCLE ( 'NONE', #1884, 3.150000000000001688 ) ;
#1756 = ORIENTED_EDGE ( 'NONE', *, *, #581, .F. ) ;
#1757 = FACE_BOUND ( 'NONE', #917, .T. ) ;
#1758 = CARTESIAN_POINT ( 'NONE',  ( 277.7749999999999773, -9.000000000000001776, -3.150000000001759837 ) ) ;
#1759 = CARTESIAN_POINT ( 'NONE',  ( 331.0749999999999318, 0.0000000000000000000, -2.262471233952970429E-12 ) ) ;
#1760 = VERTEX_POINT ( 'NONE', #33 ) ;
#1761 = ORIENTED_EDGE ( 'NONE', *, *, #2580, .T. ) ;
#1762 = DIRECTION ( 'NONE',  ( 0.0000000000000000000, 0.0000000000000000000, 1.000000000000000000 ) ) ;
#1763 = DIRECTION ( 'NONE',  ( -0.0000000000000000000, 1.000000000000000000, -8.673617379884035472E-18 ) ) ;
#1764 = DIRECTION ( 'NONE',  ( -1.000000000000000000, 0.0000000000000000000, 0.0000000000000000000 ) ) ;
#1765 = ORIENTED_EDGE ( 'NONE', *, *, #2538, .T. ) ;
#1766 = CARTESIAN_POINT ( 'NONE',  ( 0.0000000000000000000, 5.500000000000001776, 13.50000000000000000 ) ) ;
#1767 = EDGE_CURVE ( 'NONE', #1468, #2802, #89, .T. ) ;
#1768 = CARTESIAN_POINT ( 'NONE',  ( 223.0749999999999602, 0.9999999999999991118, 3.149999999998492672 ) ) ;
#1769 = ORIENTED_EDGE ( 'NONE', *, *, #636, .T. ) ;
#1770 = VERTEX_POINT ( 'NONE', #43 ) ;
#1771 = FACE_OUTER_BOUND ( 'NONE', #1732, .T. ) ;
#1772 =( LENGTH_UNIT ( ) NAMED_UNIT ( * ) SI_UNIT ( .MILLI., .METRE. ) );
#1773 = CALENDAR_DATE ( 2020, 20, 3 ) ;
#1774 = CARTESIAN_POINT ( 'NONE',  ( 610.0000000000000000, 1.999999999999999112, -11.50000000000000178 ) ) ;
#1775 = VECTOR ( 'NONE', #1763, 1000.000000000000000 ) ;
#1776 = ORIENTED_EDGE ( 'NONE', *, *, #459, .F. ) ;
#1777 = AXIS2_PLACEMENT_3D ( 'NONE', #1220, #2929, #1476 ) ;
#1778 = AXIS2_PLACEMENT_3D ( 'NONE', #2289, #2788, #1321 ) ;
#1779 = CARTESIAN_POINT ( 'NONE',  ( 259.0749999999999886, 0.9999999999999991118, -1.759706594776939110E-12 ) ) ;
#1780 = AXIS2_PLACEMENT_3D ( 'NONE', #175, #186, #1341 ) ;
#1781 = CARTESIAN_POINT ( 'NONE',  ( 169.7750000000000057, 0.9999999999999988898, -3.150000000001006217 ) ) ;
#1782 = CIRCLE ( 'NONE', #2597, 3.150000000000000799 ) ;
#1783 = ORIENTED_EDGE ( 'NONE', *, *, #1230, .T. ) ;
#1784 = VECTOR ( 'NONE', #3011, 1000.000000000000000 ) ;
#1785 = ORIENTED_EDGE ( 'NONE', *, *, #1088, .F. ) ;
#1786 = AXIS2_PLACEMENT_3D ( 'NONE', #1116, #1612, #162 ) ;
#1787 = CIRCLE ( 'NONE', #882, 3.150000000000001688 ) ;
#1788 = EDGE_CURVE ( 'NONE', #2335, #2595, #660, .T. ) ;
#1789 = FACE_OUTER_BOUND ( 'NONE', #403, .T. ) ;
#1790 = DIRECTION ( 'NONE',  ( -0.0000000000000000000, 1.000000000000000000, -8.673617379884035472E-18 ) ) ;
#1791 = CARTESIAN_POINT ( 'NONE',  ( 439.0749999999999318, -9.000000000000001776, -3.016553140586668379E-12 ) ) ;
#1792 = VECTOR ( 'NONE', #3138, 1000.000000000000000 ) ;
#1793 = ORIENTED_EDGE ( 'NONE', *, *, #2515, .F. ) ;
#1794 = APPROVAL_STATUS ( 'not_yet_approved' ) ;
#1795 = DIRECTION ( 'NONE',  ( 0.0000000000000000000, 1.000000000000000000, -8.673617379884035472E-18 ) ) ;
#1796 = ORIENTED_EDGE ( 'NONE', *, *, #3032, .F. ) ;
#1797 = CARTESIAN_POINT ( 'NONE',  ( 43.07499999999999574, -9.000000000000001776, 3.149999999999750777 ) ) ;
#1798 = EDGE_CURVE ( 'NONE', #2261, #2035, #1948, .T. ) ;
#1799 = ORIENTED_EDGE ( 'NONE', *, *, #1905, .T. ) ;
#1800 = ORIENTED_EDGE ( 'NONE', *, *, #1657, .F. ) ;
#1801 = CIRCLE ( 'NONE', #2617, 3.150000000000001688 ) ;
#1802 = VECTOR ( 'NONE', #2978, 1000.000000000000000 ) ;
#1803 = VERTEX_POINT ( 'NONE', #2965 ) ;
#1804 = CIRCLE ( 'NONE', #2303, 3.150000000000000799 ) ;
#1805 = ORIENTED_EDGE ( 'NONE', *, *, #2628, .T. ) ;
#1806 = DIRECTION ( 'NONE',  ( 0.0000000000000000000, 0.0000000000000000000, 1.000000000000000000 ) ) ;
#1807 = ORIENTED_EDGE ( 'NONE', *, *, #2454, .T. ) ;
#1808 = CIRCLE ( 'NONE', #3, 3.150000000000001688 ) ;
#1809 = DIRECTION ( 'NONE',  ( 0.0000000000000000000, 1.000000000000000000, -8.673617379884035472E-18 ) ) ;
#1810 = CARTESIAN_POINT ( 'NONE',  ( 241.7749999999999488, -9.000000000000001776, 3.149999999998494893 ) ) ;
#1811 = EDGE_LOOP ( 'NONE', ( #128, #623, #1783, #788 ) ) ;
#1812 = FACE_OUTER_BOUND ( 'NONE', #2094, .T. ) ;
#1813 = VERTEX_POINT ( 'NONE', #1023 ) ;
#1814 = CIRCLE ( 'NONE', #3118, 2.000000000000000000 ) ;
#1815 = ORIENTED_EDGE ( 'NONE', *, *, #2896, .F. ) ;
#1816 = ORIENTED_EDGE ( 'NONE', *, *, #244, .T. ) ;
#1817 = DIRECTION ( 'NONE',  ( 1.000000000000000000, 0.0000000000000000000, 4.638298064109111160E-17 ) ) ;
#1818 = CYLINDRICAL_SURFACE ( 'NONE', #2528, 1.999999999999998224 ) ;
#1819 = ORIENTED_EDGE ( 'NONE', *, *, #62, .F. ) ;
#1820 = DIRECTION ( 'NONE',  ( 1.000000000000000000, -0.0000000000000000000, -0.0000000000000000000 ) ) ;
#1821 = CARTESIAN_POINT ( 'NONE',  ( 187.0749999999999886, 0.0000000000000000000, -1.256924608366148023E-12 ) ) ;
#1822 = FACE_BOUND ( 'NONE', #3159, .T. ) ;
#1823 = CARTESIAN_POINT ( 'NONE',  ( 610.0000000000000000, 1.999999999999999112, -11.50000000000000178 ) ) ;
#1824 = DIRECTION ( 'NONE',  ( -0.0000000000000000000, 1.000000000000000000, -8.673617379884035472E-18 ) ) ;
#1825 = EDGE_CURVE ( 'NONE', #2641, #1705, #1857, .T. ) ;
#1826 = ORIENTED_EDGE ( 'NONE', *, *, #950, .T. ) ;
#1827 = ORIENTED_EDGE ( 'NONE', *, *, #57, .F. ) ;
#1828 = AXIS2_PLACEMENT_3D ( 'NONE', #2116, #670, #2357 ) ;
#1829 = CARTESIAN_POINT ( 'NONE',  ( 241.7749999999999488, 0.9999999999999991118, -1.508319938380233609E-12 ) ) ;
#1830 = CARTESIAN_POINT ( 'NONE',  ( 610.0000000000000000, 0.0000000000000000000, -13.49999999999999822 ) ) ;
#1831 = AXIS2_PLACEMENT_3D ( 'NONE', #2953, #536, #2225 ) ;
#1832 = AXIS2_PLACEMENT_3D ( 'NONE', #2585, #648, #2095 ) ;
#1833 = DIRECTION ( 'NONE',  ( -4.638298064109111160E-17, 8.673617379884035472E-18, 1.000000000000000000 ) ) ;
#1834 = DIRECTION ( 'NONE',  ( -0.0000000000000000000, 1.000000000000000000, -8.673617379884035472E-18 ) ) ;
#1835 = ORIENTED_EDGE ( 'NONE', *, *, #557, .F. ) ;
#1836 = ORIENTED_EDGE ( 'NONE', *, *, #2057, .F. ) ;
#1837 = EDGE_CURVE ( 'NONE', #2178, #81, #19, .T. ) ;
#1838 = DIRECTION ( 'NONE',  ( -1.000000000000000000, 0.0000000000000000000, 0.0000000000000000000 ) ) ;
#1839 = ADVANCED_FACE ( 'NONE', ( #3092 ), #3012, .F. ) ;
#1840 = ORIENTED_EDGE ( 'NONE', *, *, #2546, .F. ) ;
#1841 = CARTESIAN_POINT ( 'NONE',  ( 0.0000000000000000000, 5.500000000000001776, -14.49999999999999822 ) ) ;
#1842 = CARTESIAN_POINT ( 'NONE',  ( 610.0000000000000000, 6.500000000000002665, 14.49999999999999822 ) ) ;
#1843 = FACE_OUTER_BOUND ( 'NONE', #2385, .T. ) ;
#1844 = CARTESIAN_POINT ( 'NONE',  ( 610.0000000000000000, 0.0000000000000000000, -17.50000000000007816 ) ) ;
#1845 = DATE_AND_TIME ( #2496, #2 ) ;
#1846 = ADVANCED_FACE ( 'NONE', ( #592 ), #1721, .F. ) ;
#1847 = CIRCLE ( 'NONE', #2894, 3.150000000000001688 ) ;
#1848 = CARTESIAN_POINT ( 'NONE',  ( 133.7749999999999773, -9.000000000000001776, 3.149999999999248956 ) ) ;
#1849 = DIRECTION ( 'NONE',  ( -4.638298064109111160E-17, 8.673617379884035472E-18, 1.000000000000000000 ) ) ;
#1850 = LINE ( 'NONE', #1412, #1221 ) ;
#1851 = VERTEX_POINT ( 'NONE', #1754 ) ;
#1852 = VECTOR ( 'NONE', #1287, 1000.000000000000000 ) ;
#1853 = ORIENTED_EDGE ( 'NONE', *, *, #726, .F. ) ;
#1854 = VECTOR ( 'NONE', #960, 1000.000000000000000 ) ;
#1855 = VECTOR ( 'NONE', #2885, 1000.000000000000000 ) ;
#1856 = EDGE_LOOP ( 'NONE', ( #880, #743, #2522, #1807 ) ) ;
#1857 = CIRCLE ( 'NONE', #2387, 3.150000000000001688 ) ;
#1858 = DIRECTION ( 'NONE',  ( 0.0000000000000000000, 1.000000000000000000, -0.0000000000000000000 ) ) ;
#1859 = ADVANCED_FACE ( 'NONE', ( #1148 ), #1997, .F. ) ;
#1860 = CARTESIAN_POINT ( 'NONE',  ( 610.0000000000000000, 0.0000000000000000000, 17.50000000000000000 ) ) ;
#1861 = ORIENTED_EDGE ( 'NONE', *, *, #310, .T. ) ;
#1862 = CARTESIAN_POINT ( 'NONE',  ( 0.0000000000000000000, 0.0000000000000000000, -3.150000000001759837 ) ) ;
#1863 = EDGE_CURVE ( 'NONE', #1528, #1751, #2353, .T. ) ;
#1864 = ADVANCED_FACE ( 'NONE', ( #525 ), #1280, .F. ) ;
#1865 = EDGE_CURVE ( 'NONE', #2697, #574, #442, .T. ) ;
#1866 = LINE ( 'NONE', #1671, #3015 ) ;
#1867 = DIRECTION ( 'NONE',  ( -0.0000000000000000000, 1.000000000000000000, -8.673617379884035472E-18 ) ) ;
#1868 = CARTESIAN_POINT ( 'NONE',  ( 241.7749999999999488, -9.000000000000001776, -3.150000000001508482 ) ) ;
#1869 = ORIENTED_EDGE ( 'NONE', *, *, #388, .F. ) ;
#1870 = DIRECTION ( 'NONE',  ( 0.0000000000000000000, 0.0000000000000000000, 1.000000000000000000 ) ) ;
#1871 = DIRECTION ( 'NONE',  ( -1.000000000000000000, 0.0000000000000000000, 0.0000000000000000000 ) ) ;
#1872 = DIRECTION ( 'NONE',  ( 0.0000000000000000000, 0.0000000000000000000, 1.000000000000000000 ) ) ;
#1873 = VERTEX_POINT ( 'NONE', #858 ) ;
#1874 = ADVANCED_FACE ( 'NONE', ( #1789 ), #1009, .F. ) ;
#1875 = CARTESIAN_POINT ( 'NONE',  ( 421.7749999999999773, 0.0000000000000000000, 3.149999999997238120 ) ) ;
#1876 = ADVANCED_FACE ( 'NONE', ( #2284 ), #2862, .F. ) ;
#1877 = ORIENTED_EDGE ( 'NONE', *, *, #2758, .T. ) ;
#1878 = CARTESIAN_POINT ( 'NONE',  ( 0.0000000000000000000, 6.500000000000002665, -17.50000000000000000 ) ) ;
#1879 = ORIENTED_EDGE ( 'NONE', *, *, #792, .T. ) ;
#1880 = CARTESIAN_POINT ( 'NONE',  ( 241.7749999999999488, 0.9999999999999991118, 3.149999999998494893 ) ) ;
#1881 = CARTESIAN_POINT ( 'NONE',  ( 277.7749999999999773, 0.9999999999999991118, 3.149999999998243094 ) ) ;
#1882 = CARTESIAN_POINT ( 'NONE',  ( 43.07499999999999574, -9.000000000000001776, 3.149999999999749445 ) ) ;
#1883 = CIRCLE ( 'NONE', #2783, 3.150000000000000799 ) ;
#1884 = AXIS2_PLACEMENT_3D ( 'NONE', #1436, #3139, #1672 ) ;
#1885 = DIRECTION ( 'NONE',  ( -1.000000000000000000, 0.0000000000000000000, 0.0000000000000000000 ) ) ;
#1886 = APPROVAL ( #2518, '未指定' ) ;
#1887 = CARTESIAN_POINT ( 'NONE',  ( 511.0749999999999318, 0.9999999999999991118, -3.150000000003519318 ) ) ;
#1888 = VECTOR ( 'NONE', #2480, 1000.000000000000000 ) ;
#1889 = VECTOR ( 'NONE', #566, 1000.000000000000000 ) ;
#1890 = DIRECTION ( 'NONE',  ( 1.000000000000000000, -0.0000000000000000000, -0.0000000000000000000 ) ) ;
#1891 = DIRECTION ( 'NONE',  ( 0.0000000000000000000, 1.000000000000000000, -0.0000000000000000000 ) ) ;
#1892 = CARTESIAN_POINT ( 'NONE',  ( 529.7749999999999773, -9.000000000000001776, 3.149999999996483613 ) ) ;
#1893 = ORIENTED_EDGE ( 'NONE', *, *, #496, .F. ) ;
#1894 = DIRECTION ( 'NONE',  ( 1.000000000000000000, -0.0000000000000000000, -0.0000000000000000000 ) ) ;
#1895 = ADVANCED_FACE ( 'NONE', ( #2949 ), #3040, .F. ) ;
#1896 = DIRECTION ( 'NONE',  ( -1.000000000000000000, 0.0000000000000000000, 0.0000000000000000000 ) ) ;
#1897 = ORIENTED_EDGE ( 'NONE', *, *, #1863, .T. ) ;
#1898 = CIRCLE ( 'NONE', #2666, 1.000000000000000888 ) ;
#1899 = VERTEX_POINT ( 'NONE', #2800 ) ;
#1900 = DIRECTION ( 'NONE',  ( 0.0000000000000000000, 0.0000000000000000000, -1.000000000000000000 ) ) ;
#1901 = AXIS2_PLACEMENT_3D ( 'NONE', #2928, #1475, #17 ) ;
#1902 = FACE_OUTER_BOUND ( 'NONE', #2400, .T. ) ;
#1903 = EDGE_CURVE ( 'NONE', #1063, #2246, #1645, .T. ) ;
#1904 = AXIS2_PLACEMENT_3D ( 'NONE', #974, #2914, #262 ) ;
#1905 = EDGE_CURVE ( 'NONE', #1385, #1924, #2213, .T. ) ;
#1906 = DIRECTION ( 'NONE',  ( -4.638298064109097602E-17, 8.673617379884035472E-18, 1.000000000000000000 ) ) ;
#1907 = ORIENTED_EDGE ( 'NONE', *, *, #1737, .F. ) ;
#1908 = DIRECTION ( 'NONE',  ( -0.0000000000000000000, 1.000000000000000000, -8.673617379884035472E-18 ) ) ;
#1909 = CARTESIAN_POINT ( 'NONE',  ( 610.0000000000000000, 0.9999999999999991118, 12.49999999999999822 ) ) ;
#1910 = EDGE_LOOP ( 'NONE', ( #124, #553, #2036, #597 ) ) ;
#1911 = EDGE_CURVE ( 'NONE', #2574, #1912, #1070, .T. ) ;
#1912 = VERTEX_POINT ( 'NONE', #391 ) ;
#1913 = DIRECTION ( 'NONE',  ( -0.0000000000000000000, 1.000000000000000000, -8.673617379884035472E-18 ) ) ;
#1914 = FACE_OUTER_BOUND ( 'NONE', #2724, .T. ) ;
#1915 = EDGE_CURVE ( 'NONE', #1468, #2982, #2784, .T. ) ;
#1916 = DIRECTION ( 'NONE',  ( 0.0000000000000000000, -8.673617379884035472E-18, -1.000000000000000000 ) ) ;
#1917 = ORIENTED_EDGE ( 'NONE', *, *, #1936, .T. ) ;
#1918 = VECTOR ( 'NONE', #2865, 1000.000000000000000 ) ;
#1919 = CARTESIAN_POINT ( 'NONE',  ( 610.0000000000000000, 5.500000000000001776, 13.50000000000000000 ) ) ;
#1920 = VERTEX_POINT ( 'NONE', #633 ) ;
#1921 = DIRECTION ( 'NONE',  ( 0.0000000000000000000, 1.000000000000000000, -8.673617379884035472E-18 ) ) ;
#1922 = CARTESIAN_POINT ( 'NONE',  ( 367.0749999999999886, 0.9999999999999991118, 3.149999999997488143 ) ) ;
#1923 = ORIENTED_EDGE ( 'NONE', *, *, #252, .F. ) ;
#1924 = VERTEX_POINT ( 'NONE', #142 ) ;
#1925 = CARTESIAN_POINT ( 'NONE',  ( -1.461063890193784037E-16, 0.0000000000000000000, 3.149999999998736921 ) ) ;
#1926 = DIRECTION ( 'NONE',  ( -1.000000000000000000, 0.0000000000000000000, 0.0000000000000000000 ) ) ;
#1927 = ORIENTED_EDGE ( 'NONE', *, *, #612, .F. ) ;
#1928 = DIRECTION ( 'NONE',  ( -1.000000000000000000, 0.0000000000000000000, 0.0000000000000000000 ) ) ;
#1929 = VERTEX_POINT ( 'NONE', #893 ) ;
#1930 = ORIENTED_EDGE ( 'NONE', *, *, #2852, .F. ) ;
#1931 = DIRECTION ( 'NONE',  ( 0.0000000000000000000, 0.0000000000000000000, 1.000000000000000000 ) ) ;
#1932 = CARTESIAN_POINT ( 'NONE',  ( 601.7749999999999773, 0.9999999999999991118, 3.149999999995980460 ) ) ;
#1933 = LINE ( 'NONE', #3020, #1284 ) ;
#1934 = PERSON_AND_ORGANIZATION ( #3110, #387 ) ;
#1935 = LINE ( 'NONE', #1597, #1775 ) ;
#1936 = EDGE_CURVE ( 'NONE', #2695, #2888, #936, .T. ) ;
#1937 = CARTESIAN_POINT ( 'NONE',  ( 610.0000000000000000, 2.000000000000000000, -11.49999999999999822 ) ) ;
#1938 = VECTOR ( 'NONE', #1885, 1000.000000000000000 ) ;
#1939 = CARTESIAN_POINT ( 'NONE',  ( 439.0749999999999318, 0.9999999999999991118, 3.149999999996984101 ) ) ;
#1940 = CARTESIAN_POINT ( 'NONE',  ( 43.07499999999999574, 0.0000000000000000000, 3.149999999999749445 ) ) ;
#1941 = ORIENTED_EDGE ( 'NONE', *, *, #467, .F. ) ;
#1942 = LINE ( 'NONE', #2265, #1291 ) ;
#1943 = EDGE_LOOP ( 'NONE', ( #1667, #1651, #2979, #2235 ) ) ;
#1944 = DIRECTION ( 'NONE',  ( 0.0000000000000000000, 1.000000000000000000, 0.0000000000000000000 ) ) ;
#1945 = CIRCLE ( 'NONE', #718, 3.150000000000001688 ) ;
#1946 = VECTOR ( 'NONE', #232, 1000.000000000000000 ) ;
#1947 = ORIENTED_EDGE ( 'NONE', *, *, #2631, .T. ) ;
#1948 = LINE ( 'NONE', #1731, #1232 ) ;
#1949 = ORIENTED_EDGE ( 'NONE', *, *, #3079, .T. ) ;
#1950 = AXIS2_PLACEMENT_3D ( 'NONE', #1759, #328, #2007 ) ;
#1951 = AXIS2_PLACEMENT_3D ( 'NONE', #1098, #2803, #1338 ) ;
#1952 = LINE ( 'NONE', #286, #2850 ) ;
#1953 = AXIS2_PLACEMENT_3D ( 'NONE', #422, #2140, #1111 ) ;
#1954 = ORIENTED_EDGE ( 'NONE', *, *, #503, .F. ) ;
#1955 = DIRECTION ( 'NONE',  ( -1.000000000000000000, 0.0000000000000000000, 0.0000000000000000000 ) ) ;
#1956 = CARTESIAN_POINT ( 'NONE',  ( 0.0000000000000000000, 0.0000000000000000000, 17.50000000000000000 ) ) ;
#1957 = VECTOR ( 'NONE', #1636, 1000.000000000000000 ) ;
#1958 = CARTESIAN_POINT ( 'NONE',  ( 187.0749999999999886, 0.0000000000000000000, -3.150000000001256684 ) ) ;
#1959 = EDGE_CURVE ( 'NONE', #1575, #3019, #366, .T. ) ;
#1960 = VERTEX_POINT ( 'NONE', #1596 ) ;
#1961 = VERTEX_POINT ( 'NONE', #1842 ) ;
#1962 = DIRECTION ( 'NONE',  ( -4.638298064109111160E-17, 8.673617379884035472E-18, 1.000000000000000000 ) ) ;
#1963 = CARTESIAN_POINT ( 'NONE',  ( 79.07499999999998863, 0.0000000000000000000, -3.150000000000502620 ) ) ;
#1964 = DIRECTION ( 'NONE',  ( -4.638298064109111160E-17, 8.673617379884035472E-18, 1.000000000000000000 ) ) ;
#1965 = VERTEX_POINT ( 'NONE', #2090 ) ;
#1966 = ORIENTED_EDGE ( 'NONE', *, *, #2084, .T. ) ;
#1967 = ORIENTED_EDGE ( 'NONE', *, *, #2790, .F. ) ;
#1968 = VECTOR ( 'NONE', #1640, 1000.000000000000000 ) ;
#1969 = CARTESIAN_POINT ( 'NONE',  ( 0.0000000000000000000, 0.0000000000000000000, -3.150000000002513900 ) ) ;
#1970 = CARTESIAN_POINT ( 'NONE',  ( 0.0000000000000000000, 0.0000000000000000000, -11.49999999999999822 ) ) ;
#1971 = LINE ( 'NONE', #2735, #607 ) ;
#1972 = EDGE_LOOP ( 'NONE', ( #2791, #1460, #1306, #1112 ) ) ;
#1973 = EDGE_CURVE ( 'NONE', #241, #695, #213, .T. ) ;
#1974 = CARTESIAN_POINT ( 'NONE',  ( 259.0749999999999886, 0.0000000000000000000, 3.149999999998240874 ) ) ;
#1975 = ORIENTED_EDGE ( 'NONE', *, *, #567, .T. ) ;
#1976 = DIRECTION ( 'NONE',  ( 0.0000000000000000000, 0.0000000000000000000, -1.000000000000000000 ) ) ;
#1977 = VECTOR ( 'NONE', #273, 1000.000000000000000 ) ;
#1978 = DIRECTION ( 'NONE',  ( 0.0000000000000000000, 1.000000000000000000, -0.0000000000000000000 ) ) ;
#1979 = ORIENTED_EDGE ( 'NONE', *, *, #1480, .T. ) ;
#1980 = CIRCLE ( 'NONE', #2001, 3.150000000000001688 ) ;
#1981 = CARTESIAN_POINT ( 'NONE',  ( 493.7749999999999773, -9.000000000000001776, 3.149999999996734967 ) ) ;
#1982 = CARTESIAN_POINT ( 'NONE',  ( 511.0749999999999318, 0.0000000000000000000, -3.519404515936498336E-12 ) ) ;
#1983 = ORIENTED_EDGE ( 'NONE', *, *, #120, .T. ) ;
#1984 = ORIENTED_EDGE ( 'NONE', *, *, #1386, .F. ) ;
#1985 = ORIENTED_EDGE ( 'NONE', *, *, #2239, .F. ) ;
#1986 = CYLINDRICAL_SURFACE ( 'NONE', #1077, 3.150000000000000799 ) ;
#1987 = ORIENTED_EDGE ( 'NONE', *, *, #1495, .F. ) ;
#1988 = CIRCLE ( 'NONE', #512, 3.150000000000001688 ) ;
#1989 = CARTESIAN_POINT ( 'NONE',  ( 529.7749999999999773, 0.0000000000000000000, -3.519404515936498336E-12 ) ) ;
#1990 = DIRECTION ( 'NONE',  ( 1.000000000000000000, 0.0000000000000000000, 4.638298064109111160E-17 ) ) ;
#1991 = ORIENTED_EDGE ( 'NONE', *, *, #2569, .F. ) ;
#1992 = AXIS2_PLACEMENT_3D ( 'NONE', #551, #1512, #318 ) ;
#1993 = ORIENTED_EDGE ( 'NONE', *, *, #2495, .F. ) ;
#1994 = ORIENTED_EDGE ( 'NONE', *, *, #1837, .T. ) ;
#1995 = CARTESIAN_POINT ( 'NONE',  ( 0.0000000000000000000, 0.0000000000000000000, -3.149999999999999911 ) ) ;
#1996 = ORIENTED_EDGE ( 'NONE', *, *, #1959, .T. ) ;
#1997 = PLANE ( 'NONE',  #61 ) ;
#1998 = ORIENTED_EDGE ( 'NONE', *, *, #1548, .F. ) ;
#1999 = EDGE_LOOP ( 'NONE', ( #1048, #234, #2774, #485 ) ) ;
#2000 = EDGE_CURVE ( 'NONE', #2689, #895, #2710, .T. ) ;
#2001 = AXIS2_PLACEMENT_3D ( 'NONE', #1155, #2858, #1399 ) ;
#2002 = VECTOR ( 'NONE', #3068, 1000.000000000000000 ) ;
#2003 = AXIS2_PLACEMENT_3D ( 'NONE', #60, #1748, #319 ) ;
#2004 = ORIENTED_EDGE ( 'NONE', *, *, #606, .T. ) ;
#2005 = LOCAL_TIME ( 9, 23, 9.000000000000000000, #2662 ) ;
#2006 = AXIS2_PLACEMENT_3D ( 'NONE', #988, #2673, #734 ) ;
#2007 = DIRECTION ( 'NONE',  ( 0.0000000000000000000, 0.0000000000000000000, 1.000000000000000000 ) ) ;
#2008 = VECTOR ( 'NONE', #627, 1000.000000000000000 ) ;
#2009 = EDGE_CURVE ( 'NONE', #2817, #894, #1498, .T. ) ;
#2010 = DIRECTION ( 'NONE',  ( 0.0000000000000000000, 1.000000000000000000, 0.0000000000000000000 ) ) ;
#2011 = CYLINDRICAL_SURFACE ( 'NONE', #1780, 3.150000000000001688 ) ;
#2012 = CARTESIAN_POINT ( 'NONE',  ( 349.7749999999999204, 0.0000000000000000000, 3.149999999997740385 ) ) ;
#2013 = ORIENTED_EDGE ( 'NONE', *, *, #640, .T. ) ;
#2014 = VECTOR ( 'NONE', #2747, 1000.000000000000000 ) ;
#2015 = ORIENTED_EDGE ( 'NONE', *, *, #2454, .F. ) ;
#2016 = LINE ( 'NONE', #2598, #3088 ) ;
#2017 = CYLINDRICAL_SURFACE ( 'NONE', #1260, 3.150000000000000799 ) ;
#2018 = DIRECTION ( 'NONE',  ( 0.0000000000000000000, 1.000000000000000000, -8.673617379884035472E-18 ) ) ;
#2019 = EDGE_LOOP ( 'NONE', ( #1143, #123, #1478, #1123 ) ) ;
#2020 = ORIENTED_EDGE ( 'NONE', *, *, #1059, .T. ) ;
#2021 = LINE ( 'NONE', #1491, #745 ) ;
#2022 = ORIENTED_EDGE ( 'NONE', *, *, #2573, .T. ) ;
#2023 =( NAMED_UNIT ( * ) SI_UNIT ( $, .STERADIAN. ) SOLID_ANGLE_UNIT ( ) );
#2024 = LINE ( 'NONE', #2686, #750 ) ;
#2025 = ORIENTED_EDGE ( 'NONE', *, *, #1059, .F. ) ;
#2026 = PLANE ( 'NONE',  #392 ) ;
#2027 = CIRCLE ( 'NONE', #1630, 3.150000000000000799 ) ;
#2028 = DIRECTION ( 'NONE',  ( 0.0000000000000000000, 0.0000000000000000000, 1.000000000000000000 ) ) ;
#2029 = ORIENTED_EDGE ( 'NONE', *, *, #2291, .F. ) ;
#2030 = EDGE_LOOP ( 'NONE', ( #861, #2680, #1853, #2375 ) ) ;
#2031 = EDGE_CURVE ( 'NONE', #372, #2349, #1420, .T. ) ;
#2032 = EDGE_CURVE ( 'NONE', #2215, #2178, #121, .T. ) ;
#2033 = DIRECTION ( 'NONE',  ( 0.0000000000000000000, -8.673617379884035472E-18, -1.000000000000000000 ) ) ;
#2034 = DIRECTION ( 'NONE',  ( -0.0000000000000000000, 1.000000000000000000, -8.673617379884035472E-18 ) ) ;
#2035 = VERTEX_POINT ( 'NONE', #2102 ) ;
#2036 = ORIENTED_EDGE ( 'NONE', *, *, #958, .T. ) ;
#2037 = VERTEX_POINT ( 'NONE', #1146 ) ;
#2038 = VECTOR ( 'NONE', #1150, 1000.000000000000000 ) ;
#2039 = CIRCLE ( 'NONE', #2003, 2.000000000000000000 ) ;
#2040 = EDGE_LOOP ( 'NONE', ( #2733, #2126, #1979, #3051 ) ) ;
#2041 = FACE_OUTER_BOUND ( 'NONE', #1364, .T. ) ;
#2042 = ORIENTED_EDGE ( 'NONE', *, *, #1198, .F. ) ;
#2043 = CARTESIAN_POINT ( 'NONE',  ( 493.7749999999999773, -9.000000000000001776, -3.267939796983373879E-12 ) ) ;
#2044 = DIRECTION ( 'NONE',  ( 1.000000000000000000, 0.0000000000000000000, 4.638298064109109311E-17 ) ) ;
#2045 = AXIS2_PLACEMENT_3D ( 'NONE', #533, #2217, #778 ) ;
#2046 = CYLINDRICAL_SURFACE ( 'NONE', #2991, 3.150000000000000799 ) ;
#2047 = CC_DESIGN_APPROVAL ( #1886, ( #1729 ) ) ;
#2048 = VECTOR ( 'NONE', #2577, 1000.000000000000000 ) ;
#2049 = VERTEX_POINT ( 'NONE', #2841 ) ;
#2050 = CARTESIAN_POINT ( 'NONE',  ( 349.7749999999999204, -9.000000000000001776, 3.149999999997740385 ) ) ;
#2051 = ORIENTED_EDGE ( 'NONE', *, *, #1286, .F. ) ;
#2052 = ORIENTED_EDGE ( 'NONE', *, *, #1083, .T. ) ;
#2053 = FACE_OUTER_BOUND ( 'NONE', #978, .T. ) ;
#2054 = EDGE_LOOP ( 'NONE', ( #1041, #2082, #1314, #3155 ) ) ;
#2055 = LINE ( 'NONE', #1848, #2795 ) ;
#2056 = AXIS2_PLACEMENT_3D ( 'NONE', #1008, #2699, #1244 ) ;
#2057 = EDGE_CURVE ( 'NONE', #55, #758, #2537, .T. ) ;
#2058 = AXIS2_PLACEMENT_3D ( 'NONE', #1435, #952, #1176 ) ;
#2059 = EDGE_CURVE ( 'NONE', #1500, #619, #1980, .T. ) ;
#2060 = VERTEX_POINT ( 'NONE', #1388 ) ;
#2061 = CARTESIAN_POINT ( 'NONE',  ( 610.0000000000000000, 0.9999999999999988898, -11.50000000000000178 ) ) ;
#2062 = ORIENTED_EDGE ( 'NONE', *, *, #752, .F. ) ;
#2063 = DIRECTION ( 'NONE',  ( -0.0000000000000000000, 1.000000000000000000, -8.673617379884035472E-18 ) ) ;
#2064 = EDGE_CURVE ( 'NONE', #2474, #2640, #1265, .T. ) ;
#2065 = EDGE_CURVE ( 'NONE', #2196, #2477, #1327, .T. ) ;
#2066 = ORIENTED_EDGE ( 'NONE', *, *, #552, .T. ) ;
#2067 = VERTEX_POINT ( 'NONE', #1875 ) ;
#2068 = CARTESIAN_POINT ( 'NONE',  ( 133.7749999999999773, 0.9999999999999991118, -3.150000000000753975 ) ) ;
#2069 = CARTESIAN_POINT ( 'NONE',  ( 187.0749999999999886, 0.9999999999999991118, -3.150000000001256684 ) ) ;
#2070 = DIRECTION ( 'NONE',  ( 0.0000000000000000000, 0.0000000000000000000, 1.000000000000000000 ) ) ;
#2071 = DIRECTION ( 'NONE',  ( 0.0000000000000000000, -8.673617379884043361E-16, -1.000000000000000000 ) ) ;
#2072 = VECTOR ( 'NONE', #2534, 1000.000000000000000 ) ;
#2073 = CALENDAR_DATE ( 2020, 20, 3 ) ;
#2074 = CIRCLE ( 'NONE', #2728, 3.150000000000001688 ) ;
#2075 = DIRECTION ( 'NONE',  ( 0.0000000000000000000, 0.0000000000000000000, 1.000000000000000000 ) ) ;
#2076 = FACE_OUTER_BOUND ( 'NONE', #2115, .T. ) ;
#2077 = CARTESIAN_POINT ( 'NONE',  ( 331.0749999999999318, -9.000000000000001776, 3.149999999997739497 ) ) ;
#2078 = ADVANCED_FACE ( 'NONE', ( #1812 ), #684, .F. ) ;
#2079 = PLANE ( 'NONE',  #98 ) ;
#2080 = ORIENTED_EDGE ( 'NONE', *, *, #3014, .T. ) ;
#2081 = VECTOR ( 'NONE', #1038, 1000.000000000000000 ) ;
#2082 = ORIENTED_EDGE ( 'NONE', *, *, #752, .T. ) ;
#2083 = VECTOR ( 'NONE', #2146, 1000.000000000000000 ) ;
#2084 = EDGE_CURVE ( 'NONE', #1873, #3008, #3141, .T. ) ;
#2085 = ORIENTED_EDGE ( 'NONE', *, *, #886, .F. ) ;
#2086 = VECTOR ( 'NONE', #1955, 1000.000000000000000 ) ;
#2087 = ADVANCED_FACE ( 'NONE', ( #1187 ), #1163, .F. ) ;
#2088 = ORIENTED_EDGE ( 'NONE', *, *, #1521, .T. ) ;
#2089 = CARTESIAN_POINT ( 'NONE',  ( 0.0000000000000000000, 5.500000000000001776, -13.49999999999999822 ) ) ;
#2090 = CARTESIAN_POINT ( 'NONE',  ( 187.0749999999999886, 0.0000000000000000000, 3.149999999998744027 ) ) ;
#2091 = LINE ( 'NONE', #2691, #2590 ) ;
#2092 = CARTESIAN_POINT ( 'NONE',  ( 367.0749999999999886, 0.0000000000000000000, -3.150000000002513900 ) ) ;
#2093 = EDGE_CURVE ( 'NONE', #2801, #1500, #550, .T. ) ;
#2094 = EDGE_LOOP ( 'NONE', ( #1687, #2824, #282, #801 ) ) ;
#2095 = DIRECTION ( 'NONE',  ( 0.0000000000000000000, 1.000000000000000000, -8.673617379884035472E-18 ) ) ;
#2096 = VECTOR ( 'NONE', #181, 1000.000000000000000 ) ;
#2097 = CARTESIAN_POINT ( 'NONE',  ( 205.7749999999999773, 0.9999999999999991118, -1.256933281983527907E-12 ) ) ;
#2098 = DIRECTION ( 'NONE',  ( 0.0000000000000000000, 0.0000000000000000000, 1.000000000000000000 ) ) ;
#2099 = CARTESIAN_POINT ( 'NONE',  ( 115.0749999999999886, 0.9999999999999991118, -7.541599691901168047E-13 ) ) ;
#2100 = ORIENTED_EDGE ( 'NONE', *, *, #913, .T. ) ;
#2101 = ADVANCED_FACE ( 'NONE', ( #1902 ), #1175, .F. ) ;
#2102 = CARTESIAN_POINT ( 'NONE',  ( 403.0749999999999886, 0.0000000000000000000, -3.150000000002765255 ) ) ;
#2103 = AXIS2_PLACEMENT_3D ( 'NONE', #136, #1820, #395 ) ;
#2104 = CARTESIAN_POINT ( 'NONE',  ( 547.0749999999998181, -9.000000000000001776, -3.770713109776784477E-12 ) ) ;
#2105 = AXIS2_PLACEMENT_3D ( 'NONE', #1140, #2561, #2314 ) ;
#2106 = ADVANCED_FACE ( 'NONE', ( #2396 ), #2973, .F. ) ;
#2107 = DIRECTION ( 'NONE',  ( -0.0000000000000000000, 1.000000000000000000, -8.673617379884035472E-18 ) ) ;
#2108 = DIRECTION ( 'NONE',  ( 0.0000000000000000000, 1.000000000000000000, -0.0000000000000000000 ) ) ;
#2109 = CARTESIAN_POINT ( 'NONE',  ( 0.0000000000000000000, 0.0000000000000000000, 0.0000000000000000000 ) ) ;
#2110 = CARTESIAN_POINT ( 'NONE',  ( 0.0000000000000000000, 0.9999999999999988898, -11.50000000000000178 ) ) ;
#2111 = AXIS2_PLACEMENT_3D ( 'NONE', #18, #416, #2332 ) ;
#2112 = EDGE_CURVE ( 'NONE', #1044, #2950, #484, .T. ) ;
#2113 = DIRECTION ( 'NONE',  ( 1.000000000000000000, 0.0000000000000000000, 4.638298064109111160E-17 ) ) ;
#2114 = VERTEX_POINT ( 'NONE', #2647 ) ;
#2115 = EDGE_LOOP ( 'NONE', ( #1694, #1994, #1793, #742 ) ) ;
#2116 = CARTESIAN_POINT ( 'NONE',  ( 547.0749999999998181, 0.9999999999999991118, -3.770799845950583317E-12 ) ) ;
#2117 = FACE_BOUND ( 'NONE', #1972, .T. ) ;
#2118 = DIRECTION ( 'NONE',  ( 0.0000000000000000000, 1.000000000000000000, -8.673617379884035472E-18 ) ) ;
#2119 = DIRECTION ( 'NONE',  ( -1.000000000000000000, 0.0000000000000000000, 0.0000000000000000000 ) ) ;
#2120 = LINE ( 'NONE', #1022, #2701 ) ;
#2121 = ADVANCED_FACE ( 'NONE', ( #3038 ), #1677, .F. ) ;
#2122 = ORIENTED_EDGE ( 'NONE', *, *, #2996, .F. ) ;
#2123 = CARTESIAN_POINT ( 'NONE',  ( 277.7749999999999773, 0.9999999999999991118, -3.150000000001759837 ) ) ;
#2124 = CARTESIAN_POINT ( 'NONE',  ( 331.0749999999999318, 0.9999999999999991118, 3.149999999997738165 ) ) ;
#2125 = LINE ( 'NONE', #37, #1489 ) ;
#2126 = ORIENTED_EDGE ( 'NONE', *, *, #115, .T. ) ;
#2127 = CARTESIAN_POINT ( 'NONE',  ( 313.7749999999999773, 0.9999999999999991118, 3.149999999997992184 ) ) ;
#2128 = CARTESIAN_POINT ( 'NONE',  ( 61.77499999999999858, -9.000000000000001776, 3.149999999999751665 ) ) ;
#2129 = ADVANCED_FACE ( 'NONE', ( #2306 ), #719, .F. ) ;
#2130 = LINE ( 'NONE', #1432, #850 ) ;
#2131 = CARTESIAN_POINT ( 'NONE',  ( 529.7749999999999773, 0.9999999999999988898, -3.150000000003519762 ) ) ;
#2132 = CARTESIAN_POINT ( 'NONE',  ( 151.0749999999999886, -9.000000000000001776, 3.149999999998996270 ) ) ;
#2133 = FACE_OUTER_BOUND ( 'NONE', #3046, .T. ) ;
#2134 = VECTOR ( 'NONE', #2321, 1000.000000000000000 ) ;
#2135 = CARTESIAN_POINT ( 'NONE',  ( 295.0749999999999886, 0.9999999999999991118, 3.149999999997991296 ) ) ;
#2136 = CARTESIAN_POINT ( 'NONE',  ( 349.7749999999999204, 0.9999999999999991118, -3.150000000002262546 ) ) ;
#2137 = EDGE_CURVE ( 'NONE', #1515, #230, #1750, .T. ) ;
#2138 = DIRECTION ( 'NONE',  ( -0.0000000000000000000, 1.000000000000000000, -8.673617379884035472E-18 ) ) ;
#2139 = ORIENTED_EDGE ( 'NONE', *, *, #30, .T. ) ;
#2140 = DIRECTION ( 'NONE',  ( -0.0000000000000000000, 1.000000000000000000, -8.673617379884035472E-18 ) ) ;
#2141 = ORIENTED_EDGE ( 'NONE', *, *, #564, .F. ) ;
#2142 = DIRECTION ( 'NONE',  ( 0.0000000000000000000, 1.000000000000000000, -0.0000000000000000000 ) ) ;
#2143 = VERTEX_POINT ( 'NONE', #2655 ) ;
#2144 = ADVANCED_FACE ( 'NONE', ( #1101 ), #497, .F. ) ;
#2145 = FACE_OUTER_BOUND ( 'NONE', #817, .T. ) ;
#2146 = DIRECTION ( 'NONE',  ( -1.000000000000000000, 0.0000000000000000000, 0.0000000000000000000 ) ) ;
#2147 = ORIENTED_EDGE ( 'NONE', *, *, #2352, .T. ) ;
#2148 = DIRECTION ( 'NONE',  ( 0.0000000000000000000, -8.673617379884035472E-18, -1.000000000000000000 ) ) ;
#2149 = CARTESIAN_POINT ( 'NONE',  ( 205.7749999999999773, 0.9999999999999988898, -3.150000000001255795 ) ) ;
#2150 = CARTESIAN_POINT ( 'NONE',  ( 79.07499999999998863, -9.000000000000001776, 3.149999999999498090 ) ) ;
#2151 = CIRCLE ( 'NONE', #8, 3.150000000000000799 ) ;
#2152 = CARTESIAN_POINT ( 'NONE',  ( 403.0749999999999886, 0.9999999999999991118, 3.149999999997235900 ) ) ;
#2153 = ORIENTED_EDGE ( 'NONE', *, *, #87, .T. ) ;
#2154 = ORIENTED_EDGE ( 'NONE', *, *, #2892, .F. ) ;
#2155 = EDGE_LOOP ( 'NONE', ( #1595, #1753, #1765, #477 ) ) ;
#2156 = DIRECTION ( 'NONE',  ( 1.000000000000000000, -0.0000000000000000000, 0.0000000000000000000 ) ) ;
#2157 = DIRECTION ( 'NONE',  ( 0.0000000000000000000, -8.673617379884035472E-18, -1.000000000000000000 ) ) ;
#2158 = DIRECTION ( 'NONE',  ( 1.000000000000000000, 0.0000000000000000000, 4.638298064109111160E-17 ) ) ;
#2159 = CARTESIAN_POINT ( 'NONE',  ( 7.074999999999996625, 0.0000000000000000000, 3.150000000000000799 ) ) ;
#2160 = ORIENTED_EDGE ( 'NONE', *, *, #115, .F. ) ;
#2161 = DIRECTION ( 'NONE',  ( 1.000000000000000000, 0.0000000000000000000, 4.638298064109109311E-17 ) ) ;
#2162 = ORIENTED_EDGE ( 'NONE', *, *, #3050, .F. ) ;
#2163 = DIRECTION ( 'NONE',  ( -0.0000000000000000000, 1.000000000000000000, -8.673617379884035472E-18 ) ) ;
#2164 = AXIS2_PLACEMENT_3D ( 'NONE', #811, #2484, #1045 ) ;
#2165 = CIRCLE ( 'NONE', #1128, 3.150000000000000799 ) ;
#2166 = DATE_AND_TIME ( #2807, #321 ) ;
#2167 = DIRECTION ( 'NONE',  ( 0.0000000000000000000, 1.000000000000000000, -0.0000000000000000000 ) ) ;
#2168 = CARTESIAN_POINT ( 'NONE',  ( 295.0749999999999886, 0.9999999999999991118, -3.150000000002011191 ) ) ;
#2169 = DIRECTION ( 'NONE',  ( -0.0000000000000000000, 1.000000000000000000, -8.673617379884035472E-18 ) ) ;
#2170 = DIRECTION ( 'NONE',  ( -0.0000000000000000000, 1.000000000000000000, -8.673617379884035472E-18 ) ) ;
#2171 = EDGE_CURVE ( 'NONE', #1617, #2950, #400, .T. ) ;
#2172 = FACE_OUTER_BOUND ( 'NONE', #1224, .T. ) ;
#2173 = ORIENTED_EDGE ( 'NONE', *, *, #1521, .F. ) ;
#2174 = LINE ( 'NONE', #2684, #1529 ) ;
#2175 = ORIENTED_EDGE ( 'NONE', *, *, #1713, .T. ) ;
#2176 = AXIS2_PLACEMENT_3D ( 'NONE', #2252, #814, #2486 ) ;
#2177 = AXIS2_PLACEMENT_3D ( 'NONE', #417, #1379, #908 ) ;
#2178 = VERTEX_POINT ( 'NONE', #2920 ) ;
#2179 = ORIENTED_EDGE ( 'NONE', *, *, #2758, .F. ) ;
#2180 = DIRECTION ( 'NONE',  ( -4.638298064109109311E-17, 8.673617379884035472E-18, 1.000000000000000000 ) ) ;
#2181 = FACE_OUTER_BOUND ( 'NONE', #2155, .T. ) ;
#2182 = CARTESIAN_POINT ( 'NONE',  ( 205.7749999999999773, -9.000000000000001776, 3.149999999998746247 ) ) ;
#2183 = DIRECTION ( 'NONE',  ( -0.0000000000000000000, 1.000000000000000000, -8.673617379884035472E-18 ) ) ;
#2184 = ORIENTED_EDGE ( 'NONE', *, *, #467, .T. ) ;
#2185 = DIRECTION ( 'NONE',  ( -0.0000000000000000000, 1.000000000000000000, -8.673617379884035472E-18 ) ) ;
#2186 = LINE ( 'NONE', #1704, #269 ) ;
#2187 = EDGE_CURVE ( 'NONE', #1899, #1851, #2908, .T. ) ;
#2188 = VERTEX_POINT ( 'NONE', #1702 ) ;
#2189 = VECTOR ( 'NONE', #690, 1000.000000000000000 ) ;
#2190 = DIRECTION ( 'NONE',  ( 0.0000000000000000000, 0.0000000000000000000, -1.000000000000000000 ) ) ;
#2191 = ORIENTED_EDGE ( 'NONE', *, *, #1464, .T. ) ;
#2192 = CARTESIAN_POINT ( 'NONE',  ( 610.0000000000000000, 7.500000000000000000, -17.50000000000007816 ) ) ;
#2193 = DIRECTION ( 'NONE',  ( 1.000000000000000000, 0.0000000000000000000, 4.638298064109111160E-17 ) ) ;
#2194 = DIRECTION ( 'NONE',  ( 1.000000000000000000, -0.0000000000000000000, -0.0000000000000000000 ) ) ;
#2195 = EDGE_LOOP ( 'NONE', ( #1263, #494, #2154, #1136 ) ) ;
#2196 = VERTEX_POINT ( 'NONE', #2412 ) ;
#2197 = CARTESIAN_POINT ( 'NONE',  ( 403.0749999999999886, -9.000000000000001776, -3.150000000002765255 ) ) ;
#2198 = DIRECTION ( 'NONE',  ( 0.0000000000000000000, 1.000000000000000000, -0.0000000000000000000 ) ) ;
#2199 = FACE_BOUND ( 'NONE', #2277, .T. ) ;
#2200 = EDGE_CURVE ( 'NONE', #3131, #1063, #2247, .T. ) ;
#2201 = CIRCLE ( 'NONE', #1348, 2.000000000000000000 ) ;
#2202 = EDGE_CURVE ( 'NONE', #1746, #2888, #1034, .T. ) ;
#2203 = FACE_OUTER_BOUND ( 'NONE', #1552, .T. ) ;
#2204 = ORIENTED_EDGE ( 'NONE', *, *, #2693, .F. ) ;
#2205 = DIRECTION ( 'NONE',  ( 1.000000000000000000, 0.0000000000000000000, 4.638298064109109311E-17 ) ) ;
#2206 = CIRCLE ( 'NONE', #3096, 1.000000000000000888 ) ;
#2207 = DIRECTION ( 'NONE',  ( 1.000000000000000000, 0.0000000000000000000, 4.638298064109097602E-17 ) ) ;
#2208 = DIRECTION ( 'NONE',  ( 1.000000000000000000, -0.0000000000000000000, -0.0000000000000000000 ) ) ;
#2209 = CIRCLE ( 'NONE', #393, 3.150000000000001688 ) ;
#2210 = VECTOR ( 'NONE', #1090, 1000.000000000000000 ) ;
#2211 = DIRECTION ( 'NONE',  ( 0.0000000000000000000, 0.0000000000000000000, 1.000000000000000000 ) ) ;
#2212 = LINE ( 'NONE', #168, #2947 ) ;
#2213 = CIRCLE ( 'NONE', #875, 3.150000000000001688 ) ;
#2214 = ORIENTED_EDGE ( 'NONE', *, *, #714, .T. ) ;
#2215 = VERTEX_POINT ( 'NONE', #1707 ) ;
#2216 = CARTESIAN_POINT ( 'NONE',  ( 205.7749999999999773, -9.000000000000001776, -3.150000000001256684 ) ) ;
#2217 = DIRECTION ( 'NONE',  ( 1.000000000000000000, -0.0000000000000000000, 0.0000000000000000000 ) ) ;
#2218 = ORIENTED_EDGE ( 'NONE', *, *, #367, .T. ) ;
#2219 = VECTOR ( 'NONE', #2406, 1000.000000000000000 ) ;
#2220 = ORIENTED_EDGE ( 'NONE', *, *, #2417, .F. ) ;
#2221 = DIRECTION ( 'NONE',  ( 0.0000000000000000000, 0.0000000000000000000, 1.000000000000000000 ) ) ;
#2222 = AXIS2_PLACEMENT_3D ( 'NONE', #963, #2651, #1192 ) ;
#2223 = VECTOR ( 'NONE', #2548, 1000.000000000000000 ) ;
#2224 = CC_DESIGN_PERSON_AND_ORGANIZATION_ASSIGNMENT ( #2564, #2776, ( #1729 ) ) ;
#2225 = DIRECTION ( 'NONE',  ( 0.0000000000000000000, 1.000000000000000000, -8.673617379884035472E-18 ) ) ;
#2226 = ORIENTED_EDGE ( 'NONE', *, *, #2927, .F. ) ;
#2227 = VERTEX_POINT ( 'NONE', #277 ) ;
#2228 = DIRECTION ( 'NONE',  ( -1.000000000000000000, 0.0000000000000000000, 0.0000000000000000000 ) ) ;
#2229 = CARTESIAN_POINT ( 'NONE',  ( 439.0749999999999318, 0.9999999999999991118, -3.150000000003016609 ) ) ;
#2230 = DIRECTION ( 'NONE',  ( 0.0000000000000000000, 0.0000000000000000000, 1.000000000000000000 ) ) ;
#2231 = EDGE_CURVE ( 'NONE', #1587, #2060, #2174, .T. ) ;
#2232 = CARTESIAN_POINT ( 'NONE',  ( 0.0000000000000000000, 0.0000000000000000000, -3.150000000000502620 ) ) ;
#2233 = AXIS2_PLACEMENT_3D ( 'NONE', #309, #1978, #539 ) ;
#2234 = EDGE_CURVE ( 'NONE', #2848, #981, #1594, .T. ) ;
#2235 = ORIENTED_EDGE ( 'NONE', *, *, #1788, .F. ) ;
#2236 = VERTEX_POINT ( 'NONE', #2438 ) ;
#2237 = EDGE_CURVE ( 'NONE', #2957, #301, #2745, .T. ) ;
#2238 = DIRECTION ( 'NONE',  ( 0.0000000000000000000, 0.0000000000000000000, 1.000000000000000000 ) ) ;
#2239 = EDGE_CURVE ( 'NONE', #2236, #1550, #891, .T. ) ;
#2240 = FACE_OUTER_BOUND ( 'NONE', #1299, .T. ) ;
#2241 = EDGE_CURVE ( 'NONE', #2952, #2251, #1461, .T. ) ;
#2242 = PERSON_AND_ORGANIZATION ( #3110, #387 ) ;
#2243 = CARTESIAN_POINT ( 'NONE',  ( 529.7749999999999773, 0.9999999999999991118, -3.150000000003519318 ) ) ;
#2244 = LINE ( 'NONE', #2397, #323 ) ;
#2245 = DIRECTION ( 'NONE',  ( -4.638298064109111160E-17, 8.673617379884035472E-18, 1.000000000000000000 ) ) ;
#2246 = VERTEX_POINT ( 'NONE', #1278 ) ;
#2247 = CIRCLE ( 'NONE', #1777, 3.150000000000001688 ) ;
#2248 = ORIENTED_EDGE ( 'NONE', *, *, #1744, .T. ) ;
#2249 = ORIENTED_EDGE ( 'NONE', *, *, #2112, .F. ) ;
#2250 = FACE_OUTER_BOUND ( 'NONE', #903, .T. ) ;
#2251 = VERTEX_POINT ( 'NONE', #2255 ) ;
#2252 = CARTESIAN_POINT ( 'NONE',  ( 511.0749999999999318, 0.9999999999999991118, -3.519413189553878220E-12 ) ) ;
#2253 = EDGE_LOOP ( 'NONE', ( #2532, #1877, #88, #966 ) ) ;
#2254 = VECTOR ( 'NONE', #2912, 1000.000000000000000 ) ;
#2255 = CARTESIAN_POINT ( 'NONE',  ( 7.074999999999996625, 0.9999999999999991118, 3.150000000000000799 ) ) ;
#2256 = ORIENTED_EDGE ( 'NONE', *, *, #557, .T. ) ;
#2257 = FACE_BOUND ( 'NONE', #2308, .T. ) ;
#2258 = CARTESIAN_POINT ( 'NONE',  ( 169.7749999999999773, 0.9999999999999991118, 3.149999999998997158 ) ) ;
#2259 = DIRECTION ( 'NONE',  ( 0.0000000000000000000, 0.0000000000000000000, 1.000000000000000000 ) ) ;
#2260 = EDGE_CURVE ( 'NONE', #2270, #2574, #263, .T. ) ;
#2261 = VERTEX_POINT ( 'NONE', #1051 ) ;
#2262 = ORIENTED_EDGE ( 'NONE', *, *, #2676, .T. ) ;
#2263 = CARTESIAN_POINT ( 'NONE',  ( 610.0000000000000000, 0.0000000000000000000, 11.50000000000000000 ) ) ;
#2264 = EDGE_CURVE ( 'NONE', #2261, #1803, #158, .T. ) ;
#2265 = CARTESIAN_POINT ( 'NONE',  ( 511.0749999999999318, -9.000000000000001776, -3.150000000003519318 ) ) ;
#2266 = ORIENTED_EDGE ( 'NONE', *, *, #2618, .T. ) ;
#2267 = APPLICATION_PROTOCOL_DEFINITION ( 'international standard', 'config_control_design', 1994, #2507 ) ;
#2268 = VERTEX_POINT ( 'NONE', #343 ) ;
#2269 = CARTESIAN_POINT ( 'NONE',  ( 565.7749999999998636, -9.000000000000001776, -3.770713109776784477E-12 ) ) ;
#2270 = VERTEX_POINT ( 'NONE', #1768 ) ;
#2271 = ORIENTED_EDGE ( 'NONE', *, *, #1427, .F. ) ;
#2272 = FACE_BOUND ( 'NONE', #1811, .T. ) ;
#2273 = AXIS2_PLACEMENT_3D ( 'NONE', #1823, #397, #2071 ) ;
#2274 = DIRECTION ( 'NONE',  ( 0.0000000000000000000, 0.0000000000000000000, 1.000000000000000000 ) ) ;
#2275 = AXIS2_PLACEMENT_3D ( 'NONE', #2099, #2364, #3103 ) ;
#2276 = CYLINDRICAL_SURFACE ( 'NONE', #243, 3.150000000000000799 ) ;
#2277 = EDGE_LOOP ( 'NONE', ( #1085, #1897, #1053, #1167 ) ) ;
#2278 = AXIS2_PLACEMENT_3D ( 'NONE', #1844, #1376, #3078 ) ;
#2279 = CIRCLE ( 'NONE', #99, 3.150000000000000799 ) ;
#2280 = LINE ( 'NONE', #671, #3089 ) ;
#2281 = PERSON_AND_ORGANIZATION_ROLE ( 'creator' ) ;
#2282 = LINE ( 'NONE', #2050, #363 ) ;
#2283 = FACE_OUTER_BOUND ( 'NONE', #2672, .T. ) ;
#2284 = FACE_OUTER_BOUND ( 'NONE', #2694, .T. ) ;
#2285 = ORIENTED_EDGE ( 'NONE', *, *, #1030, .F. ) ;
#2286 = ORIENTED_EDGE ( 'NONE', *, *, #513, .T. ) ;
#2287 = LINE ( 'NONE', #2911, #374 ) ;
#2288 = ORIENTED_EDGE ( 'NONE', *, *, #714, .F. ) ;
#2289 = CARTESIAN_POINT ( 'NONE',  ( 349.7749999999999204, -9.000000000000001776, -3.150000000002262546 ) ) ;
#2290 = CARTESIAN_POINT ( 'NONE',  ( 331.0749999999999318, -9.000000000000001776, -2.262393171396551473E-12 ) ) ;
#2291 = EDGE_CURVE ( 'NONE', #1104, #2963, #1365, .T. ) ;
#2292 = ORIENTED_EDGE ( 'NONE', *, *, #513, .F. ) ;
#2293 = DIRECTION ( 'NONE',  ( 0.0000000000000000000, -4.336808689942015271E-16, 1.000000000000000000 ) ) ;
#2294 = DIRECTION ( 'NONE',  ( 0.0000000000000000000, 1.000000000000000000, -8.673617379884035472E-18 ) ) ;
#2295 = DIRECTION ( 'NONE',  ( -0.0000000000000000000, 1.000000000000000000, -8.673617379884035472E-18 ) ) ;
#2296 = EDGE_LOOP ( 'NONE', ( #1324, #3022, #1231, #842 ) ) ;
#2297 = ORIENTED_EDGE ( 'NONE', *, *, #9, .T. ) ;
#2298 = DIRECTION ( 'NONE',  ( 0.0000000000000000000, -8.673617379884035472E-18, -1.000000000000000000 ) ) ;
#2299 = FACE_OUTER_BOUND ( 'NONE', #2054, .T. ) ;
#2300 = DIRECTION ( 'NONE',  ( 0.0000000000000000000, 1.000000000000000000, 0.0000000000000000000 ) ) ;
#2301 = CARTESIAN_POINT ( 'NONE',  ( 7.074999999999997513, 0.9999999999999991118, -3.149999999999999911 ) ) ;
#2302 = VERTEX_POINT ( 'NONE', #2500 ) ;
#2303 = AXIS2_PLACEMENT_3D ( 'NONE', #2995, #1542, #85 ) ;
#2304 = LINE ( 'NONE', #2135, #1325 ) ;
#2305 = EDGE_LOOP ( 'NONE', ( #961, #3101, #2867, #382 ) ) ;
#2306 = FACE_OUTER_BOUND ( 'NONE', #538, .T. ) ;
#2307 = DIRECTION ( 'NONE',  ( -1.000000000000000000, 0.0000000000000000000, 0.0000000000000000000 ) ) ;
#2308 = EDGE_LOOP ( 'NONE', ( #139, #2483, #1424, #807 ) ) ;
#2309 = FACE_OUTER_BOUND ( 'NONE', #2465, .T. ) ;
#2310 = DIRECTION ( 'NONE',  ( 0.0000000000000000000, 0.0000000000000000000, 1.000000000000000000 ) ) ;
#2311 = ORIENTED_EDGE ( 'NONE', *, *, #722, .F. ) ;
#2312 = PRODUCT_DEFINITION_SHAPE ( 'NONE', 'NONE',  #935 ) ;
#2313 = VECTOR ( 'NONE', #236, 1000.000000000000000 ) ;
#2314 = DIRECTION ( 'NONE',  ( 1.000000000000000000, 0.0000000000000000000, 4.638298064109111160E-17 ) ) ;
#2315 = EDGE_CURVE ( 'NONE', #119, #42, #1942, .T. ) ;
#2316 = EDGE_LOOP ( 'NONE', ( #1624, #1056, #1021, #1998 ) ) ;
#2317 = FACE_BOUND ( 'NONE', #1999, .T. ) ;
#2318 = CARTESIAN_POINT ( 'NONE',  ( 475.0749999999999886, -9.000000000000001776, -3.267939796983373879E-12 ) ) ;
#2319 = AXIS2_PLACEMENT_3D ( 'NONE', #217, #1891, #463 ) ;
#2320 = EDGE_LOOP ( 'NONE', ( #1395, #1298, #736, #329 ) ) ;
#2321 = DIRECTION ( 'NONE',  ( -0.0000000000000000000, 1.000000000000000000, -8.673617379884035472E-18 ) ) ;
#2322 = AXIS2_PLACEMENT_3D ( 'NONE', #78, #1764, #338 ) ;
#2323 = AXIS2_PLACEMENT_3D ( 'NONE', #1361, #1119, #3066 ) ;
#2324 = ADVANCED_FACE ( 'NONE', ( #2814 ), #2504, .F. ) ;
#2325 = ORIENTED_EDGE ( 'NONE', *, *, #2903, .T. ) ;
#2326 = VERTEX_POINT ( 'NONE', #1781 ) ;
#2327 = DIRECTION ( 'NONE',  ( -4.638298064109111160E-17, 8.673617379884035472E-18, 1.000000000000000000 ) ) ;
#2328 = AXIS2_PLACEMENT_3D ( 'NONE', #1797, #371, #2044 ) ;
#2329 = EDGE_CURVE ( 'NONE', #2049, #981, #2575, .T. ) ;
#2330 = CARTESIAN_POINT ( 'NONE',  ( 610.0000000000000000, 5.500000000000001776, 14.49999999999999822 ) ) ;
#2331 = CARTESIAN_POINT ( 'NONE',  ( 169.7749999999999773, -9.000000000000001776, 3.149999999998997158 ) ) ;
#2332 = DIRECTION ( 'NONE',  ( 0.0000000000000000000, 0.0000000000000000000, 1.000000000000000000 ) ) ;
#2333 = PLANE ( 'NONE',  #1832 ) ;
#2334 = ADVANCED_FACE ( 'NONE', ( #652 ), #352, .F. ) ;
#2335 = VERTEX_POINT ( 'NONE', #93 ) ;
#2336 = DIRECTION ( 'NONE',  ( 0.0000000000000000000, 0.0000000000000000000, 1.000000000000000000 ) ) ;
#2337 = CARTESIAN_POINT ( 'NONE',  ( 25.77499999999999503, -9.000000000000001776, 3.150000000000003020 ) ) ;
#2338 = FACE_OUTER_BOUND ( 'NONE', #2505, .T. ) ;
#2339 = CARTESIAN_POINT ( 'NONE',  ( 79.07499999999998863, 0.0000000000000000000, 3.149999999999498090 ) ) ;
#2340 = ADVANCED_FACE ( 'NONE', ( #3086 ), #2432, .T. ) ;
#2341 = FACE_OUTER_BOUND ( 'NONE', #2626, .T. ) ;
#2342 = DIRECTION ( 'NONE',  ( -0.0000000000000000000, 1.000000000000000000, -8.673617379884035472E-18 ) ) ;
#2343 = CARTESIAN_POINT ( 'NONE',  ( 367.0749999999999886, 0.9999999999999991118, -2.513866563967055814E-12 ) ) ;
#2344 = LINE ( 'NONE', #2552, #2940 ) ;
#2345 = DIRECTION ( 'NONE',  ( 1.000000000000000000, 0.0000000000000000000, 4.638298064109111160E-17 ) ) ;
#2346 = PLANE ( 'NONE',  #1242 ) ;
#2347 = ORIENTED_EDGE ( 'NONE', *, *, #1767, .T. ) ;
#2348 = FACE_OUTER_BOUND ( 'NONE', #3121, .T. ) ;
#2349 = VERTEX_POINT ( 'NONE', #360 ) ;
#2350 = VECTOR ( 'NONE', #2360, 1000.000000000000000 ) ;
#2351 = CARTESIAN_POINT ( 'NONE',  ( 187.0749999999999886, 0.9999999999999991118, 3.149999999998745359 ) ) ;
#2352 = EDGE_CURVE ( 'NONE', #1803, #1377, #82, .T. ) ;
#2353 = CIRCLE ( 'NONE', #2726, 3.150000000000001688 ) ;
#2354 = ADVANCED_FACE ( 'NONE', ( #585 ), #3007, .F. ) ;
#2355 = EDGE_CURVE ( 'NONE', #2817, #2474, #12, .T. ) ;
#2356 = DIRECTION ( 'NONE',  ( 1.000000000000000000, 0.0000000000000000000, 4.638298064109097602E-17 ) ) ;
#2357 = DIRECTION ( 'NONE',  ( 0.0000000000000000000, 0.0000000000000000000, 1.000000000000000000 ) ) ;
#2358 = CARTESIAN_POINT ( 'NONE',  ( 529.7749999999999773, 0.0000000000000000000, 3.149999999996483613 ) ) ;
#2359 = ADVANCED_FACE ( 'NONE', ( #1717 ), #2779, .F. ) ;
#2360 = DIRECTION ( 'NONE',  ( -0.0000000000000000000, 1.000000000000000000, -8.673617379884035472E-18 ) ) ;
#2361 = LINE ( 'NONE', #233, #1723 ) ;
#2362 = DIRECTION ( 'NONE',  ( 0.0000000000000000000, 1.000000000000000000, -8.673617379884035472E-18 ) ) ;
#2363 = ORIENTED_EDGE ( 'NONE', *, *, #3042, .T. ) ;
#2364 = DIRECTION ( 'NONE',  ( 0.0000000000000000000, 1.000000000000000000, -8.673617379884035472E-18 ) ) ;
#2365 = CARTESIAN_POINT ( 'NONE',  ( 25.77499999999999503, 0.0000000000000000000, 3.150000000000003020 ) ) ;
#2366 = CARTESIAN_POINT ( 'NONE',  ( 583.0749999999999318, -9.000000000000001776, 3.149999999995978683 ) ) ;
#2367 = ORIENTED_EDGE ( 'NONE', *, *, #2390, .T. ) ;
#2368 = DIRECTION ( 'NONE',  ( -0.0000000000000000000, 1.000000000000000000, -8.673617379884035472E-18 ) ) ;
#2369 = ADVANCED_FACE ( 'NONE', ( #2348 ), #2944, .F. ) ;
#2370 = PLANE ( 'NONE',  #1786 ) ;
#2371 = AXIS2_PLACEMENT_3D ( 'NONE', #2455, #2711, #297 ) ;
#2372 = CC_DESIGN_PERSON_AND_ORGANIZATION_ASSIGNMENT ( #1934, #1312, ( #1729 ) ) ;
#2373 = ADVANCED_FACE ( 'NONE', ( #1144 ), #1643, .F. ) ;
#2374 = ORIENTED_EDGE ( 'NONE', *, *, #2231, .T. ) ;
#2375 = ORIENTED_EDGE ( 'NONE', *, *, #1767, .F. ) ;
#2376 = CARTESIAN_POINT ( 'NONE',  ( 169.7749999999999773, -9.000000000000001776, -3.150000000001005773 ) ) ;
#2377 = CARTESIAN_POINT ( 'NONE',  ( 97.77499999999999147, -9.000000000000001776, 3.149999999999500311 ) ) ;
#2378 = CARTESIAN_POINT ( 'NONE',  ( 610.0000000000000000, 7.500000000000000000, 17.50000000000000000 ) ) ;
#2379 = CARTESIAN_POINT ( 'NONE',  ( 0.0000000000000000000, 2.000000000000000000, -13.49999999999999822 ) ) ;
#2380 = DIRECTION ( 'NONE',  ( -0.0000000000000000000, 1.000000000000000000, -8.673617379884035472E-18 ) ) ;
#2381 = DIRECTION ( 'NONE',  ( -0.0000000000000000000, 1.000000000000000000, -8.673617379884035472E-18 ) ) ;
#2382 = FACE_OUTER_BOUND ( 'NONE', #1509, .T. ) ;
#2383 = DIRECTION ( 'NONE',  ( 0.0000000000000000000, 0.0000000000000000000, 1.000000000000000000 ) ) ;
#2384 = EDGE_CURVE ( 'NONE', #437, #2641, #439, .T. ) ;
#2385 = EDGE_LOOP ( 'NONE', ( #576, #1390, #2962, #614 ) ) ;
#2386 = DIRECTION ( 'NONE',  ( 0.0000000000000000000, -1.000000000000000000, 0.0000000000000000000 ) ) ;
#2387 = AXIS2_PLACEMENT_3D ( 'NONE', #1989, #548, #2238 ) ;
#2388 = EDGE_CURVE ( 'NONE', #1094, #2060, #2282, .T. ) ;
#2389 = AXIS2_PLACEMENT_3D ( 'NONE', #1649, #1670, #686 ) ;
#2390 = EDGE_CURVE ( 'NONE', #1960, #1961, #1006, .T. ) ;
#2391 = ORIENTED_EDGE ( 'NONE', *, *, #2112, .T. ) ;
#2392 = LINE ( 'NONE', #1239, #1747 ) ;
#2393 = CARTESIAN_POINT ( 'NONE',  ( 493.7749999999999773, 0.9999999999999988898, -3.150000000003268408 ) ) ;
#2394 = ORIENTED_EDGE ( 'NONE', *, *, #244, .F. ) ;
#2395 = EDGE_CURVE ( 'NONE', #776, #65, #521, .T. ) ;
#2396 = FACE_OUTER_BOUND ( 'NONE', #1210, .T. ) ;
#2397 = CARTESIAN_POINT ( 'NONE',  ( 0.0000000000000000000, 6.500000000000002665, 13.50000000000000000 ) ) ;
#2398 = EDGE_CURVE ( 'NONE', #2236, #2227, #2857, .T. ) ;
#2399 = PLANE ( 'NONE',  #1082 ) ;
#2400 = EDGE_LOOP ( 'NONE', ( #490, #505, #1652, #973 ) ) ;
#2401 = LINE ( 'NONE', #1882, #1752 ) ;
#2402 = ORIENTED_EDGE ( 'NONE', *, *, #2422, .F. ) ;
#2403 = ORIENTED_EDGE ( 'NONE', *, *, #1584, .T. ) ;
#2404 = VECTOR ( 'NONE', #466, 1000.000000000000000 ) ;
#2405 = ORIENTED_EDGE ( 'NONE', *, *, #851, .T. ) ;
#2406 = DIRECTION ( 'NONE',  ( -0.0000000000000000000, 1.000000000000000000, -8.673617379884035472E-18 ) ) ;
#2407 = CARTESIAN_POINT ( 'NONE',  ( 0.0000000000000000000, 5.500000000000000000, -14.50000000000000178 ) ) ;
#2408 = FACE_BOUND ( 'NONE', #2571, .T. ) ;
#2409 = CARTESIAN_POINT ( 'NONE',  ( 223.0749999999999602, -9.000000000000001776, -1.508233202206434769E-12 ) ) ;
#2410 = ORIENTED_EDGE ( 'NONE', *, *, #753, .F. ) ;
#2411 = EDGE_LOOP ( 'NONE', ( #990, #2916, #1666, #760 ) ) ;
#2412 = CARTESIAN_POINT ( 'NONE',  ( 511.0749999999999318, 0.9999999999999991118, 3.149999999996481392 ) ) ;
#2413 = DIRECTION ( 'NONE',  ( 1.000000000000000000, 0.0000000000000000000, 4.638298064109097602E-17 ) ) ;
#2414 = CARTESIAN_POINT ( 'NONE',  ( 133.7749999999999773, 0.0000000000000000000, 3.149999999999248956 ) ) ;
#2415 = ORIENTED_EDGE ( 'NONE', *, *, #2260, .T. ) ;
#2416 = EDGE_CURVE ( 'NONE', #206, #354, #1562, .T. ) ;
#2417 = EDGE_CURVE ( 'NONE', #1751, #2268, #2876, .T. ) ;
#2418 = ORIENTED_EDGE ( 'NONE', *, *, #63, .F. ) ;
#2419 = ORIENTED_EDGE ( 'NONE', *, *, #348, .F. ) ;
#2420 = CYLINDRICAL_SURFACE ( 'NONE', #2764, 3.150000000000000799 ) ;
#2421 = LOCAL_TIME ( 9, 23, 9.000000000000000000, #3071 ) ;
#2422 = EDGE_CURVE ( 'NONE', #405, #1965, #308, .T. ) ;
#2423 = CARTESIAN_POINT ( 'NONE',  ( 610.0000000000000000, 1.999999999999998668, -12.50000000000000000 ) ) ;
#2424 = DIRECTION ( 'NONE',  ( 1.000000000000000000, -0.0000000000000000000, -0.0000000000000000000 ) ) ;
#2425 = VECTOR ( 'NONE', #877, 1000.000000000000000 ) ;
#2426 = CARTESIAN_POINT ( 'NONE',  ( 565.7749999999998636, 0.9999999999999991118, 3.149999999996232258 ) ) ;
#2427 = ORIENTED_EDGE ( 'NONE', *, *, #116, .F. ) ;
#2428 = DIRECTION ( 'NONE',  ( -1.000000000000000000, 0.0000000000000000000, 0.0000000000000000000 ) ) ;
#2429 = VECTOR ( 'NONE', #1838, 1000.000000000000000 ) ;
#2430 = ORIENTED_EDGE ( 'NONE', *, *, #2551, .F. ) ;
#2431 = AXIS2_PLACEMENT_3D ( 'NONE', #1297, #831, #3001 ) ;
#2432 = CYLINDRICAL_SURFACE ( 'NONE', #2936, 2.000000000000000000 ) ;
#2433 = VERTEX_POINT ( 'NONE', #2804 ) ;
#2434 = LINE ( 'NONE', #674, #2350 ) ;
#2435 = VECTOR ( 'NONE', #2608, 1000.000000000000000 ) ;
#2436 = AXIS2_PLACEMENT_3D ( 'NONE', #456, #195, #1170 ) ;
#2437 = DIRECTION ( 'NONE',  ( -1.000000000000000000, 0.0000000000000000000, 1.251275949884910007E-16 ) ) ;
#2438 = CARTESIAN_POINT ( 'NONE',  ( 331.0749999999999318, 0.0000000000000000000, -3.150000000002262546 ) ) ;
#2439 = VECTOR ( 'NONE', #791, 1000.000000000000000 ) ;
#2440 = CARTESIAN_POINT ( 'NONE',  ( 0.0000000000000000000, 7.500000000000000000, 0.0000000000000000000 ) ) ;
#2441 = CARTESIAN_POINT ( 'NONE',  ( 529.7749999999999773, -9.000000000000001776, -3.150000000003519318 ) ) ;
#2442 = CARTESIAN_POINT ( 'NONE',  ( 601.7749999999999773, -9.000000000000001776, -4.022099766173489977E-12 ) ) ;
#2443 = LINE ( 'NONE', #465, #1792 ) ;
#2444 = ORIENTED_EDGE ( 'NONE', *, *, #1865, .T. ) ;
#2445 = CARTESIAN_POINT ( 'NONE',  ( 610.0000000000000000, 6.500000000000000888, 17.50000000000000000 ) ) ;
#2446 = CARTESIAN_POINT ( 'NONE',  ( 547.0749999999998181, 0.9999999999999991118, 3.149999999996231370 ) ) ;
#2447 = EDGE_LOOP ( 'NONE', ( #1724, #2218, #889, #751 ) ) ;
#2448 = CARTESIAN_POINT ( 'NONE',  ( 583.0749999999999318, 0.0000000000000000000, -3.150000000004022471 ) ) ;
#2449 = VERTEX_POINT ( 'NONE', #137 ) ;
#2450 = CARTESIAN_POINT ( 'NONE',  ( 313.7749999999999773, -9.000000000000001776, -2.011006514999845972E-12 ) ) ;
#2451 = AXIS2_PLACEMENT_3D ( 'NONE', #920, #2603, #1151 ) ;
#2452 = EDGE_CURVE ( 'NONE', #894, #206, #947, .T. ) ;
#2453 = DIRECTION ( 'NONE',  ( -0.0000000000000000000, 1.000000000000000000, -8.673617379884035472E-18 ) ) ;
#2454 = EDGE_CURVE ( 'NONE', #409, #520, #2151, .T. ) ;
#2455 = CARTESIAN_POINT ( 'NONE',  ( 403.0749999999999886, -9.000000000000001776, -2.765166484189962878E-12 ) ) ;
#2456 = ORIENTED_EDGE ( 'NONE', *, *, #303, .T. ) ;
#2457 = ORIENTED_EDGE ( 'NONE', *, *, #3119, .F. ) ;
#2458 = DIRECTION ( 'NONE',  ( 0.0000000000000000000, 0.0000000000000000000, 1.000000000000000000 ) ) ;
#2459 = EDGE_CURVE ( 'NONE', #1100, #1899, #1574, .T. ) ;
#2460 = VECTOR ( 'NONE', #3084, 1000.000000000000000 ) ;
#2461 = ORIENTED_EDGE ( 'NONE', *, *, #2955, .T. ) ;
#2462 = CIRCLE ( 'NONE', #2176, 3.150000000000000799 ) ;
#2463 = ORIENTED_EDGE ( 'NONE', *, *, #2986, .F. ) ;
#2464 = CIRCLE ( 'NONE', #1183, 3.150000000000000799 ) ;
#2465 = EDGE_LOOP ( 'NONE', ( #2514, #941, #962, #358 ) ) ;
#2466 = CARTESIAN_POINT ( 'NONE',  ( 457.7749999999999204, 0.9999999999999991118, 3.149999999996986322 ) ) ;
#2467 = EDGE_LOOP ( 'NONE', ( #1015, #2993, #2977, #1530 ) ) ;
#2468 = VECTOR ( 'NONE', #2381, 1000.000000000000000 ) ;
#2469 = ORIENTED_EDGE ( 'NONE', *, *, #2631, .F. ) ;
#2470 = VECTOR ( 'NONE', #3106, 1000.000000000000000 ) ;
#2471 = ORIENTED_EDGE ( 'NONE', *, *, #948, .T. ) ;
#2472 = EDGE_LOOP ( 'NONE', ( #2511, #2547, #558, #1716 ) ) ;
#2473 = DIRECTION ( 'NONE',  ( 0.0000000000000000000, 0.0000000000000000000, 1.000000000000000000 ) ) ;
#2474 = VERTEX_POINT ( 'NONE', #2811 ) ;
#2475 = CARTESIAN_POINT ( 'NONE',  ( 97.77499999999999147, 0.9999999999999991118, -3.150000000000502620 ) ) ;
#2476 = LINE ( 'NONE', #1981, #559 ) ;
#2477 = VERTEX_POINT ( 'NONE', #2557 ) ;
#2478 =( GEOMETRIC_REPRESENTATION_CONTEXT ( 3 ) GLOBAL_UNCERTAINTY_ASSIGNED_CONTEXT ( ( #755 ) ) GLOBAL_UNIT_ASSIGNED_CONTEXT ( ( #1772, #347, #2023 ) ) REPRESENTATION_CONTEXT ( 'NONE', 'WORKASPACE' ) );
#2479 = FACE_OUTER_BOUND ( 'NONE', #499, .T. ) ;
#2480 = DIRECTION ( 'NONE',  ( -1.000000000000000000, 0.0000000000000000000, 0.0000000000000000000 ) ) ;
#2481 = ORIENTED_EDGE ( 'NONE', *, *, #1431, .T. ) ;
#2482 = EDGE_LOOP ( 'NONE', ( #1975, #867, #53, #1346 ) ) ;
#2483 = ORIENTED_EDGE ( 'NONE', *, *, #2059, .F. ) ;
#2484 = DIRECTION ( 'NONE',  ( -4.638298064109111160E-17, 8.673617379884035472E-18, 1.000000000000000000 ) ) ;
#2485 = EDGE_CURVE ( 'NONE', #1272, #2215, #2721, .T. ) ;
#2486 = DIRECTION ( 'NONE',  ( 0.0000000000000000000, 0.0000000000000000000, 1.000000000000000000 ) ) ;
#2487 = AXIS2_PLACEMENT_3D ( 'NONE', #2132, #939, #2624 ) ;
#2488 = VERTEX_POINT ( 'NONE', #898 ) ;
#2489 = ORIENTED_EDGE ( 'NONE', *, *, #66, .F. ) ;
#2490 = AXIS2_PLACEMENT_3D ( 'NONE', #2498, #1055, #2757 ) ;
#2491 = AXIS2_PLACEMENT_3D ( 'NONE', #2077, #1833, #148 ) ;
#2492 = LINE ( 'NONE', #138, #1 ) ;
#2493 = AXIS2_PLACEMENT_3D ( 'NONE', #1821, #396, #2070 ) ;
#2494 = DIRECTION ( 'NONE',  ( 0.0000000000000000000, 1.000000000000000000, -8.673617379884035472E-18 ) ) ;
#2495 = EDGE_CURVE ( 'NONE', #405, #1326, #1437, .T. ) ;
#2496 = CALENDAR_DATE ( 2020, 20, 3 ) ;
#2497 = VECTOR ( 'NONE', #2307, 1000.000000000000000 ) ;
#2498 = CARTESIAN_POINT ( 'NONE',  ( 259.0749999999999886, 0.0000000000000000000, -1.759697921159559226E-12 ) ) ;
#2499 = CARTESIAN_POINT ( 'NONE',  ( 0.0000000000000000000, 2.000000000000001776, 13.50000000000000000 ) ) ;
#2500 = CARTESIAN_POINT ( 'NONE',  ( 277.7749999999999773, 0.0000000000000000000, 3.149999999998243094 ) ) ;
#2501 = LINE ( 'NONE', #1632, #1938 ) ;
#2502 = CARTESIAN_POINT ( 'NONE',  ( 115.0749999999999886, 0.9999999999999991118, -3.150000000000753975 ) ) ;
#2503 = ORIENTED_EDGE ( 'NONE', *, *, #1088, .T. ) ;
#2504 = CYLINDRICAL_SURFACE ( 'NONE', #2431, 3.150000000000000799 ) ;
#2505 = EDGE_LOOP ( 'NONE', ( #2744, #942, #449, #2913 ) ) ;
#2506 = LINE ( 'NONE', #1425, #1854 ) ;
#2507 = APPLICATION_CONTEXT ( 'configuration controlled 3d designs of mechanical parts and assemblies' ) ;
#2508 = LINE ( 'NONE', #3107, #1855 ) ;
#2509 = ORIENTED_EDGE ( 'NONE', *, *, #2093, .F. ) ;
#2510 = VECTOR ( 'NONE', #2228, 1000.000000000000000 ) ;
#2511 = ORIENTED_EDGE ( 'NONE', *, *, #948, .F. ) ;
#2512 = DIRECTION ( 'NONE',  ( 0.0000000000000000000, -8.673617379884035472E-18, -1.000000000000000000 ) ) ;
#2513 = CIRCLE ( 'NONE', #2946, 3.150000000000000799 ) ;
#2514 = ORIENTED_EDGE ( 'NONE', *, *, #2187, .F. ) ;
#2515 = EDGE_CURVE ( 'NONE', #264, #81, #2055, .T. ) ;
#2516 = ORIENTED_EDGE ( 'NONE', *, *, #682, .F. ) ;
#2517 = EDGE_CURVE ( 'NONE', #264, #1370, #131, .T. ) ;
#2518 = APPROVAL_STATUS ( 'not_yet_approved' ) ;
#2519 = PLANE ( 'NONE',  #992 ) ;
#2520 = ORIENTED_EDGE ( 'NONE', *, *, #2727, .F. ) ;
#2521 = DIRECTION ( 'NONE',  ( 0.0000000000000000000, 0.0000000000000000000, 1.000000000000000000 ) ) ;
#2522 = ORIENTED_EDGE ( 'NONE', *, *, #983, .T. ) ;
#2523 = EDGE_LOOP ( 'NONE', ( #2080, #304, #2288, #1603 ) ) ;
#2524 = CARTESIAN_POINT ( 'NONE',  ( 7.074999999999997513, -9.000000000000001776, -3.149999999999999911 ) ) ;
#2525 = DIRECTION ( 'NONE',  ( 0.0000000000000000000, 0.0000000000000000000, 1.000000000000000000 ) ) ;
#2526 = CIRCLE ( 'NONE', #2322, 2.000000000000001776 ) ;
#2527 = EDGE_LOOP ( 'NONE', ( #266, #832, #1001, #1407 ) ) ;
#2528 = AXIS2_PLACEMENT_3D ( 'NONE', #44, #311, #1502 ) ;
#2529 = EDGE_LOOP ( 'NONE', ( #3003, #1189, #1869, #3067 ) ) ;
#2530 = SECURITY_CLASSIFICATION ( '', '', #3016 ) ;
#2531 = DIRECTION ( 'NONE',  ( 0.0000000000000000000, 0.0000000000000000000, 1.000000000000000000 ) ) ;
#2532 = ORIENTED_EDGE ( 'NONE', *, *, #726, .T. ) ;
#2533 = LINE ( 'NONE', #977, #547 ) ;
#2534 = DIRECTION ( 'NONE',  ( -1.000000000000000000, 0.0000000000000000000, 0.0000000000000000000 ) ) ;
#2535 = DIRECTION ( 'NONE',  ( -0.0000000000000000000, 1.000000000000000000, -8.673617379884035472E-18 ) ) ;
#2536 = ORIENTED_EDGE ( 'NONE', *, *, #3047, .T. ) ;
#2537 = CIRCLE ( 'NONE', #1828, 3.150000000000000799 ) ;
#2538 = EDGE_CURVE ( 'NONE', #2716, #555, #2646, .T. ) ;
#2539 = ORIENTED_EDGE ( 'NONE', *, *, #815, .F. ) ;
#2540 = ORIENTED_EDGE ( 'NONE', *, *, #640, .F. ) ;
#2541 = EDGE_CURVE ( 'NONE', #2067, #2261, #1988, .T. ) ;
#2542 = DIRECTION ( 'NONE',  ( -0.0000000000000000000, 1.000000000000000000, -8.673617379884035472E-18 ) ) ;
#2543 = ORIENTED_EDGE ( 'NONE', *, *, #1579, .T. ) ;
#2544 = AXIS2_PLACEMENT_3D ( 'NONE', #1909, #464, #476 ) ;
#2545 = FACE_OUTER_BOUND ( 'NONE', #2988, .T. ) ;
#2546 = EDGE_CURVE ( 'NONE', #1960, #357, #711, .T. ) ;
#2547 = ORIENTED_EDGE ( 'NONE', *, *, #2237, .F. ) ;
#2548 = DIRECTION ( 'NONE',  ( -1.000000000000000000, 0.0000000000000000000, 0.0000000000000000000 ) ) ;
#2549 = VECTOR ( 'NONE', #1627, 1000.000000000000000 ) ;
#2550 = EDGE_CURVE ( 'NONE', #3057, #291, #864, .T. ) ;
#2551 = EDGE_CURVE ( 'NONE', #2433, #2188, #59, .T. ) ;
#2552 = CARTESIAN_POINT ( 'NONE',  ( 151.0749999999999886, -9.000000000000001776, -3.150000000001005773 ) ) ;
#2553 = EDGE_LOOP ( 'NONE', ( #1615, #1769, #2509, #537 ) ) ;
#2554 = ORIENTED_EDGE ( 'NONE', *, *, #2996, .T. ) ;
#2555 = CARTESIAN_POINT ( 'NONE',  ( 601.7749999999999773, -9.000000000000001776, 3.149999999995980460 ) ) ;
#2556 = DIRECTION ( 'NONE',  ( 0.0000000000000000000, 4.336808689942015764E-16, -1.000000000000000000 ) ) ;
#2557 = CARTESIAN_POINT ( 'NONE',  ( 529.7749999999999773, 0.9999999999999991118, 3.149999999996483613 ) ) ;
#2558 = CARTESIAN_POINT ( 'NONE',  ( 403.0749999999999886, 0.9999999999999991118, -3.150000000002765255 ) ) ;
#2559 = VERTEX_POINT ( 'NONE', #192 ) ;
#2560 = EDGE_LOOP ( 'NONE', ( #2100, #1397, #100, #1024 ) ) ;
#2561 = DIRECTION ( 'NONE',  ( -4.638298064109111160E-17, 8.673617379884035472E-18, 1.000000000000000000 ) ) ;
#2562 = ADVANCED_FACE ( 'NONE', ( #2479 ), #1200, .F. ) ;
#2563 = LINE ( 'NONE', #1810, #728 ) ;
#2564 = PERSON_AND_ORGANIZATION ( #3110, #387 ) ;
#2565 = VECTOR ( 'NONE', #1817, 1000.000000000000000 ) ;
#2566 = CARTESIAN_POINT ( 'NONE',  ( 187.0749999999999886, -9.000000000000001776, -3.150000000001256684 ) ) ;
#2567 = DIRECTION ( 'NONE',  ( -0.0000000000000000000, 1.000000000000000000, -8.673617379884035472E-18 ) ) ;
#2568 = CARTESIAN_POINT ( 'NONE',  ( 43.07499999999999574, 0.0000000000000000000, -2.513779827793256671E-13 ) ) ;
#2569 = EDGE_CURVE ( 'NONE', #468, #1528, #3152, .T. ) ;
#2570 = LINE ( 'NONE', #1354, #10 ) ;
#2571 = EDGE_LOOP ( 'NONE', ( #868, #1209, #349, #622 ) ) ;
#2572 = ADVANCED_FACE ( 'NONE', ( #3052, #1273, #1822, #562, #2408, #1757, #1110, #495, #2983, #2317, #1697, #1049, #411, #2919, #2257, #1609, #987, #337 ), #1406, .F. ) ;
#2573 = EDGE_CURVE ( 'NONE', #568, #2227, #905, .T. ) ;
#2574 = VERTEX_POINT ( 'NONE', #1880 ) ;
#2575 = LINE ( 'NONE', #1546, #1852 ) ;
#2576 = ORIENTED_EDGE ( 'NONE', *, *, #1715, .T. ) ;
#2577 = DIRECTION ( 'NONE',  ( 1.000000000000000000, -0.0000000000000000000, -0.0000000000000000000 ) ) ;
#2578 = LINE ( 'NONE', #1186, #1294 ) ;
#2579 = FACE_OUTER_BOUND ( 'NONE', #1345, .T. ) ;
#2580 = EDGE_CURVE ( 'NONE', #3144, #2488, #1541, .T. ) ;
#2581 = ORIENTED_EDGE ( 'NONE', *, *, #3156, .F. ) ;
#2582 = ORIENTED_EDGE ( 'NONE', *, *, #1035, .T. ) ;
#2583 = VECTOR ( 'NONE', #2205, 1000.000000000000000 ) ;
#2584 = ADVANCED_FACE ( 'NONE', ( #2756 ), #2370, .F. ) ;
#2585 = CARTESIAN_POINT ( 'NONE',  ( 385.7749999999999773, -9.000000000000001776, -3.150000000002513900 ) ) ;
#2586 = CARTESIAN_POINT ( 'NONE',  ( 133.7749999999999773, 0.0000000000000000000, -7.541512955727369207E-13 ) ) ;
#2587 = DIRECTION ( 'NONE',  ( -0.0000000000000000000, 1.000000000000000000, -8.673617379884035472E-18 ) ) ;
#2588 = ORIENTED_EDGE ( 'NONE', *, *, #2786, .F. ) ;
#2589 = DIRECTION ( 'NONE',  ( 0.0000000000000000000, -1.000000000000000000, 2.668805347656626185E-16 ) ) ;
#2590 = VECTOR ( 'NONE', #2942, 1000.000000000000000 ) ;
#2591 = DIRECTION ( 'NONE',  ( 1.000000000000000000, 0.0000000000000000000, 4.638298064109111160E-17 ) ) ;
#2592 = ORIENTED_EDGE ( 'NONE', *, *, #1825, .F. ) ;
#2593 = CIRCLE ( 'NONE', #290, 3.150000000000001688 ) ;
#2594 = AXIS2_PLACEMENT_3D ( 'NONE', #839, #2512, #1065 ) ;
#2595 = VERTEX_POINT ( 'NONE', #2092 ) ;
#2596 = DIRECTION ( 'NONE',  ( 0.0000000000000000000, 0.0000000000000000000, 1.000000000000000000 ) ) ;
#2597 = AXIS2_PLACEMENT_3D ( 'NONE', #2568, #3116, #2605 ) ;
#2598 = CARTESIAN_POINT ( 'NONE',  ( 0.0000000000000000000, 5.500000000000000888, -12.50000000000000178 ) ) ;
#2599 = ORIENTED_EDGE ( 'NONE', *, *, #1438, .F. ) ;
#2600 = ADVANCED_FACE ( 'NONE', ( #1472 ), #178, .F. ) ;
#2601 = CARTESIAN_POINT ( 'NONE',  ( -1.461063890193197075E-16, 0.0000000000000000000, 3.149999999997471267 ) ) ;
#2602 = DIRECTION ( 'NONE',  ( 0.0000000000000000000, 0.0000000000000000000, 1.000000000000000000 ) ) ;
#2603 = DIRECTION ( 'NONE',  ( 0.0000000000000000000, 1.000000000000000000, -0.0000000000000000000 ) ) ;
#2604 = AXIS2_PLACEMENT_3D ( 'NONE', #2104, #429, #663 ) ;
#2605 = DIRECTION ( 'NONE',  ( 0.0000000000000000000, 0.0000000000000000000, 1.000000000000000000 ) ) ;
#2606 = ORIENTED_EDGE ( 'NONE', *, *, #312, .T. ) ;
#2607 = ADVANCED_FACE ( 'NONE', ( #272 ), #1129, .T. ) ;
#2608 = DIRECTION ( 'NONE',  ( -0.0000000000000000000, 1.000000000000000000, -8.673617379884035472E-18 ) ) ;
#2609 = DIRECTION ( 'NONE',  ( -0.0000000000000000000, 1.000000000000000000, -8.673617379884035472E-18 ) ) ;
#2610 = ORIENTED_EDGE ( 'NONE', *, *, #1264, .F. ) ;
#2611 = CARTESIAN_POINT ( 'NONE',  ( 511.0749999999999318, 0.0000000000000000000, -3.150000000003519318 ) ) ;
#2612 = ORIENTED_EDGE ( 'NONE', *, *, #753, .T. ) ;
#2613 = ORIENTED_EDGE ( 'NONE', *, *, #348, .T. ) ;
#2614 = DIRECTION ( 'NONE',  ( 1.000000000000000000, -0.0000000000000000000, 0.0000000000000000000 ) ) ;
#2615 = LINE ( 'NONE', #2123, #38 ) ;
#2616 = DIRECTION ( 'NONE',  ( -1.000000000000000000, 0.0000000000000000000, 0.0000000000000000000 ) ) ;
#2617 = AXIS2_PLACEMENT_3D ( 'NONE', #1641, #193, #1872 ) ;
#2618 = EDGE_CURVE ( 'NONE', #2880, #2326, #833, .T. ) ;
#2619 = VECTOR ( 'NONE', #1027, 1000.000000000000000 ) ;
#2620 = ADVANCED_FACE ( 'NONE', ( #1380 ), #95, .F. ) ;
#2621 = LINE ( 'NONE', #2974, #775 ) ;
#2622 = EDGE_CURVE ( 'NONE', #3008, #2449, #2827, .T. ) ;
#2623 = PLANE ( 'NONE',  #1739 ) ;
#2624 = DIRECTION ( 'NONE',  ( 1.000000000000000000, 0.0000000000000000000, 4.638298064109111160E-17 ) ) ;
#2625 = PLANE ( 'NONE',  #2544 ) ;
#2626 = EDGE_LOOP ( 'NONE', ( #1907, #1310, #1967, #1796 ) ) ;
#2627 = DIRECTION ( 'NONE',  ( 0.0000000000000000000, 1.000000000000000000, -8.673617379884035472E-18 ) ) ;
#2628 = EDGE_CURVE ( 'NONE', #1912, #1122, #754, .T. ) ;
#2629 = ADVANCED_FACE ( 'NONE', ( #666 ), #915, .F. ) ;
#2630 = DIRECTION ( 'NONE',  ( 1.000000000000000000, 0.0000000000000000000, 4.638298064109111160E-17 ) ) ;
#2631 = EDGE_CURVE ( 'NONE', #790, #873, #2027, .T. ) ;
#2632 = LINE ( 'NONE', #2933, #1977 ) ;
#2633 = CARTESIAN_POINT ( 'NONE',  ( 115.0749999999999886, -9.000000000000001776, 3.149999999999248068 ) ) ;
#2634 = ORIENTED_EDGE ( 'NONE', *, *, #835, .T. ) ;
#2635 = DIRECTION ( 'NONE',  ( -0.0000000000000000000, 1.000000000000000000, -8.673617379884035472E-18 ) ) ;
#2636 = VECTOR ( 'NONE', #3077, 1000.000000000000000 ) ;
#2637 = ORIENTED_EDGE ( 'NONE', *, *, #2541, .F. ) ;
#2638 = CARTESIAN_POINT ( 'NONE',  ( 610.0000000000000000, 7.500000000000000000, -14.49999999999999822 ) ) ;
#2639 = DIRECTION ( 'NONE',  ( 0.0000000000000000000, 1.000000000000000000, -8.673617379884035472E-18 ) ) ;
#2640 = VERTEX_POINT ( 'NONE', #672 ) ;
#2641 = VERTEX_POINT ( 'NONE', #2358 ) ;
#2642 = CARTESIAN_POINT ( 'NONE',  ( 349.7749999999999204, 0.0000000000000000000, -3.150000000002262546 ) ) ;
#2643 = VECTOR ( 'NONE', #2207, 1000.000000000000000 ) ;
#2644 = DIRECTION ( 'NONE',  ( 0.0000000000000000000, 1.000000000000000000, -8.673617379884035472E-18 ) ) ;
#2645 = VERTEX_POINT ( 'NONE', #1650 ) ;
#2646 = LINE ( 'NONE', #419, #1336 ) ;
#2647 = CARTESIAN_POINT ( 'NONE',  ( 25.77499999999999147, 0.9999999999999988898, -3.149999999999999911 ) ) ;
#2648 = CARTESIAN_POINT ( 'NONE',  ( 97.77500000000000568, 0.0000000000000000000, -5.027646391760313191E-13 ) ) ;
#2649 = EDGE_LOOP ( 'NONE', ( #766, #28, #1582, #2444 ) ) ;
#2650 = ORIENTED_EDGE ( 'NONE', *, *, #2889, .T. ) ;
#2651 = DIRECTION ( 'NONE',  ( 0.0000000000000000000, 1.000000000000000000, -8.673617379884035472E-18 ) ) ;
#2652 = PLANE ( 'NONE',  #1901 ) ;
#2653 = VERTEX_POINT ( 'NONE', #929 ) ;
#2654 = VERTEX_POINT ( 'NONE', #1156 ) ;
#2655 = CARTESIAN_POINT ( 'NONE',  ( 610.0000000000000000, 0.9999999999999991118, 11.50000000000000000 ) ) ;
#2656 = DIRECTION ( 'NONE',  ( 0.0000000000000000000, 0.0000000000000000000, 1.000000000000000000 ) ) ;
#2657 = CARTESIAN_POINT ( 'NONE',  ( 385.7749999999999773, 0.9999999999999991118, 3.149999999997489031 ) ) ;
#2658 = CARTESIAN_POINT ( 'NONE',  ( 475.0749999999999886, 0.0000000000000000000, 3.149999999996732747 ) ) ;
#2659 = CIRCLE ( 'NONE', #1951, 3.150000000000001688 ) ;
#2660 = ORIENTED_EDGE ( 'NONE', *, *, #2315, .F. ) ;
#2661 = DIRECTION ( 'NONE',  ( 0.0000000000000000000, 0.0000000000000000000, 1.000000000000000000 ) ) ;
#2662 = COORDINATED_UNIVERSAL_TIME_OFFSET ( 8, 0, .AHEAD. ) ;
#2663 = EDGE_CURVE ( 'NONE', #1320, #2251, #2513, .T. ) ;
#2664 = LINE ( 'NONE', #3153, #1357 ) ;
#2665 = AXIS2_PLACEMENT_3D ( 'NONE', #1544, #92, #2806 ) ;
#2666 = AXIS2_PLACEMENT_3D ( 'NONE', #1195, #2902, #1002 ) ;
#2667 = DIRECTION ( 'NONE',  ( -0.0000000000000000000, 1.000000000000000000, -8.673617379884035472E-18 ) ) ;
#2668 = VECTOR ( 'NONE', #2591, 1000.000000000000000 ) ;
#2669 = CARTESIAN_POINT ( 'NONE',  ( 0.0000000000000000000, 7.500000000000000000, 14.49999999999999822 ) ) ;
#2670 = ORIENTED_EDGE ( 'NONE', *, *, #583, .T. ) ;
#2671 = VECTOR ( 'NONE', #2992, 1000.000000000000000 ) ;
#2672 = EDGE_LOOP ( 'NONE', ( #2612, #1276, #3033, #35 ) ) ;
#2673 = DIRECTION ( 'NONE',  ( 0.0000000000000000000, 1.000000000000000000, -8.673617379884035472E-18 ) ) ;
#2674 = AXIS2_PLACEMENT_3D ( 'NONE', #2290, #854, #601 ) ;
#2675 = LINE ( 'NONE', #3133, #84 ) ;
#2676 = EDGE_CURVE ( 'NONE', #291, #261, #1307, .T. ) ;
#2677 = VECTOR ( 'NONE', #2859, 1000.000000000000000 ) ;
#2678 = ORIENTED_EDGE ( 'NONE', *, *, #717, .T. ) ;
#2679 = VECTOR ( 'NONE', #2437, 1000.000000000000000 ) ;
#2680 = ORIENTED_EDGE ( 'NONE', *, *, #1091, .T. ) ;
#2681 = LINE ( 'NONE', #1956, #829 ) ;
#2682 = ORIENTED_EDGE ( 'NONE', *, *, #2889, .F. ) ;
#2683 = CARTESIAN_POINT ( 'NONE',  ( 349.7749999999999204, -9.000000000000001776, -3.150000000002262546 ) ) ;
#2684 = CARTESIAN_POINT ( 'NONE',  ( 331.0749999999999318, 0.9999999999999991118, 3.149999999997739497 ) ) ;
#2685 = CARTESIAN_POINT ( 'NONE',  ( 133.7749999999999773, -9.000000000000001776, -7.540732330163178634E-13 ) ) ;
#2686 = CARTESIAN_POINT ( 'NONE',  ( 610.0000000000000000, 6.500000000000002665, -17.50000000000000000 ) ) ;
#2687 = VECTOR ( 'NONE', #1389, 1000.000000000000000 ) ;
#2688 = CARTESIAN_POINT ( 'NONE',  ( 151.0749999999999886, 0.9999999999999991118, 3.149999999998995381 ) ) ;
#2689 = VERTEX_POINT ( 'NONE', #1419 ) ;
#2690 = DIRECTION ( 'NONE',  ( 0.0000000000000000000, 1.000000000000000000, -8.673617379884035472E-18 ) ) ;
#2691 = CARTESIAN_POINT ( 'NONE',  ( 259.0749999999999886, 0.9999999999999991118, 3.149999999998242206 ) ) ;
#2692 = DIRECTION ( 'NONE',  ( 1.000000000000000000, 0.0000000000000000000, 0.0000000000000000000 ) ) ;
#2693 = EDGE_CURVE ( 'NONE', #1813, #2695, #594, .T. ) ;
#2694 = EDGE_LOOP ( 'NONE', ( #2153, #1761, #1250, #2015 ) ) ;
#2695 = VERTEX_POINT ( 'NONE', #1662 ) ;
#2696 = EDGE_CURVE ( 'NONE', #2799, #2114, #1238, .T. ) ;
#2697 = VERTEX_POINT ( 'NONE', #3124 ) ;
#2698 = FACE_OUTER_BOUND ( 'NONE', #1331, .T. ) ;
#2699 = DIRECTION ( 'NONE',  ( 0.0000000000000000000, 1.000000000000000000, -8.673617379884035472E-18 ) ) ;
#2700 = PLANE ( 'NONE',  #2045 ) ;
#2701 = VECTOR ( 'NONE', #1257, 1000.000000000000000 ) ;
#2702 = DIRECTION ( 'NONE',  ( -4.638298064109111160E-17, 8.673617379884035472E-18, 1.000000000000000000 ) ) ;
#2703 = ORIENTED_EDGE ( 'NONE', *, *, #815, .T. ) ;
#2704 = FACE_OUTER_BOUND ( 'NONE', #2553, .T. ) ;
#2705 = CARTESIAN_POINT ( 'NONE',  ( 475.0749999999999886, 0.9999999999999991118, -3.150000000003268408 ) ) ;
#2706 = ORIENTED_EDGE ( 'NONE', *, *, #956, .F. ) ;
#2707 = VECTOR ( 'NONE', #1661, 1000.000000000000000 ) ;
#2708 = LINE ( 'NONE', #1227, #852 ) ;
#2709 = CARTESIAN_POINT ( 'NONE',  ( 313.7749999999999773, 0.0000000000000000000, -3.150000000002011191 ) ) ;
#2710 = LINE ( 'NONE', #2331, #785 ) ;
#2711 = DIRECTION ( 'NONE',  ( -0.0000000000000000000, 1.000000000000000000, -8.673617379884035472E-18 ) ) ;
#2712 = DIRECTION ( 'NONE',  ( 0.0000000000000000000, 1.000000000000000000, -8.673617379884035472E-18 ) ) ;
#2713 = ORIENTED_EDGE ( 'NONE', *, *, #9, .F. ) ;
#2714 = AXIS2_PLACEMENT_3D ( 'NONE', #3151, #1681, #247 ) ;
#2715 = CC_DESIGN_PERSON_AND_ORGANIZATION_ASSIGNMENT ( #1285, #1561, ( #2530 ) ) ;
#2716 = VERTEX_POINT ( 'NONE', #2379 ) ;
#2717 = CARTESIAN_POINT ( 'NONE',  ( 0.0000000000000000000, 7.500000000000000000, -17.50000000000000000 ) ) ;
#2718 = ORIENTED_EDGE ( 'NONE', *, *, #303, .F. ) ;
#2719 = FACE_OUTER_BOUND ( 'NONE', #1534, .T. ) ;
#2720 = ORIENTED_EDGE ( 'NONE', *, *, #1532, .T. ) ;
#2721 = CIRCLE ( 'NONE', #172, 3.150000000000000799 ) ;
#2722 = CARTESIAN_POINT ( 'NONE',  ( 151.0749999999999886, 0.9999999999999991118, 3.149999999998996270 ) ) ;
#2723 = EDGE_CURVE ( 'NONE', #1272, #26, #2443, .T. ) ;
#2724 = EDGE_LOOP ( 'NONE', ( #2051, #1449, #849, #698, #2405, #954, #924, #2471, #2516, #1840, #2367, #2732, #2772, #857, #242, #2777, #2634, #1199, #2878, #516 ) ) ;
#2725 = VERTEX_POINT ( 'NONE', #2149 ) ;
#2726 = AXIS2_PLACEMENT_3D ( 'NONE', #1527, #72, #2661 ) ;
#2727 = EDGE_CURVE ( 'NONE', #1100, #2653, #1866, .T. ) ;
#2728 = AXIS2_PLACEMENT_3D ( 'NONE', #1683, #249, #1458 ) ;
#2729 = EDGE_CURVE ( 'NONE', #2801, #847, #1153, .T. ) ;
#2730 = CARTESIAN_POINT ( 'NONE',  ( 385.7749999999999773, -9.000000000000001776, -2.513779827793256973E-12 ) ) ;
#2731 = EDGE_CURVE ( 'NONE', #2813, #3085, #2361, .T. ) ;
#2732 = ORIENTED_EDGE ( 'NONE', *, *, #564, .T. ) ;
#2733 = ORIENTED_EDGE ( 'NONE', *, *, #2329, .F. ) ;
#2734 = EDGE_CURVE ( 'NONE', #1471, #91, #2593, .T. ) ;
#2735 = CARTESIAN_POINT ( 'NONE',  ( 0.0000000000000000000, 7.500000000000000000, 14.49999999999999822 ) ) ;
#2736 = EDGE_LOOP ( 'NONE', ( #216, #2191, #2769, #3091 ) ) ;
#2737 = LINE ( 'NONE', #1089, #810 ) ;
#2738 = ORIENTED_EDGE ( 'NONE', *, *, #122, .T. ) ;
#2739 = LOCAL_TIME ( 9, 23, 9.000000000000000000, #254 ) ;
#2740 = DIRECTION ( 'NONE',  ( -0.0000000000000000000, 1.000000000000000000, -8.673617379884035472E-18 ) ) ;
#2741 = LINE ( 'NONE', #491, #149 ) ;
#2742 = VECTOR ( 'NONE', #152, 1000.000000000000000 ) ;
#2743 = CARTESIAN_POINT ( 'NONE',  ( 565.7749999999998636, 0.0000000000000000000, -3.150000000003770673 ) ) ;
#2744 = ORIENTED_EDGE ( 'NONE', *, *, #57, .T. ) ;
#2745 = LINE ( 'NONE', #756, #2081 ) ;
#2746 = ORIENTED_EDGE ( 'NONE', *, *, #1384, .T. ) ;
#2747 = DIRECTION ( 'NONE',  ( 1.000000000000000000, 0.0000000000000000000, 4.638298064109111160E-17 ) ) ;
#2748 = EDGE_LOOP ( 'NONE', ( #68, #1593, #1032, #802 ) ) ;
#2749 = ORIENTED_EDGE ( 'NONE', *, *, #1737, .T. ) ;
#2750 = LINE ( 'NONE', #517, #2086 ) ;
#2751 = ORIENTED_EDGE ( 'NONE', *, *, #2388, .T. ) ;
#2752 = VECTOR ( 'NONE', #6, 1000.000000000000000 ) ;
#2753 = ORIENTED_EDGE ( 'NONE', *, *, #2237, .T. ) ;
#2754 = EDGE_CURVE ( 'NONE', #2349, #776, #1075, .T. ) ;
#2755 = EDGE_CURVE ( 'NONE', #1063, #2697, #447, .T. ) ;
#2756 = FACE_OUTER_BOUND ( 'NONE', #900, .T. ) ;
#2757 = DIRECTION ( 'NONE',  ( 0.0000000000000000000, 0.0000000000000000000, 1.000000000000000000 ) ) ;
#2758 = EDGE_CURVE ( 'NONE', #1760, #1334, #2287, .T. ) ;
#2759 = DIRECTION ( 'NONE',  ( -0.0000000000000000000, 1.000000000000000000, -8.673617379884035472E-18 ) ) ;
#2760 = ORIENTED_EDGE ( 'NONE', *, *, #2754, .T. ) ;
#2761 = MECHANICAL_CONTEXT ( 'NONE', #2507, 'mechanical' ) ;
#2762 = DIRECTION ( 'NONE',  ( -0.0000000000000000000, 1.000000000000000000, -8.673617379884035472E-18 ) ) ;
#2763 = AXIS2_PLACEMENT_3D ( 'NONE', #575, #2259, #1058 ) ;
#2764 = AXIS2_PLACEMENT_3D ( 'NONE', #1590, #631, #2310 ) ;
#2765 = DIRECTION ( 'NONE',  ( 0.0000000000000000000, 0.0000000000000000000, 1.000000000000000000 ) ) ;
#2766 = AXIS2_PLACEMENT_3D ( 'NONE', #2330, #643, #1124 ) ;
#2767 = ORIENTED_EDGE ( 'NONE', *, *, #1431, .F. ) ;
#2768 = ORIENTED_EDGE ( 'NONE', *, *, #30, .F. ) ;
#2769 = ORIENTED_EDGE ( 'NONE', *, *, #2958, .T. ) ;
#2770 = FACE_BOUND ( 'NONE', #165, .T. ) ;
#2771 = AXIS2_PLACEMENT_3D ( 'NONE', #1868, #441, #2118 ) ;
#2772 = ORIENTED_EDGE ( 'NONE', *, *, #67, .T. ) ;
#2773 = LINE ( 'NONE', #2717, #1405 ) ;
#2774 = ORIENTED_EDGE ( 'NONE', *, *, #3042, .F. ) ;
#2775 = CIRCLE ( 'NONE', #544, 3.150000000000000799 ) ;
#2776 = PERSON_AND_ORGANIZATION_ROLE ( 'creator' ) ;
#2777 = ORIENTED_EDGE ( 'NONE', *, *, #2187, .T. ) ;
#2778 = DIRECTION ( 'NONE',  ( 0.0000000000000000000, 1.000000000000000000, -8.673617379884035472E-18 ) ) ;
#2779 = PLANE ( 'NONE',  #2328 ) ;
#2780 = VECTOR ( 'NONE', #474, 1000.000000000000000 ) ;
#2781 = ORIENTED_EDGE ( 'NONE', *, *, #677, .F. ) ;
#2782 = LINE ( 'NONE', #1108, #364 ) ;
#2783 = AXIS2_PLACEMENT_3D ( 'NONE', #676, #2362, #933 ) ;
#2784 = LINE ( 'NONE', #2555, #2134 ) ;
#2785 = EDGE_CURVE ( 'NONE', #275, #1451, #527, .T. ) ;
#2786 = EDGE_CURVE ( 'NONE', #2433, #2349, #1017, .T. ) ;
#2787 = ORIENTED_EDGE ( 'NONE', *, *, #2264, .T. ) ;
#2788 = DIRECTION ( 'NONE',  ( 0.0000000000000000000, -8.673617379884035472E-18, -1.000000000000000000 ) ) ;
#2789 = ORIENTED_EDGE ( 'NONE', *, *, #1139, .F. ) ;
#2790 = EDGE_CURVE ( 'NONE', #1466, #357, #2871, .T. ) ;
#2791 = ORIENTED_EDGE ( 'NONE', *, *, #276, .T. ) ;
#2792 = VECTOR ( 'NONE', #258, 1000.000000000000000 ) ;
#2793 = EDGE_CURVE ( 'NONE', #1385, #2037, #305, .T. ) ;
#2794 = VERTEX_POINT ( 'NONE', #2669 ) ;
#2795 = VECTOR ( 'NONE', #1834, 1000.000000000000000 ) ;
#2796 = ORIENTED_EDGE ( 'NONE', *, *, #2693, .T. ) ;
#2797 = ORIENTED_EDGE ( 'NONE', *, *, #1613, .T. ) ;
#2798 = CARTESIAN_POINT ( 'NONE',  ( 0.0000000000000000000, 0.0000000000000000000, -3.150000000003268408 ) ) ;
#2799 = VERTEX_POINT ( 'NONE', #4 ) ;
#2800 = CARTESIAN_POINT ( 'NONE',  ( 610.0000000000000000, 0.0000000000000000000, -11.49999999999999645 ) ) ;
#2801 = VERTEX_POINT ( 'NONE', #271 ) ;
#2802 = VERTEX_POINT ( 'NONE', #985 ) ;
#2803 = DIRECTION ( 'NONE',  ( 0.0000000000000000000, 1.000000000000000000, -8.673617379884035472E-18 ) ) ;
#2804 = CARTESIAN_POINT ( 'NONE',  ( 367.0749999999999886, 0.0000000000000000000, 3.149999999997486810 ) ) ;
#2805 = LINE ( 'NONE', #2798, #2072 ) ;
#2806 = DIRECTION ( 'NONE',  ( 0.0000000000000000000, 0.0000000000000000000, 1.000000000000000000 ) ) ;
#2807 = CALENDAR_DATE ( 2020, 20, 3 ) ;
#2808 = CARTESIAN_POINT ( 'NONE',  ( 205.7749999999999773, 0.0000000000000000000, -1.256924608366148023E-12 ) ) ;
#2809 = CARTESIAN_POINT ( 'NONE',  ( 295.0749999999999886, 0.9999999999999991118, 3.149999999997989963 ) ) ;
#2810 = LINE ( 'NONE', #902, #2668 ) ;
#2811 = CARTESIAN_POINT ( 'NONE',  ( 610.0000000000000000, 6.500000000000002665, -17.50000000000000000 ) ) ;
#2812 = CARTESIAN_POINT ( 'NONE',  ( 133.7749999999999773, 0.0000000000000000000, -3.150000000000753975 ) ) ;
#2813 = VERTEX_POINT ( 'NONE', #1939 ) ;
#2814 = FACE_OUTER_BOUND ( 'NONE', #938, .T. ) ;
#2815 = ORIENTED_EDGE ( 'NONE', *, *, #2517, .F. ) ;
#2816 = EDGE_CURVE ( 'NONE', #3019, #2143, #1571, .T. ) ;
#2817 = VERTEX_POINT ( 'NONE', #1703 ) ;
#2818 = FACE_OUTER_BOUND ( 'NONE', #1453, .T. ) ;
#2819 = ORIENTED_EDGE ( 'NONE', *, *, #423, .T. ) ;
#2820 = AXIS2_PLACEMENT_3D ( 'NONE', #341, #2018, #578 ) ;
#2821 = LINE ( 'NONE', #986, #1538 ) ;
#2822 = CARTESIAN_POINT ( 'NONE',  ( 79.07499999999998863, 0.9999999999999991118, -5.027733127934112032E-13 ) ) ;
#2823 = AXIS2_PLACEMENT_3D ( 'NONE', #1349, #1913, #1600 ) ;
#2824 = ORIENTED_EDGE ( 'NONE', *, *, #2892, .T. ) ;
#2825 = ADVANCED_FACE ( 'NONE', ( #2053 ), #796, .F. ) ;
#2826 = DIRECTION ( 'NONE',  ( 0.0000000000000000000, 1.000000000000000000, -0.0000000000000000000 ) ) ;
#2827 = LINE ( 'NONE', #2843, #2687 ) ;
#2828 = AXIS2_PLACEMENT_3D ( 'NONE', #130, #1809, #384 ) ;
#2829 = EDGE_CURVE ( 'NONE', #2907, #3019, #1430, .T. ) ;
#2830 = ADVANCED_FACE ( 'NONE', ( #2719 ), #1986, .F. ) ;
#2831 = ORIENTED_EDGE ( 'NONE', *, *, #2398, .T. ) ;
#2832 = CARTESIAN_POINT ( 'NONE',  ( 241.7749999999999488, 0.9999999999999991118, -3.150000000001508482 ) ) ;
#2833 = EDGE_LOOP ( 'NONE', ( #16, #1799, #865, #569 ) ) ;
#2834 = DIRECTION ( 'NONE',  ( 0.0000000000000000000, 0.0000000000000000000, 1.000000000000000000 ) ) ;
#2835 = CARTESIAN_POINT ( 'NONE',  ( 529.7749999999999773, -9.000000000000001776, -3.519326453380079380E-12 ) ) ;
#2836 = CARTESIAN_POINT ( 'NONE',  ( 313.7749999999999773, 0.0000000000000000000, 3.149999999997992184 ) ) ;
#2837 = ORIENTED_EDGE ( 'NONE', *, *, #2031, .F. ) ;
#2838 = ADVANCED_FACE ( 'NONE', ( #127 ), #1236, .T. ) ;
#2839 = ORIENTED_EDGE ( 'NONE', *, *, #2926, .T. ) ;
#2840 = CARTESIAN_POINT ( 'NONE',  ( 223.0749999999999602, 0.0000000000000000000, 3.149999999998492672 ) ) ;
#2841 = CARTESIAN_POINT ( 'NONE',  ( 610.0000000000000000, 5.500000000000000888, -12.50000000000000178 ) ) ;
#2842 = FACE_BOUND ( 'NONE', #2736, .T. ) ;
#2843 = CARTESIAN_POINT ( 'NONE',  ( 61.77499999999999858, -9.000000000000001776, -3.150000000000251710 ) ) ;
#2844 = ADVANCED_FACE ( 'NONE', ( #2145 ), #999, .F. ) ;
#2845 = DIRECTION ( 'NONE',  ( 0.0000000000000000000, 0.0000000000000000000, 1.000000000000000000 ) ) ;
#2846 = CYLINDRICAL_SURFACE ( 'NONE', #879, 3.150000000000001688 ) ;
#2847 = CARTESIAN_POINT ( 'NONE',  ( 277.7749999999999773, -9.000000000000001776, -1.759619858603140270E-12 ) ) ;
#2848 = VERTEX_POINT ( 'NONE', #25 ) ;
#2849 = CARTESIAN_POINT ( 'NONE',  ( 151.0749999999999886, -9.000000000000001776, 3.149999999998995381 ) ) ;
#2850 = VECTOR ( 'NONE', #2208, 1000.000000000000000 ) ;
#2851 = VERTEX_POINT ( 'NONE', #763 ) ;
#2852 = EDGE_CURVE ( 'NONE', #2559, #1328, #56, .T. ) ;
#2853 = CARTESIAN_POINT ( 'NONE',  ( 565.7749999999998636, 0.9999999999999991118, -3.150000000003770673 ) ) ;
#2854 = VECTOR ( 'NONE', #708, 1000.000000000000000 ) ;
#2855 = EDGE_CURVE ( 'NONE', #758, #3017, #707, .T. ) ;
#2856 = LINE ( 'NONE', #3136, #255 ) ;
#2857 = LINE ( 'NONE', #1329, #294 ) ;
#2858 = DIRECTION ( 'NONE',  ( 0.0000000000000000000, 1.000000000000000000, -8.673617379884035472E-18 ) ) ;
#2859 = DIRECTION ( 'NONE',  ( 0.0000000000000000000, 0.0000000000000000000, -1.000000000000000000 ) ) ;
#2860 = CYLINDRICAL_SURFACE ( 'NONE', #2177, 3.150000000000000799 ) ;
#2861 = CARTESIAN_POINT ( 'NONE',  ( 295.0749999999999886, 0.9999999999999991118, -2.011093251173644813E-12 ) ) ;
#2862 = CYLINDRICAL_SURFACE ( 'NONE', #1201, 3.150000000000000799 ) ;
#2863 = CARTESIAN_POINT ( 'NONE',  ( 610.0000000000000000, 5.500000000000001776, -13.49999999999999822 ) ) ;
#2864 = ADVANCED_FACE ( 'NONE', ( #1914 ), #2700, .T. ) ;
#2865 = DIRECTION ( 'NONE',  ( 1.000000000000000000, 0.0000000000000000000, 4.638298064109111160E-17 ) ) ;
#2866 = VERTEX_POINT ( 'NONE', #1970 ) ;
#2867 = ORIENTED_EDGE ( 'NONE', *, *, #312, .F. ) ;
#2868 = CARTESIAN_POINT ( 'NONE',  ( 547.0749999999998181, 0.9999999999999991118, -3.150000000003770673 ) ) ;
#2869 = ADVANCED_FACE ( 'NONE', ( #2545 ), #3148, .F. ) ;
#2870 = ORIENTED_EDGE ( 'NONE', *, *, #196, .T. ) ;
#2871 = LINE ( 'NONE', #1696, #2792 ) ;
#2872 = PLANE ( 'NONE',  #1429 ) ;
#2873 = ORIENTED_EDGE ( 'NONE', *, *, #2200, .F. ) ;
#2874 = CARTESIAN_POINT ( 'NONE',  ( 205.7749999999999773, 0.9999999999999991118, -3.150000000001256684 ) ) ;
#2875 = CARTESIAN_POINT ( 'NONE',  ( 457.7749999999999204, -9.000000000000001776, -3.150000000003016609 ) ) ;
#2876 = LINE ( 'NONE', #1580, #2223 ) ;
#2877 = AXIS2_PLACEMENT_3D ( 'NONE', #2407, #972, #2656 ) ;
#2878 = ORIENTED_EDGE ( 'NONE', *, *, #2355, .T. ) ;
#2879 = CARTESIAN_POINT ( 'NONE',  ( 0.0000000000000000000, 0.9999999999999988898, -11.50000000000000178 ) ) ;
#2880 = VERTEX_POINT ( 'NONE', #1252 ) ;
#2881 = CC_DESIGN_DATE_AND_TIME_ASSIGNMENT ( #1845, #106, ( #2530 ) ) ;
#2882 = DIRECTION ( 'NONE',  ( 1.000000000000000000, 0.0000000000000000000, 4.638298064109111160E-17 ) ) ;
#2883 = ADVANCED_FACE ( 'NONE', ( #624 ), #1818, .T. ) ;
#2884 = CARTESIAN_POINT ( 'NONE',  ( 610.0000000000000000, 6.500000000000002665, 13.50000000000000000 ) ) ;
#2885 = DIRECTION ( 'NONE',  ( -0.0000000000000000000, 1.000000000000000000, -8.673617379884035472E-18 ) ) ;
#2886 = VERTEX_POINT ( 'NONE', #540 ) ;
#2887 = DIRECTION ( 'NONE',  ( -0.0000000000000000000, 1.000000000000000000, -8.673617379884035472E-18 ) ) ;
#2888 = VERTEX_POINT ( 'NONE', #2229 ) ;
#2889 = EDGE_CURVE ( 'NONE', #1318, #1044, #2476, .T. ) ;
#2890 = CARTESIAN_POINT ( 'NONE',  ( 169.7749999999999773, 0.0000000000000000000, -1.005537951969442522E-12 ) ) ;
#2891 = AXIS2_PLACEMENT_3D ( 'NONE', #1511, #803, #2473 ) ;
#2892 = EDGE_CURVE ( 'NONE', #230, #895, #224, .T. ) ;
#2893 = FACE_OUTER_BOUND ( 'NONE', #2748, .T. ) ;
#2894 = AXIS2_PLACEMENT_3D ( 'NONE', #572, #332, #1762 ) ;
#2895 = PERSON_AND_ORGANIZATION ( #3110, #387 ) ;
#2896 = EDGE_CURVE ( 'NONE', #1107, #2270, #3049, .T. ) ;
#2897 = CARTESIAN_POINT ( 'NONE',  ( 565.7749999999998636, 0.9999999999999991118, -3.770799845950583317E-12 ) ) ;
#2898 = CARTESIAN_POINT ( 'NONE',  ( 493.7749999999999773, 0.9999999999999991118, -3.268026533157172720E-12 ) ) ;
#2899 = DIRECTION ( 'NONE',  ( 0.0000000000000000000, 0.0000000000000000000, 1.000000000000000000 ) ) ;
#2900 = EDGE_CURVE ( 'NONE', #520, #2488, #1333, .T. ) ;
#2901 = DIRECTION ( 'NONE',  ( -0.0000000000000000000, 1.000000000000000000, -8.673617379884035472E-18 ) ) ;
#2902 = DIRECTION ( 'NONE',  ( 1.000000000000000000, -0.0000000000000000000, -0.0000000000000000000 ) ) ;
#2903 = EDGE_CURVE ( 'NONE', #81, #1177, #1755, .T. ) ;
#2904 = DIRECTION ( 'NONE',  ( 0.0000000000000000000, -8.673617379884035472E-18, -1.000000000000000000 ) ) ;
#2905 = CARTESIAN_POINT ( 'NONE',  ( -1.461063890192962389E-16, 0.0000000000000000000, 3.149999999996965006 ) ) ;
#2906 = FACE_OUTER_BOUND ( 'NONE', #713, .T. ) ;
#2907 = VERTEX_POINT ( 'NONE', #1179 ) ;
#2908 = CIRCLE ( 'NONE', #1473, 2.000000000000000000 ) ;
#2909 = ORIENTED_EDGE ( 'NONE', *, *, #2896, .T. ) ;
#2910 = CYLINDRICAL_SURFACE ( 'NONE', #605, 2.000000000000000000 ) ;
#2911 = CARTESIAN_POINT ( 'NONE',  ( 601.7749999999999773, 0.9999999999999991118, -3.150000000004022471 ) ) ;
#2912 = DIRECTION ( 'NONE',  ( 1.000000000000000000, 0.0000000000000000000, 4.638298064109111160E-17 ) ) ;
#2913 = ORIENTED_EDGE ( 'NONE', *, *, #2384, .F. ) ;
#2914 = DIRECTION ( 'NONE',  ( 0.0000000000000000000, 1.000000000000000000, -8.673617379884035472E-18 ) ) ;
#2915 = DIRECTION ( 'NONE',  ( 1.000000000000000000, 0.0000000000000000000, 4.638298064109111160E-17 ) ) ;
#2916 = ORIENTED_EDGE ( 'NONE', *, *, #2395, .T. ) ;
#2917 = LINE ( 'NONE', #1925, #2254 ) ;
#2918 = EDGE_LOOP ( 'NONE', ( #1691, #345, #469, #586 ) ) ;
#2919 = FACE_BOUND ( 'NONE', #1442, .T. ) ;
#2920 = CARTESIAN_POINT ( 'NONE',  ( 115.0749999999999886, 0.9999999999999991118, 3.149999999999246736 ) ) ;
#2921 = ORIENTED_EDGE ( 'NONE', *, *, #1699, .T. ) ;
#2922 = EDGE_LOOP ( 'NONE', ( #3120, #2582, #2660, #1700 ) ) ;
#2923 = CARTESIAN_POINT ( 'NONE',  ( 61.77499999999999858, 0.0000000000000000000, -3.150000000000251710 ) ) ;
#2924 = CARTESIAN_POINT ( 'NONE',  ( 295.0749999999999886, -9.000000000000001776, -3.150000000002011191 ) ) ;
#2925 = EDGE_CURVE ( 'NONE', #574, #3131, #492, .T. ) ;
#2926 = EDGE_CURVE ( 'NONE', #433, #1803, #2980, .T. ) ;
#2927 = EDGE_CURVE ( 'NONE', #2886, #2817, #1693, .T. ) ;
#2928 = CARTESIAN_POINT ( 'NONE',  ( 610.0000000000000000, 0.0000000000000000000, -13.49999999999999822 ) ) ;
#2929 = DIRECTION ( 'NONE',  ( 0.0000000000000000000, 1.000000000000000000, -0.0000000000000000000 ) ) ;
#2930 = DIRECTION ( 'NONE',  ( 0.0000000000000000000, 0.0000000000000000000, 1.000000000000000000 ) ) ;
#2931 = ORIENTED_EDGE ( 'NONE', *, *, #1342, .F. ) ;
#2932 = DIRECTION ( 'NONE',  ( 0.0000000000000000000, 1.000000000000000000, -8.673617379884035472E-18 ) ) ;
#2933 = CARTESIAN_POINT ( 'NONE',  ( 403.0749999999999886, 0.9999999999999991118, 3.149999999997237232 ) ) ;
#2934 = CYLINDRICAL_SURFACE ( 'NONE', #761, 3.150000000000001688 ) ;
#2935 = CIRCLE ( 'NONE', #3041, 2.000000000000000000 ) ;
#2936 = AXIS2_PLACEMENT_3D ( 'NONE', #590, #1309, #1554 ) ;
#2937 = AXIS2_PLACEMENT_3D ( 'NONE', #885, #1602, #151 ) ;
#2938 = AXIS2_PLACEMENT_3D ( 'NONE', #2897, #662, #906 ) ;
#2939 = CARTESIAN_POINT ( 'NONE',  ( 43.07499999999999574, 0.9999999999999991118, 3.149999999999749445 ) ) ;
#2940 = VECTOR ( 'NONE', #2342, 1000.000000000000000 ) ;
#2941 = CARTESIAN_POINT ( 'NONE',  ( 223.0749999999999602, -9.000000000000001776, 3.149999999998494005 ) ) ;
#2942 = DIRECTION ( 'NONE',  ( 1.000000000000000000, 0.0000000000000000000, 4.638298064109111160E-17 ) ) ;
#2943 = ORIENTED_EDGE ( 'NONE', *, *, #2829, .F. ) ;
#2944 = CYLINDRICAL_SURFACE ( 'NONE', #2674, 3.150000000000000799 ) ;
#2945 = DIRECTION ( 'NONE',  ( 0.0000000000000000000, 1.000000000000000000, -0.0000000000000000000 ) ) ;
#2946 = AXIS2_PLACEMENT_3D ( 'NONE', #940, #2627, #1164 ) ;
#2947 = VECTOR ( 'NONE', #1614, 1000.000000000000000 ) ;
#2948 = DIRECTION ( 'NONE',  ( 0.0000000000000000000, 0.0000000000000000000, 1.000000000000000000 ) ) ;
#2949 = FACE_OUTER_BOUND ( 'NONE', #989, .T. ) ;
#2950 = VERTEX_POINT ( 'NONE', #2393 ) ;
#2951 = VECTOR ( 'NONE', #1680, 1000.000000000000000 ) ;
#2952 = VERTEX_POINT ( 'NONE', #2159 ) ;
#2953 = CARTESIAN_POINT ( 'NONE',  ( 97.77499999999999147, -9.000000000000001776, -3.150000000000502620 ) ) ;
#2954 = AXIS2_PLACEMENT_3D ( 'NONE', #3115, #1658, #210 ) ;
#2955 = EDGE_CURVE ( 'NONE', #1549, #241, #408, .T. ) ;
#2956 = EDGE_CURVE ( 'NONE', #1965, #1385, #2917, .T. ) ;
#2957 = VERTEX_POINT ( 'NONE', #489 ) ;
#2958 = EDGE_CURVE ( 'NONE', #113, #2236, #1046, .T. ) ;
#2959 = DIRECTION ( 'NONE',  ( -0.0000000000000000000, 1.000000000000000000, -8.673617379884035472E-18 ) ) ;
#2960 = EDGE_CURVE ( 'NONE', #1705, #673, #1606, .T. ) ;
#2961 = CARTESIAN_POINT ( 'NONE',  ( 277.7749999999999773, 0.9999999999999991118, -1.759706594776939110E-12 ) ) ;
#2962 = ORIENTED_EDGE ( 'NONE', *, *, #1579, .F. ) ;
#2963 = VERTEX_POINT ( 'NONE', #501 ) ;
#2964 = ADVANCED_BREP_SHAPE_REPRESENTATION ( '支承导轨电气接线辅材', ( #800, #2763 ), #2478 ) ;
#2965 = CARTESIAN_POINT ( 'NONE',  ( 421.7749999999999204, 0.9999999999999988898, -3.150000000002765255 ) ) ;
#2966 = FACE_OUTER_BOUND ( 'NONE', #779, .T. ) ;
#2967 = CARTESIAN_POINT ( 'NONE',  ( 79.07499999999998863, -9.000000000000001776, 3.149999999999499423 ) ) ;
#2968 = EDGE_LOOP ( 'NONE', ( #2266, #1269, #1835, #281 ) ) ;
#2969 = DIRECTION ( 'NONE',  ( 1.000000000000000000, 0.0000000000000000000, 4.638298064109111160E-17 ) ) ;
#2970 = CIRCLE ( 'NONE', #506, 3.150000000000001688 ) ;
#2971 = DIRECTION ( 'NONE',  ( -0.0000000000000000000, 1.000000000000000000, -8.673617379884035472E-18 ) ) ;
#2972 = ORIENTED_EDGE ( 'NONE', *, *, #122, .F. ) ;
#2973 = CYLINDRICAL_SURFACE ( 'NONE', #504, 3.150000000000001688 ) ;
#2974 = CARTESIAN_POINT ( 'NONE',  ( 565.7749999999998636, -9.000000000000001776, 3.149999999996232258 ) ) ;
#2975 = EDGE_LOOP ( 'NONE', ( #176, #3154, #201, #2749 ) ) ;
#2976 = FACE_OUTER_BOUND ( 'NONE', #377, .T. ) ;
#2977 = ORIENTED_EDGE ( 'NONE', *, *, #2785, .F. ) ;
#2978 = DIRECTION ( 'NONE',  ( -0.0000000000000000000, 1.000000000000000000, -8.673617379884035472E-18 ) ) ;
#2979 = ORIENTED_EDGE ( 'NONE', *, *, #1740, .F. ) ;
#2980 = CIRCLE ( 'NONE', #2222, 3.150000000000001688 ) ;
#2981 = EDGE_CURVE ( 'NONE', #291, #1468, #2821, .T. ) ;
#2982 = VERTEX_POINT ( 'NONE', #1932 ) ;
#2983 = FACE_BOUND ( 'NONE', #69, .T. ) ;
#2984 = CARTESIAN_POINT ( 'NONE',  ( 0.0000000000000000000, 6.500000000000000888, -14.49999999999999822 ) ) ;
#2985 = CARTESIAN_POINT ( 'NONE',  ( 79.07499999999998863, 0.9999999999999991118, -3.150000000000502620 ) ) ;
#2986 = EDGE_CURVE ( 'NONE', #468, #873, #1271, .T. ) ;
#2987 = CLOSED_SHELL ( 'NONE', ( #2838, #2607, #2864, #904, #1637, #1421, #1118, #2101, #1864, #681, #1660, #700, #2572, #154, #1134, #916, #1874, #687, #2883, #1616, #2340, #190, #3111, #2144, #897, #1620, #2600, #2359, #1356, #2334, #2106, #3105, #1876, #949, #2825, #424, #1392, #1157, #214, #2078, #2830, #664, #443, #452, #2373, #2087, #3082, #2844, #1654, #2629, #2562, #418, #182, #1152, #937, #3127, #1839, #2584, #436, #198, #2369, #1171, #1846, #1859, #2324, #177, #3093, #931, #2869, #1895, #642, #1378, #2354, #2129, #1168, #3060, #646, #1634, #1394, #1415, #221, #3065, #912, #668, #2620, #460, #410, #1372, #1141, #2121 ) ) ;
#2988 = EDGE_LOOP ( 'NONE', ( #2536, #2797, #1927, #1447 ) ) ;
#2989 = AXIS2_PLACEMENT_3D ( 'NONE', #1417, #2148, #696 ) ;
#2990 = AXIS2_PLACEMENT_3D ( 'NONE', #1779, #351, #2028 ) ;
#2991 = AXIS2_PLACEMENT_3D ( 'NONE', #1020, #22, #759 ) ;
#2992 = DIRECTION ( 'NONE',  ( 1.000000000000000000, -0.0000000000000000000, -0.0000000000000000000 ) ) ;
#2993 = ORIENTED_EDGE ( 'NONE', *, *, #3156, .T. ) ;
#2994 = AXIS2_PLACEMENT_3D ( 'NONE', #1322, #1081, #2525 ) ;
#2995 = CARTESIAN_POINT ( 'NONE',  ( 439.0749999999999318, 0.0000000000000000000, -3.016631203143087335E-12 ) ) ;
#2996 = EDGE_CURVE ( 'NONE', #2950, #331, #2186, .T. ) ;
#2997 = ORIENTED_EDGE ( 'NONE', *, *, #2786, .T. ) ;
#2998 = VERTEX_POINT ( 'NONE', #1940 ) ;
#2999 = CIRCLE ( 'NONE', #3095, 3.150000000000001688 ) ;
#3000 = PLANE ( 'NONE',  #340 ) ;
#3001 = DIRECTION ( 'NONE',  ( 0.0000000000000000000, 0.0000000000000000000, 1.000000000000000000 ) ) ;
#3002 = FACE_OUTER_BOUND ( 'NONE', #2019, .T. ) ;
#3003 = ORIENTED_EDGE ( 'NONE', *, *, #425, .F. ) ;
#3004 = APPLICATION_CONTEXT ( 'configuration controlled 3d designs of mechanical parts and assemblies' ) ;
#3005 = VECTOR ( 'NONE', #2113, 1000.000000000000000 ) ;
#3006 = ORIENTED_EDGE ( 'NONE', *, *, #612, .T. ) ;
#3007 = CYLINDRICAL_SURFACE ( 'NONE', #3094, 3.150000000000000799 ) ;
#3008 = VERTEX_POINT ( 'NONE', #2923 ) ;
#3009 = FACE_OUTER_BOUND ( 'NONE', #2040, .T. ) ;
#3010 = CARTESIAN_POINT ( 'NONE',  ( 583.0749999999999318, -9.000000000000001776, -4.022099766173489977E-12 ) ) ;
#3011 = DIRECTION ( 'NONE',  ( -1.000000000000000000, 0.0000000000000000000, 0.0000000000000000000 ) ) ;
#3012 = CYLINDRICAL_SURFACE ( 'NONE', #2891, 3.150000000000000799 ) ;
#3013 = EDGE_CURVE ( 'NONE', #659, #1701, #1470, .T. ) ;
#3014 = EDGE_CURVE ( 'NONE', #1528, #509, #901, .T. ) ;
#3015 = VECTOR ( 'NONE', #478, 1000.000000000000000 ) ;
#3016 = SECURITY_CLASSIFICATION_LEVEL ( 'unclassified' ) ;
#3017 = VERTEX_POINT ( 'NONE', #2426 ) ;
#3018 = PLANE ( 'NONE',  #1293 ) ;
#3019 = VERTEX_POINT ( 'NONE', #20 ) ;
#3020 = CARTESIAN_POINT ( 'NONE',  ( 610.0000000000000000, 7.500000000000000000, 17.50000000000000000 ) ) ;
#3021 = DIRECTION ( 'NONE',  ( 1.000000000000000000, 0.0000000000000000000, 4.638298064109097602E-17 ) ) ;
#3022 = ORIENTED_EDGE ( 'NONE', *, *, #2057, .T. ) ;
#3023 = ORIENTED_EDGE ( 'NONE', *, *, #956, .T. ) ;
#3024 = AXIS2_PLACEMENT_3D ( 'NONE', #1223, #2932, #1479 ) ;
#3025 = APPROVAL ( #1794, '未指定' ) ;
#3026 = DIRECTION ( 'NONE',  ( 0.0000000000000000000, 0.0000000000000000000, -1.000000000000000000 ) ) ;
#3027 = LINE ( 'NONE', #1766, #1092 ) ;
#3028 = ORIENTED_EDGE ( 'NONE', *, *, #1035, .F. ) ;
#3029 = DIRECTION ( 'NONE',  ( 1.000000000000000000, 0.0000000000000000000, 4.638298064109109311E-17 ) ) ;
#3030 = CARTESIAN_POINT ( 'NONE',  ( 0.0000000000000000000, 6.500000000000000888, -13.49999999999999822 ) ) ;
#3031 = CARTESIAN_POINT ( 'NONE',  ( 610.0000000000000000, 1.999999999999999112, 12.49999999999999822 ) ) ;
#3032 = EDGE_CURVE ( 'NONE', #1920, #1466, #2681, .T. ) ;
#3033 = ORIENTED_EDGE ( 'NONE', *, *, #196, .F. ) ;
#3034 = EDGE_LOOP ( 'NONE', ( #625, #1861, #2204, #1281 ) ) ;
#3035 = LINE ( 'NONE', #768, #481 ) ;
#3036 = ORIENTED_EDGE ( 'NONE', *, *, #3072, .T. ) ;
#3037 = AXIS2_PLACEMENT_3D ( 'NONE', #2730, #2971, #1029 ) ;
#3038 = FACE_OUTER_BOUND ( 'NONE', #2253, .T. ) ;
#3039 = EDGE_CURVE ( 'NONE', #2474, #206, #2024, .T. ) ;
#3040 = PLANE ( 'NONE',  #1343 ) ;
#3041 = AXIS2_PLACEMENT_3D ( 'NONE', #789, #2156, #75 ) ;
#3042 = EDGE_CURVE ( 'NONE', #1080, #1490, #2091, .T. ) ;
#3043 = ORIENTED_EDGE ( 'NONE', *, *, #797, .F. ) ;
#3044 = LINE ( 'NONE', #945, #487 ) ;
#3045 = CARTESIAN_POINT ( 'NONE',  ( 0.0000000000000000000, 0.0000000000000000000, -17.50000000000000000 ) ) ;
#3046 = EDGE_LOOP ( 'NONE', ( #482, #353, #1556, #2489 ) ) ;
#3047 = EDGE_CURVE ( 'NONE', #2035, #1377, #1375, .T. ) ;
#3048 = VERTEX_POINT ( 'NONE', #1237 ) ;
#3049 = LINE ( 'NONE', #219, #2404 ) ;
#3050 = EDGE_CURVE ( 'NONE', #2645, #1961, #1952, .T. ) ;
#3051 = ORIENTED_EDGE ( 'NONE', *, *, #2234, .T. ) ;
#3052 = FACE_BOUND ( 'NONE', #1411, .T. ) ;
#3053 = DIRECTION ( 'NONE',  ( 0.0000000000000000000, 0.0000000000000000000, 1.000000000000000000 ) ) ;
#3054 = CARTESIAN_POINT ( 'NONE',  ( 610.0000000000000000, 0.9999999999999988898, -12.50000000000000000 ) ) ;
#3055 = DIRECTION ( 'NONE',  ( -1.000000000000000000, 0.0000000000000000000, 0.0000000000000000000 ) ) ;
#3056 = ORIENTED_EDGE ( 'NONE', *, *, #2960, .F. ) ;
#3057 = VERTEX_POINT ( 'NONE', #2448 ) ;
#3058 = CARTESIAN_POINT ( 'NONE',  ( 79.07499999999998863, 0.0000000000000000000, -5.027646391760313191E-13 ) ) ;
#3059 = CARTESIAN_POINT ( 'NONE',  ( 439.0749999999999318, -9.000000000000001776, 3.149999999996985434 ) ) ;
#3060 = ADVANCED_FACE ( 'NONE', ( #2203 ), #1011, .F. ) ;
#3061 = CARTESIAN_POINT ( 'NONE',  ( 610.0000000000000000, 2.000000000000000000, -13.49999999999999822 ) ) ;
#3062 = DIRECTION ( 'NONE',  ( -1.000000000000000000, 0.0000000000000000000, 0.0000000000000000000 ) ) ;
#3063 = EDGE_LOOP ( 'NONE', ( #1483, #2286, #1275, #1510 ) ) ;
#3064 = DIRECTION ( 'NONE',  ( 0.0000000000000000000, 0.0000000000000000000, 1.000000000000000000 ) ) ;
#3065 = ADVANCED_FACE ( 'NONE', ( #1557 ), #1494, .F. ) ;
#3066 = DIRECTION ( 'NONE',  ( 0.0000000000000000000, 0.0000000000000000000, 1.000000000000000000 ) ) ;
#3067 = ORIENTED_EDGE ( 'NONE', *, *, #2663, .F. ) ;
#3068 = DIRECTION ( 'NONE',  ( -1.000000000000000000, 0.0000000000000000000, 0.0000000000000000000 ) ) ;
#3069 = FACE_OUTER_BOUND ( 'NONE', #826, .T. ) ;
#3070 = CARTESIAN_POINT ( 'NONE',  ( 259.0749999999999886, 0.9999999999999991118, -3.150000000001759837 ) ) ;
#3071 = COORDINATED_UNIVERSAL_TIME_OFFSET ( 8, 0, .AHEAD. ) ;
#3072 = EDGE_CURVE ( 'NONE', #2888, #2813, #2775, .T. ) ;
#3073 = LINE ( 'NONE', #3054, #2425 ) ;
#3074 = EDGE_CURVE ( 'NONE', #1370, #1177, #2125, .T. ) ;
#3075 = EDGE_LOOP ( 'NONE', ( #1728, #2066, #1996, #220 ) ) ;
#3076 = CARTESIAN_POINT ( 'NONE',  ( 0.0000000000000000000, 0.0000000000000000000, -11.49999999999999822 ) ) ;
#3077 = DIRECTION ( 'NONE',  ( -1.000000000000000000, 0.0000000000000000000, 0.0000000000000000000 ) ) ;
#3078 = DIRECTION ( 'NONE',  ( -1.000000000000000000, 0.0000000000000000000, 1.251275949884910007E-16 ) ) ;
#3079 = EDGE_CURVE ( 'NONE', #119, #437, #925, .T. ) ;
#3080 = LINE ( 'NONE', #683, #2854 ) ;
#3081 = DIRECTION ( 'NONE',  ( 0.0000000000000000000, 1.000000000000000000, -2.668805347656626185E-16 ) ) ;
#3082 = ADVANCED_FACE ( 'NONE', ( #288 ), #1409, .F. ) ;
#3083 = DIRECTION ( 'NONE',  ( 0.0000000000000000000, 1.000000000000000000, -0.0000000000000000000 ) ) ;
#3084 = DIRECTION ( 'NONE',  ( -0.0000000000000000000, 1.000000000000000000, -8.673617379884035472E-18 ) ) ;
#3085 = VERTEX_POINT ( 'NONE', #2466 ) ;
#3086 = FACE_OUTER_BOUND ( 'NONE', #2472, .T. ) ;
#3087 = ORIENTED_EDGE ( 'NONE', *, *, #248, .T. ) ;
#3088 = VECTOR ( 'NONE', #3055, 1000.000000000000000 ) ;
#3089 = VECTOR ( 'NONE', #1867, 1000.000000000000000 ) ;
#3090 = PLANE ( 'NONE',  #2105 ) ;
#3091 = ORIENTED_EDGE ( 'NONE', *, *, #2239, .T. ) ;
#3092 = FACE_OUTER_BOUND ( 'NONE', #412, .T. ) ;
#3093 = ADVANCED_FACE ( 'NONE', ( #2041 ), #112, .F. ) ;
#3094 = AXIS2_PLACEMENT_3D ( 'NONE', #1791, #2034, #2521 ) ;
#3095 = AXIS2_PLACEMENT_3D ( 'NONE', #2097, #649, #2336 ) ;
#3096 = AXIS2_PLACEMENT_3D ( 'NONE', #1841, #1174, #1188 ) ;
#3097 = CARTESIAN_POINT ( 'NONE',  ( 529.7749999999999773, 0.9999999999999991118, -3.519413189553878220E-12 ) ) ;
#3098 = DIRECTION ( 'NONE',  ( 0.0000000000000000000, 1.000000000000000000, -0.0000000000000000000 ) ) ;
#3099 = VECTOR ( 'NONE', #218, 1000.000000000000000 ) ;
#3100 = CARTESIAN_POINT ( 'NONE',  ( 0.0000000000000000000, 5.500000000000000888, -12.50000000000000178 ) ) ;
#3101 = ORIENTED_EDGE ( 'NONE', *, *, #2696, .T. ) ;
#3102 = AXIS2_PLACEMENT_3D ( 'NONE', #953, #2639, #1178 ) ;
#3103 = DIRECTION ( 'NONE',  ( 0.0000000000000000000, 0.0000000000000000000, 1.000000000000000000 ) ) ;
#3104 = ORIENTED_EDGE ( 'NONE', *, *, #2903, .F. ) ;
#3105 = ADVANCED_FACE ( 'NONE', ( #2704 ), #1743, .F. ) ;
#3106 = DIRECTION ( 'NONE',  ( -0.0000000000000000000, 1.000000000000000000, -8.673617379884035472E-18 ) ) ;
#3107 = CARTESIAN_POINT ( 'NONE',  ( 313.7749999999999773, -9.000000000000001776, -3.150000000002011191 ) ) ;
#3108 = DIRECTION ( 'NONE',  ( 0.0000000000000000000, 0.0000000000000000000, 1.000000000000000000 ) ) ;
#3109 = ORIENTED_EDGE ( 'NONE', *, *, #2955, .F. ) ;
#3110 = PERSON ( '未指定', '未指定', '未指定', ('未指定'), ('未指定'), ('未指定') ) ;
#3111 = ADVANCED_FACE ( 'NONE', ( #848 ), #1319, .F. ) ;
#3112 = CARTESIAN_POINT ( 'NONE',  ( 7.074999999999997513, 0.0000000000000000000, -3.149999999999999911 ) ) ;
#3113 = DIRECTION ( 'NONE',  ( 0.0000000000000000000, -1.000000000000000000, 8.673617379884035472E-18 ) ) ;
#3114 = CARTESIAN_POINT ( 'NONE',  ( 475.0749999999999886, 0.9999999999999991118, 3.149999999996732747 ) ) ;
#3115 = CARTESIAN_POINT ( 'NONE',  ( 295.0749999999999886, 0.0000000000000000000, -2.011084577556264929E-12 ) ) ;
#3116 = DIRECTION ( 'NONE',  ( 0.0000000000000000000, 1.000000000000000000, -0.0000000000000000000 ) ) ;
#3117 = CARTESIAN_POINT ( 'NONE',  ( 511.0749999999999318, -9.000000000000001776, 3.149999999996481392 ) ) ;
#3118 = AXIS2_PLACEMENT_3D ( 'NONE', #225, #1896, #471 ) ;
#3119 = EDGE_CURVE ( 'NONE', #3131, #3017, #2621, .T. ) ;
#3120 = ORIENTED_EDGE ( 'NONE', *, *, #2960, .T. ) ;
#3121 = EDGE_LOOP ( 'NONE', ( #2831, #1499, #11, #1985 ) ) ;
#3122 = EDGE_CURVE ( 'NONE', #619, #3144, #202, .T. ) ;
#3123 = CIRCLE ( 'NONE', #2451, 3.150000000000001688 ) ;
#3124 = CARTESIAN_POINT ( 'NONE',  ( 547.0749999999998181, 0.0000000000000000000, -3.150000000003770673 ) ) ;
#3125 = EDGE_CURVE ( 'NONE', #65, #372, #692, .T. ) ;
#3126 = CIRCLE ( 'NONE', #2665, 3.150000000000000799 ) ;
#3127 = ADVANCED_FACE ( 'NONE', ( #608 ), #1274, .F. ) ;
#3128 = EDGE_CURVE ( 'NONE', #2697, #55, #3130, .T. ) ;
#3129 = DIRECTION ( 'NONE',  ( -1.000000000000000000, 0.0000000000000000000, 0.0000000000000000000 ) ) ;
#3130 = LINE ( 'NONE', #1531, #1255 ) ;
#3131 = VERTEX_POINT ( 'NONE', #1283 ) ;
#3132 = CARTESIAN_POINT ( 'NONE',  ( 421.7749999999999773, 0.9999999999999991118, 3.149999999997238120 ) ) ;
#3133 = CARTESIAN_POINT ( 'NONE',  ( -1.461063890193314171E-16, 0.0000000000000000000, 3.149999999997723954 ) ) ;
#3134 = CARTESIAN_POINT ( 'NONE',  ( 43.07499999999999574, 0.9999999999999991118, -3.150000000000251710 ) ) ;
#3135 = DIRECTION ( 'NONE',  ( 0.0000000000000000000, 0.0000000000000000000, -1.000000000000000000 ) ) ;
#3136 = CARTESIAN_POINT ( 'NONE',  ( 601.7749999999999773, -9.000000000000001776, -3.150000000004022471 ) ) ;
#3137 = LINE ( 'NONE', #2924, #2468 ) ;
#3138 = DIRECTION ( 'NONE',  ( -0.0000000000000000000, 1.000000000000000000, -8.673617379884035472E-18 ) ) ;
#3139 = DIRECTION ( 'NONE',  ( 0.0000000000000000000, 1.000000000000000000, -8.673617379884035472E-18 ) ) ;
#3140 = ORIENTED_EDGE ( 'NONE', *, *, #567, .F. ) ;
#3141 = CIRCLE ( 'NONE', #2319, 3.150000000000001688 ) ;
#3142 = CARTESIAN_POINT ( 'NONE',  ( 241.7749999999999488, 0.0000000000000000000, -3.150000000001508482 ) ) ;
#3143 = PLANE ( 'NONE',  #784 ) ;
#3144 = VERTEX_POINT ( 'NONE', #2985 ) ;
#3145 = EDGE_LOOP ( 'NONE', ( #133, #691, #1039, #2837 ) ) ;
#3146 = DIRECTION ( 'NONE',  ( 0.0000000000000000000, 0.0000000000000000000, 1.000000000000000000 ) ) ;
#3147 = ORIENTED_EDGE ( 'NONE', *, *, #1233, .F. ) ;
#3148 = CYLINDRICAL_SURFACE ( 'NONE', #2371, 3.150000000000000799 ) ;
#3149 = ORIENTED_EDGE ( 'NONE', *, *, #2538, .F. ) ;
#3150 = DIRECTION ( 'NONE',  ( 0.0000000000000000000, 0.0000000000000000000, 1.000000000000000000 ) ) ;
#3151 = CARTESIAN_POINT ( 'NONE',  ( 610.0000000000000000, 5.500000000000001776, -14.49999999999999822 ) ) ;
#3152 = LINE ( 'NONE', #1158, #1918 ) ;
#3153 = CARTESIAN_POINT ( 'NONE',  ( 241.7749999999999488, -9.000000000000001776, -3.150000000001508482 ) ) ;
#3154 = ORIENTED_EDGE ( 'NONE', *, *, #3050, .T. ) ;
#3155 = ORIENTED_EDGE ( 'NONE', *, *, #2550, .F. ) ;
#3156 = EDGE_CURVE ( 'NONE', #331, #1451, #2464, .T. ) ;
#3157 = CARTESIAN_POINT ( 'NONE',  ( 7.074999999999996625, -9.000000000000001776, 3.150000000000002132 ) ) ;
#3158 = DIRECTION ( 'NONE',  ( -1.000000000000000000, 0.0000000000000000000, 0.0000000000000000000 ) ) ;
#3159 = EDGE_LOOP ( 'NONE', ( #3028, #2972, #1540, #1337 ) ) ;
#3160 = EDGE_LOOP ( 'NONE', ( #2768, #1604, #1193, #1836 ) ) ;
#3161 = EDGE_CURVE ( 'NONE', #1746, #1770, #1804, .T. ) ;
ENDSEC;
END-ISO-10303-21;
