SolidWorks IGES file using analytic representation for surfaces         S      1
1H,,1H;,15H门无玻璃.SLDPRT,61HE:\BDBS\学习\作业\第三学期\挑战杯\tzb\新建G      1
文件夹\门无玻璃.IGS,15HSolidWorks 2024,15HSolidWorks 2024,32,308,15,    G      2
308,15,15H门无玻璃.SLDPRT,1.,2,2HMM,50,0.125,13H241123.203308,1E-08,    G      3
499990.,13HAdministrator,,11,0,13H241123.203308;                        G      4
     314       1       0       0       0                        00000200D      1
     314       0       8       1       0                               0D      2
     314       2       0       0       0                        00000200D      3
     314       0       6       1       0                               0D      4
     110       3       0       0       0                        01010000D      5
     110       0       0       1       0                               0D      6
     110       4       0       0       0                        01010000D      7
     110       0       0       1       0                               0D      8
     120       5       0       0       0                        01010000D      9
     120       0       0       1       0                               0D     10
     126       6       0       0       0                        01010500D     11
     126       0       0       2       0                               0D     12
     110       8       0       0       0                        01010000D     13
     110       0       0       1       0                               0D     14
     126       9       0       0       0                        01010500D     15
     126       0       0       2       0                               0D     16
     124      11       0       0       0                        00000000D     17
     124       0       0       4       0                               0D     18
     100      15       0       0       0              17        01010000D     19
     100       0       0       1       0                               0D     20
     126      16       0       0       0                        01010500D     21
     126       0       0      11       0                               0D     22
     126      27       0       0       0                        01010000D     23
     126       0       0       4       0                               0D     24
     126      31       0       0       0                        01010500D     25
     126       0       0       2       0                               0D     26
     100      33       0       0       0                        01010000D     27
     100       0       0       1       0                               0D     28
     102      34       0       0       0                        01010500D     29
     102       0       0       1       0                               0D     30
     102      35       0       0       0                        01010000D     31
     102       0       0       1       0                               0D     32
     142      36       0       0       0                        00010500D     33
     142       0       0       1       0                               0D     34
     144      37       0       0       0                        00000000D     35
     144       0      -3       1       0                               0D     36
     128      38       0       0       0                        01010000D     37
     128       0       0      17       0                               0D     38
     126      55       0       0       0                        01010500D     39
     126       0       0       2       0                               0D     40
     100      57       0       0       0                        01010000D     41
     100       0       0       1       0                               0D     42
     126      58       0       0       0                        01010500D     43
     126       0       0       2       0                               0D     44
     124      60       0       0       0                        00000000D     45
     124       0       0       2       0                               0D     46
     100      62       0       0       0              45        01010000D     47
     100       0       0       1       0                               0D     48
     126      63       0       0       0                        01010500D     49
     126       0       0      14       0                               0D     50
     126      77       0       0       0                        01010000D     51
     126       0       0      32       0                               0D     52
     126     109       0       0       0                        01010500D     53
     126       0       0       2       0                               0D     54
     124     111       0       0       0                        00000000D     55
     124       0       0       3       0                               0D     56
     100     114       0       0       0              55        01010000D     57
     100       0       0       1       0                               0D     58
     102     115       0       0       0                        01010500D     59
     102       0       0       1       0                               0D     60
     102     116       0       0       0                        01010000D     61
     102       0       0       1       0                               0D     62
     142     117       0       0       0                        00010500D     63
     142       0       0       1       0                               0D     64
     144     118       0       0       0                        00000000D     65
     144       0      -1       1       0                               0D     66
     314     119       0       0       0                        00000200D     67
     314       0       6       1       0                               0D     68
     110     120       0       0       0                        01010000D     69
     110       0       0       1       0                               0D     70
     110     121       0       0       0                        01010000D     71
     110       0       0       1       0                               0D     72
     120     122       0       0       0                        01010000D     73
     120       0       0       1       0                               0D     74
     126     123       0       0       0                        01010500D     75
     126       0       0       2       0                               0D     76
     110     125       0       0       0                        01010000D     77
     110       0       0       1       0                               0D     78
     126     126       0       0       0                        01010500D     79
     126       0       0       2       0                               0D     80
     124     128       0       0       0                        00000000D     81
     124       0       0       3       0                               0D     82
     100     131       0       0       0              81        01010000D     83
     100       0       0       1       0                               0D     84
     126     132       0       0       0                        01010500D     85
     126       0       0       2       0                               0D     86
     110     134       0       0       0                        01010000D     87
     110       0       0       1       0                               0D     88
     126     135       0       0       0                        01010500D     89
     126       0       0       2       0                               0D     90
     100     137       0       0       0                        01010000D     91
     100       0       0       1       0                               0D     92
     102     138       0       0       0                        01010500D     93
     102       0       0       1       0                               0D     94
     102     139       0       0       0                        01010000D     95
     102       0       0       1       0                               0D     96
     142     140       0       0       0                        00010500D     97
     142       0       0       1       0                               0D     98
     144     141       0       0       0                        00000000D     99
     144       0     -67       1       0                               0D    100
     314     142       0       0       0                        00000200D    101
     314       0       6       1       0                               0D    102
     110     143       0       0       0                        01010000D    103
     110       0       0       1       0                               0D    104
     110     144       0       0       0                        01010000D    105
     110       0       0       1       0                               0D    106
     120     145       0       0       0                        01010000D    107
     120       0       0       1       0                               0D    108
     126     146       0       0       0                        01010500D    109
     126       0       0       2       0                               0D    110
     110     148       0       0       0                        01010000D    111
     110       0       0       1       0                               0D    112
     126     149       0       0       0                        01010500D    113
     126       0       0       2       0                               0D    114
     100     151       0       0       0                        01010000D    115
     100       0       0       1       0                               0D    116
     126     152       0       0       0                        01010500D    117
     126       0       0       2       0                               0D    118
     110     154       0       0       0                        01010000D    119
     110       0       0       1       0                               0D    120
     126     155       0       0       0                        01010500D    121
     126       0       0       2       0                               0D    122
     124     157       0       0       0                        00000000D    123
     124       0       0       4       0                               0D    124
     100     161       0       0       0             123        01010000D    125
     100       0       0       1       0                               0D    126
     102     162       0       0       0                        01010500D    127
     102       0       0       1       0                               0D    128
     102     163       0       0       0                        01010000D    129
     102       0       0       1       0                               0D    130
     142     164       0       0       0                        00010500D    131
     142       0       0       1       0                               0D    132
     144     165       0       0       0                        00000000D    133
     144       0    -101       1       0                               0D    134
     314     166       0       0       0                        00000200D    135
     314       0       6       1       0                               0D    136
     110     167       0       0       0                        01010000D    137
     110       0       0       1       0                               0D    138
     110     168       0       0       0                        01010000D    139
     110       0       0       1       0                               0D    140
     120     169       0       0       0                        01010000D    141
     120       0       0       1       0                               0D    142
     126     170       0       0       0                        01010500D    143
     126       0       0       2       0                               0D    144
     124     172       0       0       0                        00000000D    145
     124       0       0       2       0                               0D    146
     100     174       0       0       0             145        01010000D    147
     100       0       0       1       0                               0D    148
     126     175       0       0       0                        01010500D    149
     126       0       0       2       0                               0D    150
     110     177       0       0       0                        01010000D    151
     110       0       0       1       0                               0D    152
     126     178       0       0       0                        01010500D    153
     126       0       0       2       0                               0D    154
     100     180       0       0       0                        01010000D    155
     100       0       0       1       0                               0D    156
     126     181       0       0       0                        01010500D    157
     126       0       0       2       0                               0D    158
     110     183       0       0       0                        01010000D    159
     110       0       0       1       0                               0D    160
     102     184       0       0       0                        01010500D    161
     102       0       0       1       0                               0D    162
     102     185       0       0       0                        01010000D    163
     102       0       0       1       0                               0D    164
     142     186       0       0       0                        00010500D    165
     142       0       0       1       0                               0D    166
     144     187       0       0       0                        00000000D    167
     144       0    -135       1       0                               0D    168
     314     188       0       0       0                        00000200D    169
     314       0       6       1       0                               0D    170
     110     189       0       0       0                        01010000D    171
     110       0       0       1       0                               0D    172
     110     190       0       0       0                        01010000D    173
     110       0       0       1       0                               0D    174
     120     191       0       0       0                        01010000D    175
     120       0       0       1       0                               0D    176
     126     192       0       0       0                        01010500D    177
     126       0       0       7       0                               0D    178
     126     199       0       0       0                        01010000D    179
     126       0       0      48       0                               0D    180
     126     247       0       0       0                        01010500D    181
     126       0       0       2       0                               0D    182
     110     249       0       0       0                        01010000D    183
     110       0       0       1       0                               0D    184
     126     250       0       0       0                        01010500D    185
     126       0       0       2       0                               0D    186
     124     252       0       0       0                        00000000D    187
     124       0       0       4       0                               0D    188
     100     256       0       0       0             187        01010000D    189
     100       0       0       1       0                               0D    190
     126     257       0       0       0                        01010500D    191
     126       0       0       2       0                               0D    192
     110     259       0       0       0                        01010000D    193
     110       0       0       1       0                               0D    194
     126     260       0       0       0                        01010500D    195
     126       0       0       7       0                               0D    196
     126     267       0       0       0                        01010000D    197
     126       0       0      46       0                               0D    198
     126     313       0       0       0                        01010500D    199
     126       0       0       2       0                               0D    200
     100     315       0       0       0                        01010000D    201
     100       0       0       1       0                               0D    202
     102     316       0       0       0                        01010500D    203
     102       0       0       1       0                               0D    204
     102     317       0       0       0                        01010000D    205
     102       0       0       1       0                               0D    206
     142     318       0       0       0                        00010500D    207
     142       0       0       1       0                               0D    208
     144     319       0       0       0                        00000000D    209
     144       0    -169       1       0                               0D    210
     314     320       0       0       0                        00000200D    211
     314       0       6       1       0                               0D    212
     110     321       0       0       0                        01010000D    213
     110       0       0       1       0                               0D    214
     110     322       0       0       0                        01010000D    215
     110       0       0       1       0                               0D    216
     120     323       0       0       0                        01010000D    217
     120       0       0       1       0                               0D    218
     126     324       0       0       0                        01010500D    219
     126       0       0       2       0                               0D    220
     124     326       0       0       0                        00000000D    221
     124       0       0       4       0                               0D    222
     100     330       0       0       0             221        01010000D    223
     100       0       0       1       0                               0D    224
     126     331       0       0       0                        01010500D    225
     126       0       0       2       0                               0D    226
     110     333       0       0       0                        01010000D    227
     110       0       0       1       0                               0D    228
     126     334       0       0       0                        01010500D    229
     126       0       0       2       0                               0D    230
     100     336       0       0       0                        01010000D    231
     100       0       0       1       0                               0D    232
     126     337       0       0       0                        01010500D    233
     126       0       0       2       0                               0D    234
     110     339       0       0       0                        01010000D    235
     110       0       0       1       0                               0D    236
     102     340       0       0       0                        01010500D    237
     102       0       0       1       0                               0D    238
     102     341       0       0       0                        01010000D    239
     102       0       0       1       0                               0D    240
     142     342       0       0       0                        00010500D    241
     142       0       0       1       0                               0D    242
     144     343       0       0       0                        00000000D    243
     144       0    -211       1       0                               0D    244
     314     344       0       0       0                        00000200D    245
     314       0       1       1       0                               0D    246
     128     345       0       0       0                        01010000D    247
     128       0       0       3       0                               0D    248
     126     348       0       0       0                        01010500D    249
     126       0       0      22       0                               0D    250
     100     370       0       0       0                        01010000D    251
     100       0       0       1       0                               0D    252
     126     371       0       0       0                        01010500D    253
     126       0       0       2       0                               0D    254
     110     373       0       0       0                        01010000D    255
     110       0       0       1       0                               0D    256
     126     374       0       0       0                        01010500D    257
     126       0       0       2       0                               0D    258
     110     376       0       0       0                        01010000D    259
     110       0       0       1       0                               0D    260
     102     377       0       0       0                        01010500D    261
     102       0       0       1       0                               0D    262
     102     378       0       0       0                        01010000D    263
     102       0       0       1       0                               0D    264
     142     379       0       0       0                        00010500D    265
     142       0       0       1       0                               0D    266
     144     380       0       0       0                        00000000D    267
     144       0    -245       1       0                               0D    268
     128     381       0       0       0                        01010000D    269
     128       0       0       3       0                               0D    270
     126     384       0       0       0                        01010500D    271
     126       0       0       2       0                               0D    272
     110     386       0       0       0                        01010000D    273
     110       0       0       1       0                               0D    274
     126     387       0       0       0                        01010500D    275
     126       0       0       2       0                               0D    276
     110     389       0       0       0                        01010000D    277
     110       0       0       1       0                               0D    278
     126     390       0       0       0                        01010500D    279
     126       0       0       2       0                               0D    280
     110     392       0       0       0                        01010000D    281
     110       0       0       1       0                               0D    282
     126     393       0       0       0                        01010500D    283
     126       0       0       2       0                               0D    284
     110     395       0       0       0                        01010000D    285
     110       0       0       1       0                               0D    286
     102     396       0       0       0                        01010500D    287
     102       0       0       1       0                               0D    288
     102     397       0       0       0                        01010000D    289
     102       0       0       1       0                               0D    290
     142     398       0       0       0                        00010500D    291
     142       0       0       1       0                               0D    292
     144     399       0       0       0                        00000000D    293
     144       0      -1       1       0                               0D    294
     128     400       0       0       0                        01010000D    295
     128       0       0       3       0                               0D    296
     126     403       0       0       0                        01010500D    297
     126       0       0       2       0                               0D    298
     110     405       0       0       0                        01010000D    299
     110       0       0       1       0                               0D    300
     126     406       0       0       0                        01010500D    301
     126       0       0       2       0                               0D    302
     110     408       0       0       0                        01010000D    303
     110       0       0       1       0                               0D    304
     126     409       0       0       0                        01010500D    305
     126       0       0       2       0                               0D    306
     110     411       0       0       0                        01010000D    307
     110       0       0       1       0                               0D    308
     126     412       0       0       0                        01010500D    309
     126       0       0       2       0                               0D    310
     110     414       0       0       0                        01010000D    311
     110       0       0       1       0                               0D    312
     126     415       0       0       0                        01010500D    313
     126       0       0       2       0                               0D    314
     110     417       0       0       0                        01010000D    315
     110       0       0       1       0                               0D    316
     126     418       0       0       0                        01010500D    317
     126       0       0       2       0                               0D    318
     110     420       0       0       0                        01010000D    319
     110       0       0       1       0                               0D    320
     102     421       0       0       0                        01010500D    321
     102       0       0       1       0                               0D    322
     102     422       0       0       0                        01010000D    323
     102       0       0       1       0                               0D    324
     142     423       0       0       0                        00010500D    325
     142       0       0       1       0                               0D    326
     144     424       0       0       0                        00000000D    327
     144       0      -1       1       0                               0D    328
     128     425       0       0       0                        01010000D    329
     128       0       0       3       0                               0D    330
     126     428       0       0       0                        01010500D    331
     126       0       0       2       0                               0D    332
     110     430       0       0       0                        01010000D    333
     110       0       0       1       0                               0D    334
     126     431       0       0       0                        01010500D    335
     126       0       0       2       0                               0D    336
     110     433       0       0       0                        01010000D    337
     110       0       0       1       0                               0D    338
     126     434       0       0       0                        01010500D    339
     126       0       0       2       0                               0D    340
     110     436       0       0       0                        01010000D    341
     110       0       0       1       0                               0D    342
     126     437       0       0       0                        01010500D    343
     126       0       0       2       0                               0D    344
     110     439       0       0       0                        01010000D    345
     110       0       0       1       0                               0D    346
     102     440       0       0       0                        01010500D    347
     102       0       0       1       0                               0D    348
     102     441       0       0       0                        01010000D    349
     102       0       0       1       0                               0D    350
     142     442       0       0       0                        00010500D    351
     142       0       0       1       0                               0D    352
     144     443       0       0       0                        00000000D    353
     144       0      -1       1       0                               0D    354
     128     444       0       0       0                        01010000D    355
     128       0       0      17       0                               0D    356
     126     461       0       0       0                        01010500D    357
     126       0       0       2       0                               0D    358
     124     463       0       0       0                        00000000D    359
     124       0       0       2       0                               0D    360
     100     465       0       0       0             359        01010000D    361
     100       0       0       1       0                               0D    362
     126     466       0       0       0                        01010500D    363
     126       0       0      14       0                               0D    364
     126     480       0       0       0                        01010000D    365
     126       0       0      61       0                               0D    366
     126     541       0       0       0                        01010500D    367
     126       0       0       2       0                               0D    368
     124     543       0       0       0                        00000000D    369
     124       0       0       4       0                               0D    370
     100     547       0       0       0             369        01010000D    371
     100       0       0       1       0                               0D    372
     126     548       0       0       0                        01010500D    373
     126       0       0       2       0                               0D    374
     100     550       0       0       0                        01010000D    375
     100       0       0       1       0                               0D    376
     102     551       0       0       0                        01010500D    377
     102       0       0       1       0                               0D    378
     102     552       0       0       0                        01010000D    379
     102       0       0       1       0                               0D    380
     142     553       0       0       0                        00010500D    381
     142       0       0       1       0                               0D    382
     144     554       0       0       0                        00000000D    383
     144       0      -1       1       0                               0D    384
     110     555       0       0       0                        01010000D    385
     110       0       0       1       0                               0D    386
     110     556       0       0       0                        01010000D    387
     110       0       0       1       0                               0D    388
     120     557       0       0       0                        01010000D    389
     120       0       0       1       0                               0D    390
     126     558       0       0       0                        01010500D    391
     126       0       0       4       0                               0D    392
     126     562       0       0       0                        01010000D    393
     126       0       0      11       0                               0D    394
     126     573       0       0       0                        01010500D    395
     126       0       0       2       0                               0D    396
     110     575       0       0       0                        01010000D    397
     110       0       0       1       0                               0D    398
     126     576       0       0       0                        01010500D    399
     126       0       0       2       0                               0D    400
     124     578       0       0       0                        00000000D    401
     124       0       0       2       0                               0D    402
     100     580       0       0       0             401        01010000D    403
     100       0       0       1       0                               0D    404
     126     581       0       0       0                        01010500D    405
     126       0       0       2       0                               0D    406
     110     583       0       0       0                        01010000D    407
     110       0       0       1       0                               0D    408
     126     584       0       0       0                        01010500D    409
     126       0       0      14       0                               0D    410
     126     598       0       0       0                        01010000D    411
     126       0       0       5       0                               0D    412
     102     603       0       0       0                        01010500D    413
     102       0       0       1       0                               0D    414
     102     604       0       0       0                        01010000D    415
     102       0       0       1       0                               0D    416
     142     605       0       0       0                        00010500D    417
     142       0       0       1       0                               0D    418
     144     606       0       0       0                        00000000D    419
     144       0      -1       1       0                               0D    420
     110     607       0       0       0                        01010000D    421
     110       0       0       1       0                               0D    422
     110     608       0       0       0                        01010000D    423
     110       0       0       1       0                               0D    424
     120     609       0       0       0                        01010000D    425
     120       0       0       1       0                               0D    426
     126     610       0       0       0                        01010500D    427
     126       0       0      14       0                               0D    428
     126     624       0       0       0                        01010000D    429
     126       0       0       5       0                               0D    430
     126     629       0       0       0                        01010500D    431
     126       0       0       2       0                               0D    432
     110     631       0       0       0                        01010000D    433
     110       0       0       1       0                               0D    434
     126     632       0       0       0                        01010500D    435
     126       0       0       2       0                               0D    436
     124     634       0       0       0                        00000000D    437
     124       0       0       3       0                               0D    438
     100     637       0       0       0             437        01010000D    439
     100       0       0       1       0                               0D    440
     126     638       0       0       0                        01010500D    441
     126       0       0       2       0                               0D    442
     110     640       0       0       0                        01010000D    443
     110       0       0       1       0                               0D    444
     126     641       0       0       0                        01010500D    445
     126       0       0       4       0                               0D    446
     126     645       0       0       0                        01010000D    447
     126       0       0      14       0                               0D    448
     102     659       0       0       0                        01010500D    449
     102       0       0       1       0                               0D    450
     102     660       0       0       0                        01010000D    451
     102       0       0       1       0                               0D    452
     142     661       0       0       0                        00010500D    453
     142       0       0       1       0                               0D    454
     144     662       0       0       0                        00000000D    455
     144       0      -1       1       0                               0D    456
     110     663       0       0       0                        01010000D    457
     110       0       0       1       0                               0D    458
     110     664       0       0       0                        01010000D    459
     110       0       0       1       0                               0D    460
     120     665       0       0       0                        01010000D    461
     120       0       0       1       0                               0D    462
     126     666       0       0       0                        01010500D    463
     126       0       0       4       0                               0D    464
     126     670       0       0       0                        01010000D    465
     126       0       0      14       0                               0D    466
     126     684       0       0       0                        01010500D    467
     126       0       0      14       0                               0D    468
     126     698       0       0       0                        01010000D    469
     126       0       0       5       0                               0D    470
     126     703       0       0       0                        01010500D    471
     126       0       0       2       0                               0D    472
     110     705       0       0       0                        01010000D    473
     110       0       0       1       0                               0D    474
     126     706       0       0       0                        01010500D    475
     126       0       0      14       0                               0D    476
     126     720       0       0       0                        01010000D    477
     126       0       0       5       0                               0D    478
     126     725       0       0       0                        01010500D    479
     126       0       0       4       0                               0D    480
     126     729       0       0       0                        01010000D    481
     126       0       0      11       0                               0D    482
     126     740       0       0       0                        01010500D    483
     126       0       0       2       0                               0D    484
     110     742       0       0       0                        01010000D    485
     110       0       0       1       0                               0D    486
     102     743       0       0       0                        01010500D    487
     102       0       0       1       0                               0D    488
     102     744       0       0       0                        01010000D    489
     102       0       0       1       0                               0D    490
     142     745       0       0       0                        00010500D    491
     142       0       0       1       0                               0D    492
     144     746       0       0       0                        00000000D    493
     144       0      -1       1       0                               0D    494
     110     747       0       0       0                        01010000D    495
     110       0       0       1       0                               0D    496
     110     748       0       0       0                        01010000D    497
     110       0       0       1       0                               0D    498
     120     749       0       0       0                        01010000D    499
     120       0       0       1       0                               0D    500
     126     750       0       0       0                        01010500D    501
     126       0       0       4       0                               0D    502
     126     754       0       0       0                        01010000D    503
     126       0       0      11       0                               0D    504
     126     765       0       0       0                        01010500D    505
     126       0       0       2       0                               0D    506
     110     767       0       0       0                        01010000D    507
     110       0       0       1       0                               0D    508
     126     768       0       0       0                        01010500D    509
     126       0       0       2       0                               0D    510
     124     770       0       0       0                        00000000D    511
     124       0       0       4       0                               0D    512
     100     774       0       0       0             511        01010000D    513
     100       0       0       1       0                               0D    514
     126     775       0       0       0                        01010500D    515
     126       0       0       2       0                               0D    516
     110     777       0       0       0                        01010000D    517
     110       0       0       1       0                               0D    518
     126     778       0       0       0                        01010500D    519
     126       0       0      14       0                               0D    520
     126     792       0       0       0                        01010000D    521
     126       0       0       5       0                               0D    522
     102     797       0       0       0                        01010500D    523
     102       0       0       1       0                               0D    524
     102     798       0       0       0                        01010000D    525
     102       0       0       1       0                               0D    526
     142     799       0       0       0                        00010500D    527
     142       0       0       1       0                               0D    528
     144     800       0       0       0                        00000000D    529
     144       0      -1       1       0                               0D    530
     110     801       0       0       0                        01010000D    531
     110       0       0       1       0                               0D    532
     110     802       0       0       0                        01010000D    533
     110       0       0       1       0                               0D    534
     120     803       0       0       0                        01010000D    535
     120       0       0       1       0                               0D    536
     126     804       0       0       0                        01010500D    537
     126       0       0       2       0                               0D    538
     110     806       0       0       0                        01010000D    539
     110       0       0       1       0                               0D    540
     126     807       0       0       0                        01010500D    541
     126       0       0      14       0                               0D    542
     126     821       0       0       0                        01010000D    543
     126       0       0       5       0                               0D    544
     126     826       0       0       0                        01010500D    545
     126       0       0       4       0                               0D    546
     126     830       0       0       0                        01010000D    547
     126       0       0      11       0                               0D    548
     126     841       0       0       0                        01010500D    549
     126       0       0       2       0                               0D    550
     110     843       0       0       0                        01010000D    551
     110       0       0       1       0                               0D    552
     126     844       0       0       0                        01010500D    553
     126       0       0       4       0                               0D    554
     126     848       0       0       0                        01010000D    555
     126       0       0      13       0                               0D    556
     126     861       0       0       0                        01010500D    557
     126       0       0      14       0                               0D    558
     126     875       0       0       0                        01010000D    559
     126       0       0       5       0                               0D    560
     102     880       0       0       0                        01010500D    561
     102       0       0       1       0                               0D    562
     102     881       0       0       0                        01010000D    563
     102       0       0       1       0                               0D    564
     142     882       0       0       0                        00010500D    565
     142       0       0       1       0                               0D    566
     144     883       0       0       0                        00000000D    567
     144       0      -1       1       0                               0D    568
     128     884       0       0       0                        01010000D    569
     128       0       0      17       0                               0D    570
     126     901       0       0       0                        01010500D    571
     126       0       0       2       0                               0D    572
     124     903       0       0       0                        00000000D    573
     124       0       0       3       0                               0D    574
     100     906       0       0       0             573        01010000D    575
     100       0       0       1       0                               0D    576
     126     907       0       0       0                        01010500D    577
     126       0       0       2       0                               0D    578
     100     909       0       0       0                        01010000D    579
     100       0       0       1       0                               0D    580
     126     910       0       0       0                        01010500D    581
     126       0       0       2       0                               0D    582
     124     912       0       0       0                        00000000D    583
     124       0       0       3       0                               0D    584
     100     915       0       0       0             583        01010000D    585
     100       0       0       1       0                               0D    586
     126     916       0       0       0                        01010500D    587
     126       0       0       2       0                               0D    588
     124     918       0       0       0                        00000000D    589
     124       0       0       3       0                               0D    590
     100     921       0       0       0             589        01010000D    591
     100       0       0       1       0                               0D    592
     102     922       0       0       0                        01010500D    593
     102       0       0       1       0                               0D    594
     102     923       0       0       0                        01010000D    595
     102       0       0       1       0                               0D    596
     142     924       0       0       0                        00010500D    597
     142       0       0       1       0                               0D    598
     144     925       0       0       0                        00000000D    599
     144       0      -1       1       0                               0D    600
     110     926       0       0       0                        01010000D    601
     110       0       0       1       0                               0D    602
     110     927       0       0       0                        01010000D    603
     110       0       0       1       0                               0D    604
     120     928       0       0       0                        01010000D    605
     120       0       0       1       0                               0D    606
     126     929       0       0       0                        01010500D    607
     126       0       0       2       0                               0D    608
     110     931       0       0       0                        01010000D    609
     110       0       0       1       0                               0D    610
     126     932       0       0       0                        01010500D    611
     126       0       0       7       0                               0D    612
     126     939       0       0       0                        01010000D    613
     126       0       0      48       0                               0D    614
     126     987       0       0       0                        01010500D    615
     126       0       0       2       0                               0D    616
     110     989       0       0       0                        01010000D    617
     110       0       0       1       0                               0D    618
     126     990       0       0       0                        01010500D    619
     126       0       0       2       0                               0D    620
     124     992       0       0       0                        00000000D    621
     124       0       0       4       0                               0D    622
     100     996       0       0       0             621        01010000D    623
     100       0       0       1       0                               0D    624
     102     997       0       0       0                        01010500D    625
     102       0       0       1       0                               0D    626
     102     998       0       0       0                        01010000D    627
     102       0       0       1       0                               0D    628
     142     999       0       0       0                        00010500D    629
     142       0       0       1       0                               0D    630
     144    1000       0       0       0                        00000000D    631
     144       0      -1       1       0                               0D    632
     110    1001       0       0       0                        01010000D    633
     110       0       0       1       0                               0D    634
     110    1002       0       0       0                        01010000D    635
     110       0       0       1       0                               0D    636
     120    1003       0       0       0                        01010000D    637
     120       0       0       1       0                               0D    638
     126    1004       0       0       0                        01010500D    639
     126       0       0      16       0                               0D    640
     126    1020       0       0       0                        01010000D    641
     126       0       0       4       0                               0D    642
     126    1024       0       0       0                        01010500D    643
     126       0       0       2       0                               0D    644
     110    1026       0       0       0                        01010000D    645
     110       0       0       1       0                               0D    646
     126    1027       0       0       0                        01010500D    647
     126       0       0       7       0                               0D    648
     126    1034       0       0       0                        01010000D    649
     126       0       0      46       0                               0D    650
     126    1080       0       0       0                        01010500D    651
     126       0       0       2       0                               0D    652
     110    1082       0       0       0                        01010000D    653
     110       0       0       1       0                               0D    654
     102    1083       0       0       0                        01010500D    655
     102       0       0       1       0                               0D    656
     102    1084       0       0       0                        01010000D    657
     102       0       0       1       0                               0D    658
     142    1085       0       0       0                        00010500D    659
     142       0       0       1       0                               0D    660
     144    1086       0       0       0                        00000000D    661
     144       0      -1       1       0                               0D    662
     128    1087       0       0       0                        01010000D    663
     128       0       0      16       0                               0D    664
     126    1103       0       0       0                        01010500D    665
     126       0       0       2       0                               0D    666
     124    1105       0       0       0                        00000000D    667
     124       0       0       3       0                               0D    668
     100    1108       0       0       0             667        01010000D    669
     100       0       0       1       0                               0D    670
     126    1109       0       0       0                        01010500D    671
     126       0       0       2       0                               0D    672
     100    1111       0       0       0                        01010000D    673
     100       0       0       1       0                               0D    674
     126    1112       0       0       0                        01010500D    675
     126       0       0       2       0                               0D    676
     124    1114       0       0       0                        00000000D    677
     124       0       0       3       0                               0D    678
     100    1117       0       0       0             677        01010000D    679
     100       0       0       1       0                               0D    680
     126    1118       0       0       0                        01010500D    681
     126       0       0       2       0                               0D    682
     124    1120       0       0       0                        00000000D    683
     124       0       0       3       0                               0D    684
     100    1123       0       0       0             683        01010000D    685
     100       0       0       1       0                               0D    686
     102    1124       0       0       0                        01010500D    687
     102       0       0       1       0                               0D    688
     102    1125       0       0       0                        01010000D    689
     102       0       0       1       0                               0D    690
     142    1126       0       0       0                        00010500D    691
     142       0       0       1       0                               0D    692
     144    1127       0       0       0                        00000000D    693
     144       0      -1       1       0                               0D    694
     110    1128       0       0       0                        01010000D    695
     110       0       0       1       0                               0D    696
     110    1129       0       0       0                        01010000D    697
     110       0       0       1       0                               0D    698
     120    1130       0       0       0                        01010000D    699
     120       0       0       1       0                               0D    700
     126    1131       0       0       0                        01010500D    701
     126       0       0       2       0                               0D    702
     110    1133       0       0       0                        01010000D    703
     110       0       0       1       0                               0D    704
     126    1134       0       0       0                        01010500D    705
     126       0       0      16       0                               0D    706
     126    1150       0       0       0                        01010000D    707
     126       0       0       4       0                               0D    708
     126    1154       0       0       0                        01010500D    709
     126       0       0       2       0                               0D    710
     110    1156       0       0       0                        01010000D    711
     110       0       0       1       0                               0D    712
     126    1157       0       0       0                        01010500D    713
     126       0       0       2       0                               0D    714
     124    1159       0       0       0                        00000000D    715
     124       0       0       2       0                               0D    716
     100    1161       0       0       0             715        01010000D    717
     100       0       0       1       0                               0D    718
     102    1162       0       0       0                        01010500D    719
     102       0       0       1       0                               0D    720
     102    1163       0       0       0                        01010000D    721
     102       0       0       1       0                               0D    722
     142    1164       0       0       0                        00010500D    723
     142       0       0       1       0                               0D    724
     144    1165       0       0       0                        00000000D    725
     144       0      -1       1       0                               0D    726
     110    1166       0       0       0                        01010000D    727
     110       0       0       1       0                               0D    728
     110    1167       0       0       0                        01010000D    729
     110       0       0       1       0                               0D    730
     120    1168       0       0       0                        01010000D    731
     120       0       0       1       0                               0D    732
     126    1169       0       0       0                        01010500D    733
     126       0       0       2       0                               0D    734
     110    1171       0       0       0                        01010000D    735
     110       0       0       1       0                               0D    736
     126    1172       0       0       0                        01010500D    737
     126       0       0       2       0                               0D    738
     110    1174       0       0       0                        01010000D    739
     110       0       0       1       0                               0D    740
     126    1175       0       0       0                        01010500D    741
     126       0       0       2       0                               0D    742
     124    1177       0       0       0                        00000000D    743
     124       0       0       3       0                               0D    744
     100    1180       0       0       0             743        01010000D    745
     100       0       0       1       0                               0D    746
     126    1181       0       0       0                        01010500D    747
     126       0       0       2       0                               0D    748
     110    1183       0       0       0                        01010000D    749
     110       0       0       1       0                               0D    750
     126    1184       0       0       0                        01010500D    751
     126       0       0       2       0                               0D    752
     124    1186       0       0       0                        00000000D    753
     124       0       0       3       0                               0D    754
     100    1189       0       0       0             753        01010000D    755
     100       0       0       1       0                               0D    756
     126    1190       0       0       0                        01010500D    757
     126       0       0       2       0                               0D    758
     110    1192       0       0       0                        01010000D    759
     110       0       0       1       0                               0D    760
     102    1193       0       0       0                        01010500D    761
     102       0       0       1       0                               0D    762
     102    1194       0       0       0                        01010000D    763
     102       0       0       1       0                               0D    764
     142    1195       0       0       0                        00010500D    765
     142       0       0       1       0                               0D    766
     144    1196       0       0       0                        00000000D    767
     144       0      -1       1       0                               0D    768
     110    1197       0       0       0                        01010000D    769
     110       0       0       1       0                               0D    770
     110    1198       0       0       0                        01010000D    771
     110       0       0       1       0                               0D    772
     120    1199       0       0       0                        01010000D    773
     120       0       0       1       0                               0D    774
     126    1200       0       0       0                        01010500D    775
     126       0       0       2       0                               0D    776
     124    1202       0       0       0                        00000000D    777
     124       0       0       2       0                               0D    778
     100    1204       0       0       0             777        01010000D    779
     100       0       0       1       0                               0D    780
     126    1205       0       0       0                        01010500D    781
     126       0       0       2       0                               0D    782
     110    1207       0       0       0                        01010000D    783
     110       0       0       1       0                               0D    784
     126    1208       0       0       0                        01010500D    785
     126       0       0       2       0                               0D    786
     124    1210       0       0       0                        00000000D    787
     124       0       0       3       0                               0D    788
     100    1213       0       0       0             787        01010000D    789
     100       0       0       1       0                               0D    790
     126    1214       0       0       0                        01010500D    791
     126       0       0       2       0                               0D    792
     110    1216       0       0       0                        01010000D    793
     110       0       0       1       0                               0D    794
     102    1217       0       0       0                        01010500D    795
     102       0       0       1       0                               0D    796
     102    1218       0       0       0                        01010000D    797
     102       0       0       1       0                               0D    798
     142    1219       0       0       0                        00010500D    799
     142       0       0       1       0                               0D    800
     144    1220       0       0       0                        00000000D    801
     144       0      -1       1       0                               0D    802
     110    1221       0       0       0                        01010000D    803
     110       0       0       1       0                               0D    804
     110    1222       0       0       0                        01010000D    805
     110       0       0       1       0                               0D    806
     120    1223       0       0       0                        01010000D    807
     120       0       0       1       0                               0D    808
     126    1224       0       0       0                        01010500D    809
     126       0       0       4       0                               0D    810
     126    1228       0       0       0                        01010000D    811
     126       0       0      11       0                               0D    812
     126    1239       0       0       0                        01010500D    813
     126       0       0       4       0                               0D    814
     126    1243       0       0       0                        01010000D    815
     126       0       0      13       0                               0D    816
     126    1256       0       0       0                        01010500D    817
     126       0       0       2       0                               0D    818
     110    1258       0       0       0                        01010000D    819
     110       0       0       1       0                               0D    820
     126    1259       0       0       0                        01010500D    821
     126       0       0       4       0                               0D    822
     126    1263       0       0       0                        01010000D    823
     126       0       0      11       0                               0D    824
     126    1274       0       0       0                        01010500D    825
     126       0       0       4       0                               0D    826
     126    1278       0       0       0                        01010000D    827
     126       0       0      13       0                               0D    828
     126    1291       0       0       0                        01010500D    829
     126       0       0       2       0                               0D    830
     110    1293       0       0       0                        01010000D    831
     110       0       0       1       0                               0D    832
     102    1294       0       0       0                        01010500D    833
     102       0       0       1       0                               0D    834
     102    1295       0       0       0                        01010000D    835
     102       0       0       1       0                               0D    836
     142    1296       0       0       0                        00010500D    837
     142       0       0       1       0                               0D    838
     144    1297       0       0       0                        00000000D    839
     144       0      -1       1       0                               0D    840
     110    1298       0       0       0                        01010000D    841
     110       0       0       1       0                               0D    842
     110    1299       0       0       0                        01010000D    843
     110       0       0       1       0                               0D    844
     120    1300       0       0       0                        01010000D    845
     120       0       0       1       0                               0D    846
     126    1301       0       0       0                        01010500D    847
     126       0       0       2       0                               0D    848
     110    1303       0       0       0                        01010000D    849
     110       0       0       1       0                               0D    850
     126    1304       0       0       0                        01010500D    851
     126       0       0       4       0                               0D    852
     126    1308       0       0       0                        01010000D    853
     126       0       0      11       0                               0D    854
     126    1319       0       0       0                        01010500D    855
     126       0       0       4       0                               0D    856
     126    1323       0       0       0                        01010000D    857
     126       0       0      13       0                               0D    858
     126    1336       0       0       0                        01010500D    859
     126       0       0       2       0                               0D    860
     110    1338       0       0       0                        01010000D    861
     110       0       0       1       0                               0D    862
     126    1339       0       0       0                        01010500D    863
     126       0       0       4       0                               0D    864
     126    1343       0       0       0                        01010000D    865
     126       0       0      11       0                               0D    866
     126    1354       0       0       0                        01010500D    867
     126       0       0       4       0                               0D    868
     126    1358       0       0       0                        01010000D    869
     126       0       0      13       0                               0D    870
     102    1371       0       0       0                        01010500D    871
     102       0       0       1       0                               0D    872
     102    1372       0       0       0                        01010000D    873
     102       0       0       1       0                               0D    874
     142    1373       0       0       0                        00010500D    875
     142       0       0       1       0                               0D    876
     144    1374       0       0       0                        00000000D    877
     144       0      -1       1       0                               0D    878
     128    1375       0       0       0                        01010000D    879
     128       0       0       3       0                               0D    880
     126    1378       0       0       0                        01010500D    881
     126       0       0       2       0                               0D    882
     110    1380       0       0       0                        01010000D    883
     110       0       0       1       0                               0D    884
     126    1381       0       0       0                        01010500D    885
     126       0       0       2       0                               0D    886
     110    1383       0       0       0                        01010000D    887
     110       0       0       1       0                               0D    888
     126    1384       0       0       0                        01010500D    889
     126       0       0       2       0                               0D    890
     110    1386       0       0       0                        01010000D    891
     110       0       0       1       0                               0D    892
     126    1387       0       0       0                        01010500D    893
     126       0       0       2       0                               0D    894
     110    1389       0       0       0                        01010000D    895
     110       0       0       1       0                               0D    896
     102    1390       0       0       0                        01010500D    897
     102       0       0       1       0                               0D    898
     102    1391       0       0       0                        01010000D    899
     102       0       0       1       0                               0D    900
     142    1392       0       0       0                        00010500D    901
     142       0       0       1       0                               0D    902
     144    1393       0       0       0                        00000000D    903
     144       0      -1       1       0                               0D    904
     128    1394       0       0       0                        01010000D    905
     128       0       0       3       0                               0D    906
     126    1397       0       0       0                        01010500D    907
     126       0       0       2       0                               0D    908
     110    1399       0       0       0                        01010000D    909
     110       0       0       1       0                               0D    910
     126    1400       0       0       0                        01010500D    911
     126       0       0       2       0                               0D    912
     110    1402       0       0       0                        01010000D    913
     110       0       0       1       0                               0D    914
     126    1403       0       0       0                        01010500D    915
     126       0       0       2       0                               0D    916
     110    1405       0       0       0                        01010000D    917
     110       0       0       1       0                               0D    918
     126    1406       0       0       0                        01010500D    919
     126       0       0       2       0                               0D    920
     110    1408       0       0       0                        01010000D    921
     110       0       0       1       0                               0D    922
     102    1409       0       0       0                        01010500D    923
     102       0       0       1       0                               0D    924
     102    1410       0       0       0                        01010000D    925
     102       0       0       1       0                               0D    926
     142    1411       0       0       0                        00010500D    927
     142       0       0       1       0                               0D    928
     144    1412       0       0       0                        00000000D    929
     144       0      -1       1       0                               0D    930
     128    1413       0       0       0                        01010000D    931
     128       0       0       3       0                               0D    932
     126    1416       0       0       0                        01010500D    933
     126       0       0       2       0                               0D    934
     110    1418       0       0       0                        01010000D    935
     110       0       0       1       0                               0D    936
     126    1419       0       0       0                        01010500D    937
     126       0       0       2       0                               0D    938
     110    1421       0       0       0                        01010000D    939
     110       0       0       1       0                               0D    940
     126    1422       0       0       0                        01010500D    941
     126       0       0       2       0                               0D    942
     110    1424       0       0       0                        01010000D    943
     110       0       0       1       0                               0D    944
     126    1425       0       0       0                        01010500D    945
     126       0       0       2       0                               0D    946
     110    1427       0       0       0                        01010000D    947
     110       0       0       1       0                               0D    948
     102    1428       0       0       0                        01010500D    949
     102       0       0       1       0                               0D    950
     102    1429       0       0       0                        01010000D    951
     102       0       0       1       0                               0D    952
     142    1430       0       0       0                        00010500D    953
     142       0       0       1       0                               0D    954
     144    1431       0       0       0                        00000000D    955
     144       0      -1       1       0                               0D    956
     128    1432       0       0       0                        01010000D    957
     128       0       0       3       0                               0D    958
     126    1435       0       0       0                        01010500D    959
     126       0       0       2       0                               0D    960
     110    1437       0       0       0                        01010000D    961
     110       0       0       1       0                               0D    962
     126    1438       0       0       0                        01010500D    963
     126       0       0       2       0                               0D    964
     110    1440       0       0       0                        01010000D    965
     110       0       0       1       0                               0D    966
     126    1441       0       0       0                        01010500D    967
     126       0       0       2       0                               0D    968
     124    1443       0       0       0                        00000000D    969
     124       0       0       4       0                               0D    970
     100    1447       0       0       0             969        01010000D    971
     100       0       0       1       0                               0D    972
     126    1448       0       0       0                        01010500D    973
     126       0       0       2       0                               0D    974
     110    1450       0       0       0                        01010000D    975
     110       0       0       1       0                               0D    976
     126    1451       0       0       0                        01010500D    977
     126       0       0       2       0                               0D    978
     110    1453       0       0       0                        01010000D    979
     110       0       0       1       0                               0D    980
     126    1454       0       0       0                        01010500D    981
     126       0       0      22       0                               0D    982
     100    1476       0       0       0                        01010000D    983
     100       0       0       1       0                               0D    984
     126    1477       0       0       0                        01010500D    985
     126       0       0       2       0                               0D    986
     110    1479       0       0       0                        01010000D    987
     110       0       0       1       0                               0D    988
     126    1480       0       0       0                        01010500D    989
     126       0       0      22       0                               0D    990
     100    1502       0       0       0                        01010000D    991
     100       0       0       1       0                               0D    992
     126    1503       0       0       0                        01010500D    993
     126       0       0       2       0                               0D    994
     110    1505       0       0       0                        01010000D    995
     110       0       0       1       0                               0D    996
     126    1506       0       0       0                        01010500D    997
     126       0       0      22       0                               0D    998
     100    1528       0       0       0                        01010000D    999
     100       0       0       1       0                               0D   1000
     126    1529       0       0       0                        01010500D   1001
     126       0       0       2       0                               0D   1002
     110    1531       0       0       0                        01010000D   1003
     110       0       0       1       0                               0D   1004
     126    1532       0       0       0                        01010500D   1005
     126       0       0       2       0                               0D   1006
     110    1534       0       0       0                        01010000D   1007
     110       0       0       1       0                               0D   1008
     102    1535       0       0       0                        01010500D   1009
     102       0       0       1       0                               0D   1010
     102    1536       0       0       0                        01010000D   1011
     102       0       0       1       0                               0D   1012
     142    1537       0       0       0                        00010500D   1013
     142       0       0       1       0                               0D   1014
     144    1538       0       0       0                        00000000D   1015
     144       0      -1       1       0                               0D   1016
     128    1539       0       0       0                        01010000D   1017
     128       0       0       3       0                               0D   1018
     126    1542       0       0       0                        01010500D   1019
     126       0       0       3       0                               0D   1020
     124    1545       0       0       0                        00000000D   1021
     124       0       0       4       0                               0D   1022
     100    1549       0       0       0            1021        01010000D   1023
     100       0       0       1       0                               0D   1024
     126    1550       0       0       0                        01010500D   1025
     126       0       0       2       0                               0D   1026
     110    1552       0       0       0                        01010000D   1027
     110       0       0       1       0                               0D   1028
     126    1553       0       0       0                        01010500D   1029
     126       0       0       2       0                               0D   1030
     110    1555       0       0       0                        01010000D   1031
     110       0       0       1       0                               0D   1032
     126    1556       0       0       0                        01010500D   1033
     126       0       0       2       0                               0D   1034
     110    1558       0       0       0                        01010000D   1035
     110       0       0       1       0                               0D   1036
     126    1559       0       0       0                        01010500D   1037
     126       0       0      22       0                               0D   1038
     124    1581       0       0       0                        00000000D   1039
     124       0       0       3       0                               0D   1040
     100    1584       0       0       0            1039        01010000D   1041
     100       0       0       1       0                               0D   1042
     126    1585       0       0       0                        01010500D   1043
     126       0       0       2       0                               0D   1044
     110    1587       0       0       0                        01010000D   1045
     110       0       0       1       0                               0D   1046
     126    1588       0       0       0                        01010500D   1047
     126       0       0       2       0                               0D   1048
     110    1590       0       0       0                        01010000D   1049
     110       0       0       1       0                               0D   1050
     126    1591       0       0       0                        01010500D   1051
     126       0       0       2       0                               0D   1052
     110    1593       0       0       0                        01010000D   1053
     110       0       0       1       0                               0D   1054
     126    1594       0       0       0                        01010500D   1055
     126       0       0       2       0                               0D   1056
     110    1596       0       0       0                        01010000D   1057
     110       0       0       1       0                               0D   1058
     126    1597       0       0       0                        01010500D   1059
     126       0       0       2       0                               0D   1060
     110    1599       0       0       0                        01010000D   1061
     110       0       0       1       0                               0D   1062
     102    1600       0       0       0                        01010500D   1063
     102       0       0       1       0                               0D   1064
     102    1601       0       0       0                        01010000D   1065
     102       0       0       1       0                               0D   1066
     142    1602       0       0       0                        00010500D   1067
     142       0       0       1       0                               0D   1068
     144    1603       0       0       0                        00000000D   1069
     144       0      -1       1       0                               0D   1070
     128    1604       0       0       0                        01010000D   1071
     128       0       0       2       0                               0D   1072
     126    1606       0       0       0                        01010500D   1073
     126       0       0       2       0                               0D   1074
     110    1608       0       0       0                        01010000D   1075
     110       0       0       1       0                               0D   1076
     126    1609       0       0       0                        01010500D   1077
     126       0       0       2       0                               0D   1078
     110    1611       0       0       0                        01010000D   1079
     110       0       0       1       0                               0D   1080
     126    1612       0       0       0                        01010500D   1081
     126       0       0       2       0                               0D   1082
     110    1614       0       0       0                        01010000D   1083
     110       0       0       1       0                               0D   1084
     126    1615       0       0       0                        01010500D   1085
     126       0       0       2       0                               0D   1086
     110    1617       0       0       0                        01010000D   1087
     110       0       0       1       0                               0D   1088
     102    1618       0       0       0                        01010500D   1089
     102       0       0       1       0                               0D   1090
     102    1619       0       0       0                        01010000D   1091
     102       0       0       1       0                               0D   1092
     142    1620       0       0       0                        00010500D   1093
     142       0       0       1       0                               0D   1094
     144    1621       0       0       0                        00000000D   1095
     144       0      -1       1       0                               0D   1096
     110    1622       0       0       0                        01010000D   1097
     110       0       0       1       0                               0D   1098
     110    1623       0       0       0                        01010000D   1099
     110       0       0       1       0                               0D   1100
     120    1624       0       0       0                        01010000D   1101
     120       0       0       1       0                               0D   1102
     126    1625       0       0       0                        01010500D   1103
     126       0       0       2       0                               0D   1104
     110    1627       0       0       0                        01010000D   1105
     110       0       0       1       0                               0D   1106
     126    1628       0       0       0                        01010500D   1107
     126       0       0       2       0                               0D   1108
     124    1630       0       0       0                        00000000D   1109
     124       0       0       4       0                               0D   1110
     100    1634       0       0       0            1109        01010000D   1111
     100       0       0       1       0                               0D   1112
     126    1635       0       0       0                        01010500D   1113
     126       0       0       2       0                               0D   1114
     110    1637       0       0       0                        01010000D   1115
     110       0       0       1       0                               0D   1116
     126    1638       0       0       0                        01010500D   1117
     126       0       0       4       0                               0D   1118
     126    1642       0       0       0                        01010000D   1119
     126       0       0      14       0                               0D   1120
     126    1656       0       0       0                        01010500D   1121
     126       0       0      14       0                               0D   1122
     126    1670       0       0       0                        01010000D   1123
     126       0       0       5       0                               0D   1124
     102    1675       0       0       0                        01010500D   1125
     102       0       0       1       0                               0D   1126
     102    1676       0       0       0                        01010000D   1127
     102       0       0       1       0                               0D   1128
     142    1677       0       0       0                        00010500D   1129
     142       0       0       1       0                               0D   1130
     144    1678       0       0       0                        00000000D   1131
     144       0      -1       1       0                               0D   1132
     314    1679       0       0       0                        00000200D   1133
     314       0       6       1       0                               0D   1134
     128    1680       0       0       0                        01010000D   1135
     128       0       0       3       0                               0D   1136
     126    1683       0       0       0                        01010500D   1137
     126       0       0       2       0                               0D   1138
     110    1685       0       0       0                        01010000D   1139
     110       0       0       1       0                               0D   1140
     126    1686       0       0       0                        01010500D   1141
     126       0       0       2       0                               0D   1142
     110    1688       0       0       0                        01010000D   1143
     110       0       0       1       0                               0D   1144
     126    1689       0       0       0                        01010500D   1145
     126       0       0       2       0                               0D   1146
     110    1691       0       0       0                        01010000D   1147
     110       0       0       1       0                               0D   1148
     126    1692       0       0       0                        01010500D   1149
     126       0       0      11       0                               0D   1150
     126    1703       0       0       0                        01010000D   1151
     126       0       0       4       0                               0D   1152
     102    1707       0       0       0                        01010500D   1153
     102       0       0       1       0                               0D   1154
     102    1708       0       0       0                        01010000D   1155
     102       0       0       1       0                               0D   1156
     142    1709       0       0       0                        00010500D   1157
     142       0       0       1       0                               0D   1158
     144    1710       0       0       0                        00000000D   1159
     144       0   -1133       1       0                               0D   1160
     128    1711       0       0       0                        01010000D   1161
     128       0       0       2       0                               0D   1162
     126    1713       0       0       0                        01010500D   1163
     126       0       0       2       0                               0D   1164
     110    1715       0       0       0                        01010000D   1165
     110       0       0       1       0                               0D   1166
     126    1716       0       0       0                        01010500D   1167
     126       0       0       2       0                               0D   1168
     110    1718       0       0       0                        01010000D   1169
     110       0       0       1       0                               0D   1170
     126    1719       0       0       0                        01010500D   1171
     126       0       0       2       0                               0D   1172
     110    1721       0       0       0                        01010000D   1173
     110       0       0       1       0                               0D   1174
     126    1722       0       0       0                        01010500D   1175
     126       0       0      11       0                               0D   1176
     124    1733       0       0       0                        00000000D   1177
     124       0       0       4       0                               0D   1178
     100    1737       0       0       0            1177        01010000D   1179
     100       0       0       1       0                               0D   1180
     126    1738       0       0       0                        01010500D   1181
     126       0       0       2       0                               0D   1182
     110    1740       0       0       0                        01010000D   1183
     110       0       0       1       0                               0D   1184
     126    1741       0       0       0                        01010500D   1185
     126       0       0      11       0                               0D   1186
     124    1752       0       0       0                        00000000D   1187
     124       0       0       4       0                               0D   1188
     100    1756       0       0       0            1187        01010000D   1189
     100       0       0       1       0                               0D   1190
     102    1757       0       0       0                        01010500D   1191
     102       0       0       1       0                               0D   1192
     102    1758       0       0       0                        01010000D   1193
     102       0       0       1       0                               0D   1194
     142    1759       0       0       0                        00010500D   1195
     142       0       0       1       0                               0D   1196
     126    1760       0       0       0                        01010500D   1197
     126       0       0      12       0                               0D   1198
     100    1772       0       0       0                        01010000D   1199
     100       0       0       1       0                               0D   1200
     126    1773       0       0       0                        01010500D   1201
     126       0       0       2       0                               0D   1202
     110    1775       0       0       0                        01010000D   1203
     110       0       0       1       0                               0D   1204
     126    1776       0       0       0                        01010500D   1205
     126       0       0      12       0                               0D   1206
     100    1788       0       0       0                        01010000D   1207
     100       0       0       1       0                               0D   1208
     126    1789       0       0       0                        01010500D   1209
     126       0       0       2       0                               0D   1210
     110    1791       0       0       0                        01010000D   1211
     110       0       0       1       0                               0D   1212
     126    1792       0       0       0                        01010500D   1213
     126       0       0      12       0                               0D   1214
     100    1804       0       0       0                        01010000D   1215
     100       0       0       1       0                               0D   1216
     126    1805       0       0       0                        01010500D   1217
     126       0       0       2       0                               0D   1218
     110    1807       0       0       0                        01010000D   1219
     110       0       0       1       0                               0D   1220
     126    1808       0       0       0                        01010500D   1221
     126       0       0      12       0                               0D   1222
     100    1820       0       0       0                        01010000D   1223
     100       0       0       1       0                               0D   1224
     126    1821       0       0       0                        01010500D   1225
     126       0       0       2       0                               0D   1226
     110    1823       0       0       0                        01010000D   1227
     110       0       0       1       0                               0D   1228
     102    1824       0       0       0                        01010500D   1229
     102       0       0       1       0                               0D   1230
     102    1825       0       0       0                        01010000D   1231
     102       0       0       1       0                               0D   1232
     142    1826       0       0       0                        00010500D   1233
     142       0       0       1       0                               0D   1234
     144    1827       0       0       0                        00000000D   1235
     144       0      -1       1       0                               0D   1236
     128    1828       0       0       0                        01010000D   1237
     128       0       0       3       0                               0D   1238
     126    1831       0       0       0                        01010500D   1239
     126       0       0       2       0                               0D   1240
     110    1833       0       0       0                        01010000D   1241
     110       0       0       1       0                               0D   1242
     126    1834       0       0       0                        01010500D   1243
     126       0       0       2       0                               0D   1244
     110    1836       0       0       0                        01010000D   1245
     110       0       0       1       0                               0D   1246
     126    1837       0       0       0                        01010500D   1247
     126       0       0       2       0                               0D   1248
     110    1839       0       0       0                        01010000D   1249
     110       0       0       1       0                               0D   1250
     126    1840       0       0       0                        01010500D   1251
     126       0       0      22       0                               0D   1252
     124    1862       0       0       0                        00000000D   1253
     124       0       0       3       0                               0D   1254
     100    1865       0       0       0            1253        01010000D   1255
     100       0       0       1       0                               0D   1256
     126    1866       0       0       0                        01010500D   1257
     126       0       0       2       0                               0D   1258
     110    1868       0       0       0                        01010000D   1259
     110       0       0       1       0                               0D   1260
     126    1869       0       0       0                        01010500D   1261
     126       0       0       2       0                               0D   1262
     110    1871       0       0       0                        01010000D   1263
     110       0       0       1       0                               0D   1264
     126    1872       0       0       0                        01010500D   1265
     126       0       0       2       0                               0D   1266
     110    1874       0       0       0                        01010000D   1267
     110       0       0       1       0                               0D   1268
     126    1875       0       0       0                        01010500D   1269
     126       0       0       3       0                               0D   1270
     124    1878       0       0       0                        00000000D   1271
     124       0       0       2       0                               0D   1272
     100    1880       0       0       0            1271        01010000D   1273
     100       0       0       1       0                               0D   1274
     126    1881       0       0       0                        01010500D   1275
     126       0       0       2       0                               0D   1276
     110    1883       0       0       0                        01010000D   1277
     110       0       0       1       0                               0D   1278
     126    1884       0       0       0                        01010500D   1279
     126       0       0       2       0                               0D   1280
     110    1886       0       0       0                        01010000D   1281
     110       0       0       1       0                               0D   1282
     102    1887       0       0       0                        01010500D   1283
     102       0       0       1       0                               0D   1284
     102    1888       0       0       0                        01010000D   1285
     102       0       0       1       0                               0D   1286
     142    1889       0       0       0                        00010500D   1287
     142       0       0       1       0                               0D   1288
     144    1890       0       0       0                        00000000D   1289
     144       0      -1       1       0                               0D   1290
     314    1891       0       0       0                        00000200D   1291
     314       0       6       1       0                               0D   1292
     128    1892       0       0       0                        01010000D   1293
     128       0       0       3       0                               0D   1294
     126    1895       0       0       0                        01010500D   1295
     126       0       0       2       0                               0D   1296
     110    1897       0       0       0                        01010000D   1297
     110       0       0       1       0                               0D   1298
     126    1898       0       0       0                        01010500D   1299
     126       0       0      11       0                               0D   1300
     124    1909       0       0       0                        00000000D   1301
     124       0       0       4       0                               0D   1302
     100    1913       0       0       0            1301        01010000D   1303
     100       0       0       1       0                               0D   1304
     126    1914       0       0       0                        01010500D   1305
     126       0       0       2       0                               0D   1306
     110    1916       0       0       0                        01010000D   1307
     110       0       0       1       0                               0D   1308
     126    1917       0       0       0                        01010500D   1309
     126       0       0       2       0                               0D   1310
     110    1919       0       0       0                        01010000D   1311
     110       0       0       1       0                               0D   1312
     126    1920       0       0       0                        01010500D   1313
     126       0       0       7       0                               0D   1314
     126    1927       0       0       0                        01010000D   1315
     126       0       0      65       0                               0D   1316
     126    1992       0       0       0                        01010500D   1317
     126       0       0       2       0                               0D   1318
     110    1994       0       0       0                        01010000D   1319
     110       0       0       1       0                               0D   1320
     126    1995       0       0       0                        01010500D   1321
     126       0       0       8       0                               0D   1322
     126    2003       0       0       0                        01010000D   1323
     126       0       0      30       0                               0D   1324
     102    2033       0       0       0                        01010500D   1325
     102       0       0       1       0                               0D   1326
     102    2034       0       0       0                        01010000D   1327
     102       0       0       1       0                               0D   1328
     142    2035       0       0       0                        00010500D   1329
     142       0       0       1       0                               0D   1330
     144    2036       0       0       0                        00000000D   1331
     144       0   -1291       1       0                               0D   1332
     128    2037       0       0       0                        01010000D   1333
     128       0       0       3       0                               0D   1334
     126    2040       0       0       0                        01010500D   1335
     126       0       0       2       0                               0D   1336
     110    2042       0       0       0                        01010000D   1337
     110       0       0       1       0                               0D   1338
     126    2043       0       0       0                        01010500D   1339
     126       0       0       2       0                               0D   1340
     110    2045       0       0       0                        01010000D   1341
     110       0       0       1       0                               0D   1342
     126    2046       0       0       0                        01010500D   1343
     126       0       0       2       0                               0D   1344
     110    2048       0       0       0                        01010000D   1345
     110       0       0       1       0                               0D   1346
     126    2049       0       0       0                        01010500D   1347
     126       0       0       2       0                               0D   1348
     110    2051       0       0       0                        01010000D   1349
     110       0       0       1       0                               0D   1350
     126    2052       0       0       0                        01010500D   1351
     126       0       0       2       0                               0D   1352
     110    2054       0       0       0                        01010000D   1353
     110       0       0       1       0                               0D   1354
     126    2055       0       0       0                        01010500D   1355
     126       0       0       2       0                               0D   1356
     110    2057       0       0       0                        01010000D   1357
     110       0       0       1       0                               0D   1358
     102    2058       0       0       0                        01010500D   1359
     102       0       0       1       0                               0D   1360
     102    2059       0       0       0                        01010000D   1361
     102       0       0       1       0                               0D   1362
     142    2060       0       0       0                        00010500D   1363
     142       0       0       1       0                               0D   1364
     144    2061       0       0       0                        00000000D   1365
     144       0      -1       1       0                               0D   1366
314,79.2156862745098,81.9607843137255,93.3333333333333,;               1P      1
314,50.5882352941176,52.9411764705882,54.9019607843137,;               3P      2
110,-710.,-500.,-144.706675866,-710.,-500.,855.293324134;              5P      3
110,-640.,-500.,-25.,-640.,-500.,0.;                                   7P      4
120,5,7,0.,6.28318530717959;                                           9P      5
126,1,1,1,0,1,0,0.,0.,1.,1.,1.,1.,0.,4.71238898,0.,1.,                11P      6
4.71238898,0.,0.,1.,0.,0.,1.;                                         11P      7
110,-710.,-570.,-25.,-710.,-570.,0.;                                  13P      8
126,1,1,1,0,1,0,0.,0.,1.,1.,1.,1.,1.,4.71238898,0.,1.,                15P      9
3.141592654,0.,0.,1.,0.,0.,1.;                                        15P     10
124,-7.04419501764363E-15,-1.,0.,-1210.,-1.,                          17P     11
7.04419501764363E-15,6.98296267768627E-15,-1210.,                     17P     12
-6.98296267768627E-15,4.91893509025491E-29,-1.,                       17P     13
-4.95790350115722E-12;                                                17P     14
100,0.,-710.,-500.,-640.,-500.,-710.,-430.;                           19P     15
126,16,2,1,0,1,0,0.,0.,0.,0.125,0.125,0.25,0.25,0.375,0.375,          21P     16
0.5,0.5,0.625,0.625,0.75,0.75,0.875,0.875,1.,1.,1.,1.,1.,1.,1.,       21P     17
1.,1.,1.,1.,1.,1.,1.,1.,1.,1.,1.,1.,1.,1.,3.141592654,0.,1.,          21P     18
3.196074389,0.,0.983361206,3.250664385,0.,0.966788803,                21P     19
3.305036557,0.,0.933642572,3.359736117,0.,0.900763564,                21P     20
3.413994692,0.,0.851434998,3.468807849,0.,0.802714213,                21P     21
3.522945649,0.,0.737715508,3.57787958,0.,0.673814844,                 21P     22
3.631885499,0.,0.593835642,3.686951312,0.,0.515611226,                21P     23
3.740808953,0.,0.421505391,3.796023044,0.,0.33000511,                 21P     24
3.849708396,0.,0.222772875,3.905094775,0.,0.119236679,                21P     25
3.958572119,0.,0.,4.014166507,0.,0.,1.,0.,0.,1.;                      21P     26
126,3,3,1,0,0,0,0.,0.,0.,0.,1.,1.,1.,1.,1.,0.937551311449977,         23P     27
0.937551311449977,1.,-780.,-500.,0.,-780.,-521.033799114,0.,          23P     28
-771.111597593,-540.097298472,-8.888402407,-755.,                     23P     29
-553.619026474,-25.,0.,1.,-0.707106781,0.,-0.707106781;               23P     30
126,1,1,1,0,1,0,0.,0.,1.,1.,1.,1.,0.,4.014166507,0.,0.,               25P     31
4.71238898,0.,0.,1.,0.,0.,1.;                                         25P     32
100,-25.,-710.,-500.,-755.,-553.619026474,-710.,-570.;                27P     33
102,4,11,15,21,25;                                                    29P     34
102,4,13,19,23,27;                                                    31P     35
142,1,9,29,31,1;                                                      33P     36
144,9,1,0,33;                                                         35P     37
128,3,3,3,3,0,0,0,0,0,0.,0.,0.,0.,1.,1.,1.,1.,0.,0.,0.,0.,1.,         37P     38
1.,1.,1.,1.,0.755320871117967,0.755320871117967,1.,                   37P     39
0.804737854124365,0.607835296998819,0.607835296998819,                37P     40
0.804737854124365,0.804737854124365,0.607835296998819,                37P     41
0.607835296998819,0.804737854124365,1.,0.755320871117967,             37P     42
0.755320871117967,1.,-712.,-569.900083306,-3.003331667,-712.,         37P     43
-571.264408455,-16.601075304,-712.,-561.601075304,                    37P     44
-26.264408455,-712.,-548.003331667,-24.900083306,                     37P     45
-697.943077142,-569.900083306,-3.003331667,-705.908450947,            37P     46
-571.264408455,-16.601075304,-711.569100449,-561.601075304,           37P     47
-26.264408455,-710.76989728,-548.003331667,-24.900083306,             37P     48
-688.003331667,-569.900083306,-12.943077142,-701.601075304,           37P     49
-571.264408455,-20.908450947,-711.264408455,-561.601075304,           37P     50
-26.569100449,-709.900083306,-548.003331667,-25.76989728,             37P     51
-688.003331667,-569.900083306,-27.,-701.601075304,                    37P     52
-571.264408455,-27.,-711.264408455,-561.601075304,-27.,               37P     53
-709.900083306,-548.003331667,-27.,0.,1.,0.,1.;                       37P     54
126,1,1,1,0,1,0,0.,0.,1.,1.,1.,1.,0.936858543,1.,0.,                  39P     55
0.063141457,1.,0.,0.,1.,0.,0.,1.;                                     39P     56
100,-27.,-690.,-550.,-710.,-550.,-690.,-570.;                         41P     57
126,1,1,1,0,1,0,0.,0.,1.,1.,1.,1.,0.063141457,1.,0.,                  43P     58
0.063141457,0.936777024,0.,0.,1.,0.,0.,1.;                            43P     59
124,1.,0.,0.,0.,0.,6.12323399573677E-17,-1.,-597.,0.,1.,              45P     60
6.12323399573677E-17,543.;                                            45P     61
100,-27.,-712.,-570.,-690.,-570.,-690.0910977,-568.;                  47P     62
126,20,2,1,0,1,0,0.,0.,0.,0.125,0.125,0.25,0.25,0.5,0.5,0.625,        49P     63
0.625,0.75,0.75,0.8125,0.8125,0.875,0.875,0.9375,0.9375,              49P     64
0.96875,0.96875,1.,1.,1.,1.,1.,1.,1.,1.,1.,1.,1.,1.,1.,1.,1.,         49P     65
1.,1.,1.,1.,1.,1.,1.,1.,1.,0.063141457,0.936777024,0.,                49P     66
0.132652115,0.930403752,0.,0.190946471,0.921774422,0.,                49P     67
0.246775533,0.91351003,0.,0.293290418,0.903045241,0.,                 49P     68
0.41845308,0.874886496,0.,0.504462994,0.823695877,0.,                 49P     69
0.56095904,0.790071061,0.,0.608088309,0.742911316,0.,                 49P     70
0.664873943,0.686088962,0.,0.713543476,0.603586037,0.,                49P     71
0.741028268,0.556994762,0.,0.768072086,0.498232381,0.,                49P     72
0.79581875,0.437942816,0.,0.822271983,0.366674791,0.,                 49P     73
0.85000058,0.291970786,0.,0.878821262,0.199294835,0.,                 49P     74
0.889542699,0.164818921,0.,0.902764217,0.119764047,0.,                49P     75
0.919939229,0.061236876,0.,0.936858543,0.,0.,0.,1.,0.,0.,1.;          49P     76
126,30,3,1,0,1,0,0.,0.,0.,0.,0.124999999999958,                       51P     77
0.187499999999943,0.187499999999943,0.249999999999927,                51P     78
0.249999999999927,0.374999999999886,0.437499999999865,                51P     79
0.468749999999859,0.468749999999859,0.499999999999853,                51P     80
0.499999999999853,0.62499999999985,0.687499999999849,                 51P     81
0.718749999999847,0.734374999999843,0.742187499999844,                51P     82
0.742187499999844,0.749999999999844,0.749999999999844,                51P     83
0.812499999999914,0.843749999999952,0.859374999999966,                51P     84
0.867187499999973,0.871093749999977,0.871093749999977,                51P     85
0.87499999999998,0.87499999999998,1.,1.,1.,1.,1.,1.,1.,1.,1.,         51P     86
1.,1.,1.,1.,1.,1.,1.,1.,1.,1.,1.,1.,1.,1.,1.,1.,1.,1.,1.,1.,1.,       51P     87
1.,1.,1.,1.,1.,-690.0910977,-570.,-25.,-691.437423974,-570.,          51P     88
-25.,-693.423087752,-569.80428901,-25.,-695.358013076,                51P     89
-569.315011535,-25.,-696.636688081,-568.923589554,-25.,               51P     90
-697.283251877,-568.68991536,-25.,-699.128847052,                     51P     91
-567.923105518,-25.,-700.87986635,-566.988154355,-25.,                51P     92
-702.757214413,-565.603130683,-25.,-703.526326201,                    51P     93
-564.946496114,-25.,-704.031186069,-564.494727957,-25.,               51P     94
-704.294962103,-564.246842073,-25.,-705.44127135,                     51P     95
-563.122342385,-25.,-706.709006938,-561.63576942,-25.,                51P     96
-707.999319651,-559.661380948,-25.,-708.597297973,                    51P     97
-558.614173376,-25.,-708.884492625,-558.075566255,-25.,               51P     98
-709.005048652,-557.841519632,-25.,-709.084857694,                    51P     99
-557.684774106,-25.,-709.129649664,-557.595654842,-25.,               51P    100
-709.437221126,-556.977373476,-25.,-709.838169993,                    51P    101
-556.102074804,-25.,-710.289937444,-554.991776864,-25.,               51P    102
-710.511819612,-554.414348855,-25.,-710.621760307,                    51P    103
-554.12006509,-25.,-710.668663378,-553.992749957,-25.,                51P    104
-710.699884455,-553.907607975,-25.,-710.721337346,                    51P    105
-553.848757985,-25.,-711.041329416,-552.967993523,-25.,               51P    106
-711.464318057,-551.693970805,-25.,-712.,-550.,-25.,0.,1.,0.,         51P    107
0.,1.;                                                                51P    108
126,1,1,1,0,1,0,0.,0.,1.,1.,1.,1.,0.936858543,0.,0.,                  53P    109
0.936858543,1.,0.,0.,1.,0.,0.,1.;                                     53P    110
124,1.40271576953299E-14,1.,0.,-161.99999999999,                      55P    111
-6.12323399573677E-17,8.58915688636046E-31,1.,-523.,1.,               55P    112
-1.40271576953299E-14,6.12323399573677E-17,684.999999999992;          55P    113
100,-27.,-712.,-550.,-710.,-550.,-712.,-548.;                         57P    114
102,4,39,43,49,53;                                                    59P    115
102,4,41,47,51,57;                                                    61P    116
142,1,37,59,61,1;                                                     63P    117
144,37,1,0,63;                                                        65P    118
314,50.5882352941176,52.9411764705882,54.9019607843137,;              67P    119
110,698.,298.,-20.,698.,298.,980.;                                    69P    120
110,718.,298.,-25.,718.,298.,0.;                                      71P    121
120,69,71,0.,6.28318530717959;                                        73P    122
126,1,1,1,0,1,0,0.,0.,1.,1.,1.,1.,0.,1.570796327,0.,1.,               75P    123
1.570796327,0.,0.,1.,0.,0.,1.;                                        75P    124
110,698.,318.,-25.,698.,318.,0.;                                      77P    125
126,1,1,1,0,1,0,0.,0.,1.,1.,1.,1.,1.,1.570796327,0.,1.,0.,0.,         79P    126
0.,1.,0.,0.,1.;                                                       79P    127
124,6.12323399573677E-17,1.,0.,400.,1.,-6.12323399573677E-17,         81P    128
-6.98296267768627E-15,-400.,-6.98296267768627E-15,                    81P    129
4.27583144589696E-31,-1.,4.87410794902501E-12;                        81P    130
100,0.,698.,298.,718.,298.,698.,318.;                                 83P    131
126,1,1,1,0,1,0,0.,0.,1.,1.,1.,1.,1.,0.,0.,0.,0.,0.,0.,1.,0.,         85P    132
0.,1.;                                                                85P    133
110,718.,298.,0.,718.,298.,-25.;                                      87P    134
126,1,1,1,0,1,0,0.,0.,1.,1.,1.,1.,0.,0.,0.,0.,1.570796327,0.,         89P    135
0.,1.,0.,0.,1.;                                                       89P    136
100,-25.,698.,298.,718.,298.,698.,318.;                               91P    137
102,4,75,79,85,89;                                                    93P    138
102,4,77,83,87,91;                                                    95P    139
142,1,73,93,95,1;                                                     97P    140
144,73,1,0,97;                                                        99P    141
314,50.5882352941176,52.9411764705882,54.9019607843137,;             101P    142
110,698.,-398.,-10.,698.,-398.,-1010.;                               103P    143
110,678.,-398.,0.,678.,-398.,-25.;                                   105P    144
120,103,105,0.,6.28318530717959;                                     107P    145
126,1,1,1,0,1,0,0.,0.,1.,1.,1.,1.,0.,4.71238898,0.,1.,               109P    146
4.71238898,0.,0.,1.,0.,0.,1.;                                        109P    147
110,698.,-418.,0.,698.,-418.,-25.;                                   111P    148
126,1,1,1,0,1,0,0.,0.,1.,1.,1.,1.,1.,4.71238898,0.,1.,               113P    149
3.141592654,0.,0.,1.,0.,0.,1.;                                       113P    150
100,-25.,698.,-398.,698.,-418.,718.,-398.;                           115P    151
126,1,1,1,0,1,0,0.,0.,1.,1.,1.,1.,1.,3.141592654,0.,0.,              117P    152
3.141592654,0.,0.,1.,0.,0.,1.;                                       117P    153
110,718.,-398.,-25.,718.,-398.,0.;                                   119P    154
126,1,1,1,0,1,0,0.,0.,1.,1.,1.,1.,0.,3.141592654,0.,0.,              121P    155
4.71238898,0.,0.,1.,0.,0.,1.;                                        121P    156
124,1.,-1.40883900352873E-14,-6.98296267768627E-15,                  123P    157
-5.5522210425002E-12,-1.40883900352873E-14,-1.,0.,                   123P    158
-795.99999999999,-6.98296267768627E-15,9.83787018050981E-29,         123P    159
-1.,4.87410794902505E-12;                                            123P    160
100,0.,698.,-398.,718.,-398.,698.,-378.;                             125P    161
102,4,109,113,117,121;                                               127P    162
102,4,111,115,119,125;                                               129P    163
142,1,107,127,129,1;                                                 131P    164
144,107,1,0,131;                                                     133P    165
314,50.5882352941176,52.9411764705882,54.9019607843137,;             135P    166
110,-608.,298.,-10.,-608.,298.,-1010.;                               137P    167
110,-628.,298.,0.,-628.,298.,-20.;                                   139P    168
120,137,139,0.,6.28318530717959;                                     141P    169
126,1,1,1,0,1,0,0.,0.,1.,1.,1.,1.,0.,0.,0.,0.,1.570796327,0.,        143P    170
0.,1.,0.,0.,1.;                                                      143P    171
124,-1.,0.,6.98296267768627E-15,-1216.,0.,1.,0.,0.,                  145P    172
-6.98296267768627E-15,0.,-1.,-4.24564130803325E-12;                  145P    173
100,0.,-608.,298.,-588.,298.,-608.,318.;                             147P    174
126,1,1,1,0,1,0,0.,0.,1.,1.,1.,1.,0.,1.570796327,0.,1.,              149P    175
1.570796327,0.,0.,1.,0.,0.,1.;                                       149P    176
110,-608.,318.,0.,-608.,318.,-20.;                                   151P    177
126,1,1,1,0,1,0,0.,0.,1.,1.,1.,1.,1.,1.570796327,0.,1.,0.,0.,        153P    178
0.,1.,0.,0.,1.;                                                      153P    179
100,-20.,-608.,298.,-608.,318.,-628.,298.;                           155P    180
126,1,1,1,0,1,0,0.,0.,1.,1.,1.,1.,1.,0.,0.,0.,0.,0.,0.,1.,0.,        157P    181
0.,1.;                                                               157P    182
110,-628.,298.,-20.,-628.,298.,0.;                                   159P    183
102,4,143,149,153,157;                                               161P    184
102,4,147,151,155,159;                                               163P    185
142,1,141,161,163,1;                                                 165P    186
144,141,1,0,165;                                                     167P    187
314,50.5882352941176,52.9411764705882,54.9019607843137,;             169P    188
110,800.,-500.,-25.,800.,-500.,-1025.;                               171P    189
110,730.,-500.,0.,730.,-500.,-25.;                                   173P    190
120,171,173,0.,6.28318530717959;                                     175P    191
126,10,2,1,0,1,0,0.,0.,0.,0.25,0.25,0.5,0.5,0.75,0.75,0.875,         177P    192
0.875,1.,1.,1.,1.,1.,1.,1.,1.,1.,1.,1.,1.,1.,1.,1.,3.916786027,      177P    193
0.,1.,3.822894754,0.,0.914956932,3.710522641,0.,0.847040723,         177P    194
3.620781197,0.,0.720556934,3.514589417,0.,0.621351153,               177P    195
3.431299389,0.,0.471348341,3.325903826,0.,0.413005651,               177P    196
3.284910858,0.,0.337287055,3.233696077,0.,0.291765631,               177P    197
3.202906153,0.,0.2,3.141592654,0.,0.,1.,0.,0.,-1.;                   177P    198
126,42,3,1,0,1,0,0.,0.,0.,0.,0.125000000000212,                      179P    199
0.125000000000212,0.187500000000318,0.187500000000318,               179P    200
0.218750000000375,0.218750000000375,0.234375000000402,               179P    201
0.242187500000411,0.246093750000414,0.246093750000414,               179P    202
0.250000000000417,0.250000000000417,0.37500000000048,                179P    203
0.37500000000048,0.43750000000051,0.43750000000051,                  179P    204
0.468750000000524,0.468750000000524,0.48437500000053,                179P    205
0.492187500000533,0.496093750000533,0.496093750000533,               179P    206
0.500000000000533,0.500000000000533,0.625000000000505,               179P    207
0.625000000000505,0.687500000000492,0.687500000000492,               179P    208
0.718750000000485,0.718750000000485,0.734375000000482,               179P    209
0.742187500000481,0.746093750000482,0.748046875000485,               179P    210
0.748046875000485,0.750000000000487,0.750000000000487,               179P    211
0.875000000000244,0.875000000000244,1.,1.,1.,1.,1.,1.,1.,1.,1.,      179P    212
1.,1.,1.,1.,1.,1.,1.,1.,1.,1.,1.,1.,1.,1.,1.,1.,1.,1.,1.,1.,1.,      179P    213
1.,1.,1.,1.,1.,1.,1.,1.,1.,1.,1.,1.,1.,1.,1.,1.,1.,850.,             179P    214
-548.989794856,-25.,851.526144419,-547.432180231,-25.,               179P    215
853.064938609,-545.713486905,-24.824518685,855.329659264,            179P    216
-542.893828866,-24.292383979,856.077272501,-541.913673178,           179P    217
-24.070337063,857.179657155,-540.383035133,-23.67097406,             179P    218
857.54394497,-539.862755032,-23.526814536,858.084598537,             179P    219
-539.067233753,-23.294200096,858.353480763,-538.665697832,           179P    220
-23.173800077,858.664426233,-538.190632513,-23.026221467,            179P    221
858.797075384,-537.98561736,-22.961455593,858.885369243,             179P    222
-537.848625985,-22.917941727,858.93831397,-537.766107871,            179P    223
-22.891564755,860.097915714,-535.952917176,-22.309396416,            179P    224
861.198587992,-534.056909508,-21.623566949,862.768123471,            179P    225
-531.006254789,-20.408207579,863.277654612,-529.954929347,           179P    226
-19.972092465,864.015234727,-528.326280379,-19.271934408,            179P    227
864.256638895,-527.774787256,-19.030892407,864.611256582,            179P    228
-526.93463237,-18.657986846,864.786693065,-526.511326126,            179P    229
-18.468699267,864.987914215,-526.011818442,-18.242942887,            179P    230
865.07339235,-525.79653292,-18.145140564,865.13020686,               179P    231
-525.652740172,-18.079706333,865.164705866,-525.56492118,            179P    232
-18.039664303,865.892622048,-523.704468425,-17.190213227,            179P    233
866.572184916,-521.745790338,-16.261543146,867.498529178,            179P    234
-518.575869176,-14.703937002,867.791701048,-517.480578117,           179P    235
-14.157429334,868.200467767,-515.77966552,-13.297213846,             179P    236
868.331552613,-515.203031987,-13.003744091,868.519432024,            179P    237
-514.323587685,-12.553613219,868.611184344,-513.880242033,           179P    238
-12.326067409,868.714179734,-513.356664314,-12.056306927,            179P    239
868.764637278,-513.093290172,-11.920361384,868.786036055,            179P    240
-512.980075837,-11.861871536,868.800251376,-512.904524124,           179P    241
-11.822827847,868.810306056,-512.850768117,-11.795037241,            179P    242
869.075810189,-511.42668698,-11.058670328,869.363288705,             179P    243
-509.656529284,-10.137472078,869.825538995,-505.380242891,           179P    244
-7.877250843,870.,-502.874114195,-6.536278452,870.,-500.,-5.,        179P    245
0.,1.,-0.614943604,0.60251922,-0.508738591;                          179P    246
126,1,1,1,0,1,0,0.,0.,1.,1.,1.,1.,0.2,3.141592654,0.,0.,             181P    247
3.141592654,0.,0.,1.,0.,0.,1.;                                       181P    248
110,870.,-500.,-5.,870.,-500.,0.;                                    183P    249
126,1,1,1,0,1,0,0.,0.,1.,1.,1.,1.,0.,3.141592654,0.,0.,              185P    250
4.71238898,0.,0.,1.,0.,0.,1.;                                        185P    251
124,1.,-1.40883900352873E-14,-6.98296267768627E-15,                  187P    252
-7.09398498014858E-12,-1.40883900352873E-14,-1.,0.,                  187P    253
-999.999999999989,-6.98296267768627E-15,9.83787018050981E-29,        187P    254
-1.,5.58637014214906E-12;                                            187P    255
100,0.,800.,-500.,870.,-500.,800.,-430.;                             189P    256
126,1,1,1,0,1,0,0.,0.,1.,1.,1.,1.,0.,4.71238898,0.,0.2,              191P    257
4.71238898,0.,0.,1.,0.,0.,1.;                                        191P    258
110,800.,-570.,0.,800.,-570.,-5.;                                    193P    259
126,10,2,1,0,1,0,0.,0.,0.,0.125,0.125,0.25,0.25,0.5,0.5,0.75,        195P    260
0.75,1.,1.,1.,1.,1.,1.,1.,1.,1.,1.,1.,1.,1.,1.,0.2,4.71238898,       195P    261
0.,0.291760726,4.651078758,0.,0.337287055,4.620285557,0.,            195P    262
0.412998746,4.569075515,0.,0.471348341,4.528077807,0.,               195P    263
0.621344637,4.422687115,0.,0.720556934,4.339392217,0.,               195P    264
0.847035394,4.233205678,0.,0.914956932,4.143458993,0.,1.,            195P    265
4.031089135,0.,1.,3.937195607,0.,0.,1.,0.,0.,-1.;                    195P    266
126,40,3,1,0,1,0,0.,0.,0.,0.,0.125000000000242,                      197P    267
0.125000000000242,0.187500000000363,0.187500000000363,               197P    268
0.218750000000423,0.218750000000423,0.234375000000454,               197P    269
0.242187500000469,0.246093750000476,0.248046875000476,               197P    270
0.248046875000476,0.250000000000476,0.250000000000476,               197P    271
0.375000000000465,0.375000000000465,0.437500000000457,               197P    272
0.437500000000457,0.468750000000451,0.468750000000451,               197P    273
0.484375000000444,0.492187500000443,0.496093750000443,               197P    274
0.496093750000443,0.500000000000443,0.500000000000443,               197P    275
0.625000000000418,0.625000000000418,0.687500000000406,               197P    276
0.687500000000406,0.718750000000398,0.718750000000398,               197P    277
0.734375000000397,0.742187500000392,0.746093750000388,               197P    278
0.746093750000388,0.750000000000384,0.750000000000384,1.,1.,1.,      197P    279
1.,1.,1.,1.,1.,1.,1.,1.,1.,1.,1.,1.,1.,1.,1.,1.,1.,1.,1.,1.,1.,      197P    280
1.,1.,1.,1.,1.,1.,1.,1.,1.,1.,1.,1.,1.,1.,1.,1.,1.,1.,1.,1.,1.,      197P    281
800.,-570.,-5.,802.874190922,-570.,-6.536319454,805.380357981,       197P    282
-569.825530147,-7.877311809,808.587572775,-569.478837217,            197P    283
-9.572476668,809.564638408,-569.348610469,-10.085536296,             197P    284
810.892227908,-569.148457279,-10.778791869,811.311756249,            197P    285
-569.080901278,-10.99717608,811.906546525,-568.980133157,            197P    286
-11.306050583,812.195316104,-568.929887197,-11.455813464,            197P    287
812.517119217,-568.871872096,-11.622442195,812.674247091,            197P    288
-568.843058671,-11.703744058,812.740778962,-568.830756187,           197P    289
-11.738157662,812.784953844,-568.822565278,-11.761004632,            197P    290
812.791006102,-568.821448032,-11.764135341,815.251455979,            197P    291
-568.362723744,-13.036391949,817.519394768,-567.807267305,           197P    292
-14.184818891,820.68931593,-566.880915701,-15.742420668,             197P    293
821.707291813,-566.556530435,-16.234317089,823.176258884,            197P    294
-566.053563375,-16.931690915,823.656248448,-565.88316987,            197P    295
-17.157413236,824.361733606,-565.624290425,-17.486031962,            197P    296
824.710851387,-565.49402777,-17.647850887,825.111812071,             197P    297
-565.340786586,-17.832319226,825.282293065,-565.274858052,           197P    298
-17.91045579,825.395644994,-565.230851297,-17.962342612,             197P    299
825.436374931,-565.215000652,-17.980972161,827.8179484,              197P    300
-564.283188892,-19.068361785,829.989535595,-563.291221908,           197P    301
-20.003158711,833.040190313,-561.721679944,-21.218509705,            197P    302
834.022620874,-561.184862559,-21.592629938,835.444585197,            197P    303
-560.365101399,-22.107565656,835.909959718,-560.08942142,            197P    304
-22.271510939,836.595101121,-559.67296578,-22.5059736,               197P    305
836.934441727,-559.464003644,-22.620341743,837.324686435,            197P    306
-559.219079039,-22.748787785,837.490722881,-559.113883786,           197P    307
-22.802771502,837.601144671,-559.043704789,-22.838524449,            197P    308
837.642351232,-559.017461142,-22.85182958,842.115096555,             197P    309
-556.156958992,-24.287920716,845.874640607,-553.052215352,-25.,      197P    310
848.989794856,-550.,-25.,0.,1.,-0.471392835,-0.007025562,            197P    311
-0.881895366;                                                        197P    312
126,1,1,1,0,1,0,0.,0.,1.,1.,1.,1.,1.,3.937195607,0.,1.,              199P    313
3.916786027,0.,0.,1.,0.,0.,1.;                                       199P    314
100,-25.,800.,-500.,848.989794856,-550.,850.,-548.989794856;         201P    315
102,6,177,181,185,191,195,199;                                       203P    316
102,6,179,183,189,193,197,201;                                       205P    317
142,1,175,203,205,1;                                                 207P    318
144,175,1,0,207;                                                     209P    319
314,50.5882352941176,52.9411764705882,54.9019607843137,;             211P    320
110,-608.,-398.,-10.,-608.,-398.,-1010.;                             213P    321
110,-628.,-398.,0.,-628.,-398.,-25.;                                 215P    322
120,213,215,0.,6.28318530717959;                                     217P    323
126,1,1,1,0,1,0,0.,0.,1.,1.,1.,1.,0.,4.71238898,0.,0.,               219P    324
6.283185307,0.,0.,1.,0.,0.,1.;                                       219P    325
124,-7.04419501764363E-15,-1.,0.,-1006.,-1.,                         221P    326
7.04419501764363E-15,6.98296267768627E-15,-1006.,                    221P    327
-6.98296267768627E-15,4.91893509025491E-29,-1.,                      221P    328
-4.24564130803323E-12;                                               221P    329
100,0.,-608.,-398.,-588.,-398.,-608.,-378.;                          223P    330
126,1,1,1,0,1,0,0.,0.,1.,1.,1.,1.,0.,6.283185307,0.,1.,              225P    331
6.283185307,0.,0.,1.,0.,0.,1.;                                       225P    332
110,-628.,-398.,0.,-628.,-398.,-25.;                                 227P    333
126,1,1,1,0,1,0,0.,0.,1.,1.,1.,1.,1.,6.283185307,0.,1.,              229P    334
4.71238898,0.,0.,1.,0.,0.,1.;                                        229P    335
100,-25.,-608.,-398.,-628.,-398.,-608.,-418.;                        231P    336
126,1,1,1,0,1,0,0.,0.,1.,1.,1.,1.,1.,4.71238898,0.,0.,               233P    337
4.71238898,0.,0.,1.,0.,0.,1.;                                        233P    338
110,-608.,-418.,-25.,-608.,-418.,0.;                                 235P    339
102,4,219,225,229,233;                                               237P    340
102,4,223,227,231,235;                                               239P    341
142,1,217,237,239,1;                                                 241P    342
144,217,1,0,241;                                                     243P    343
314,24.7058823529412,24.7058823529412,24.7058823529412,;             245P    344
128,1,1,1,1,0,0,1,0,0,0.,0.,1.,1.,0.,0.,1.,1.,1.,1.,1.,1.,           247P    345
-607.88,318.,-20.,-607.88,297.88,-20.,-628.,318.,-20.,-628.,         247P    346
297.88,-20.,0.,1.,0.,1.;                                             247P    347
126,32,2,1,0,1,0,0.,0.,0.,0.0625,0.0625,0.125,0.125,0.1875,          249P    348
0.1875,0.25,0.25,0.3125,0.3125,0.375,0.375,0.4375,0.4375,0.5,        249P    349
0.5,0.5625,0.5625,0.625,0.625,0.6875,0.6875,0.75,0.75,0.8125,        249P    350
0.8125,0.875,0.875,0.9375,0.9375,1.,1.,1.,1.,1.,1.,1.,1.,1.,1.,      249P    351
1.,1.,1.,1.,1.,1.,1.,1.,1.,1.,1.,1.,1.,1.,1.,1.,1.,1.,1.,1.,1.,      249P    352
1.,1.,1.,1.,1.,0.,0.005964215,0.,0.,0.054798061,0.,0.004786554,      249P    353
0.10339676,0.,0.009573108,0.151995458,0.,0.019100119,                249P    354
0.199890976,0.,0.02862713,0.247786494,0.,0.042802847,                249P    355
0.294517572,0.,0.056978565,0.341248649,0.,0.075666469,               249P    356
0.386365241,0.,0.094354373,0.431481832,0.,0.117374489,               249P    357
0.47454944,0.,0.140394605,0.517617048,0.,0.167525236,                249P    358
0.558220908,0.,0.194655868,0.598824767,0.,0.225635732,               249P    359
0.636573841,0.,0.256615597,0.674322915,0.,0.291146341,               249P    360
0.708853659,0.,0.325677085,0.743384403,0.,0.363426159,               249P    361
0.774364268,0.,0.401175233,0.805344132,0.,0.441779092,               249P    362
0.832474764,0.,0.482382952,0.859605395,0.,0.52545056,                249P    363
0.882625511,0.,0.568518168,0.905645627,0.,0.613634759,               249P    364
0.924333531,0.,0.658751351,0.943021435,0.,0.705482428,               249P    365
0.957197153,0.,0.752213506,0.97137287,0.,0.800109024,                249P    366
0.980899881,0.,0.848004542,0.990426892,0.,0.89660324,                249P    367
0.995213446,0.,0.945201939,1.,0.,0.994035785,1.,0.,0.,1.,0.,0.,      249P    368
1.;                                                                  249P    369
100,-20.,-608.,298.,-608.,318.,-628.,298.;                           251P    370
126,1,1,1,0,1,0,0.,0.,1.,1.,1.,1.,0.994035785,1.,0.,0.,1.,0.,        253P    371
0.,1.,0.,0.,1.;                                                      253P    372
110,-628.,298.,-20.,-628.,318.,-20.;                                 255P    373
126,1,1,1,0,1,0,0.,0.,1.,1.,1.,1.,0.,1.,0.,0.,0.005964215,0.,        257P    374
0.,1.,0.,0.,1.;                                                      257P    375
110,-628.,318.,-20.,-608.,318.,-20.;                                 259P    376
102,3,249,253,257;                                                   261P    377
102,3,251,255,259;                                                   263P    378
142,1,247,261,263,1;                                                 265P    379
144,247,1,0,265;                                                     267P    380
128,1,1,1,1,0,0,1,0,0,0.,0.,1.,1.,0.,0.,1.,1.,1.,1.,1.,1.,718.,      269P    381
-398.,-25.,718.,-398.,0.,718.,298.,-25.,718.,298.,0.,0.,1.,0.,       269P    382
1.;                                                                  269P    383
126,1,1,1,0,1,0,0.,0.,1.,1.,1.,1.,1.,1.,0.,0.,1.,0.,0.,1.,0.,        271P    384
0.,1.;                                                               271P    385
110,718.,298.,0.,718.,298.,-25.;                                     273P    386
126,1,1,1,0,1,0,0.,0.,1.,1.,1.,1.,0.,1.,0.,0.,0.,0.,0.,1.,0.,        275P    387
0.,1.;                                                               275P    388
110,718.,298.,-25.,718.,-398.,-25.;                                  277P    389
126,1,1,1,0,1,0,0.,0.,1.,1.,1.,1.,0.,0.,0.,1.,0.,0.,0.,1.,0.,        279P    390
0.,1.;                                                               279P    391
110,718.,-398.,-25.,718.,-398.,0.;                                   281P    392
126,1,1,1,0,1,0,0.,0.,1.,1.,1.,1.,1.,0.,0.,1.,1.,0.,0.,1.,0.,        283P    393
0.,1.;                                                               283P    394
110,718.,-398.,0.,718.,298.,0.;                                      285P    395
102,4,271,275,279,283;                                               287P    396
102,4,273,277,281,285;                                               289P    397
142,1,269,287,289,1;                                                 291P    398
144,269,1,0,291;                                                     293P    399
128,1,1,1,1,0,0,1,0,0,0.,0.,1.,1.,0.,0.,1.,1.,1.,1.,1.,1.,           295P    400
-628.,-398.,-25.,-628.,318.,-25.,-628.,-398.,0.,-628.,318.,0.,       295P    401
0.,1.,0.,1.;                                                         295P    402
126,1,1,1,0,1,0,0.,0.,1.,1.,1.,1.,0.,1.,0.,0.,0.,0.,0.,1.,0.,        297P    403
0.,1.;                                                               297P    404
110,-628.,-398.,0.,-628.,-398.,-25.;                                 299P    405
126,1,1,1,0,1,0,0.,0.,1.,1.,1.,1.,0.,0.,0.,1.,0.,0.,0.,1.,0.,        301P    406
0.,1.;                                                               301P    407
110,-628.,-398.,-25.,-628.,318.,-25.;                                303P    408
126,1,1,1,0,1,0,0.,0.,1.,1.,1.,1.,1.,0.,0.,1.,0.2,0.,0.,1.,0.,       305P    409
0.,1.;                                                               305P    410
110,-628.,318.,-25.,-628.,318.,-20.;                                 307P    411
126,1,1,1,0,1,0,0.,0.,1.,1.,1.,1.,1.,0.2,0.,0.972067039,0.2,0.,      309P    412
0.,1.,0.,0.,1.;                                                      309P    413
110,-628.,318.,-20.,-628.,298.,-20.;                                 311P    414
126,1,1,1,0,1,0,0.,0.,1.,1.,1.,1.,0.972067039,0.2,0.,                313P    415
0.972067039,1.,0.,0.,1.,0.,0.,1.;                                    313P    416
110,-628.,298.,-20.,-628.,298.,0.;                                   315P    417
126,1,1,1,0,1,0,0.,0.,1.,1.,1.,1.,0.972067039,1.,0.,0.,1.,0.,        317P    418
0.,1.,0.,0.,1.;                                                      317P    419
110,-628.,298.,0.,-628.,-398.,0.;                                    319P    420
102,6,297,301,305,309,313,317;                                       321P    421
102,6,299,303,307,311,315,319;                                       323P    422
142,1,295,321,323,1;                                                 325P    423
144,295,1,0,325;                                                     327P    424
128,1,1,1,1,0,0,1,0,0,0.,0.,1.,1.,0.,0.,1.,1.,1.,1.,1.,1.,           329P    425
-608.,-418.,0.,698.,-418.,0.,-608.,-418.,-25.,698.,-418.,-25.,       329P    426
0.,1.,0.,1.;                                                         329P    427
126,1,1,1,0,1,0,0.,0.,1.,1.,1.,1.,1.,0.,0.,1.,1.,0.,0.,1.,0.,        331P    428
0.,1.;                                                               331P    429
110,698.,-418.,0.,698.,-418.,-25.;                                   333P    430
126,1,1,1,0,1,0,0.,0.,1.,1.,1.,1.,1.,1.,0.,0.,1.,0.,0.,1.,0.,        335P    431
0.,1.;                                                               335P    432
110,698.,-418.,-25.,-608.,-418.,-25.;                                337P    433
126,1,1,1,0,1,0,0.,0.,1.,1.,1.,1.,0.,1.,0.,0.,0.,0.,0.,1.,0.,        339P    434
0.,1.;                                                               339P    435
110,-608.,-418.,-25.,-608.,-418.,0.;                                 341P    436
126,1,1,1,0,1,0,0.,0.,1.,1.,1.,1.,0.,0.,0.,1.,0.,0.,0.,1.,0.,        343P    437
0.,1.;                                                               343P    438
110,-608.,-418.,0.,698.,-418.,0.;                                    345P    439
102,4,331,335,339,343;                                               347P    440
102,4,333,337,341,345;                                               349P    441
142,1,329,347,349,1;                                                 351P    442
144,329,1,0,351;                                                     353P    443
128,3,3,3,3,0,0,0,0,0,0.,0.,0.,0.,1.,1.,1.,1.,0.,0.,0.,0.,1.,        355P    444
1.,1.,1.,1.,0.755320871117968,0.755320871117968,1.,                  355P    445
0.802511186738593,0.606153448649308,0.606153448649308,               355P    446
0.802511186738593,0.802511186738593,0.606153448649308,               355P    447
0.606153448649308,0.802511186738593,1.,0.755320871117968,            355P    448
0.755320871117968,1.,-688.003331667,469.900083306,-27.,              355P    449
-701.601075304,471.264408455,-27.,-711.264408455,461.601075304,      355P    450
-27.,-709.900083306,448.003331667,-27.,-688.003331667,               355P    451
469.900083306,-12.837805729,-701.601075304,471.264408455,            355P    452
-20.862831719,-711.264408455,461.601075304,-26.565873469,            355P    453
-709.900083306,448.003331667,-25.760685118,-698.064594636,           355P    454
469.900083306,-2.870923868,-705.961110394,471.264408455,             355P    455
-16.543696559,-711.572825434,461.601075304,-26.260349639,            355P    456
-710.780531115,448.003331667,-24.888496474,-712.226159923,           355P    457
469.900083306,-3.004397428,-712.098006105,471.264408455,             355P    458
-16.601537151,-712.006932684,461.601075304,-26.264441124,            355P    459
-712.019790956,448.003331667,-24.900176569,0.,1.,0.,1.;              355P    460
126,1,1,1,0,1,0,0.,0.,1.,1.,1.,1.,0.936858543,0.,0.,                 357P    461
0.936858543,0.993379819,0.,0.,1.,0.,0.,1.;                           357P    462
124,1.,0.,0.,0.,0.,6.12323399573677E-17,-1.,423.,0.,1.,              359P    463
6.12323399573677E-17,-477.;                                          359P    464
100,-27.,-712.,450.,-710.,450.,-712.,452.;                           361P    465
126,20,2,1,0,1,0,0.,0.,0.,0.03125,0.03125,0.0625,0.0625,0.125,       363P    466
0.125,0.1875,0.1875,0.25,0.25,0.375,0.375,0.5,0.5,0.75,0.75,         363P    467
0.875,0.875,1.,1.,1.,1.,1.,1.,1.,1.,1.,1.,1.,1.,1.,1.,1.,1.,1.,      363P    468
1.,1.,1.,1.,1.,1.,1.,0.936858543,0.993379819,0.,0.919938459,         363P    469
0.932664203,0.,0.902768016,0.874625979,0.,0.889537903,               363P    470
0.829906556,0.,0.878821262,0.795713592,0.,0.849999244,               363P    471
0.703752848,0.,0.822271983,0.629582651,0.,0.795818523,               363P    472
0.558819863,0.,0.768077198,0.49894156,0.,0.741028452,                363P    473
0.440558156,0.,0.713543476,0.394253673,0.,0.66487552,                363P    474
0.312261801,0.,0.608088309,0.255757226,0.,0.560965114,               363P    475
0.20886857,0.,0.504462994,0.175418722,0.,0.418454318,                363P    476
0.124500683,0.,0.293290418,0.096482804,0.,0.246778179,               363P    477
0.086071061,0.,0.190950312,0.077848016,0.,0.132654613,               363P    478
0.069261477,0.,0.063141457,0.062919367,0.,0.,1.,0.,0.,1.;            363P    479
126,53,3,1,0,1,0,0.,0.,0.,0.,0.0312499999999541,                     365P    480
0.0312499999999541,0.0468749999999311,0.0468749999999311,            365P    481
0.0546874999999216,0.0585937499999168,0.0585937499999168,            365P    482
0.062499999999912,0.062499999999912,0.124999999999899,               365P    483
0.124999999999899,0.187499999999885,0.187499999999885,               365P    484
0.218749999999878,0.218749999999878,0.234374999999873,               365P    485
0.234374999999873,0.249999999999867,0.249999999999867,               365P    486
0.312499999999835,0.312499999999835,0.343749999999819,               365P    487
0.343749999999819,0.359374999999813,0.36718749999981,                365P    488
0.36718749999981,0.374999999999807,0.374999999999807,                365P    489
0.43749999999976,0.43749999999976,0.468749999999736,                 365P    490
0.468749999999736,0.484374999999724,0.492187499999719,               365P    491
0.496093749999717,0.496093749999717,0.499999999999715,               365P    492
0.499999999999715,0.624999999999784,0.624999999999784,               365P    493
0.687499999999818,0.687499999999818,0.718749999999835,               365P    494
0.718749999999835,0.734374999999849,0.742187499999855,               365P    495
0.746093749999862,0.746093749999862,0.749999999999869,               365P    496
0.749999999999869,1.,1.,1.,1.,1.,1.,1.,1.,1.,1.,1.,1.,1.,1.,1.,      365P    497
1.,1.,1.,1.,1.,1.,1.,1.,1.,1.,1.,1.,1.,1.,1.,1.,1.,1.,1.,1.,1.,      365P    498
1.,1.,1.,1.,1.,1.,1.,1.,1.,1.,1.,1.,1.,1.,1.,1.,1.,1.,1.,1.,1.,      365P    499
1.,-712.,450.,-25.,-711.865623144,450.424935866,-25.,                365P    500
-711.748383608,450.796872867,-24.999920287,-711.595171367,           365P    501
451.274782292,-24.9999083,-711.547974218,451.420767978,              365P    502
-24.999931136,-711.483220758,451.619804761,-24.999988828,            365P    503
-711.452358743,451.7143384,-25.000022197,-711.423839239,             365P    504
451.801405995,-25.000047683,-711.405355682,451.85779337,             365P    505
-25.000060604,-711.401625537,451.869168596,-25.00006432,             365P    506
-711.164391582,452.592115834,-25.000097837,-710.954068601,           365P    507
453.208249353,-25.000018698,-710.50799955,454.435886953,             365P    508
-24.999981302,-710.270389332,455.053894253,-24.999238505,            365P    509
-709.881166597,455.981974156,-24.99910436,-709.746034545,            365P    510
456.291504737,-24.999215056,-709.534472248,456.755337476,            365P    511
-24.999527605,-709.462477637,456.909870735,-24.999652367,            365P    512
-709.315448584,457.218656581,-24.99987446,-709.231561913,            365P    513
457.39071414,-24.999975191,-708.892873703,458.071928002,             365P    514
-25.000099236,-708.591294087,458.636342589,-24.999698849,            365P    515
-708.081413914,459.502990506,-24.999672992,-707.901884118,           365P    516
459.795183923,-24.999744902,-707.616937318,460.237041122,            365P    517
-24.999893273,-707.470552511,460.458858699,-24.999974143,            365P    518
-707.318072397,460.681721584,-25.000013793,-707.2150402,             365P    519
460.830495284,-25.000022463,-707.15315046,460.918630566,             365P    520
-25.00001474,-706.764145877,461.466902407,-24.999882084,             365P    521
-706.380024588,461.969495081,-24.999530161,-705.736635915,           365P    522
462.734507478,-24.999514589,-705.510981254,462.99133538,             365P    523
-24.999582181,-705.154612309,463.377561859,-24.999742647,            365P    524
-704.971957507,463.570918195,-24.99983564,-704.7508134,              365P    525
463.796510121,-24.999931729,-704.654290265,463.893147726,            365P    526
-24.999964819,-704.589550776,463.957557627,-24.999984423,            365P    527
-704.54823455,463.998352635,-24.999994871,-703.755884843,            365P    528
464.776806176,-25.000164121,-702.83892984,465.567454367,             365P    529
-24.998026419,-701.193814351,466.709456401,-24.997771842,            365P    530
-700.600663383,467.08240235,-24.998100985,-699.640422596,            365P    531
467.614440932,-24.998914429,-699.308612712,467.787198536,            365P    532
-24.999229008,-698.793126608,468.037257523,-24.999627283,            365P    533
-698.530943547,468.160015432,-24.99980687,-698.217286449,            365P    534
468.298754829,-24.999939027,-698.081196972,468.357199683,            365P    535
-24.999973603,-697.990100883,468.395931211,-24.999991117,            365P    536
-697.930815609,468.420827516,-24.999997961,-695.827068464,           365P    537
469.297324147,-25.000130505,-693.18978003,470.,-25.,                 365P    538
-690.0910977,470.,-25.,0.,1.,0.00059564,-0.000188358,                365P    539
0.999999805;                                                         365P    540
126,1,1,1,0,1,0,0.,0.,1.,1.,1.,1.,0.063141457,0.062919367,0.,        367P    541
0.063141457,0.,0.,0.,1.,0.,0.,1.;                                    367P    542
124,0.99585919546394,0.0909090909090756,0.,-45.6755255569406,        369P    543
-5.56657635975976E-18,6.09787888063186E-17,1.,497.,                  369P    544
0.0909090909090756,-0.99585919546394,6.12323399573677E-17,           369P    545
505.781094595314;                                                    369P    546
100,-27.,-712.,470.,-690.,470.,-690.0910977,472.;                    371P    547
126,1,1,1,0,1,0,0.,0.,1.,1.,1.,1.,0.063141457,0.,0.,                 373P    548
0.936858543,0.,0.,0.,1.,0.,0.,1.;                                    373P    549
100,-27.,-690.,450.,-690.,470.,-710.,450.;                           375P    550
102,4,357,363,367,373;                                               377P    551
102,4,361,365,371,375;                                               379P    552
142,1,355,377,379,1;                                                 381P    553
144,355,1,0,381;                                                     383P    554
110,-690.,450.,-25.,-690.,450.,-1025.;                               385P    555
110,-710.,450.,-27.,-710.,450.,-54.578698844;                        387P    556
120,385,387,0.,6.28318530717959;                                     389P    557
126,4,2,1,0,1,0,0.,0.,0.,0.5,0.5,1.,1.,1.,1.,1.,1.,1.,1.,            391P    558
0.994035785,0.242624923,0.,0.984553068,0.188198413,0.,               391P    559
0.969920403,0.120560214,0.,0.961861242,0.083307455,0.,               391P    560
0.942756587,0.,0.,0.,1.,0.,0.,-1.;                                   391P    561
126,9,3,1,0,1,0,0.,0.,0.,0.,0.499999999999996,                       393P    562
0.499999999999996,0.624999999999998,0.624999999999998,0.75,          393P    563
0.75,1.,1.,1.,1.,1.,1.,1.,1.,1.,1.,1.,1.,1.,1.,-709.414213562,       393P    564
454.805029839,-54.414213562,-709.571031962,454.171421724,            393P    565
-54.257395163,-709.729864599,453.399021708,-54.046463764,            393P    566
-709.872911551,452.260031813,-53.705458853,-709.90104913,            393P    567
451.991267323,-53.623496453,-709.93103919,451.665255645,             393P    568
-53.523281253,-709.945259898,451.488871697,-53.468642341,            393P    569
-709.982421447,450.919585528,-53.290950289,-710.,450.486548981,      393P    570
-53.153859984,-710.,450.,-53.,0.,1.,0.493666675,-0.322113118,        393P    571
-0.807797223;                                                        393P    572
126,1,1,1,0,1,0,0.,0.,1.,1.,1.,1.,0.942756587,0.,0.,0.,0.,0.,        395P    573
0.,1.,0.,0.,1.;                                                      395P    574
110,-710.,450.,-53.,-710.,450.,-27.;                                 397P    575
126,1,1,1,0,1,0,0.,0.,1.,1.,1.,1.,0.,0.,0.,0.,1.570796327,0.,        399P    576
0.,1.,0.,0.,1.;                                                      399P    577
124,-1.,0.,6.98296267768627E-15,-1380.,0.,1.,0.,0.,                  401P    578
-6.98296267768627E-15,0.,-1.,-54.0000000000048;                      401P    579
100,-27.,-690.,450.,-670.,450.,-690.,470.;                           403P    580
126,1,1,1,0,1,0,0.,0.,1.,1.,1.,1.,0.,1.570796327,0.,0.29007895,      405P    581
1.570796327,0.,0.,1.,0.,0.,1.;                                       405P    582
110,-690.,470.,-27.,-690.,470.,-35.;                                 407P    583
126,20,2,1,0,1,0,0.,0.,0.,0.0625,0.0625,0.125,0.125,0.1875,          409P    584
0.1875,0.25,0.25,0.375,0.375,0.5,0.5,0.625,0.625,0.75,0.75,          409P    585
0.875,0.875,1.,1.,1.,1.,1.,1.,1.,1.,1.,1.,1.,1.,1.,1.,1.,1.,1.,      409P    586
1.,1.,1.,1.,1.,1.,1.,0.29007895,1.570796327,0.,0.330207107,          409P    587
1.515462209,0.,0.350208988,1.487785614,0.,0.383520938,               409P    588
1.441691883,0.,0.409924922,1.404774901,0.,0.441561409,               409P    589
1.360542045,0.,0.468815497,1.321764189,0.,0.499336489,               409P    590
1.278338093,0.,0.526475146,1.238753476,0.,0.586961419,               409P    591
1.150527812,0.,0.636524507,1.07273205,0.,0.691639349,                409P    592
0.986222082,0.,0.737046664,0.906710625,0.,0.785869244,               409P    593
0.821218793,0.,0.82527727,0.740689199,0.,0.866768046,                409P    594
0.655903544,0.,0.898789997,0.574667774,0.,0.931996693,               409P    595
0.490426449,0.,0.955563254,0.408646348,0.,0.979708039,               409P    596
0.324859709,0.,0.994035785,0.242624923,0.,0.,1.,0.,0.,-1.;           409P    597
126,3,3,1,0,0,0,0.,0.,0.,0.,1.,1.,1.,1.,1.,0.858320421418916,        411P    598
0.858320421418916,1.,-690.,470.,-35.,-699.574348274,470.,            411P    599
-44.574348274,-707.113962105,464.098951945,-52.113962105,            411P    600
-709.414213562,454.805029839,-54.414213562,0.,1.,0.707106781,        411P    601
0.,-0.707106781;                                                     411P    602
102,5,391,395,399,405,409;                                           413P    603
102,5,393,397,403,407,411;                                           415P    604
142,1,389,413,415,1;                                                 417P    605
144,389,1,0,417;                                                     419P    606
110,-650.,450.,-55.,-650.,450.,-1055.;                               421P    607
110,-670.,450.,-27.,-670.,450.,-54.578698844;                        423P    608
120,421,423,0.,6.28318530717959;                                     425P    609
126,20,2,1,0,1,0,0.,0.,0.,0.125,0.125,0.25,0.25,0.375,0.375,         427P    610
0.5,0.5,0.625,0.625,0.75,0.75,0.8125,0.8125,0.875,0.875,0.9375,      427P    611
0.9375,1.,1.,1.,1.,1.,1.,1.,1.,1.,1.,1.,1.,1.,1.,1.,1.,1.,1.,        427P    612
1.,1.,1.,1.,1.,1.,0.994035785,2.898967731,0.,0.979708039,            427P    613
2.816732945,0.,0.955563254,2.732946305,0.,0.931996693,               427P    614
2.651166204,0.,0.898789997,2.56692488,0.,0.866768046,                427P    615
2.485689109,0.,0.82527727,2.400903454,0.,0.785869244,                427P    616
2.320373861,0.,0.737046664,2.234882029,0.,0.691639349,               427P    617
2.155370572,0.,0.636524507,2.068860603,0.,0.586961419,               427P    618
1.991064841,0.,0.526475146,1.902839178,0.,0.499336489,               427P    619
1.86325456,0.,0.468815497,1.819828465,0.,0.441561409,                427P    620
1.781050608,0.,0.409924922,1.736817752,0.,0.383520938,               427P    621
1.699900771,0.,0.350208988,1.65380704,0.,0.330207107,                427P    622
1.626130445,0.,0.29007895,1.570796327,0.,0.,1.,0.,0.,-1.;            427P    623
126,3,3,1,0,0,0,0.,0.,0.,0.,1.,1.,1.,1.,1.,0.858320421418915,        429P    624
0.858320421418915,1.,-630.585786438,454.805029839,                   429P    625
-54.414213562,-632.886037895,464.098951945,-52.113962105,            429P    626
-640.425651726,470.,-44.574348274,-650.,470.,-35.,0.,1.,             429P    627
-0.707106781,0.,-0.707106781;                                        429P    628
126,1,1,1,0,1,0,0.,0.,1.,1.,1.,1.,0.29007895,1.570796327,0.,0.,      431P    629
1.570796327,0.,0.,1.,0.,0.,1.;                                       431P    630
110,-650.,470.,-35.,-650.,470.,-27.;                                 433P    631
126,1,1,1,0,1,0,0.,0.,1.,1.,1.,1.,0.,1.570796327,0.,0.,              435P    632
3.141592654,0.,0.,1.,0.,0.,1.;                                       435P    633
124,6.12323399573677E-17,1.,0.,-1100.,1.,-6.12323399573677E-17,      437P    634
-6.98296267768627E-15,1100.,-6.98296267768627E-15,                   437P    635
4.27583144589696E-31,-1.,-54.0000000000045;                          437P    636
100,-27.,-650.,450.,-630.,450.,-650.,470.;                           439P    637
126,1,1,1,0,1,0,0.,0.,1.,1.,1.,1.,0.,3.141592654,0.,                 441P    638
0.942756587,3.141592654,0.,0.,1.,0.,0.,1.;                           441P    639
110,-630.,450.,-27.,-630.,450.,-53.;                                 443P    640
126,4,2,1,0,1,0,0.,0.,0.,0.5,0.5,1.,1.,1.,1.,1.,1.,1.,1.,            445P    641
0.942756587,3.141592654,0.,0.961859585,3.058292425,0.,               445P    642
0.969920403,3.02103244,0.,0.984552363,2.953398288,0.,                445P    643
0.994035785,2.898967731,0.,0.,1.,0.,0.,-1.;                          445P    644
126,11,3,1,0,1,0,0.,0.,0.,0.,0.249999999999987,                      447P    645
0.249999999999987,0.374999999999982,0.374999999999982,               447P    646
0.437499999999982,0.437499999999982,0.499999999999983,               447P    647
0.499999999999983,1.,1.,1.,1.,1.,1.,1.,1.,1.,1.,1.,1.,1.,1.,1.,      447P    648
1.,-630.,450.,-53.,-630.,450.490705805,-53.155174484,                447P    649
-630.017894662,450.929038698,-53.293958873,-630.056152641,           447P    650
451.507978671,-53.474600665,-630.070840369,451.687865434,            447P    651
-53.530291104,-630.094186819,451.938055737,-53.607118195,            447P    652
-630.099534709,451.993966662,-53.624263716,-630.124888731,           447P    653
452.232171329,-53.696728956,-630.138419997,452.349118098,            447P    654
-53.732056709,-630.266877424,453.382238941,-54.041663328,            447P    655
-630.426787738,454.162612453,-54.255214863,-630.585786438,           447P    656
454.805029839,-54.414213562,0.,1.,-0.038398522,-0.301288422,         447P    657
-0.952759592;                                                        447P    658
102,5,427,431,435,441,445;                                           449P    659
102,5,429,433,439,443,447;                                           451P    660
142,1,425,449,451,1;                                                 453P    661
144,425,1,0,453;                                                     455P    662
110,800.,450.,-35.,-200.,450.,-35.;                                  457P    663
110,-630.112815875,450.,-15.,-709.887184125,450.,-15.;               459P    664
120,457,459,0.,6.28318530717959;                                     461P    665
126,4,2,1,0,1,0,0.,0.,0.,0.5,0.5,1.,1.,1.,1.,1.,1.,1.,1.,            463P    666
0.976343478,3.141592654,0.,0.982947552,3.058292425,0.,               463P    667
0.985734247,3.02103244,0.,0.990792644,2.953398288,0.,                463P    668
0.994071146,2.898967731,0.,0.,1.,0.,0.,-1.;                          463P    669
126,11,3,1,0,1,0,0.,0.,0.,0.,0.249999999999999,                      465P    670
0.249999999999999,0.374999999999999,0.374999999999999,               465P    671
0.437499999999999,0.437499999999999,0.499999999999999,               465P    672
0.499999999999999,1.,1.,1.,1.,1.,1.,1.,1.,1.,1.,1.,1.,1.,1.,1.,      465P    673
1.,-708.,450.,-55.,-708.155174483,450.490705804,-55.,                465P    674
-708.293958872,450.929038697,-54.982105338,-708.474600665,           465P    675
451.50797867,-54.943847359,-708.530291103,451.687865433,             465P    676
-54.929159631,-708.607118195,451.938055737,-54.905813181,            465P    677
-708.624263716,451.993966662,-54.900465291,-708.696728956,           465P    678
452.232171329,-54.875111269,-708.732056708,452.349118098,            465P    679
-54.861580003,-709.041663327,453.382238938,-54.733122576,            465P    680
-709.255214862,454.162612451,-54.573212262,-709.414213562,           465P    681
454.805029839,-54.414213562,0.,1.,-0.952759592,-0.301288422,         465P    682
0.038398523;                                                         465P    683
126,20,2,1,0,1,0,0.,0.,0.,0.125,0.125,0.25,0.25,0.375,0.375,         467P    684
0.5,0.5,0.625,0.625,0.75,0.75,0.8125,0.8125,0.875,0.875,0.9375,      467P    685
0.9375,1.,1.,1.,1.,1.,1.,1.,1.,1.,1.,1.,1.,1.,1.,1.,1.,1.,1.,        467P    686
1.,1.,1.,1.,1.,1.,0.994071146,2.898967731,0.,0.989117919,            467P    687
2.816732945,0.,0.980770855,2.732946305,0.,0.972623688,               467P    688
2.651166204,0.,0.961143842,2.56692488,0.,0.950073572,                467P    689
2.485689109,0.,0.935729847,2.400903454,0.,0.922106147,               467P    690
2.320373861,0.,0.905227753,2.234882029,0.,0.889530046,               467P    691
2.155370572,0.,0.870476361,2.068860603,0.,0.853341967,               467P    692
1.991064841,0.,0.832431332,1.902839178,0.,0.82304926,                467P    693
1.86325456,0.,0.812497886,1.819828465,0.,0.803075908,                467P    694
1.781050608,0.,0.792138897,1.736817752,0.,0.783010808,               467P    695
1.699900771,0.,0.771494575,1.65380704,0.,0.764579749,                467P    696
1.626130445,0.,0.750707094,1.570796327,0.,0.,1.,0.,0.,-1.;           467P    697
126,3,3,1,0,0,0,0.,0.,0.,0.,1.,1.,1.,1.,1.,0.858320421418916,        469P    698
0.858320421418916,1.,-709.414213562,454.805029839,                   469P    699
-54.414213562,-707.113962105,464.098951945,-52.113962105,            469P    700
-699.574348274,470.,-44.574348274,-690.,470.,-35.,0.,1.,             469P    701
-0.707106781,0.,0.707106781;                                         469P    702
126,1,1,1,0,1,0,0.,0.,1.,1.,1.,1.,0.750707094,1.570796327,0.,        471P    703
0.249292906,1.570796327,0.,0.,1.,0.,0.,1.;                           471P    704
110,-690.,470.,-35.,-650.,470.,-35.;                                 473P    705
126,20,2,1,0,1,0,0.,0.,0.,0.0625,0.0625,0.125,0.125,0.1875,          475P    706
0.1875,0.25,0.25,0.375,0.375,0.5,0.5,0.625,0.625,0.75,0.75,          475P    707
0.875,0.875,1.,1.,1.,1.,1.,1.,1.,1.,1.,1.,1.,1.,1.,1.,1.,1.,1.,      475P    708
1.,1.,1.,1.,1.,1.,1.,0.249292906,1.570796327,0.,0.235420251,         475P    709
1.626130445,0.,0.228505425,1.65380704,0.,0.216989192,                475P    710
1.699900771,0.,0.207861103,1.736817752,0.,0.196924092,               475P    711
1.781050608,0.,0.187502114,1.819828465,0.,0.17695074,                475P    712
1.86325456,0.,0.167568668,1.902839178,0.,0.146658033,                475P    713
1.991064841,0.,0.129523639,2.068860603,0.,0.110469954,               475P    714
2.155370572,0.,0.094772247,2.234882029,0.,0.077893853,               475P    715
2.320373861,0.,0.064270153,2.400903454,0.,0.049926428,               475P    716
2.485689109,0.,0.038856158,2.56692488,0.,0.027376312,                475P    717
2.651166204,0.,0.019229145,2.732946305,0.,0.010882081,               475P    718
2.816732945,0.,0.005928854,2.898967731,0.,0.,1.,0.,0.,-1.;           475P    719
126,3,3,1,0,0,0,0.,0.,0.,0.,1.,1.,1.,1.,1.,0.858320421418915,        477P    720
0.858320421418915,1.,-650.,470.,-35.,-640.425651726,470.,            477P    721
-44.574348274,-632.886037895,464.098951945,-52.113962105,            477P    722
-630.585786438,454.805029839,-54.414213562,0.,1.,0.707106781,        477P    723
0.,0.707106781;                                                      477P    724
126,4,2,1,0,1,0,0.,0.,0.,0.5,0.5,1.,1.,1.,1.,1.,1.,1.,1.,            479P    725
0.005928854,2.898967731,0.,0.009207112,2.95339424,0.,                479P    726
0.014265753,3.02103244,0.,0.017051875,3.058285197,0.,                479P    727
0.023656522,3.141592654,0.,0.,1.,0.,0.,-1.;                          479P    728
126,9,3,1,0,1,0,0.,0.,0.,0.,0.500000000000033,                       481P    729
0.500000000000033,0.625000000000038,0.625000000000038,               481P    730
0.750000000000043,0.750000000000043,1.,1.,1.,1.,1.,1.,1.,1.,1.,      481P    731
1.,1.,1.,1.,1.,-630.585786438,454.805029839,-54.414213562,           481P    732
-630.742604833,454.171421742,-54.571031957,-630.953536229,           481P    733
453.39902173,-54.729864595,-631.294541145,452.26003182,              481P    734
-54.87291155,-631.376503549,451.99126732,-54.901049131,              481P    735
-631.476718742,451.665255663,-54.931039188,-631.531357652,           481P    736
451.488871722,-54.945259897,-631.709049701,450.919585562,            481P    737
-54.982421446,-631.846140009,450.486549006,-55.,-632.,450.,          481P    738
-55.,0.,1.,0.807797224,-0.322113118,0.493666673;                     481P    739
126,1,1,1,0,1,0,0.,0.,1.,1.,1.,1.,0.023656522,3.141592654,0.,        483P    740
0.976343478,3.141592654,0.,0.,1.,0.,0.,1.;                           483P    741
110,-632.,450.,-55.,-708.,450.,-55.;                                 485P    742
102,6,463,467,471,475,479,483;                                       487P    743
102,6,465,469,473,477,481,485;                                       489P    744
142,1,461,487,489,1;                                                 491P    745
144,461,1,0,491;                                                     493P    746
110,-650.,-550.,-55.,-650.,-550.,945.;                               495P    747
110,-630.,-550.,-54.578698844,-630.,-550.,-27.;                      497P    748
120,495,497,0.,6.28318530717959;                                     499P    749
126,4,2,1,0,1,0,0.,0.,0.,0.5,0.5,1.,1.,1.,1.,1.,1.,1.,1.,            501P    750
0.005964215,6.040560384,0.,0.015446932,6.094986894,0.,               501P    751
0.030079597,6.162625093,0.,0.038138757,6.199877851,0.,               501P    752
0.057243413,6.283185307,0.,0.,1.,0.,0.,-1.;                          501P    753
126,9,3,1,0,1,0,0.,0.,0.,0.,0.500000000000064,                       503P    754
0.500000000000064,0.625000000000049,0.625000000000049,               503P    755
0.750000000000033,0.750000000000033,1.,1.,1.,1.,1.,1.,1.,1.,1.,      503P    756
1.,1.,1.,1.,1.,-630.585786438,-554.805029839,-54.414213562,          503P    757
-630.428968036,-554.171421718,-54.257395161,-630.2701354,            503P    758
-553.399021701,-54.046463762,-630.127088449,-552.260031811,          503P    759
-53.705458852,-630.09895087,-551.991267327,-53.623496453,            503P    760
-630.068960809,-551.665255632,-53.523281249,-630.0547401,            503P    761
-551.488871678,-53.468642335,-630.017578552,-550.919585502,          503P    762
-53.290950281,-630.,-550.486548962,-53.153859977,-630.,-550.,        503P    763
-53.,0.,1.,-0.493666678,0.322113118,-0.807797221;                    503P    764
126,1,1,1,0,1,0,0.,0.,1.,1.,1.,1.,0.057243413,6.283185307,0.,        505P    765
1.,6.283185307,0.,0.,1.,0.,0.,1.;                                    505P    766
110,-630.,-550.,-53.,-630.,-550.,-27.;                               507P    767
126,1,1,1,0,1,0,0.,0.,1.,1.,1.,1.,1.,6.283185307,0.,1.,              509P    768
4.71238898,0.,0.,1.,0.,0.,1.;                                        509P    769
124,1.,-1.40883900352873E-14,-6.98296267768627E-15,                  511P    770
-7.88070324611009E-12,-1.40883900352873E-14,-1.,0.,                  511P    771
-1100.00000000001,-6.98296267768627E-15,9.83787018050981E-29,        511P    772
-1.,-54.0000000000045;                                               511P    773
100,-27.,-650.,-550.,-630.,-550.,-650.,-530.;                        513P    774
126,1,1,1,0,1,0,0.,0.,1.,1.,1.,1.,1.,4.71238898,0.,0.70992105,       515P    775
4.71238898,0.,0.,1.,0.,0.,1.;                                        515P    776
110,-650.,-570.,-27.,-650.,-570.,-35.;                               517P    777
126,20,2,1,0,1,0,0.,0.,0.,0.0625,0.0625,0.125,0.125,0.1875,          519P    778
0.1875,0.25,0.25,0.375,0.375,0.5,0.5,0.625,0.625,0.75,0.75,          519P    779
0.875,0.875,1.,1.,1.,1.,1.,1.,1.,1.,1.,1.,1.,1.,1.,1.,1.,1.,1.,      519P    780
1.,1.,1.,1.,1.,1.,1.,0.70992105,4.71238898,0.,0.669792893,           519P    781
4.767723098,0.,0.649791012,4.795399693,0.,0.616479062,               519P    782
4.841493424,0.,0.590075078,4.878410406,0.,0.558438591,               519P    783
4.922643262,0.,0.531184503,4.961421119,0.,0.500663511,               519P    784
5.004847214,0.,0.473524854,5.044431831,0.,0.413038581,               519P    785
5.132657495,0.,0.363475493,5.210453257,0.,0.308360651,               519P    786
5.296963225,0.,0.262953336,5.376474682,0.,0.214130756,               519P    787
5.461966515,0.,0.17472273,5.542496108,0.,0.133231954,                519P    788
5.627281763,0.,0.101210003,5.708517533,0.,0.068003307,               519P    789
5.792758858,0.,0.044436746,5.874538959,0.,0.020291961,               519P    790
5.958325598,0.,0.005964215,6.040560384,0.,0.,1.,0.,0.,-1.;           519P    791
126,3,3,1,0,0,0,0.,0.,0.,0.,1.,1.,1.,1.,1.,0.858320421418914,        521P    792
0.858320421418914,1.,-650.,-570.,-35.,-640.425651726,-570.,          521P    793
-44.574348274,-632.886037895,-564.098951945,-52.113962105,           521P    794
-630.585786438,-554.805029839,-54.414213562,0.,1.,-0.707106781,      521P    795
0.,-0.707106781;                                                     521P    796
102,5,501,505,509,515,519;                                           523P    797
102,5,503,507,513,517,521;                                           525P    798
142,1,499,523,525,1;                                                 527P    799
144,499,1,0,527;                                                     529P    800
110,-710.,-550.,-35.,290.,-550.,-35.;                                531P    801
110,-709.887184125,-550.,-55.,-630.112815875,-550.,-55.;             533P    802
120,531,533,0.,6.28318530717959;                                     535P    803
126,1,1,1,0,1,0,0.,0.,1.,1.,1.,1.,0.750707094,4.71238898,0.,         537P    804
0.249292906,4.71238898,0.,0.,1.,0.,0.,1.;                            537P    805
110,-650.,-570.,-35.,-690.,-570.,-35.;                               539P    806
126,20,2,1,0,1,0,0.,0.,0.,0.0625,0.0625,0.125,0.125,0.1875,          541P    807
0.1875,0.25,0.25,0.375,0.375,0.5,0.5,0.625,0.625,0.75,0.75,          541P    808
0.875,0.875,1.,1.,1.,1.,1.,1.,1.,1.,1.,1.,1.,1.,1.,1.,1.,1.,1.,      541P    809
1.,1.,1.,1.,1.,1.,1.,0.249292906,4.71238898,0.,0.235420251,          541P    810
4.767723098,0.,0.228505425,4.795399693,0.,0.216989192,               541P    811
4.841493424,0.,0.207861103,4.878410406,0.,0.196924092,               541P    812
4.922643262,0.,0.187502114,4.961421119,0.,0.17695074,                541P    813
5.004847214,0.,0.167568668,5.044431831,0.,0.146658033,               541P    814
5.132657495,0.,0.129523639,5.210453257,0.,0.110469954,               541P    815
5.296963225,0.,0.094772247,5.376474682,0.,0.077893853,               541P    816
5.461966515,0.,0.064270153,5.542496108,0.,0.049926428,               541P    817
5.627281763,0.,0.038856158,5.708517533,0.,0.027376312,               541P    818
5.792758858,0.,0.019229145,5.874538959,0.,0.010882081,               541P    819
5.958325598,0.,0.005928854,6.040560384,0.,0.,1.,0.,0.,-1.;           541P    820
126,3,3,1,0,0,0,0.,0.,0.,0.,1.,1.,1.,1.,1.,0.858320421418914,        543P    821
0.858320421418914,1.,-690.,-570.,-35.,-699.574348274,-570.,          543P    822
-44.574348274,-707.113962105,-564.098951945,-52.113962105,           543P    823
-709.414213562,-554.805029839,-54.414213562,0.,1.,-0.707106781,      543P    824
0.,0.707106781;                                                      543P    825
126,4,2,1,0,1,0,0.,0.,0.,0.5,0.5,1.,1.,1.,1.,1.,1.,1.,1.,            545P    826
0.005928854,6.040560384,0.,0.009207112,6.094986894,0.,               545P    827
0.014265753,6.162625093,0.,0.017051875,6.19987785,0.,                545P    828
0.023656522,6.283185307,0.,0.,1.,0.,0.,-1.;                          545P    829
126,9,3,1,0,1,0,0.,0.,0.,0.,0.499999999999998,                       547P    830
0.499999999999998,0.624999999999993,0.624999999999993,               547P    831
0.749999999999989,0.749999999999989,1.,1.,1.,1.,1.,1.,1.,1.,1.,      547P    832
1.,1.,1.,1.,1.,-709.414213562,-554.805029839,-54.414213562,          547P    833
-709.25739516,-554.171421713,-54.571031965,-709.04646376,            547P    834
-553.399021696,-54.729864601,-708.705458851,-552.26003181,           547P    835
-54.872911552,-708.623496454,-551.991267328,-54.90104913,            547P    836
-708.523281246,-551.665255624,-54.931039192,-708.468642331,          547P    837
-551.488871668,-54.945259901,-708.290950276,-550.919585488,          547P    838
-54.982421449,-708.153859974,-550.486548952,-55.,-708.,-550.,        547P    839
-55.,0.,1.,-0.80779722,0.322113118,0.49366668;                       547P    840
126,1,1,1,0,1,0,0.,0.,1.,1.,1.,1.,0.023656522,6.283185307,0.,        549P    841
0.976343478,6.283185307,0.,0.,1.,0.,0.,1.;                           549P    842
110,-708.,-550.,-55.,-632.,-550.,-55.;                               551P    843
126,4,2,1,0,1,0,0.,0.,0.,0.5,0.5,1.,1.,1.,1.,1.,1.,1.,1.,            553P    844
0.976343478,6.283185307,0.,0.982947552,6.199885079,0.,               553P    845
0.985734247,6.162625093,0.,0.990792644,6.094990942,0.,               553P    846
0.994071146,6.040560384,0.,0.,1.,0.,0.,-1.;                          553P    847
126,11,3,1,0,1,0,0.,0.,0.,0.,0.24999999999991,0.24999999999991,      555P    848
0.374999999999866,0.374999999999866,0.437499999999881,               555P    849
0.437499999999881,0.499999999999896,0.499999999999896,1.,1.,1.,      555P    850
1.,1.,1.,1.,1.,1.,1.,1.,1.,1.,1.,1.,1.,-632.,-550.,-55.,             555P    851
-631.844825523,-550.490705784,-55.,-631.706041136,                   555P    852
-550.929038669,-54.98210534,-631.525399342,-551.507978647,           555P    853
-54.943847361,-631.469708902,-551.687865415,-54.929159633,           555P    854
-631.392881808,-551.938055729,-54.905813182,-631.375736284,          555P    855
-551.993966663,-54.900465291,-631.303271044,-552.232171327,          555P    856
-54.875111269,-631.267943293,-552.349118094,-54.861580003,           555P    857
-630.958336677,-553.382238924,-54.733122578,-630.744785141,          555P    858
-554.162612438,-54.573212266,-630.585786438,-554.805029839,          555P    859
-54.414213562,0.,1.,0.952759592,0.301288422,0.038398521;             555P    860
126,20,2,1,0,1,0,0.,0.,0.,0.125,0.125,0.25,0.25,0.375,0.375,         557P    861
0.5,0.5,0.625,0.625,0.75,0.75,0.8125,0.8125,0.875,0.875,0.9375,      557P    862
0.9375,1.,1.,1.,1.,1.,1.,1.,1.,1.,1.,1.,1.,1.,1.,1.,1.,1.,1.,        557P    863
1.,1.,1.,1.,1.,1.,0.994071146,6.040560384,0.,0.989117919,            557P    864
5.958325598,0.,0.980770855,5.874538959,0.,0.972623688,               557P    865
5.792758858,0.,0.961143842,5.708517533,0.,0.950073572,               557P    866
5.627281763,0.,0.935729847,5.542496108,0.,0.922106147,               557P    867
5.461966515,0.,0.905227753,5.376474682,0.,0.889530046,               557P    868
5.296963225,0.,0.870476361,5.210453257,0.,0.853341967,               557P    869
5.132657495,0.,0.832431332,5.044431831,0.,0.82304926,                557P    870
5.004847214,0.,0.812497886,4.961421119,0.,0.803075908,               557P    871
4.922643262,0.,0.792138897,4.878410406,0.,0.783010808,               557P    872
4.841493424,0.,0.771494575,4.795399693,0.,0.764579749,               557P    873
4.767723098,0.,0.750707094,4.71238898,0.,0.,1.,0.,0.,-1.;            557P    874
126,3,3,1,0,0,0,0.,0.,0.,0.,1.,1.,1.,1.,1.,0.858320421418914,        559P    875
0.858320421418914,1.,-630.585786438,-554.805029839,                  559P    876
-54.414213562,-632.886037895,-564.098951945,-52.113962105,           559P    877
-640.425651726,-570.,-44.574348274,-650.,-570.,-35.,0.,1.,           559P    878
0.707106781,0.,0.707106781;                                          559P    879
102,6,537,541,545,549,553,557;                                       561P    880
102,6,539,543,547,551,555,559;                                       563P    881
142,1,535,561,563,1;                                                 565P    882
144,535,1,0,565;                                                     567P    883
128,3,3,3,3,0,0,0,0,0,0.,0.,0.,0.,1.,1.,1.,1.,0.,0.,0.,0.,1.,        569P    884
1.,1.,1.,1.,0.755320871117973,0.755320871117973,1.,                  569P    885
0.804737854124365,0.607835296998823,0.607835296998823,               569P    886
0.804737854124365,0.804737854124365,0.607835296998823,               569P    887
0.607835296998823,0.804737854124365,1.,0.755320871117973,            569P    888
0.755320871117973,1.,-651.996668333,-569.900083306,-27.,             569P    889
-638.398924696,-571.264408455,-27.,-628.735591545,                   569P    890
-561.601075304,-27.,-630.099916694,-548.003331667,-27.,              569P    891
-651.996668333,-569.900083306,-12.943077142,-638.398924696,          569P    892
-571.264408455,-20.908450947,-628.735591545,-561.601075304,          569P    893
-26.569100449,-630.099916694,-548.003331667,-25.76989728,            569P    894
-642.056922858,-569.900083306,-3.003331667,-634.091549053,           569P    895
-571.264408455,-16.601075304,-628.430899551,-561.601075304,          569P    896
-26.264408455,-629.23010272,-548.003331667,-24.900083306,-628.,      569P    897
-569.900083306,-3.003331667,-628.,-571.264408455,-16.601075304,      569P    898
-628.,-561.601075304,-26.264408455,-628.,-548.003331667,             569P    899
-24.900083306,0.,1.,0.,1.;                                           569P    900
126,1,1,1,0,1,0,0.,0.,1.,1.,1.,1.,0.063141457,1.,0.,                 571P    901
0.063141457,0.,0.,0.,1.,0.,0.,1.;                                    571P    902
124,6.12323399573677E-17,-1.,0.,-1198.,6.12323399573677E-17,         573P    903
3.74939945665464E-33,-1.,-597.,1.,6.12323399573677E-17,              573P    904
6.12323399573677E-17,601.;                                           573P    905
100,-27.,-628.,-570.,-606.,-570.,-628.,-548.;                        575P    906
126,1,1,1,0,1,0,0.,0.,1.,1.,1.,1.,0.063141457,0.,0.,                 577P    907
0.936858543,0.,0.,0.,1.,0.,0.,1.;                                    577P    908
100,-27.,-650.,-550.,-650.,-570.,-630.,-550.;                        579P    909
126,1,1,1,0,1,0,0.,0.,1.,1.,1.,1.,0.936858543,0.,0.,                 581P    910
0.936858543,1.,0.,0.,1.,0.,0.,1.;                                    581P    911
124,-1.,6.98296267768627E-15,0.,-1256.,-4.27583144589696E-31,        583P    912
-6.12323399573677E-17,1.,-523.,6.98296267768627E-15,1.,              583P    913
6.12323399573677E-17,523.000000000004;                               583P    914
100,-27.,-628.,-550.,-626.,-550.,-628.,-548.;                        585P    915
126,1,1,1,0,1,0,0.,0.,1.,1.,1.,1.,0.936858543,1.,0.,                 587P    916
0.063141457,1.,0.,0.,1.,0.,0.,1.;                                    587P    917
124,-6.12323399573677E-17,4.27583144589696E-31,-1.,-633.,            589P    918
-6.98296267768627E-15,-1.,0.,-1100.,-1.,6.98296267768627E-15,        589P    919
6.12323399573677E-17,-632.999999999996;                              589P    920
100,-5.,-628.,-550.,-608.,-550.,-628.,-530.;                         591P    921
102,4,571,577,581,587;                                               593P    922
102,4,575,579,585,591;                                               595P    923
142,1,569,593,595,1;                                                 597P    924
144,569,1,0,597;                                                     599P    925
110,-710.,-550.,-5.,290.,-550.,-5.;                                  601P    926
110,-628.,-550.,-25.,857.851733625,-550.,-25.;                       603P    927
120,601,603,0.,6.28318530717959;                                     605P    928
126,1,1,1,0,1,0,0.,0.,1.,1.,1.,1.,0.,6.283185307,0.,                 607P    929
0.994035785,6.283185307,0.,0.,1.,0.,0.,1.;                           607P    930
110,-628.,-550.,-25.,848.989794856,-550.,-25.;                       609P    931
126,8,2,1,0,1,0,0.,0.,0.,0.25,0.25,0.5,0.5,0.75,0.75,1.,1.,1.,       611P    932
1.,1.,1.,1.,1.,1.,1.,1.,1.,0.994035785,6.283185307,0.,               611P    933
0.990890969,6.054269156,0.,0.9864451,5.817905736,0.,                 611P    934
0.982895349,5.629184094,0.,0.978232559,5.420889866,0.,               611P    935
0.974590275,5.258183233,0.,0.969698945,5.058439837,0.,               611P    936
0.966868053,4.942836898,0.,0.961064935,4.71238898,0.,0.,1.,0.,       611P    937
0.,-1.;                                                              611P    938
126,42,3,1,0,1,0,0.,0.,0.,0.,0.125000000000012,                      613P    939
0.125000000000012,0.18750000000002,0.18750000000002,                 613P    940
0.218750000000025,0.218750000000025,0.234375000000026,               613P    941
0.242187500000028,0.246093750000031,0.246093750000031,               613P    942
0.250000000000033,0.250000000000033,0.375000000000063,               613P    943
0.375000000000063,0.437500000000076,0.437500000000076,               613P    944
0.468750000000087,0.468750000000087,0.484375000000095,               613P    945
0.492187500000098,0.496093750000097,0.496093750000097,               613P    946
0.500000000000095,0.500000000000095,0.625000000000144,               613P    947
0.625000000000144,0.687500000000172,0.687500000000172,               613P    948
0.718750000000183,0.718750000000183,0.734375000000188,               613P    949
0.742187500000191,0.746093750000195,0.748046875000194,               613P    950
0.748046875000194,0.750000000000193,0.750000000000193,               613P    951
0.875000000000096,0.875000000000096,1.,1.,1.,1.,1.,1.,1.,1.,1.,      613P    952
1.,1.,1.,1.,1.,1.,1.,1.,1.,1.,1.,1.,1.,1.,1.,1.,1.,1.,1.,1.,1.,      613P    953
1.,1.,1.,1.,1.,1.,1.,1.,1.,1.,1.,1.,1.,1.,1.,1.,1.,                  613P    954
848.989794856,-550.,-25.,847.432217731,-551.526107676,-25.,          613P    955
845.713543156,-553.064883979,-24.824527131,842.893885117,            613P    956
-555.329606099,-24.292398666,841.913724741,-556.077224451,           613P    957
-24.070352753,840.383072633,-557.179622884,-23.670987334,            613P    958
839.862786673,-557.543916305,-23.526826354,839.067254847,            613P    959
-558.084579645,-23.294208481,838.665713213,-558.353467098,           613P    960
-23.173806435,838.19064046,-558.664419223,-23.026224857,             613P    961
837.985621956,-558.797071341,-22.961457576,837.84862831,             613P    962
-558.885367203,-22.917942742,837.766104419,-558.938315957,           613P    963
-22.891563757,835.95302765,-560.097852131,-22.309428337,             613P    964
834.057075219,-561.19849929,-21.623626703,831.006420501,             613P    965
-562.768041253,-20.408275709,829.955081249,-563.277581794,           613P    966
-19.972157847,828.326390853,-564.015184061,-19.271984374,            613P    967
827.774880468,-564.256596948,-19.030935356,826.934694511,            613P    968
-564.611229294,-18.658016122,826.511371438,-564.786673501,           613P    969
-18.468720921,826.011841853,-564.987904255,-18.242954207,            613P    970
825.79654646,-565.073386622,-18.145147139,825.652747023,             613P    971
-565.130203978,-18.079709673,825.564917722,-565.164707144,           613P    972
-18.039662812,823.704579078,-565.892581153,-17.19026095,             613P    973
821.745956317,-566.572131834,-16.261621261,818.576035155,            613P    974
-567.498483437,-14.704019484,817.480730264,-567.791661931,           613P    975
-14.157506423,815.779776173,-568.200441806,-13.297271093,            613P    976
815.20312535,-568.331531568,-13.003792769,814.323649927,             613P    977
-568.519418717,-12.553645972,813.880287418,-568.611174995,           613P    978
-12.326091432,813.356687762,-568.71417506,-12.056319399,             613P    979
813.093302086,-568.764634943,-11.920367735,812.980082686,            613P    980
-568.786034721,-11.86187519,812.904527569,-568.800250709,            613P    981
-11.822829686,812.850766919,-568.810306273,-11.795036638,            613P    982
811.426763707,-569.075796282,-11.058708899,809.656644373,            613P    983
-569.363272907,-10.137531622,805.380357981,-569.825530147,           613P    984
-7.877311809,802.874190922,-570.,-6.536319454,800.,-570.,-5.,        613P    985
0.,1.,0.602512234,-0.614936473,0.508755484;                          613P    986
126,1,1,1,0,1,0,0.,0.,1.,1.,1.,1.,0.961064935,4.71238898,0.,0.,      615P    987
4.71238898,0.,0.,1.,0.,0.,1.;                                        615P    988
110,800.,-570.,-5.,-628.,-570.,-5.;                                  617P    989
126,1,1,1,0,1,0,0.,0.,1.,1.,1.,1.,0.,4.71238898,0.,0.,               619P    990
6.283185307,0.,0.,1.,0.,0.,1.;                                       619P    991
124,8.58915688636046E-31,6.12323399573677E-17,1.,-623.,-1.,          621P    992
1.40271576953299E-14,0.,-1177.99999999999,                           621P    993
-1.40271576953299E-14,-1.,6.12323399573677E-17,                      621P    994
-555.000000000009;                                                   621P    995
100,-5.,-628.,-550.,-608.,-550.,-628.,-530.;                         623P    996
102,4,607,611,615,619;                                               625P    997
102,4,609,613,617,623;                                               627P    998
142,1,605,625,627,1;                                                 629P    999
144,605,1,0,629;                                                     631P   1000
110,850.,-500.,-5.,850.,500.,-5.;                                    633P   1001
110,830.,-555.103733625,-5.,830.,476.113938769,-5.;                  635P   1002
120,633,635,0.,6.28318530717959;                                     637P   1003
126,22,2,1,0,1,0,0.,0.,0.,0.0625,0.0625,0.125,0.125,0.1875,          639P   1004
0.1875,0.25,0.25,0.3125,0.3125,0.375,0.375,0.5,0.5,0.625,0.625,      639P   1005
0.75,0.75,0.875,0.875,1.,1.,1.,1.,1.,1.,1.,1.,1.,1.,1.,1.,1.,        639P   1006
1.,1.,1.,1.,1.,1.,1.,1.,1.,1.,1.,1.,1.,0.974676599,4.71238898,       639P   1007
0.,0.975945765,4.646949651,0.,0.976577597,4.61421421,0.,             639P   1008
0.977629566,4.559711284,0.,0.978460287,4.51603944,0.,                639P   1009
0.979455026,4.463745023,0.,0.980306539,4.417864669,0.,               639P   1010
0.981259241,4.366532156,0.,0.982098571,4.319689899,0.,               639P   1011
0.983008563,4.268904037,0.,0.983819125,4.221515128,0.,               639P   1012
0.984681663,4.171087485,0.,0.985451632,4.123340358,0.,               639P   1013
0.987097966,4.021248308,0.,0.988390615,3.926990817,0.,               639P   1014
0.989773167,3.826177705,0.,0.990802576,3.730641276,0.,               639P   1015
0.991878927,3.630748144,0.,0.992594824,3.534291735,0.,               639P   1016
0.993330713,3.435141757,0.,0.993698485,3.337942194,0.,               639P   1017
0.994071146,3.239450791,0.,0.994071146,3.141592654,0.,0.,1.,0.,      639P   1018
0.,-1.;                                                              639P   1019
126,3,3,1,0,0,0,0.,0.,0.,0.,1.,1.,1.,1.,1.,0.804737854124365,        641P   1020
0.804737854124365,1.,850.,450.,-25.,861.715728753,                   641P   1021
461.715728753,-25.,870.,470.,-16.715728753,870.,470.,-5.,0.,1.,      641P   1022
-0.707106781,0.707106781,0.;                                         641P   1023
126,1,1,1,0,1,0,0.,0.,1.,1.,1.,1.,0.994071146,3.141592654,0.,        643P   1024
0.053435599,3.141592654,0.,0.,1.,0.,0.,1.;                           643P   1025
110,870.,470.,-5.,870.,-500.,-5.;                                    645P   1026
126,8,2,1,0,1,0,0.,0.,0.,0.25,0.25,0.5,0.5,0.75,0.75,1.,1.,1.,       647P   1027
1.,1.,1.,1.,1.,1.,1.,1.,1.,0.053435599,3.141592654,0.,               647P   1028
0.045074277,3.372034421,0.,0.040995103,3.48764351,0.,                647P   1029
0.033947649,3.687377479,0.,0.028699266,3.85009354,0.,                647P   1030
0.021981108,4.058377096,0.,0.016866052,4.247109409,0.,               647P   1031
0.010460238,4.483467318,0.,0.005928854,4.71238898,0.,0.,1.,0.,       647P   1032
0.,-1.;                                                              647P   1033
126,40,3,1,0,1,0,0.,0.,0.,0.,0.124999999999832,                      649P   1034
0.124999999999832,0.187499999999746,0.187499999999746,               649P   1035
0.218749999999702,0.218749999999702,0.234374999999684,               649P   1036
0.242187499999675,0.24609374999967,0.248046874999668,                649P   1037
0.248046874999668,0.249999999999666,0.249999999999666,               649P   1038
0.374999999999658,0.374999999999658,0.437499999999655,               649P   1039
0.437499999999655,0.468749999999654,0.468749999999654,               649P   1040
0.484374999999653,0.492187499999656,0.496093749999656,               649P   1041
0.496093749999656,0.499999999999657,0.499999999999657,               649P   1042
0.624999999999646,0.624999999999646,0.68749999999964,                649P   1043
0.68749999999964,0.718749999999635,0.718749999999635,                649P   1044
0.734374999999633,0.742187499999633,0.746093749999636,               649P   1045
0.746093749999636,0.749999999999638,0.749999999999638,1.,1.,1.,      649P   1046
1.,1.,1.,1.,1.,1.,1.,1.,1.,1.,1.,1.,1.,1.,1.,1.,1.,1.,1.,1.,1.,      649P   1047
1.,1.,1.,1.,1.,1.,1.,1.,1.,1.,1.,1.,1.,1.,1.,1.,1.,1.,1.,1.,1.,      649P   1048
870.,-500.,-5.,870.,-502.874114195,-6.536278452,869.825538995,       649P   1049
-505.380242891,-7.877250843,869.478851278,-508.587457685,            649P   1050
-9.572416769,869.348625041,-509.564532909,-10.085481823,             649P   1051
869.148469185,-510.892151181,-10.778752631,869.080911731,            649P   1052
-511.311691511,-10.997143101,868.980140449,-511.906503366,           649P   1053
-11.306028703,868.929892664,-512.195284634,-11.45579756,             649P   1054
868.871874983,-512.517102957,-11.622433999,868.843060154,            649P   1055
-512.67423883,-11.7037399,868.830757043,-512.740774214,              649P   1056
-11.738155273,868.82256571,-512.784951456,-11.761003431,             649P   1057
868.821447699,-512.791007831,-11.764136264,868.362745061,            649P   1058
-515.251345327,-13.036332826,867.807310598,-517.519228789,           649P   1059
-14.184734954,866.880966337,-520.689149951,-15.742341098,            649P   1060
866.556579341,-521.707139666,-16.234245815,866.05360096,             649P   1061
-523.176148231,-16.931640534,865.883202233,-523.656155085,           649P   1062
-17.157371225,865.624312527,-524.361671364,-17.48600437,             649P   1063
865.494044136,-524.710806002,-17.64783097,865.340795148,             649P   1064
-525.111788622,-17.832309024,865.274863027,-525.282279503,           649P   1065
-17.910449909,865.230853825,-525.395638132,-17.962339646,            649P   1066
865.214999206,-525.436378383,-17.980973849,864.283235187,            649P   1067
-527.817837926,-19.068307761,863.291301964,-529.989369883,           649P   1068
-20.00308779,861.721766485,-533.040024602,-21.218447159,             649P   1069
861.184944024,-534.022468972,-21.592575716,860.365162332,            649P   1070
-535.444474723,-22.107528906,860.089473364,-535.909866506,           649P   1071
-22.271480841,859.673000835,-536.595038979,-22.505954291,            649P   1072
859.464029404,-536.934396415,-22.620328031,859.219092432,            649P   1073
-537.324663024,-22.748780861,859.11389155,-537.490709342,            649P   1074
-22.802767533,859.043708726,-537.60113782,-22.838522458,             649P   1075
859.017460116,-537.642352404,-22.851830095,856.157024666,            649P   1076
-542.115021554,-24.287887745,853.052288837,-545.874565606,-25.,      649P   1077
850.,-548.989794856,-25.,0.,1.,-0.00702861,-0.471392827,             649P   1078
0.881895346;                                                         649P   1079
126,1,1,1,0,1,0,0.,0.,1.,1.,1.,1.,0.005928854,4.71238898,0.,         651P   1080
0.974676599,4.71238898,0.,0.,1.,0.,0.,1.;                            651P   1081
110,850.,-548.989794856,-25.,850.,450.,-25.;                         653P   1082
102,4,639,643,647,651;                                               655P   1083
102,4,641,645,649,653;                                               657P   1084
142,1,637,655,657,1;                                                 659P   1085
144,637,1,0,659;                                                     661P   1086
128,3,3,3,3,0,0,0,0,0,0.,0.,0.,0.,1.,1.,1.,1.,0.,0.,0.,0.,1.,        663P   1087
1.,1.,1.,1.,0.755320871117972,0.755320871117972,1.,                  663P   1088
0.804737854124365,0.607835296998823,0.607835296998823,               663P   1089
0.804737854124365,0.804737854124365,0.607835296998823,               663P   1090
0.607835296998823,0.804737854124365,1.,0.755320871117972,            663P   1091
0.755320871117972,1.,-628.,469.900083306,-3.003331667,-628.,         663P   1092
471.264408455,-16.601075304,-628.,461.601075304,-26.264408455,       663P   1093
-628.,448.003331667,-24.900083306,-642.056922858,469.900083306,      663P   1094
-3.003331667,-634.091549053,471.264408455,-16.601075304,             663P   1095
-628.430899551,461.601075304,-26.264408455,-629.23010272,            663P   1096
448.003331667,-24.900083306,-651.996668333,469.900083306,            663P   1097
-12.943077142,-638.398924696,471.264408455,-20.908450947,            663P   1098
-628.735591545,461.601075304,-26.569100449,-630.099916694,           663P   1099
448.003331667,-25.76989728,-651.996668333,469.900083306,-27.,        663P   1100
-638.398924696,471.264408455,-27.,-628.735591545,461.601075304,      663P   1101
-27.,-630.099916694,448.003331667,-27.,0.,1.,0.,1.;                  663P   1102
126,1,1,1,0,1,0,0.,0.,1.,1.,1.,1.,0.936858543,0.,0.,                 665P   1103
0.936858543,1.,0.,0.,1.,0.,0.,1.;                                    665P   1104
124,6.12323399573677E-17,-1.,0.,-178.,6.12323399573677E-17,          667P   1105
3.74939945665464E-33,-1.,423.,1.,6.12323399573677E-17,               667P   1106
6.12323399573677E-17,601.;                                           667P   1107
100,-27.,-628.,450.,-626.,450.,-628.,452.;                           669P   1108
126,1,1,1,0,1,0,0.,0.,1.,1.,1.,1.,0.936858543,1.,0.,                 671P   1109
0.063141457,1.,0.,0.,1.,0.,0.,1.;                                    671P   1110
100,-27.,-650.,450.,-630.,450.,-650.,470.;                           673P   1111
126,1,1,1,0,1,0,0.,0.,1.,1.,1.,1.,0.063141457,1.,0.,                 675P   1112
0.063141457,0.,0.,0.,1.,0.,0.,1.;                                    675P   1113
124,-1.,6.98296267768627E-15,0.,-1256.,-4.27583144589696E-31,        677P   1114
-6.12323399573677E-17,1.,497.,6.98296267768627E-15,1.,               677P   1115
6.12323399573677E-17,-496.999999999996;                              677P   1116
100,-27.,-628.,470.,-606.,470.,-628.,492.;                           679P   1117
126,1,1,1,0,1,0,0.,0.,1.,1.,1.,1.,0.063141457,0.,0.,                 681P   1118
0.936858543,0.,0.,0.,1.,0.,0.,1.;                                    681P   1119
124,3.74939945665464E-33,-6.12323399573677E-17,-1.,-633.,1.,         683P   1120
6.12323399573677E-17,0.,1078.,6.12323399573677E-17,-1.,              683P   1121
6.12323399573677E-17,445.;                                           683P   1122
100,-5.,-628.,450.,-608.,450.,-628.,470.;                            685P   1123
102,4,665,671,675,681;                                               687P   1124
102,4,669,673,679,685;                                               689P   1125
142,1,663,687,689,1;                                                 691P   1126
144,663,1,0,691;                                                     693P   1127
110,-710.,450.,-5.,-1710.,450.,-5.;                                  695P   1128
110,878.988,450.,15.,-628.,450.,15.;                                 697P   1129
120,695,697,0.,6.28318530717959;                                     699P   1130
126,1,1,1,0,1,0,0.,0.,1.,1.,1.,1.,1.,1.570796327,0.,                 701P   1131
0.005964215,1.570796327,0.,0.,1.,0.,0.,1.;                           701P   1132
110,-628.,470.,-5.,870.,470.,-5.;                                    703P   1133
126,22,2,1,0,1,0,0.,0.,0.,0.125,0.125,0.25,0.25,0.375,0.375,         705P   1134
0.5,0.5,0.625,0.625,0.6875,0.6875,0.75,0.75,0.8125,0.8125,           705P   1135
0.875,0.875,0.9375,0.9375,1.,1.,1.,1.,1.,1.,1.,1.,1.,1.,1.,1.,       705P   1136
1.,1.,1.,1.,1.,1.,1.,1.,1.,1.,1.,1.,1.,1.,0.005964215,               705P   1137
1.570796327,0.,0.005964215,1.668654464,0.,0.006219223,               705P   1138
1.767145868,0.,0.006470886,1.864345431,0.,0.006974448,               705P   1139
1.963495408,0.,0.007464329,2.059951817,0.,0.008200867,               705P   1140
2.159844949,0.,0.008905281,2.255381379,0.,0.009851349,               705P   1141
2.35619449,0.,0.010735896,2.450451981,0.,0.011862467,                705P   1142
2.552544031,0.,0.01238935,2.600291159,0.,0.012979576,                705P   1143
2.650718801,0.,0.013534236,2.69810771,0.,0.014156935,                705P   1144
2.748893572,0.,0.014731281,2.795735829,0.,0.015383206,               705P   1145
2.847068342,0.,0.015965888,2.892948696,0.,0.016646578,               705P   1146
2.945243113,0.,0.017215033,2.988914958,0.,0.017934885,               705P   1147
3.043417883,0.,0.018367242,3.076153324,0.,0.019235721,               705P   1148
3.141592654,0.,0.,1.,0.,0.,-1.;                                      705P   1149
126,3,3,1,0,0,0,0.,0.,0.,0.,1.,1.,1.,1.,1.,0.804737854124365,        707P   1150
0.804737854124365,1.,870.,470.,-5.,870.,470.,-16.715728753,          707P   1151
861.715728753,461.715728753,-25.,850.,450.,-25.,0.,1.,               707P   1152
0.707106781,-0.707106781,0.;                                         707P   1153
126,1,1,1,0,1,0,0.,0.,1.,1.,1.,1.,0.019235721,3.141592654,0.,        709P   1154
1.,3.141592654,0.,0.,1.,0.,0.,1.;                                    709P   1155
110,850.,450.,-25.,-628.,450.,-25.;                                  711P   1156
126,1,1,1,0,1,0,0.,0.,1.,1.,1.,1.,1.,3.141592654,0.,1.,              713P   1157
1.570796327,0.,0.,1.,0.,0.,1.;                                       713P   1158
124,6.12323399573677E-17,0.,1.,-623.,0.,1.,0.,0.,-1.,0.,             715P   1159
6.12323399573677E-17,-633.;                                          715P   1160
100,-5.,-628.,450.,-608.,450.,-628.,470.;                            717P   1161
102,4,701,705,709,713;                                               719P   1162
102,4,703,707,711,717;                                               721P   1163
142,1,699,719,721,1;                                                 723P   1164
144,699,1,0,723;                                                     725P   1165
110,-628.,-500.,-27.,-628.,-1500.,-27.;                              727P   1166
110,-626.,450.,-27.,-626.,-550.,-27.;                                729P   1167
120,727,729,0.,6.28318530717959;                                     731P   1168
126,1,1,1,0,1,0,0.,0.,1.,1.,1.,1.,0.848,1.570796327,0.,0.132,        733P   1169
1.570796327,0.,0.,1.,0.,0.,1.;                                       733P   1170
110,-628.,-398.,-25.,-628.,318.,-25.;                                735P   1171
126,1,1,1,0,1,0,0.,0.,1.,1.,1.,1.,0.132,1.570796327,0.,0.,           737P   1172
1.570796327,0.,0.,1.,0.,0.,1.;                                       737P   1173
110,-628.,318.,-25.,-628.,450.,-25.;                                 739P   1174
126,1,1,1,0,1,0,0.,0.,1.,1.,1.,1.,0.,1.570796327,0.,0.,              741P   1175
3.141592654,0.,0.,1.,0.,0.,1.;                                       741P   1176
124,6.12323399573677E-17,-1.,0.,-178.,6.12323399573677E-17,          743P   1177
3.74939945665464E-33,-1.,423.,1.,6.12323399573677E-17,               743P   1178
6.12323399573677E-17,601.;                                           743P   1179
100,-27.,-628.,450.,-626.,450.,-628.,452.;                           745P   1180
126,1,1,1,0,1,0,0.,0.,1.,1.,1.,1.,0.,3.141592654,0.,1.,              747P   1181
3.141592654,0.,0.,1.,0.,0.,1.;                                       747P   1182
110,-630.,450.,-27.,-630.,-550.,-27.;                                749P   1183
126,1,1,1,0,1,0,0.,0.,1.,1.,1.,1.,1.,3.141592654,0.,1.,              751P   1184
1.570796327,0.,0.,1.,0.,0.,1.;                                       751P   1185
124,-1.,6.98296267768627E-15,0.,-1256.,-4.27583144589696E-31,        753P   1186
-6.12323399573677E-17,1.,-523.,6.98296267768627E-15,1.,              753P   1187
6.12323399573677E-17,523.000000000004;                               753P   1188
100,-27.,-628.,-550.,-626.,-550.,-628.,-548.;                        755P   1189
126,1,1,1,0,1,0,0.,0.,1.,1.,1.,1.,1.,1.570796327,0.,0.848,           757P   1190
1.570796327,0.,0.,1.,0.,0.,1.;                                       757P   1191
110,-628.,-550.,-25.,-628.,-398.,-25.;                               759P   1192
102,6,733,737,741,747,751,757;                                       761P   1193
102,6,735,739,745,749,755,759;                                       763P   1194
142,1,731,761,763,1;                                                 765P   1195
144,731,1,0,765;                                                     767P   1196
110,-712.,-500.,-27.,-712.,500.,-27.;                                769P   1197
110,-714.,-550.,-27.,-714.,450.,-27.;                                771P   1198
120,769,771,0.,6.28318530717959;                                     773P   1199
126,1,1,1,0,1,0,0.,0.,1.,1.,1.,1.,1.,3.141592654,0.,1.,              775P   1200
1.570796327,0.,0.,1.,0.,0.,1.;                                       775P   1201
124,1.,0.,0.,0.,0.,6.12323399573677E-17,-1.,423.,0.,1.,              777P   1202
6.12323399573677E-17,-477.;                                          777P   1203
100,-27.,-712.,450.,-710.,450.,-712.,452.;                           779P   1204
126,1,1,1,0,1,0,0.,0.,1.,1.,1.,1.,1.,1.570796327,0.,0.,              781P   1205
1.570796327,0.,0.,1.,0.,0.,1.;                                       781P   1206
110,-712.,450.,-25.,-712.,-550.,-25.;                                783P   1207
126,1,1,1,0,1,0,0.,0.,1.,1.,1.,1.,0.,1.570796327,0.,0.,              785P   1208
3.141592654,0.,0.,1.,0.,0.,1.;                                       785P   1209
124,1.40271576953299E-14,1.,0.,-161.99999999999,                     787P   1210
-6.12323399573677E-17,8.58915688636046E-31,1.,-523.,1.,              787P   1211
-1.40271576953299E-14,6.12323399573677E-17,684.999999999992;         787P   1212
100,-27.,-712.,-550.,-710.,-550.,-712.,-548.;                        789P   1213
126,1,1,1,0,1,0,0.,0.,1.,1.,1.,1.,0.,3.141592654,0.,1.,              791P   1214
3.141592654,0.,0.,1.,0.,0.,1.;                                       791P   1215
110,-710.,-550.,-27.,-710.,450.,-27.;                                793P   1216
102,4,775,781,785,791;                                               795P   1217
102,4,779,783,789,793;                                               797P   1218
142,1,773,795,797,1;                                                 799P   1219
144,773,1,0,799;                                                     801P   1220
110,-632.,-590.,-53.,-632.,-1590.,-53.;                              803P   1221
110,-630.,460.862690197,-53.,-630.,-560.862690197,-53.;              805P   1222
120,803,805,0.,6.28318530717959;                                     807P   1223
126,4,2,1,0,1,0,0.,0.,0.,0.4,0.4,1.,1.,1.,1.,1.,1.,1.,1.,            809P   1224
0.010631712,4.71238898,0.,0.009488824,4.89702097,0.,                 809P   1225
0.008748173,5.018608299,0.,0.007045098,5.298189913,0.,               809P   1226
0.005928854,5.497787144,0.,0.,1.,0.,0.,-1.;                          809P   1227
126,9,3,1,0,1,0,0.,0.,0.,0.,0.249999999999957,                       811P   1228
0.249999999999957,0.374999999999962,0.374999999999962,               811P   1229
0.499999999999967,0.499999999999967,1.,1.,1.,1.,1.,1.,1.,1.,1.,      811P   1230
1.,1.,1.,1.,1.,-632.,450.,-55.,-631.846140009,450.486549006,         811P   1231
-55.,-631.709049701,450.919585562,-54.982421446,-631.531357652,      811P   1232
451.488871722,-54.945259897,-631.476718742,451.665255663,            811P   1233
-54.931039188,-631.376503549,451.99126732,-54.901049131,             811P   1234
-631.294541145,452.26003182,-54.87291155,-630.953536229,             811P   1235
453.39902173,-54.729864595,-630.742604833,454.171421742,             811P   1236
-54.571031957,-630.585786438,454.805029839,-54.414213562,0.,1.,      811P   1237
-0.95277661,0.301293804,-0.037931187;                                811P   1238
126,4,2,1,0,1,0,0.,0.,0.,0.571428571428571,0.571428571428571,        813P   1239
1.,1.,1.,1.,1.,1.,1.,1.,0.005928854,5.497787144,0.,0.007006724,      813P   1240
5.690522673,0.,0.008613662,5.954861946,0.,0.009396728,               813P   1241
6.083675257,0.,0.010631712,6.283185307,0.,0.,1.,0.,0.,-1.;           813P   1242
126,11,3,1,0,1,0,0.,0.,0.,0.,0.500000000000017,                      815P   1243
0.500000000000017,0.562500000000018,0.562500000000018,               815P   1244
0.625000000000018,0.625000000000018,0.750000000000013,               815P   1245
0.750000000000013,1.,1.,1.,1.,1.,1.,1.,1.,1.,1.,1.,1.,1.,1.,1.,      815P   1246
1.,-630.585786438,454.805029839,-54.414213562,-630.426787738,        815P   1247
454.162612453,-54.255214863,-630.266877424,453.382238941,            815P   1248
-54.041663328,-630.138419997,452.349118098,-53.732056709,            815P   1249
-630.124888731,452.232171329,-53.696728956,-630.099534709,           815P   1250
451.993966662,-53.624263716,-630.094186819,451.938055737,            815P   1251
-53.607118195,-630.070840369,451.687865434,-53.530291104,            815P   1252
-630.056152641,451.507978671,-53.474600665,-630.017894662,           815P   1253
450.929038698,-53.293958873,-630.,450.490705805,-53.155174484,       815P   1254
-630.,450.,-53.,0.,1.,0.495393072,0.322263759,0.806679474;           815P   1255
126,1,1,1,0,1,0,0.,0.,1.,1.,1.,1.,0.010631712,6.283185307,0.,        817P   1256
0.989368288,6.283185307,0.,0.,1.,0.,0.,1.;                           817P   1257
110,-630.,450.,-53.,-630.,-550.,-53.;                                819P   1258
126,4,2,1,0,1,0,0.,0.,0.,0.4,0.4,1.,1.,1.,1.,1.,1.,1.,1.,            821P   1259
0.989368288,6.283185307,0.,0.990511176,6.098553334,0.,               821P   1260
0.991251827,5.976965989,0.,0.992954902,5.697384383,0.,               821P   1261
0.994071146,5.497787144,0.,0.,1.,0.,0.,-1.;                          821P   1262
126,9,3,1,0,1,0,0.,0.,0.,0.,0.249999999999967,                       823P   1263
0.249999999999967,0.374999999999951,0.374999999999951,               823P   1264
0.499999999999936,0.499999999999936,1.,1.,1.,1.,1.,1.,1.,1.,1.,      823P   1265
1.,1.,1.,1.,1.,-630.,-550.,-53.,-630.,-550.486548962,                823P   1266
-53.153859977,-630.017578552,-550.919585502,-53.290950281,           823P   1267
-630.0547401,-551.488871678,-53.468642335,-630.068960809,            823P   1268
-551.665255632,-53.523281249,-630.09895087,-551.991267327,           823P   1269
-53.623496453,-630.127088449,-552.260031811,-53.705458852,           823P   1270
-630.2701354,-553.399021701,-54.046463762,-630.428968036,            823P   1271
-554.171421718,-54.257395161,-630.585786438,-554.805029839,          823P   1272
-54.414213562,0.,1.,0.037931184,-0.301293804,0.95277661;             823P   1273
126,4,2,1,0,1,0,0.,0.,0.,0.571428571428571,0.571428571428571,        825P   1274
1.,1.,1.,1.,1.,1.,1.,1.,0.994071146,5.497787144,0.,0.992993276,      825P   1275
5.30505161,0.,0.991386338,5.040712342,0.,0.990603272,                825P   1276
4.911899022,0.,0.989368288,4.71238898,0.,0.,1.,0.,0.,-1.;            825P   1277
126,11,3,1,0,1,0,0.,0.,0.,0.,0.500000000000104,                      827P   1278
0.500000000000104,0.562500000000119,0.562500000000119,               827P   1279
0.625000000000134,0.625000000000134,0.750000000000089,               827P   1280
0.750000000000089,1.,1.,1.,1.,1.,1.,1.,1.,1.,1.,1.,1.,1.,1.,1.,      827P   1281
1.,-630.585786438,-554.805029839,-54.414213562,-630.744785141,       827P   1282
-554.162612438,-54.573212266,-630.958336677,-553.382238924,          827P   1283
-54.733122578,-631.267943293,-552.349118094,-54.861580003,           827P   1284
-631.303271044,-552.232171327,-54.875111269,-631.375736284,          827P   1285
-551.993966663,-54.900465291,-631.392881808,-551.938055729,          827P   1286
-54.905813182,-631.469708902,-551.687865415,-54.929159633,           827P   1287
-631.525399342,-551.507978647,-54.943847361,-631.706041136,          827P   1288
-550.929038669,-54.98210534,-631.844825523,-550.490705784,-55.,      827P   1289
-632.,-550.,-55.,0.,1.,-0.806679472,-0.322263759,-0.495393075;       827P   1290
126,1,1,1,0,1,0,0.,0.,1.,1.,1.,1.,0.989368288,4.71238898,0.,         829P   1291
0.010631712,4.71238898,0.,0.,1.,0.,0.,1.;                            829P   1292
110,-632.,-550.,-55.,-632.,450.,-55.;                                831P   1293
102,6,809,813,817,821,825,829;                                       833P   1294
102,6,811,815,819,823,827,831;                                       835P   1295
142,1,807,833,835,1;                                                 837P   1296
144,807,1,0,837;                                                     839P   1297
110,-708.,-590.,-53.,-708.,410.,-53.;                                841P   1298
110,-710.,-560.862690197,-53.,-710.,460.862690197,-53.;              843P   1299
120,841,843,0.,6.28318530717959;                                     845P   1300
126,1,1,1,0,1,0,0.,0.,1.,1.,1.,1.,0.010631712,6.283185307,0.,        847P   1301
0.989368288,6.283185307,0.,0.,1.,0.,0.,1.;                           847P   1302
110,-710.,-550.,-53.,-710.,450.,-53.;                                849P   1303
126,4,2,1,0,1,0,0.,0.,0.,0.4,0.4,1.,1.,1.,1.,1.,1.,1.,1.,            851P   1304
0.989368288,6.283185307,0.,0.990511176,6.098553327,0.,               851P   1305
0.991251827,5.976965989,0.,0.992954902,5.697384381,0.,               851P   1306
0.994071146,5.497787144,0.,0.,1.,0.,0.,-1.;                          851P   1307
126,9,3,1,0,1,0,0.,0.,0.,0.,0.25,0.25,0.375000000000002,             853P   1308
0.375000000000002,0.500000000000004,0.500000000000004,1.,1.,1.,      853P   1309
1.,1.,1.,1.,1.,1.,1.,1.,1.,1.,1.,-710.,450.,-53.,-710.,              853P   1310
450.486548981,-53.153859984,-709.982421447,450.919585528,            853P   1311
-53.290950289,-709.945259898,451.488871697,-53.468642341,            853P   1312
-709.93103919,451.665255645,-53.523281253,-709.90104913,             853P   1313
451.991267323,-53.623496453,-709.872911551,452.260031813,            853P   1314
-53.705458853,-709.729864599,453.399021708,-54.046463764,            853P   1315
-709.571031962,454.171421724,-54.257395163,-709.414213562,           853P   1316
454.805029839,-54.414213562,0.,1.,-0.037931191,0.301293804,          853P   1317
0.95277661;                                                          853P   1318
126,4,2,1,0,1,0,0.,0.,0.,0.571428571428571,0.571428571428571,        855P   1319
1.,1.,1.,1.,1.,1.,1.,1.,0.994071146,5.497787144,0.,0.992993276,      855P   1320
5.305051614,0.,0.991386338,5.040712342,0.,0.990603272,               855P   1321
4.91189903,0.,0.989368288,4.71238898,0.,0.,1.,0.,0.,-1.;             855P   1322
126,11,3,1,0,1,0,0.,0.,0.,0.,0.500000000000001,                      857P   1323
0.500000000000001,0.562500000000001,0.562500000000001,               857P   1324
0.625000000000001,0.625000000000001,0.750000000000001,               857P   1325
0.750000000000001,1.,1.,1.,1.,1.,1.,1.,1.,1.,1.,1.,1.,1.,1.,1.,      857P   1326
1.,-709.414213562,454.805029839,-54.414213562,-709.255214862,        857P   1327
454.162612451,-54.573212262,-709.041663327,453.382238938,            857P   1328
-54.733122576,-708.732056708,452.349118098,-54.861580003,            857P   1329
-708.696728956,452.232171329,-54.875111269,-708.624263716,           857P   1330
451.993966662,-54.900465291,-708.607118195,451.938055737,            857P   1331
-54.905813181,-708.530291103,451.687865433,-54.929159631,            857P   1332
-708.474600665,451.50797867,-54.943847359,-708.293958872,            857P   1333
450.929038697,-54.982105338,-708.155174483,450.490705804,-55.,       857P   1334
-708.,450.,-55.,0.,1.,0.806679474,0.322263759,-0.495393072;          857P   1335
126,1,1,1,0,1,0,0.,0.,1.,1.,1.,1.,0.989368288,4.71238898,0.,         859P   1336
0.010631712,4.71238898,0.,0.,1.,0.,0.,1.;                            859P   1337
110,-708.,450.,-55.,-708.,-550.,-55.;                                861P   1338
126,4,2,1,0,1,0,0.,0.,0.,0.4,0.4,1.,1.,1.,1.,1.,1.,1.,1.,            863P   1339
0.010631712,4.71238898,0.,0.009488824,4.897020949,0.,                863P   1340
0.008748173,5.018608299,0.,0.007045098,5.298189904,0.,               863P   1341
0.005928854,5.497787144,0.,0.,1.,0.,0.,-1.;                          863P   1342
126,9,3,1,0,1,0,0.,0.,0.,0.,0.250000000000011,                       865P   1343
0.250000000000011,0.375000000000007,0.375000000000007,               865P   1344
0.500000000000002,0.500000000000002,1.,1.,1.,1.,1.,1.,1.,1.,1.,      865P   1345
1.,1.,1.,1.,1.,-708.,-550.,-55.,-708.153859974,-550.486548952,       865P   1346
-55.,-708.290950276,-550.919585488,-54.982421449,                    865P   1347
-708.468642331,-551.488871668,-54.945259901,-708.523281246,          865P   1348
-551.665255624,-54.931039192,-708.623496454,-551.991267328,          865P   1349
-54.90104913,-708.705458851,-552.26003181,-54.872911552,             865P   1350
-709.04646376,-553.399021696,-54.729864601,-709.25739516,            865P   1351
-554.171421713,-54.571031965,-709.414213562,-554.805029839,          865P   1352
-54.414213562,0.,1.,0.95277661,-0.301293804,-0.037931182;            865P   1353
126,4,2,1,0,1,0,0.,0.,0.,0.571428571428571,0.571428571428571,        867P   1354
1.,1.,1.,1.,1.,1.,1.,1.,0.005928854,5.497787144,0.,0.007006724,      867P   1355
5.690522674,0.,0.008613662,5.954861945,0.,0.009396728,               867P   1356
6.083675253,0.,0.010631712,6.283185307,0.,0.,1.,0.,0.,-1.;           867P   1357
126,11,3,1,0,1,0,0.,0.,0.,0.,0.499999999999687,                      869P   1358
0.499999999999687,0.562499999999696,0.562499999999696,               869P   1359
0.624999999999704,0.624999999999704,0.749999999999802,               869P   1360
0.749999999999802,1.,1.,1.,1.,1.,1.,1.,1.,1.,1.,1.,1.,1.,1.,1.,      869P   1361
1.,-709.414213562,-554.805029839,-54.414213562,-709.573212263,       869P   1362
-554.16261245,-54.255214862,-709.733122576,-553.382238938,           869P   1363
-54.041663327,-709.861580003,-552.349118098,-53.732056709,           869P   1364
-709.875111269,-552.232171329,-53.696728957,-709.900465291,          869P   1365
-551.993966662,-53.624263716,-709.905813181,-551.93805574,           869P   1366
-53.607118196,-709.92915963,-551.687865442,-53.530291106,            869P   1367
-709.943847358,-551.507978681,-53.474600669,-709.982105338,          869P   1368
-550.92903871,-53.293958877,-710.,-550.490705813,-53.155174487,      869P   1369
-710.,-550.,-53.,0.,1.,-0.495393071,-0.322263759,0.806679475;        869P   1370
102,6,847,851,855,859,863,867;                                       871P   1371
102,6,849,853,857,861,865,869;                                       873P   1372
142,1,845,871,873,1;                                                 875P   1373
144,845,1,0,875;                                                     877P   1374
128,1,1,1,1,0,0,1,0,0,0.,0.,1.,1.,0.,0.,1.,1.,1.,1.,1.,1.,           879P   1375
-708.,-550.,-55.,-632.,-550.,-55.,-708.,450.,-55.,-632.,450.,        879P   1376
-55.,0.,1.,0.,1.;                                                    879P   1377
126,1,1,1,0,1,0,0.,0.,1.,1.,1.,1.,0.,0.,0.,1.,0.,0.,0.,1.,0.,        881P   1378
0.,1.;                                                               881P   1379
110,-708.,-550.,-55.,-632.,-550.,-55.;                               883P   1380
126,1,1,1,0,1,0,0.,0.,1.,1.,1.,1.,1.,0.,0.,1.,1.,0.,0.,1.,0.,        885P   1381
0.,1.;                                                               885P   1382
110,-632.,-550.,-55.,-632.,450.,-55.;                                887P   1383
126,1,1,1,0,1,0,0.,0.,1.,1.,1.,1.,1.,1.,0.,0.,1.,0.,0.,1.,0.,        889P   1384
0.,1.;                                                               889P   1385
110,-632.,450.,-55.,-708.,450.,-55.;                                 891P   1386
126,1,1,1,0,1,0,0.,0.,1.,1.,1.,1.,0.,1.,0.,0.,0.,0.,0.,1.,0.,        893P   1387
0.,1.;                                                               893P   1388
110,-708.,450.,-55.,-708.,-550.,-55.;                                895P   1389
102,4,881,885,889,893;                                               897P   1390
102,4,883,887,891,895;                                               899P   1391
142,1,879,897,899,1;                                                 901P   1392
144,879,1,0,901;                                                     903P   1393
128,1,1,1,1,0,0,1,0,0,0.,0.,1.,1.,0.,0.,1.,1.,1.,1.,1.,1.,           905P   1394
-710.,-550.,-53.,-710.,-550.,-27.,-710.,450.,-53.,-710.,450.,        905P   1395
-27.,0.,1.,0.,1.;                                                    905P   1396
126,1,1,1,0,1,0,0.,0.,1.,1.,1.,1.,0.,0.,0.,1.,0.,0.,0.,1.,0.,        907P   1397
0.,1.;                                                               907P   1398
110,-710.,-550.,-53.,-710.,-550.,-27.;                               909P   1399
126,1,1,1,0,1,0,0.,0.,1.,1.,1.,1.,1.,0.,0.,1.,1.,0.,0.,1.,0.,        911P   1400
0.,1.;                                                               911P   1401
110,-710.,-550.,-27.,-710.,450.,-27.;                                913P   1402
126,1,1,1,0,1,0,0.,0.,1.,1.,1.,1.,1.,1.,0.,0.,1.,0.,0.,1.,0.,        915P   1403
0.,1.;                                                               915P   1404
110,-710.,450.,-27.,-710.,450.,-53.;                                 917P   1405
126,1,1,1,0,1,0,0.,0.,1.,1.,1.,1.,0.,1.,0.,0.,0.,0.,0.,1.,0.,        919P   1406
0.,1.;                                                               919P   1407
110,-710.,450.,-53.,-710.,-550.,-53.;                                921P   1408
102,4,907,911,915,919;                                               923P   1409
102,4,909,913,917,921;                                               925P   1410
142,1,905,923,925,1;                                                 927P   1411
144,905,1,0,927;                                                     929P   1412
128,1,1,1,1,0,0,1,0,0,0.,0.,1.,1.,0.,0.,1.,1.,1.,1.,1.,1.,           931P   1413
-630.,-550.,-53.,-630.,450.,-53.,-630.,-550.,-27.,-630.,450.,        931P   1414
-27.,0.,1.,0.,1.;                                                    931P   1415
126,1,1,1,0,1,0,0.,0.,1.,1.,1.,1.,0.,0.,0.,1.,0.,0.,0.,1.,0.,        933P   1416
0.,1.;                                                               933P   1417
110,-630.,-550.,-53.,-630.,450.,-53.;                                935P   1418
126,1,1,1,0,1,0,0.,0.,1.,1.,1.,1.,1.,0.,0.,1.,1.,0.,0.,1.,0.,        937P   1419
0.,1.;                                                               937P   1420
110,-630.,450.,-53.,-630.,450.,-27.;                                 939P   1421
126,1,1,1,0,1,0,0.,0.,1.,1.,1.,1.,1.,1.,0.,0.,1.,0.,0.,1.,0.,        941P   1422
0.,1.;                                                               941P   1423
110,-630.,450.,-27.,-630.,-550.,-27.;                                943P   1424
126,1,1,1,0,1,0,0.,0.,1.,1.,1.,1.,0.,1.,0.,0.,0.,0.,0.,1.,0.,        945P   1425
0.,1.;                                                               945P   1426
110,-630.,-550.,-27.,-630.,-550.,-53.;                               947P   1427
102,4,933,937,941,945;                                               949P   1428
102,4,935,939,943,947;                                               951P   1429
142,1,931,949,951,1;                                                 953P   1430
144,931,1,0,953;                                                     955P   1431
128,1,1,1,1,0,0,1,0,0,0.,0.,1.,1.,0.,0.,1.,1.,1.,1.,1.,1.,850.,      957P   1432
450.,-25.,850.,-550.,-25.,-628.,450.,-25.,-628.,-550.,-25.,0.,       957P   1433
1.,0.,1.;                                                            957P   1434
126,1,1,1,0,1,0,0.,0.,1.,1.,1.,1.,0.,1.,0.,0.,0.,0.,0.,1.,0.,        959P   1435
0.,1.;                                                               959P   1436
110,-628.,450.,-25.,850.,450.,-25.;                                  961P   1437
126,1,1,1,0,1,0,0.,0.,1.,1.,1.,1.,0.,0.,0.,0.998989795,0.,0.,        963P   1438
0.,1.,0.,0.,1.;                                                      963P   1439
110,850.,450.,-25.,850.,-548.989794856,-25.;                         965P   1440
126,2,2,1,0,1,0,0.,0.,0.,1.,1.,1.,1.,1.,1.,0.998989795,0.,0.,        967P   1441
0.999500052,0.00033826,0.,1.,0.000683495,0.,0.,1.,0.,0.,0.;          967P   1442
124,0.714285714285708,-0.699854212223772,-4.98783048406165E-15,      969P   1443
-121.355677540452,-0.699854212223772,-0.714285714285708,             969P   1444
-4.88705584378004E-15,-297.259487363836,-1.42509442401747E-16,       969P   1445
6.98150834825725E-15,-1.,-49.9999999999964;                          969P   1446
100,-25.,800.,-500.,870.,-500.,869.985421222,-498.571428571;         971P   1447
126,1,1,1,0,1,0,0.,0.,1.,1.,1.,1.,1.,0.000683495,0.,1.,1.,0.,        973P   1448
0.,1.,0.,0.,1.;                                                      973P   1449
110,848.989794856,-550.,-25.,-628.,-550.,-25.;                       975P   1450
126,1,1,1,0,1,0,0.,0.,1.,1.,1.,1.,1.,1.,0.,0.848,1.,0.,0.,1.,        977P   1451
0.,0.,1.;                                                            977P   1452
110,-628.,-550.,-25.,-628.,-398.,-25.;                               979P   1453
126,32,2,1,0,1,0,0.,0.,0.,0.0625,0.0625,0.125,0.125,0.1875,          981P   1454
0.1875,0.25,0.25,0.3125,0.3125,0.375,0.375,0.4375,0.4375,0.5,        981P   1455
0.5,0.5625,0.5625,0.625,0.625,0.6875,0.6875,0.75,0.75,0.8125,        981P   1456
0.8125,0.875,0.875,0.9375,0.9375,1.,1.,1.,1.,1.,1.,1.,1.,1.,1.,      981P   1457
1.,1.,1.,1.,1.,1.,1.,1.,1.,1.,1.,1.,1.,1.,1.,1.,1.,1.,1.,1.,1.,      981P   1458
1.,1.,1.,1.,1.,0.848,1.,0.,0.848982537,1.,0.,0.849960343,            981P   1459
0.999934841,0.,0.850938149,0.999869681,0.,0.851901806,               981P   1460
0.99973999,0.,0.852865464,0.999610299,0.,0.853805694,                981P   1461
0.999417325,0.,0.854745923,0.999224351,0.,0.855653669,               981P   1462
0.998969953,0.,0.856561414,0.998715555,0.,0.857427935,               981P   1463
0.998402182,0.,0.858294455,0.99808881,0.,0.859111405,                981P   1464
0.997719481,0.,0.859928354,0.997350152,0.,0.860687866,               981P   1465
0.996928423,0.,0.861447377,0.996506694,0.,0.862142136,               981P   1466
0.996036628,0.,0.862836894,0.995566561,0.,0.863460209,               981P   1467
0.995052683,0.,0.864083524,0.994538805,0.,0.864629392,               981P   1468
0.993986065,0.,0.865175261,0.993433325,0.,0.865638425,               981P   1469
0.992847047,0.,0.86610159,0.992260768,0.,0.866477591,                981P   1470
0.991646596,0.,0.866853591,0.991032424,0.,0.867138807,               981P   1471
0.990396274,0.,0.867424022,0.989760125,0.,0.867615706,               981P   1472
0.989108123,0.,0.867807389,0.988456122,0.,0.867903695,               981P   1473
0.987794549,0.,0.868,0.987132975,0.,0.868,0.9864682,0.,0.,1.,        981P   1474
0.,0.,1.;                                                            981P   1475
100,-25.,-608.,-398.,-628.,-398.,-608.,-418.;                        983P   1476
126,1,1,1,0,1,0,0.,0.,1.,1.,1.,1.,0.868,0.9864682,0.,0.868,          985P   1477
0.102841678,0.,0.,1.,0.,0.,1.;                                       985P   1478
110,-608.,-418.,-25.,698.,-418.,-25.;                                987P   1479
126,32,2,1,0,1,0,0.,0.,0.,0.0625,0.0625,0.125,0.125,0.1875,          989P   1480
0.1875,0.25,0.25,0.3125,0.3125,0.375,0.375,0.4375,0.4375,0.5,        989P   1481
0.5,0.5625,0.5625,0.625,0.625,0.6875,0.6875,0.75,0.75,0.8125,        989P   1482
0.8125,0.875,0.875,0.9375,0.9375,1.,1.,1.,1.,1.,1.,1.,1.,1.,1.,      989P   1483
1.,1.,1.,1.,1.,1.,1.,1.,1.,1.,1.,1.,1.,1.,1.,1.,1.,1.,1.,1.,1.,      989P   1484
1.,1.,1.,1.,1.,0.868,0.102841678,0.,0.868,0.102176903,0.,            989P   1485
0.867903695,0.10151533,0.,0.867807389,0.100853756,0.,                989P   1486
0.867615706,0.100201755,0.,0.867424022,0.099549754,0.,               989P   1487
0.867138807,0.098913604,0.,0.866853591,0.098277454,0.,               989P   1488
0.866477591,0.097663282,0.,0.86610159,0.097049111,0.,                989P   1489
0.865638425,0.096462832,0.,0.865175261,0.095876553,0.,               989P   1490
0.864629392,0.095323813,0.,0.864083524,0.094771073,0.,               989P   1491
0.863460209,0.094257195,0.,0.862836894,0.093743317,0.,               989P   1492
0.862142136,0.093273251,0.,0.861447377,0.092803184,0.,               989P   1493
0.860687866,0.092381455,0.,0.859928354,0.091959727,0.,               989P   1494
0.859111405,0.091590398,0.,0.858294455,0.091221069,0.,               989P   1495
0.857427935,0.090907696,0.,0.856561414,0.090594323,0.,               989P   1496
0.855653669,0.090339925,0.,0.854745923,0.090085527,0.,               989P   1497
0.853805694,0.089892553,0.,0.852865464,0.089699579,0.,               989P   1498
0.851901806,0.089569888,0.,0.850938149,0.089440197,0.,               989P   1499
0.849960343,0.089375038,0.,0.848982537,0.089309878,0.,0.848,         989P   1500
0.089309878,0.,0.,1.,0.,0.,1.;                                       989P   1501
100,-25.,698.,-398.,698.,-418.,718.,-398.;                           991P   1502
126,1,1,1,0,1,0,0.,0.,1.,1.,1.,1.,0.848,0.089309878,0.,0.152,        993P   1503
0.089309878,0.,0.,1.,0.,0.,1.;                                       993P   1504
110,718.,-398.,-25.,718.,298.,-25.;                                  995P   1505
126,32,2,1,0,1,0,0.,0.,0.,0.0625,0.0625,0.125,0.125,0.1875,          997P   1506
0.1875,0.25,0.25,0.3125,0.3125,0.375,0.375,0.4375,0.4375,0.5,        997P   1507
0.5,0.5625,0.5625,0.625,0.625,0.6875,0.6875,0.75,0.75,0.8125,        997P   1508
0.8125,0.875,0.875,0.9375,0.9375,1.,1.,1.,1.,1.,1.,1.,1.,1.,1.,      997P   1509
1.,1.,1.,1.,1.,1.,1.,1.,1.,1.,1.,1.,1.,1.,1.,1.,1.,1.,1.,1.,1.,      997P   1510
1.,1.,1.,1.,1.,0.152,0.089309878,0.,0.151017463,0.089309878,0.,      997P   1511
0.150039657,0.089375038,0.,0.149061851,0.089440197,0.,               997P   1512
0.148098194,0.089569888,0.,0.147134536,0.089699579,0.,               997P   1513
0.146194306,0.089892553,0.,0.145254077,0.090085527,0.,               997P   1514
0.144346331,0.090339925,0.,0.143438586,0.090594323,0.,               997P   1515
0.142572065,0.090907696,0.,0.141705545,0.091221069,0.,               997P   1516
0.140888595,0.091590398,0.,0.140071646,0.091959727,0.,               997P   1517
0.139312134,0.092381455,0.,0.138552623,0.092803184,0.,               997P   1518
0.137857864,0.093273251,0.,0.137163106,0.093743317,0.,               997P   1519
0.136539791,0.094257195,0.,0.135916476,0.094771073,0.,               997P   1520
0.135370608,0.095323813,0.,0.134824739,0.095876553,0.,               997P   1521
0.134361575,0.096462832,0.,0.13389841,0.097049111,0.,                997P   1522
0.133522409,0.097663282,0.,0.133146409,0.098277454,0.,               997P   1523
0.132861193,0.098913604,0.,0.132575978,0.099549754,0.,               997P   1524
0.132384294,0.100201755,0.,0.132192611,0.100853756,0.,               997P   1525
0.132096305,0.10151533,0.,0.132,0.102176903,0.,0.132,                997P   1526
0.102841678,0.,0.,1.,0.,0.,1.;                                       997P   1527
100,-25.,698.,298.,718.,298.,698.,318.;                              999P   1528
126,1,1,1,0,1,0,0.,0.,1.,1.,1.,1.,0.132,0.102841678,0.,0.132,       1001P   1529
1.,0.,0.,1.,0.,0.,1.;                                               1001P   1530
110,698.,318.,-25.,-628.,318.,-25.;                                 1003P   1531
126,1,1,1,0,1,0,0.,0.,1.,1.,1.,1.,0.132,1.,0.,0.,1.,0.,0.,1.,       1005P   1532
0.,0.,1.;                                                           1005P   1533
110,-628.,318.,-25.,-628.,450.,-25.;                                1007P   1534
102,12,959,963,967,973,977,981,985,989,993,997,1001,1005;           1009P   1535
102,12,961,965,971,975,979,983,987,991,995,999,1003,1007;           1011P   1536
142,1,957,1009,1011,1;                                              1013P   1537
144,957,1,0,1013;                                                   1015P   1538
128,1,1,1,1,0,0,1,0,0,0.,0.,1.,1.,0.,0.,1.,1.,1.,1.,1.,1.,          1017P   1539
-789.9,470.,0.,-789.9,470.,-35.,870.,470.,0.,870.,470.,-35.,0.,     1017P   1540
1.,0.,1.;                                                           1017P   1541
126,2,2,1,0,1,0,0.,0.,0.,1.,1.,1.,1.,1.,1.,0.714285714,             1019P   1542
0.060129467,0.,0.742797866,0.060184348,0.,0.771428571,              1019P   1543
0.060184348,0.,0.,1.,0.,0.,1.;                                      1019P   1544
124,0.99585919546394,0.0909090909090756,0.,-45.6755255569406,       1021P   1545
-5.56657635975976E-18,6.09787888063186E-17,1.,497.,                 1021P   1546
0.0909090909090756,-0.99585919546394,6.12323399573677E-17,          1021P   1547
505.781094595314;                                                   1021P   1548
100,-27.,-712.,470.,-690.,470.,-690.0910977,472.;                   1023P   1549
126,1,1,1,0,1,0,0.,0.,1.,1.,1.,1.,0.771428571,0.060184348,0.,       1025P   1550
1.,0.060184348,0.,0.,1.,0.,0.,1.;                                   1025P   1551
110,-690.,470.,-27.,-690.,470.,-35.;                                1027P   1552
126,1,1,1,0,1,0,0.,0.,1.,1.,1.,1.,1.,0.060184348,0.,1.,             1029P   1553
0.084282186,0.,0.,1.,0.,0.,1.;                                      1029P   1554
110,-690.,470.,-35.,-650.,470.,-35.;                                1031P   1555
126,1,1,1,0,1,0,0.,0.,1.,1.,1.,1.,1.,0.084282186,0.,                1033P   1556
0.771428571,0.084282186,0.,0.,1.,0.,0.,1.;                          1033P   1557
110,-650.,470.,-35.,-650.,470.,-27.;                                1035P   1558
126,32,2,1,0,1,0,0.,0.,0.,0.0625,0.0625,0.125,0.125,0.1875,         1037P   1559
0.1875,0.25,0.25,0.3125,0.3125,0.375,0.375,0.4375,0.4375,0.5,       1037P   1560
0.5,0.5625,0.5625,0.625,0.625,0.6875,0.6875,0.75,0.75,0.8125,       1037P   1561
0.8125,0.875,0.875,0.9375,0.9375,1.,1.,1.,1.,1.,1.,1.,1.,1.,1.,     1037P   1562
1.,1.,1.,1.,1.,1.,1.,1.,1.,1.,1.,1.,1.,1.,1.,1.,1.,1.,1.,1.,1.,     1037P   1563
1.,1.,1.,1.,1.,0.771428571,0.084282186,0.,0.740548837,              1037P   1564
0.084282186,0.,0.709817798,0.084346006,0.,0.679086758,              1037P   1565
0.084409827,0.,0.648800369,0.084536854,0.,0.61851398,               1037P   1566
0.084663881,0.,0.588963917,0.08485289,0.,0.559413854,0.0850419,     1037P   1567
0.,0.5308847,0.085291072,0.,0.502355545,0.085540244,0.,             1037P   1568
0.475122051,0.085847179,0.,0.447888557,0.086154114,0.,              1037P   1569
0.422212996,0.086515855,0.,0.396537436,0.086877597,0.,              1037P   1570
0.372667079,0.087290662,0.,0.348796721,0.087703727,0.,              1037P   1571
0.326961452,0.088164137,0.,0.305126182,0.088624547,0.,              1037P   1572
0.285536286,0.089127868,0.,0.265946391,0.089631189,0.,              1037P   1573
0.248790529,0.090172574,0.,0.231634668,0.090713958,0.,              1037P   1574
0.217078062,0.091288193,0.,0.202521457,0.091862428,0.,              1037P   1575
0.190704294,0.092463982,0.,0.178887131,0.093065537,0.,              1037P   1576
0.169923218,0.093688618,0.,0.160959304,0.094311699,0.,              1037P   1577
0.154934967,0.094950306,0.,0.148910629,0.095588913,0.,              1037P   1578
0.145883886,0.096236896,0.,0.142857143,0.096884878,0.,              1037P   1579
0.142857143,0.097535996,0.,0.,1.,0.,0.,1.;                          1037P   1580
124,-1.,6.98296267768627E-15,0.,-1256.,-4.27583144589696E-31,       1039P   1581
-6.12323399573677E-17,1.,497.,6.98296267768627E-15,1.,              1039P   1582
6.12323399573677E-17,-496.999999999996;                             1039P   1583
100,-27.,-628.,470.,-606.,470.,-628.,492.;                          1041P   1584
126,1,1,1,0,1,0,0.,0.,1.,1.,1.,1.,0.142857143,0.097535996,0.,       1043P   1585
0.142857143,1.,0.,0.,1.,0.,0.,1.;                                   1043P   1586
110,-628.,470.,-5.,870.,470.,-5.;                                   1045P   1587
126,1,1,1,0,1,0,0.,0.,1.,1.,1.,1.,0.142857143,1.,0.,0.,1.,0.,       1047P   1588
0.,1.,0.,0.,1.;                                                     1047P   1589
110,870.,470.,-5.,870.,470.,0.;                                     1049P   1590
126,1,1,1,0,1,0,0.,0.,1.,1.,1.,1.,0.,1.,0.,0.,0.005964215,0.,       1051P   1591
0.,1.,0.,0.,1.;                                                     1051P   1592
110,870.,470.,0.,-780.,470.,0.;                                     1053P   1593
126,1,1,1,0,1,0,0.,0.,1.,1.,1.,1.,0.,0.005964215,0.,                1055P   1594
0.714285714,0.021025363,0.,0.,1.,0.,0.,1.;                          1055P   1595
110,-780.,470.,0.,-755.,470.,-25.;                                  1057P   1596
126,1,1,1,0,1,0,0.,0.,1.,1.,1.,1.,0.714285714,0.021025363,0.,       1059P   1597
0.714285714,0.060129467,0.,0.,1.,0.,0.,1.;                          1059P   1598
110,-755.,470.,-25.,-690.0910977,470.,-25.;                         1061P   1599
102,10,1019,1025,1029,1033,1037,1043,1047,1051,1055,1059;           1063P   1600
102,10,1023,1027,1031,1035,1041,1045,1049,1053,1057,1061;           1065P   1601
142,1,1017,1063,1065,1;                                             1067P   1602
144,1017,1,0,1067;                                                  1069P   1603
128,1,1,1,1,0,0,1,0,0,0.,0.,1.,1.,0.,0.,1.,1.,1.,1.,1.,1.,870.,     1071P   1604
-500.,-5.,870.,-500.,0.,870.,470.,-5.,870.,470.,0.,0.,1.,0.,1.;     1071P   1605
126,1,1,1,0,1,0,0.,0.,1.,1.,1.,1.,0.,1.,0.,0.,0.,0.,0.,1.,0.,       1073P   1606
0.,1.;                                                              1073P   1607
110,870.,470.,-5.,870.,-500.,-5.;                                   1075P   1608
126,1,1,1,0,1,0,0.,0.,1.,1.,1.,1.,0.,0.,0.,1.,0.,0.,0.,1.,0.,       1077P   1609
0.,1.;                                                              1077P   1610
110,870.,-500.,-5.,870.,-500.,0.;                                   1079P   1611
126,1,1,1,0,1,0,0.,0.,1.,1.,1.,1.,1.,0.,0.,1.,1.,0.,0.,1.,0.,       1081P   1612
0.,1.;                                                              1081P   1613
110,870.,-500.,0.,870.,470.,0.;                                     1083P   1614
126,1,1,1,0,1,0,0.,0.,1.,1.,1.,1.,1.,1.,0.,0.,1.,0.,0.,1.,0.,       1085P   1615
0.,1.;                                                              1085P   1616
110,870.,470.,0.,870.,470.,-5.;                                     1087P   1617
102,4,1073,1077,1081,1085;                                          1089P   1618
102,4,1075,1079,1083,1087;                                          1091P   1619
142,1,1071,1089,1091,1;                                             1093P   1620
144,1071,1,0,1093;                                                  1095P   1621
110,-690.,-550.,-55.,-690.,-550.,-1055.;                            1097P   1622
110,-710.,-550.,-27.,-710.,-550.,-54.578698844;                     1099P   1623
120,1097,1099,0.,6.28318530717959;                                  1101P   1624
126,1,1,1,0,1,0,0.,0.,1.,1.,1.,1.,0.29007895,4.71238898,0.,0.,      1103P   1625
4.71238898,0.,0.,1.,0.,0.,1.;                                       1103P   1626
110,-690.,-570.,-35.,-690.,-570.,-27.;                              1105P   1627
126,1,1,1,0,1,0,0.,0.,1.,1.,1.,1.,0.,4.71238898,0.,0.,              1107P   1628
6.283185307,0.,0.,1.,0.,0.,1.;                                      1107P   1629
124,-7.04419501764363E-15,-1.,0.,-1240.,-1.,                        1109P   1630
7.04419501764363E-15,6.98296267768627E-15,-1240.,                   1109P   1631
-6.98296267768627E-15,4.91893509025491E-29,-1.,                     1109P   1632
-54.0000000000048;                                                  1109P   1633
100,-27.,-690.,-550.,-670.,-550.,-690.,-530.;                       1111P   1634
126,1,1,1,0,1,0,0.,0.,1.,1.,1.,1.,0.,6.283185307,0.,                1113P   1635
0.942756587,6.283185307,0.,0.,1.,0.,0.,1.;                          1113P   1636
110,-710.,-550.,-27.,-710.,-550.,-53.;                              1115P   1637
126,4,2,1,0,1,0,0.,0.,0.,0.5,0.5,1.,1.,1.,1.,1.,1.,1.,1.,           1117P   1638
0.942756587,6.283185307,0.,0.961859585,6.199885081,0.,              1117P   1639
0.969920403,6.162625093,0.,0.984552363,6.094990942,0.,              1117P   1640
0.994035785,6.040560384,0.,0.,1.,0.,0.,-1.;                         1117P   1641
126,11,3,1,0,1,0,0.,0.,0.,0.,0.250000000000198,                     1119P   1642
0.250000000000198,0.375000000000296,0.375000000000296,              1119P   1643
0.437500000000304,0.437500000000304,0.500000000000313,              1119P   1644
0.500000000000313,1.,1.,1.,1.,1.,1.,1.,1.,1.,1.,1.,1.,1.,1.,1.,     1119P   1645
1.,-710.,-550.,-53.,-710.,-550.490705813,-53.155174487,             1119P   1646
-709.982105338,-550.92903871,-53.293958877,-709.943847358,          1119P   1647
-551.507978681,-53.474600669,-709.92915963,-551.687865442,          1119P   1648
-53.530291106,-709.905813181,-551.93805574,-53.607118196,           1119P   1649
-709.900465291,-551.993966662,-53.624263716,-709.875111269,         1119P   1650
-552.232171329,-53.696728957,-709.861580003,-552.349118098,         1119P   1651
-53.732056709,-709.733122576,-553.382238938,-54.041663327,          1119P   1652
-709.573212263,-554.16261245,-54.255214862,-709.414213562,          1119P   1653
-554.805029839,-54.414213562,0.,1.,0.03839853,0.301288423,          1119P   1654
-0.952759592;                                                       1119P   1655
126,20,2,1,0,1,0,0.,0.,0.,0.125,0.125,0.25,0.25,0.375,0.375,        1121P   1656
0.5,0.5,0.625,0.625,0.75,0.75,0.8125,0.8125,0.875,0.875,0.9375,     1121P   1657
0.9375,1.,1.,1.,1.,1.,1.,1.,1.,1.,1.,1.,1.,1.,1.,1.,1.,1.,1.,       1121P   1658
1.,1.,1.,1.,1.,1.,0.994035785,6.040560384,0.,0.979708039,           1121P   1659
5.958325598,0.,0.955563254,5.874538959,0.,0.931996693,              1121P   1660
5.792758858,0.,0.898789997,5.708517533,0.,0.866768046,              1121P   1661
5.627281763,0.,0.82527727,5.542496108,0.,0.785869244,               1121P   1662
5.461966515,0.,0.737046664,5.376474682,0.,0.691639349,              1121P   1663
5.296963225,0.,0.636524507,5.210453257,0.,0.586961419,              1121P   1664
5.132657495,0.,0.526475146,5.044431831,0.,0.499336489,              1121P   1665
5.004847214,0.,0.468815497,4.961421119,0.,0.441561409,              1121P   1666
4.922643262,0.,0.409924922,4.878410406,0.,0.383520938,              1121P   1667
4.841493424,0.,0.350208988,4.795399693,0.,0.330207107,              1121P   1668
4.767723098,0.,0.29007895,4.71238898,0.,0.,1.,0.,0.,-1.;            1121P   1669
126,3,3,1,0,0,0,0.,0.,0.,0.,1.,1.,1.,1.,1.,0.858320421418913,       1123P   1670
0.858320421418913,1.,-709.414213562,-554.805029839,                 1123P   1671
-54.414213562,-707.113962105,-564.098951945,-52.113962105,          1123P   1672
-699.574348274,-570.,-44.574348274,-690.,-570.,-35.,0.,1.,          1123P   1673
0.707106781,0.,-0.707106781;                                        1123P   1674
102,5,1103,1107,1113,1117,1121;                                     1125P   1675
102,5,1105,1111,1115,1119,1123;                                     1127P   1676
142,1,1101,1125,1127,1;                                             1129P   1677
144,1101,1,0,1129;                                                  1131P   1678
314,50.5882352941176,52.9411764705882,54.9019607843137,;            1133P   1679
128,1,1,1,1,0,0,1,0,0,0.,0.,1.,1.,0.,0.,1.,1.,1.,1.,1.,1.,          1135P   1680
-780.,470.,0.,-780.,-559.760740633,0.,-755.,470.,-25.,-755.,        1135P   1681
-559.760740633,-25.,0.,1.,0.,1.;                                    1135P   1682
126,1,1,1,0,1,0,0.,0.,1.,1.,1.,1.,0.994035785,1.,0.,0.,1.,0.,       1137P   1683
0.,1.,0.,0.,1.;                                                     1137P   1684
110,-755.,-553.619026474,-25.,-755.,470.,-25.;                      1139P   1685
126,1,1,1,0,1,0,0.,0.,1.,1.,1.,1.,0.,1.,0.,0.,0.,0.,0.,1.,0.,       1141P   1686
0.,1.;                                                              1141P   1687
110,-755.,470.,-25.,-780.,470.,0.;                                  1143P   1688
126,1,1,1,0,1,0,0.,0.,1.,1.,1.,1.,0.,0.,0.,0.941966383,0.,0.,       1145P   1689
0.,1.,0.,0.,1.;                                                     1145P   1690
110,-780.,470.,0.,-780.,-500.,0.;                                   1147P   1691
126,16,2,1,0,1,0,0.,0.,0.,0.125,0.125,0.25,0.25,0.375,0.375,        1149P   1692
0.5,0.5,0.625,0.625,0.75,0.75,0.875,0.875,1.,1.,1.,1.,1.,1.,1.,     1149P   1693
1.,1.,1.,1.,1.,1.,1.,1.,1.,1.,1.,1.,1.,0.941966383,0.,0.,           1149P   1694
0.945677245,0.,0.,0.949366055,0.016638794,0.,0.953054865,           1149P   1695
0.033277589,0.,0.956677783,0.066357428,0.,0.9603007,                1149P   1696
0.099437267,0.,0.963814668,0.148565002,0.,0.967328635,              1149P   1697
0.197692737,0.,0.970691889,0.262284492,0.,0.974055143,              1149P   1698
0.326876247,0.,0.977227712,0.406164358,0.,0.980400281,              1149P   1699
0.485452469,0.,0.98334446,0.578494609,0.,0.986288638,               1149P   1700
0.671536749,0.,0.988969435,0.777227125,0.,0.991650231,              1149P   1701
0.882917502,0.,0.994035785,1.,0.,0.,1.,0.,0.,-1.;                   1149P   1702
126,3,3,1,0,0,0,0.,0.,0.,0.,1.,1.,1.,1.,1.,0.937551311449977,       1151P   1703
0.937551311449977,1.,-780.,-500.,0.,-780.,-521.033799114,0.,        1151P   1704
-771.111597593,-540.097298472,-8.888402407,-755.,                   1151P   1705
-553.619026474,-25.,0.,1.,-0.707106781,0.,-0.707106781;             1151P   1706
102,4,1137,1141,1145,1149;                                          1153P   1707
102,4,1139,1143,1147,1151;                                          1155P   1708
142,1,1135,1153,1155,1;                                             1157P   1709
144,1135,1,0,1157;                                                  1159P   1710
128,1,1,1,1,0,0,1,0,0,0.,0.,1.,1.,0.,0.,1.,1.,1.,1.,1.,1.,870.,     1161P   1711
470.,0.,870.,-570.,0.,-780.,470.,0.,-780.,-570.,0.,0.,1.,0.,1.;     1161P   1712
126,1,1,1,0,1,0,0.,0.,1.,1.,1.,1.,0.932692308,1.,0.,0.,1.,0.,       1163P   1713
0.,1.,0.,0.,1.;                                                     1163P   1714
110,-780.,-500.,0.,-780.,470.,0.;                                   1165P   1715
126,1,1,1,0,1,0,0.,0.,1.,1.,1.,1.,0.,1.,0.,0.,0.,0.,0.,1.,0.,       1167P   1716
0.,1.;                                                              1167P   1717
110,-780.,470.,0.,870.,470.,0.;                                     1169P   1718
126,1,1,1,0,1,0,0.,0.,1.,1.,1.,1.,0.,0.,0.,0.932692308,0.,0.,       1171P   1719
0.,1.,0.,0.,1.;                                                     1171P   1720
110,870.,470.,0.,870.,-500.,0.;                                     1173P   1721
126,16,2,1,0,1,0,0.,0.,0.,0.125,0.125,0.25,0.25,0.375,0.375,        1175P   1722
0.5,0.5,0.625,0.625,0.75,0.75,0.875,0.875,1.,1.,1.,1.,1.,1.,1.,     1175P   1723
1.,1.,1.,1.,1.,1.,1.,1.,1.,1.,1.,1.,1.,0.932692308,0.,0.,           1175P   1724
0.939321537,0.,0.,0.945823387,0.00081517,0.,0.952325237,            1175P   1725
0.00163034,0.,0.958449846,0.003229353,0.,0.964574455,               1175P   1726
0.004828366,0.,0.970086458,0.007149774,0.,0.975598461,              1175P   1727
0.009471182,0.,0.980286033,0.012425773,0.,0.984973606,              1175P   1728
0.015380364,0.,0.988656609,0.018854596,0.,0.992339611,              1175P   1729
0.022328828,0.,0.994876507,0.026189188,0.,0.997413403,              1175P   1730
0.030049547,0.,0.998706702,0.034147683,0.,1.,0.038245819,0.,1.,     1175P   1731
0.042424242,0.,0.,1.,0.,0.,-1.;                                     1175P   1732
124,1.,-1.40883900352873E-14,-6.98296267768627E-15,                 1177P   1733
-7.09398498014858E-12,-1.40883900352873E-14,-1.,0.,                 1177P   1734
-999.999999999989,-6.98296267768627E-15,9.83787018050981E-29,       1177P   1735
-1.,5.58637014214906E-12;                                           1177P   1736
100,0.,800.,-500.,870.,-500.,800.,-430.;                            1179P   1737
126,1,1,1,0,1,0,0.,0.,1.,1.,1.,1.,1.,0.042424242,0.,1.,             1181P   1738
0.957575758,0.,0.,1.,0.,0.,1.;                                      1181P   1739
110,800.,-570.,0.,-710.,-570.,0.;                                   1183P   1740
126,16,2,1,0,1,0,0.,0.,0.,0.125,0.125,0.25,0.25,0.375,0.375,        1185P   1741
0.5,0.5,0.625,0.625,0.75,0.75,0.875,0.875,1.,1.,1.,1.,1.,1.,1.,     1185P   1742
1.,1.,1.,1.,1.,1.,1.,1.,1.,1.,1.,1.,1.,1.,0.957575758,0.,1.,        1185P   1743
0.961754181,0.,0.998706702,0.965852317,0.,0.997413403,              1185P   1744
0.969950453,0.,0.994876507,0.973810812,0.,0.992339611,              1185P   1745
0.977671172,0.,0.988656609,0.981145404,0.,0.984973606,              1185P   1746
0.984619636,0.,0.980286033,0.987574227,0.,0.975598461,              1185P   1747
0.990528818,0.,0.970086458,0.992850226,0.,0.964574455,              1185P   1748
0.995171634,0.,0.958449846,0.996770647,0.,0.952325237,              1185P   1749
0.99836966,0.,0.945823387,0.99918483,0.,0.939321537,1.,0.,          1185P   1750
0.932692308,1.,0.,0.,1.,0.,0.,-1.;                                  1185P   1751
124,-7.04419501764363E-15,-1.,0.,-1210.,-1.,                        1187P   1752
7.04419501764363E-15,6.98296267768627E-15,-1210.,                   1187P   1753
-6.98296267768627E-15,4.91893509025491E-29,-1.,                     1187P   1754
-4.95790350115722E-12;                                              1187P   1755
100,0.,-710.,-500.,-640.,-500.,-710.,-430.;                         1189P   1756
102,6,1163,1167,1171,1175,1181,1185;                                1191P   1757
102,6,1165,1169,1173,1179,1183,1189;                                1193P   1758
142,1,1161,1191,1193,1;                                             1195P   1759
126,16,2,1,0,1,0,0.,0.,0.,0.125,0.125,0.25,0.25,0.375,0.375,        1197P   1760
0.5,0.5,0.625,0.625,0.75,0.75,0.875,0.875,1.,1.,1.,1.,1.,1.,1.,     1197P   1761
1.,1.,1.,1.,1.,1.,1.,1.,1.,1.,1.,1.,1.,0.834615385,0.907878788,     1197P   1762
0.,0.83650945,0.907878788,0.,0.838367122,0.907645882,0.,            1197P   1763
0.840224793,0.907412976,0.,0.841974681,0.906956116,0.,              1197P   1764
0.84372457,0.906499255,0.,0.845299428,0.905835995,0.,               1197P   1765
0.846874285,0.905172736,0.,0.848213592,0.904328567,0.,              1197P   1766
0.849552898,0.903484398,0.,0.850605185,0.90249176,0.,               1197P   1767
0.851657471,0.901499123,0.,0.852382299,0.900396163,0.,              1197P   1768
0.853107126,0.899293203,0.,0.85347664,0.898122307,0.,               1197P   1769
0.853846154,0.896951411,0.,0.853846154,0.895757576,0.,0.,1.,0.,     1197P   1770
0.,1.;                                                              1197P   1771
100,0.,-608.,-398.,-628.,-398.,-608.,-418.;                         1199P   1772
126,1,1,1,0,1,0,0.,0.,1.,1.,1.,1.,0.853846154,0.895757576,0.,       1201P   1773
0.853846154,0.104242424,0.,0.,1.,0.,0.,1.;                          1201P   1774
110,-608.,-418.,0.,698.,-418.,0.;                                   1203P   1775
126,16,2,1,0,1,0,0.,0.,0.,0.125,0.125,0.25,0.25,0.375,0.375,        1205P   1776
0.5,0.5,0.625,0.625,0.75,0.75,0.875,0.875,1.,1.,1.,1.,1.,1.,1.,     1205P   1777
1.,1.,1.,1.,1.,1.,1.,1.,1.,1.,1.,1.,1.,0.853846154,0.104242424,     1205P   1778
0.,0.853846154,0.103048589,0.,0.85347664,0.101877693,0.,            1205P   1779
0.853107126,0.100706797,0.,0.852382299,0.099603837,0.,              1205P   1780
0.851657471,0.098500877,0.,0.850605185,0.09750824,0.,               1205P   1781
0.849552898,0.096515602,0.,0.848213592,0.095671433,0.,              1205P   1782
0.846874285,0.094827264,0.,0.845299428,0.094164005,0.,              1205P   1783
0.84372457,0.093500745,0.,0.841974681,0.093043884,0.,               1205P   1784
0.840224793,0.092587024,0.,0.838367122,0.092354118,0.,              1205P   1785
0.83650945,0.092121212,0.,0.834615385,0.092121212,0.,0.,1.,0.,      1205P   1786
0.,1.;                                                              1205P   1787
100,0.,698.,-398.,698.,-418.,718.,-398.;                            1207P   1788
126,1,1,1,0,1,0,0.,0.,1.,1.,1.,1.,0.834615385,0.092121212,0.,       1209P   1789
0.165384615,0.092121212,0.,0.,1.,0.,0.,1.;                          1209P   1790
110,718.,-398.,0.,718.,298.,0.;                                     1211P   1791
126,16,2,1,0,1,0,0.,0.,0.,0.125,0.125,0.25,0.25,0.375,0.375,        1213P   1792
0.5,0.5,0.625,0.625,0.75,0.75,0.875,0.875,1.,1.,1.,1.,1.,1.,1.,     1213P   1793
1.,1.,1.,1.,1.,1.,1.,1.,1.,1.,1.,1.,1.,0.165384615,0.092121212,     1213P   1794
0.,0.16349055,0.092121212,0.,0.161632878,0.092354118,0.,            1213P   1795
0.159775207,0.092587024,0.,0.158025319,0.093043884,0.,              1213P   1796
0.15627543,0.093500745,0.,0.154700572,0.094164005,0.,               1213P   1797
0.153125715,0.094827264,0.,0.151786408,0.095671433,0.,              1213P   1798
0.150447102,0.096515602,0.,0.149394815,0.09750824,0.,               1213P   1799
0.148342529,0.098500877,0.,0.147617701,0.099603837,0.,              1213P   1800
0.146892874,0.100706797,0.,0.14652336,0.101877693,0.,               1213P   1801
0.146153846,0.103048589,0.,0.146153846,0.104242424,0.,0.,1.,0.,     1213P   1802
0.,1.;                                                              1213P   1803
100,0.,698.,298.,718.,298.,698.,318.;                               1215P   1804
126,1,1,1,0,1,0,0.,0.,1.,1.,1.,1.,0.146153846,0.104242424,0.,       1217P   1805
0.146153846,0.895757576,0.,0.,1.,0.,0.,1.;                          1217P   1806
110,698.,318.,0.,-608.,318.,0.;                                     1219P   1807
126,16,2,1,0,1,0,0.,0.,0.,0.125,0.125,0.25,0.25,0.375,0.375,        1221P   1808
0.5,0.5,0.625,0.625,0.75,0.75,0.875,0.875,1.,1.,1.,1.,1.,1.,1.,     1221P   1809
1.,1.,1.,1.,1.,1.,1.,1.,1.,1.,1.,1.,1.,0.146153846,0.895757576,     1221P   1810
0.,0.146153846,0.896951411,0.,0.14652336,0.898122307,0.,            1221P   1811
0.146892874,0.899293203,0.,0.147617701,0.900396163,0.,              1221P   1812
0.148342529,0.901499123,0.,0.149394815,0.90249176,0.,               1221P   1813
0.150447102,0.903484398,0.,0.151786408,0.904328567,0.,              1221P   1814
0.153125715,0.905172736,0.,0.154700572,0.905835995,0.,              1221P   1815
0.15627543,0.906499255,0.,0.158025319,0.906956116,0.,               1221P   1816
0.159775207,0.907412976,0.,0.161632878,0.907645882,0.,              1221P   1817
0.16349055,0.907878788,0.,0.165384615,0.907878788,0.,0.,1.,0.,      1221P   1818
0.,1.;                                                              1221P   1819
100,0.,-608.,298.,-608.,318.,-628.,298.;                            1223P   1820
126,1,1,1,0,1,0,0.,0.,1.,1.,1.,1.,0.165384615,0.907878788,0.,       1225P   1821
0.834615385,0.907878788,0.,0.,1.,0.,0.,1.;                          1225P   1822
110,-628.,298.,0.,-628.,-398.,0.;                                   1227P   1823
102,8,1197,1201,1205,1209,1213,1217,1221,1225;                      1229P   1824
102,8,1199,1203,1207,1211,1215,1219,1223,1227;                      1231P   1825
142,1,1161,1229,1231,1;                                             1233P   1826
144,1161,1,1,1195,1233;                                             1235P   1827
128,1,1,1,1,0,0,1,0,0,0.,0.,1.,1.,0.,0.,1.,1.,1.,1.,1.,1.,          1237P   1828
-710.,-570.,0.,800.,-570.,0.,-710.,-570.,-35.,800.,-570.,-35.,      1237P   1829
0.,1.,0.,1.;                                                        1237P   1830
126,1,1,1,0,1,0,0.,0.,1.,1.,1.,1.,0.,0.,0.,1.,0.,0.,0.,1.,0.,       1239P   1831
0.,1.;                                                              1239P   1832
110,-710.,-570.,0.,800.,-570.,0.;                                   1241P   1833
126,1,1,1,0,1,0,0.,0.,1.,1.,1.,1.,1.,0.,0.,1.,0.142857143,0.,       1243P   1834
0.,1.,0.,0.,1.;                                                     1243P   1835
110,800.,-570.,0.,800.,-570.,-5.;                                   1245P   1836
126,1,1,1,0,1,0,0.,0.,1.,1.,1.,1.,1.,0.142857143,0.,                1247P   1837
0.054304636,0.142857143,0.,0.,1.,0.,0.,1.;                          1247P   1838
110,800.,-570.,-5.,-628.,-570.,-5.;                                 1249P   1839
126,32,2,1,0,1,0,0.,0.,0.,0.0625,0.0625,0.125,0.125,0.1875,         1251P   1840
0.1875,0.25,0.25,0.3125,0.3125,0.375,0.375,0.4375,0.4375,0.5,       1251P   1841
0.5,0.5625,0.5625,0.625,0.625,0.6875,0.6875,0.75,0.75,0.8125,       1251P   1842
0.8125,0.875,0.875,0.9375,0.9375,1.,1.,1.,1.,1.,1.,1.,1.,1.,1.,     1251P   1843
1.,1.,1.,1.,1.,1.,1.,1.,1.,1.,1.,1.,1.,1.,1.,1.,1.,1.,1.,1.,1.,     1251P   1844
1.,1.,1.,1.,1.,0.054304636,0.142857143,0.,0.05358888,               1251P   1845
0.142857143,0.,0.052876571,0.145883886,0.,0.052164263,              1251P   1846
0.148910629,0.,0.05146226,0.154934967,0.,0.050760258,               1251P   1847
0.160959304,0.,0.050075323,0.169923218,0.,0.049390387,              1251P   1848
0.178887131,0.,0.048729116,0.190704294,0.,0.048067844,              1251P   1849
0.202521457,0.,0.047436604,0.217078062,0.,0.046805364,              1251P   1850
0.231634668,0.,0.046210235,0.248790529,0.,0.045615106,              1251P   1851
0.265946391,0.,0.04506182,0.285536286,0.,0.044508533,               1251P   1852
0.305126182,0.,0.044002418,0.326961452,0.,0.043496302,              1251P   1853
0.348796721,0.,0.043042232,0.372667079,0.,0.042588161,              1251P   1854
0.396537436,0.,0.042190509,0.422212996,0.,0.041792857,              1251P   1855
0.447888557,0.,0.041455452,0.475122051,0.,0.041118047,              1251P   1856
0.502355545,0.,0.040844139,0.5308847,0.,0.040570232,                1251P   1857
0.559413854,0.,0.040362459,0.588963917,0.,0.040154686,              1251P   1858
0.61851398,0.,0.040015049,0.648800369,0.,0.039875412,               1251P   1859
0.679086758,0.,0.039805256,0.709817798,0.,0.039735099,              1251P   1860
0.740548837,0.,0.039735099,0.771428571,0.,0.,1.,0.,0.,1.;           1251P   1861
124,6.12323399573677E-17,-1.,0.,-1198.,6.12323399573677E-17,        1253P   1862
3.74939945665464E-33,-1.,-597.,1.,6.12323399573677E-17,             1253P   1863
6.12323399573677E-17,601.;                                          1253P   1864
100,-27.,-628.,-570.,-606.,-570.,-628.,-548.;                       1255P   1865
126,1,1,1,0,1,0,0.,0.,1.,1.,1.,1.,0.039735099,0.771428571,0.,       1257P   1866
0.039735099,1.,0.,0.,1.,0.,0.,1.;                                   1257P   1867
110,-650.,-570.,-27.,-650.,-570.,-35.;                              1259P   1868
126,1,1,1,0,1,0,0.,0.,1.,1.,1.,1.,0.039735099,1.,0.,                1261P   1869
0.013245033,1.,0.,0.,1.,0.,0.,1.;                                   1261P   1870
110,-650.,-570.,-35.,-690.,-570.,-35.;                              1263P   1871
126,1,1,1,0,1,0,0.,0.,1.,1.,1.,1.,0.013245033,1.,0.,                1265P   1872
0.013245033,0.771428571,0.,0.,1.,0.,0.,1.;                          1265P   1873
110,-690.,-570.,-35.,-690.,-570.,-27.;                              1267P   1874
126,2,2,1,0,1,0,0.,0.,0.,1.,1.,1.,1.,1.,1.,0.013245033,             1269P   1875
0.771428571,0.,0.013245033,0.742797866,0.,0.013184704,              1269P   1876
0.714285714,0.,0.,1.,0.,0.,1.;                                      1269P   1877
124,1.,0.,0.,0.,0.,6.12323399573677E-17,-1.,-597.,0.,1.,            1271P   1878
6.12323399573677E-17,543.;                                          1271P   1879
100,-27.,-712.,-570.,-690.,-570.,-690.0910977,-568.;                1273P   1880
126,1,1,1,0,1,0,0.,0.,1.,1.,1.,1.,0.013184704,0.714285714,0.,       1275P   1881
0.,0.714285714,0.,0.,1.,0.,0.,1.;                                   1275P   1882
110,-690.0910977,-570.,-25.,-710.,-570.,-25.;                       1277P   1883
126,1,1,1,0,1,0,0.,0.,1.,1.,1.,1.,0.,0.714285714,0.,0.,0.,0.,       1279P   1884
0.,1.,0.,0.,1.;                                                     1279P   1885
110,-710.,-570.,-25.,-710.,-570.,0.;                                1281P   1886
102,10,1239,1243,1247,1251,1257,1261,1265,1269,1275,1279;           1283P   1887
102,10,1241,1245,1249,1255,1259,1263,1267,1273,1277,1281;           1285P   1888
142,1,1237,1283,1285,1;                                             1287P   1889
144,1237,1,0,1287;                                                  1289P   1890
314,50.5882352941176,52.9411764705882,54.9019607843137,;            1291P   1891
128,1,1,1,1,0,0,1,0,0,0.,0.,1.,1.,0.,0.,1.,1.,1.,1.,1.,1.,          1293P   1892
-689.701644286,470.,-25.,-689.701644286,-570.,-25.,-755.,470.,      1293P   1893
-25.,-755.,-570.,-25.,0.,1.,0.,1.;                                  1293P   1894
126,1,1,1,0,1,0,0.,0.,1.,1.,1.,1.,1.,0.005964215,0.,1.,             1295P   1895
0.310855541,0.,0.,1.,0.,0.,1.;                                      1295P   1896
110,-690.0910977,-570.,-25.,-710.,-570.,-25.;                       1297P   1897
126,16,2,1,0,1,0,0.,0.,0.,0.125,0.125,0.25,0.25,0.375,0.375,        1299P   1898
0.5,0.5,0.625,0.625,0.75,0.75,0.875,0.875,1.,1.,1.,1.,1.,1.,1.,     1299P   1899
1.,1.,1.,1.,1.,1.,1.,1.,1.,1.,1.,1.,1.,1.,0.310855541,0.,1.,        1299P   1900
0.357666274,0.,0.999743807,0.404298832,0.,0.999487615,              1299P   1901
0.45093139,0.,0.99897718,0.497030778,0.,0.998466745,                1299P   1902
0.543130166,0.,0.997705953,0.58834545,0.,0.996945161,               1299P   1903
0.633560733,0.,0.995939805,0.677547707,0.,0.994934448,              1299P   1904
0.72153468,0.,0.993692179,0.76395849,0.,0.992449911,                1299P   1905
0.806382299,0.,0.990980188,0.846919989,0.,0.989510465,              1299P   1906
0.88745768,0.,0.987824475,0.925800655,0.,0.986138485,               1299P   1907
0.96414363,0.,0.984249064,1.,0.,0.,1.,0.,0.,-1.;                    1299P   1908
124,-1.54876111935209E-14,-1.,-5.34885229543633E-15,                1301P   1909
-1210.00000000001,-1.,1.5709655798446E-14,4.48904743565546E-15,     1301P   1910
-1209.99999999999,-4.48904743565538E-15,5.3488522954364E-15,        1301P   1911
-1.,-50.0000000000005;                                              1301P   1912
100,-25.,-710.,-500.,-640.,-500.,-656.380973526,-455.;              1303P   1913
126,1,1,1,0,1,0,0.,0.,1.,1.,1.,1.,0.984249064,1.,0.,0.,1.,0.,       1305P   1914
0.,1.,0.,0.,1.;                                                     1305P   1915
110,-755.,-553.619026474,-25.,-755.,470.,-25.;                      1307P   1916
126,1,1,1,0,1,0,0.,0.,1.,1.,1.,1.,0.,1.,0.,0.,0.005964215,0.,       1309P   1917
0.,1.,0.,0.,1.;                                                     1309P   1918
110,-755.,470.,-25.,-690.0910977,470.,-25.;                         1311P   1919
126,10,2,1,0,1,0,0.,0.,0.,0.25,0.25,0.5,0.5,0.75,0.75,0.875,        1313P   1920
0.875,1.,1.,1.,1.,1.,1.,1.,1.,1.,1.,1.,1.,1.,1.,0.,0.005964215,     1313P   1921
0.,0.,0.06780874,0.,0.001505469,0.12552852,0.,0.002979445,          1313P   1922
0.182040835,0.,0.005748133,0.226997748,0.,0.008342185,              1313P   1923
0.269119004,0.,0.011993311,0.298050078,0.,0.013577589,              1313P   1924
0.310603708,0.,0.015555704,0.322050832,0.,0.016786789,              1313P   1925
0.329174984,0.,0.019230769,0.341484184,0.,0.,1.,0.,0.,1.;           1313P   1926
126,57,3,1,0,1,0,0.,0.,0.,0.,0.124999999999908,                     1315P   1927
0.124999999999908,0.187499999999867,0.187499999999867,              1315P   1928
0.218749999999851,0.218749999999851,0.234374999999849,              1315P   1929
0.242187499999848,0.246093749999841,0.246093749999841,              1315P   1930
0.249999999999835,0.249999999999835,0.374999999999772,              1315P   1931
0.374999999999772,0.43749999999974,0.43749999999974,                1315P   1932
0.46874999999972,0.46874999999972,0.484374999999715,                1315P   1933
0.492187499999716,0.496093749999713,0.496093749999713,              1315P   1934
0.499999999999709,0.499999999999709,0.562499999999713,              1315P   1935
0.562499999999713,0.593749999999715,0.593749999999715,              1315P   1936
0.609374999999722,0.617187499999725,0.617187499999725,              1315P   1937
0.624999999999728,0.624999999999728,0.687499999999759,              1315P   1938
0.687499999999759,0.718749999999775,0.718749999999775,              1315P   1939
0.734374999999783,0.734374999999783,0.749999999999791,              1315P   1940
0.749999999999791,0.812499999999831,0.812499999999831,              1315P   1941
0.874999999999872,0.874999999999872,0.906249999999889,              1315P   1942
0.906249999999889,0.921874999999899,0.921874999999899,              1315P   1943
0.929687499999905,0.933593749999909,0.933593749999909,              1315P   1944
0.937499999999912,0.937499999999912,1.,1.,1.,1.,1.,1.,1.,1.,1.,     1315P   1945
1.,1.,1.,1.,1.,1.,1.,1.,1.,1.,1.,1.,1.,1.,1.,1.,1.,1.,1.,1.,1.,     1315P   1946
1.,1.,1.,1.,1.,1.,1.,1.,1.,1.,1.,1.,1.,1.,1.,1.,1.,1.,1.,1.,1.,     1315P   1947
1.,1.,1.,1.,1.,1.,1.,1.,1.,1.,1.,-690.0910977,470.,-25.,            1315P   1948
-691.640438865,470.,-25.,-693.080637945,469.821906403,              1315P   1949
-24.999260934,-695.03874104,469.396427844,-24.999311024,            1315P   1950
-695.658220204,469.228119283,-24.999464477,-696.536411087,          1315P   1951
468.94823044,-24.999736007,-696.820658144,468.850351691,            1315P   1952
-24.999830644,-697.234326573,468.698085938,-24.999935788,           1315P   1953
-697.437986875,468.620589933,-24.999978941,-697.670057265,          1315P   1954
468.528091239,-25.00000125,-697.768333499,468.488032946,            1315P   1955
-25.000003438,-697.833588587,468.461238411,-25.000003103,           1315P   1956
-697.85253259,468.453443033,-25.000002893,-699.367815973,           1315P   1957
467.822121544,-24.999907424,-700.645442521,467.090123746,           1315P   1958
-24.997686983,-702.29055801,465.948121712,-24.99794156,             1315P   1959
-702.794184956,465.55973333,-24.998426957,-703.487735243,           1315P   1960
464.978955181,-24.999234273,-703.708619985,464.785637999,           1315P   1961
-24.999509297,-704.025271152,464.497526706,-24.999811963,           1315P   1962
-704.179928757,464.353934907,-24.999935368,-704.354121811,          1315P   1963
464.187516724,-25.000000229,-704.427458232,464.116461567,           1315P   1964
-25.000007606,-704.476058531,464.069154074,-25.000007597,           1315P   1965
-704.491462244,464.054129272,-25.000006998,-705.048411292,          1315P   1966
463.506947951,-24.999888031,-705.522173024,462.989511611,           1315P   1967
-24.999509398,-706.165561697,462.224499213,-24.99952497,            1315P   1968
-706.368833797,461.971318456,-24.999601456,-706.65813663,           1315P   1969
461.595841192,-24.999758015,-706.798887854,461.409173078,           1315P   1970
-24.999845164,-706.934019184,461.22437702,-24.999921099,            1315P   1971
-707.022883991,461.101623504,-24.99996582,-707.057020797,           1315P   1972
461.054117883,-24.999981958,-707.533183181,460.38300387,            1315P   1973
-25.000144336,-707.911453857,459.791873145,-24.999664374,           1315P   1974
-708.421334029,458.925225228,-24.99969023,-708.581724639,           1315P   1975
458.639652903,-24.999775802,-708.80935509,458.217484557,            1315P   1976
-24.999911905,-708.883073692,458.077791692,-24.999956941,           1315P   1977
-709.026439454,457.800649264,-25.000013448,-709.087234292,          1315P   1978
457.681004659,-25.000028051,-709.470184188,456.910765926,           1315P   1979
-24.999887795,-709.751425686,456.291334124,-24.999059645,           1315P   1980
-710.270389332,455.053894253,-24.999238505,-710.515664614,          1315P   1981
454.414791741,-24.999981945,-710.838718806,453.525706359,           1315P   1982
-25.000009028,-710.947288409,453.218249807,-24.999962259,           1315P   1983
-711.111289664,452.740574988,-24.999999021,-711.166159207,          1315P   1984
452.578603503,-25.000021813,-711.248869916,452.331562952,           1315P   1985
-25.000050421,-711.290328367,452.207022038,-25.000063029,           1315P   1986
-711.331975302,452.080958824,-25.000067893,-711.359786661,          1315P   1987
451.996579486,-25.00006889,-711.378962623,451.938231607,            1315P   1988
-25.000067522,-711.526998206,451.487107669,-25.000046607,           1315P   1989
-711.731246289,450.849871733,-25.,-712.,450.,-25.,0.,1.,0.,         1315P   1990
-0.004149836,-0.999991389;                                          1315P   1991
126,1,1,1,0,1,0,0.,0.,1.,1.,1.,1.,0.019230769,0.341484184,0.,       1317P   1992
0.980769231,0.341484184,0.,0.,1.,0.,0.,1.;                          1317P   1993
110,-712.,450.,-25.,-712.,-550.,-25.;                               1319P   1994
126,10,2,1,0,1,0,0.,0.,0.,0.125,0.125,0.25,0.25,0.5,0.5,0.75,       1321P   1995
0.75,1.,1.,1.,1.,1.,1.,1.,1.,1.,1.,1.,1.,1.,1.,0.980769231,         1321P   1996
0.341484184,0.,0.983212458,0.329178776,0.,0.984444296,              1321P   1997
0.322050832,0.,0.986421353,0.310610739,0.,0.988006689,              1321P   1998
0.298050078,0.,0.991656868,0.269129623,0.,0.994251867,              1321P   1999
0.226997748,0.,0.997019897,0.182056596,0.,0.998494531,              1321P   2000
0.12552852,0.,1.,0.067818434,0.,1.,0.005964215,0.,0.,1.,0.,0.,      1321P   2001
1.;                                                                 1321P   2002
126,29,3,1,0,1,0,0.,0.,0.,0.,0.0624999999998773,                    1323P   2003
0.093749999999816,0.109374999999783,0.117187499999769,              1323P   2004
0.121093749999769,0.121093749999769,0.124999999999769,              1323P   2005
0.124999999999769,0.187499999999762,0.218749999999762,              1323P   2006
0.234374999999754,0.242187499999753,0.242187499999753,              1323P   2007
0.249999999999752,0.249999999999752,0.374999999999783,              1323P   2008
0.437499999999799,0.468749999999814,0.468749999999814,              1323P   2009
0.49999999999983,0.49999999999983,0.624999999999877,                1323P   2010
0.6874999999999,0.6874999999999,0.749999999999923,                  1323P   2011
0.749999999999923,1.,1.,1.,1.,1.,1.,1.,1.,1.,1.,1.,1.,1.,1.,1.,     1323P   2012
1.,1.,1.,1.,1.,1.,1.,1.,1.,1.,1.,1.,1.,1.,1.,1.,1.,1.,1.,-712.,     1323P   2013
-550.,-25.,-711.732159029,-550.846985403,-25.,-711.37265756,        1323P   2014
-551.959982974,-25.,-711.027194158,-552.982889208,-25.,             1323P   2015
-710.872951202,-553.425444591,-25.,-710.80045191,-553.62949785,     1323P   2016
-25.,-710.770371253,-553.713258296,-25.,-710.750537586,             1323P   2017
-553.768278383,-25.,-710.746596976,-553.779231935,-25.,             1323P   2018
-710.482027662,-554.507447636,-25.,-710.099371627,                  1323P   2019
-555.484593344,-25.,-709.636933358,-556.535480513,-25.,             1323P   2020
-709.401712667,-557.038645059,-25.,-709.300046323,                  1323P   2021
-557.249512928,-25.,-709.23207821,-557.3890306,-25.,                1323P   2022
-709.203167149,-557.447869705,-25.,-708.534338229,                  1323P   2023
-558.792352236,-25.,-707.482273658,-560.553271882,-25.,             1323P   2024
-706.066152852,-562.367624791,-25.,-705.418805619,                  1323P   2025
-563.093764606,-25.,-704.978254505,-563.566426705,-25.,             1323P   2026
-704.768772564,-563.782046281,-25.,-703.546029508,                  1323P   2027
-564.981525556,-25.,-701.984161964,-566.252759364,-25.,             1323P   2028
-700.280430605,-567.271781189,-25.,-699.113084406,                  1323P   2029
-567.895081965,-25.,-698.526512559,-568.173364092,-25.,             1323P   2030
-695.386201105,-569.478104026,-25.,-692.783750249,-570.,-25.,       1323P   2031
-690.0910977,-570.,-25.,0.,1.,0.,0.,-1.;                            1323P   2032
102,7,1295,1299,1305,1309,1313,1317,1321;                           1325P   2033
102,7,1297,1303,1307,1311,1315,1319,1323;                           1327P   2034
142,1,1293,1325,1327,1;                                             1329P   2035
144,1293,1,0,1329;                                                  1331P   2036
128,1,1,1,1,0,0,1,0,0,0.,0.,1.,1.,0.,0.,1.,1.,1.,1.,1.,1.,          1333P   2037
-628.,318.,0.,-628.,318.,-25.,698.,318.,0.,698.,318.,-25.,0.,       1333P   2038
1.,0.,1.;                                                           1333P   2039
126,1,1,1,0,1,0,0.,0.,1.,1.,1.,1.,0.,0.015082956,0.,0.8,            1335P   2040
0.015082956,0.,0.,1.,0.,0.,1.;                                      1335P   2041
110,-608.,318.,0.,-608.,318.,-20.;                                  1337P   2042
126,1,1,1,0,1,0,0.,0.,1.,1.,1.,1.,0.8,0.015082956,0.,0.8,0.,0.,     1339P   2043
0.,1.,0.,0.,1.;                                                     1339P   2044
110,-608.,318.,-20.,-628.,318.,-20.;                                1341P   2045
126,1,1,1,0,1,0,0.,0.,1.,1.,1.,1.,0.8,0.,0.,1.,0.,0.,0.,1.,0.,      1343P   2046
0.,1.;                                                              1343P   2047
110,-628.,318.,-20.,-628.,318.,-25.;                                1345P   2048
126,1,1,1,0,1,0,0.,0.,1.,1.,1.,1.,1.,0.,0.,1.,1.,0.,0.,1.,0.,       1347P   2049
0.,1.;                                                              1347P   2050
110,-628.,318.,-25.,698.,318.,-25.;                                 1349P   2051
126,1,1,1,0,1,0,0.,0.,1.,1.,1.,1.,1.,1.,0.,0.,1.,0.,0.,1.,0.,       1351P   2052
0.,1.;                                                              1351P   2053
110,698.,318.,-25.,698.,318.,0.;                                    1353P   2054
126,1,1,1,0,1,0,0.,0.,1.,1.,1.,1.,0.,1.,0.,0.,0.015082956,0.,       1355P   2055
0.,1.,0.,0.,1.;                                                     1355P   2056
110,698.,318.,0.,-608.,318.,0.;                                     1357P   2057
102,6,1335,1339,1343,1347,1351,1355;                                1359P   2058
102,6,1337,1341,1345,1349,1353,1357;                                1361P   2059
142,1,1333,1359,1361,1;                                             1363P   2060
144,1333,1,0,1363;                                                  1365P   2061
S      1G      4D   1366P   2061                                        T      1
